bus,tech,timestamp,p_max_pu
DE0,biomass,2021-01-18 00:00:00,1.0
DE0,biomass,2021-01-18 03:00:00,1.0
DE0,biomass,2021-01-18 06:00:00,1.0
DE0,biomass,2021-01-18 09:00:00,1.0
DE0,biomass,2021-01-18 12:00:00,1.0
DE0,biomass,2021-01-18 15:00:00,1.0
DE0,biomass,2021-01-18 18:00:00,1.0
DE0,biomass,2021-01-18 21:00:00,1.0
DE0,biomass,2021-01-19 00:00:00,1.0
DE0,biomass,2021-01-19 03:00:00,1.0
DE0,biomass,2021-01-19 06:00:00,1.0
DE0,biomass,2021-01-19 09:00:00,1.0
DE0,biomass,2021-01-19 12:00:00,1.0
DE0,biomass,2021-01-19 15:00:00,1.0
DE0,biomass,2021-01-19 18:00:00,1.0
DE0,biomass,2021-01-19 21:00:00,1.0
DE0,biomass,2021-01-20 00:00:00,1.0
DE0,biomass,2021-01-20 03:00:00,1.0
DE0,biomass,2021-01-20 06:00:00,1.0
DE0,biomass,2021-01-20 09:00:00,1.0
DE0,biomass,2021-01-20 12:00:00,1.0
DE0,biomass,2021-01-20 15:00:00,1.0
DE0,biomass,2021-01-20 18:00:00,1.0
DE0,biomass,2021-01-20 21:00:00,1.0
DE0,biomass,2021-01-21 00:00:00,1.0
DE0,biomass,2021-01-21 03:00:00,1.0
DE0,biomass,2021-01-21 06:00:00,1.0
DE0,biomass,2021-01-21 09:00:00,1.0
DE0,biomass,2021-01-21 12:00:00,1.0
DE0,biomass,2021-01-21 15:00:00,1.0
DE0,biomass,2021-01-21 18:00:00,1.0
DE0,biomass,2021-01-21 21:00:00,1.0
DE0,biomass,2021-01-22 00:00:00,1.0
DE0,biomass,2021-01-22 03:00:00,1.0
DE0,biomass,2021-01-22 06:00:00,1.0
DE0,biomass,2021-01-22 09:00:00,1.0
DE0,biomass,2021-01-22 12:00:00,1.0
DE0,biomass,2021-01-22 15:00:00,1.0
DE0,biomass,2021-01-22 18:00:00,1.0
DE0,biomass,2021-01-22 21:00:00,1.0
DE0,biomass,2021-01-23 00:00:00,1.0
DE0,biomass,2021-01-23 03:00:00,1.0
DE0,biomass,2021-01-23 06:00:00,1.0
DE0,biomass,2021-01-23 09:00:00,1.0
DE0,biomass,2021-01-23 12:00:00,1.0
DE0,biomass,2021-01-23 15:00:00,1.0
DE0,biomass,2021-01-23 18:00:00,1.0
DE0,biomass,2021-01-23 21:00:00,1.0
DE0,biomass,2021-01-24 00:00:00,1.0
DE0,biomass,2021-01-24 03:00:00,1.0
DE0,biomass,2021-01-24 06:00:00,1.0
DE0,biomass,2021-01-24 09:00:00,1.0
DE0,biomass,2021-01-24 12:00:00,1.0
DE0,biomass,2021-01-24 15:00:00,1.0
DE0,biomass,2021-01-24 18:00:00,1.0
DE0,biomass,2021-01-24 21:00:00,1.0
DE0,biomass,2021-01-25 00:00:00,1.0
DE0,biomass,2021-01-25 03:00:00,1.0
DE0,biomass,2021-01-25 06:00:00,1.0
DE0,biomass,2021-01-25 09:00:00,1.0
DE0,biomass,2021-01-25 12:00:00,1.0
DE0,biomass,2021-01-25 15:00:00,1.0
DE0,biomass,2021-01-25 18:00:00,1.0
DE0,biomass,2021-01-25 21:00:00,1.0
DE0,biomass,2021-01-26 00:00:00,1.0
DE0,biomass,2021-01-26 03:00:00,1.0
DE0,biomass,2021-01-26 06:00:00,1.0
DE0,biomass,2021-01-26 09:00:00,1.0
DE0,biomass,2021-01-26 12:00:00,1.0
DE0,biomass,2021-01-26 15:00:00,1.0
DE0,biomass,2021-01-26 18:00:00,1.0
DE0,biomass,2021-01-26 21:00:00,1.0
DE0,biomass,2021-01-27 00:00:00,1.0
DE0,biomass,2021-01-27 03:00:00,1.0
DE0,biomass,2021-01-27 06:00:00,1.0
DE0,biomass,2021-01-27 09:00:00,1.0
DE0,biomass,2021-01-27 12:00:00,1.0
DE0,biomass,2021-01-27 15:00:00,1.0
DE0,biomass,2021-01-27 18:00:00,1.0
DE0,biomass,2021-01-27 21:00:00,1.0
DE0,biomass,2021-01-28 00:00:00,1.0
DE0,biomass,2021-01-28 03:00:00,1.0
DE0,biomass,2021-01-28 06:00:00,1.0
DE0,biomass,2021-01-28 09:00:00,1.0
DE0,biomass,2021-01-28 12:00:00,1.0
DE0,biomass,2021-01-28 15:00:00,1.0
DE0,biomass,2021-01-28 18:00:00,1.0
DE0,biomass,2021-01-28 21:00:00,1.0
DE0,biomass,2021-01-29 00:00:00,1.0
DE0,biomass,2021-01-29 03:00:00,1.0
DE0,biomass,2021-01-29 06:00:00,1.0
DE0,biomass,2021-01-29 09:00:00,1.0
DE0,biomass,2021-01-29 12:00:00,1.0
DE0,biomass,2021-01-29 15:00:00,1.0
DE0,biomass,2021-01-29 18:00:00,1.0
DE0,biomass,2021-01-29 21:00:00,1.0
DE0,biomass,2021-01-30 00:00:00,1.0
DE0,biomass,2021-01-30 03:00:00,1.0
DE0,biomass,2021-01-30 06:00:00,1.0
DE0,biomass,2021-01-30 09:00:00,1.0
DE0,biomass,2021-01-30 12:00:00,1.0
DE0,biomass,2021-01-30 15:00:00,1.0
DE0,biomass,2021-01-30 18:00:00,1.0
DE0,biomass,2021-01-30 21:00:00,1.0
DE0,biomass,2021-01-31 00:00:00,1.0
DE0,biomass,2021-01-31 03:00:00,1.0
DE0,biomass,2021-01-31 06:00:00,1.0
DE0,biomass,2021-01-31 09:00:00,1.0
DE0,biomass,2021-01-31 12:00:00,1.0
DE0,biomass,2021-01-31 15:00:00,1.0
DE0,biomass,2021-01-31 18:00:00,1.0
DE0,biomass,2021-01-31 21:00:00,1.0
DE0,biomass,2021-02-01 00:00:00,1.0
DE0,biomass,2021-02-01 03:00:00,1.0
DE0,biomass,2021-02-01 06:00:00,1.0
DE0,biomass,2021-02-01 09:00:00,1.0
DE0,biomass,2021-02-01 12:00:00,1.0
DE0,biomass,2021-02-01 15:00:00,1.0
DE0,biomass,2021-02-01 18:00:00,1.0
DE0,biomass,2021-02-01 21:00:00,1.0
DE0,biomass,2021-02-02 00:00:00,1.0
DE0,biomass,2021-02-02 03:00:00,1.0
DE0,biomass,2021-02-02 06:00:00,1.0
DE0,biomass,2021-02-02 09:00:00,1.0
DE0,biomass,2021-02-02 12:00:00,1.0
DE0,biomass,2021-02-02 15:00:00,1.0
DE0,biomass,2021-02-02 18:00:00,1.0
DE0,biomass,2021-02-02 21:00:00,1.0
DE0,biomass,2021-02-03 00:00:00,1.0
DE0,biomass,2021-02-03 03:00:00,1.0
DE0,biomass,2021-02-03 06:00:00,1.0
DE0,biomass,2021-02-03 09:00:00,1.0
DE0,biomass,2021-02-03 12:00:00,1.0
DE0,biomass,2021-02-03 15:00:00,1.0
DE0,biomass,2021-02-03 18:00:00,1.0
DE0,biomass,2021-02-03 21:00:00,1.0
DE0,biomass,2021-02-04 00:00:00,1.0
DE0,biomass,2021-02-04 03:00:00,1.0
DE0,biomass,2021-02-04 06:00:00,1.0
DE0,biomass,2021-02-04 09:00:00,1.0
DE0,biomass,2021-02-04 12:00:00,1.0
DE0,biomass,2021-02-04 15:00:00,1.0
DE0,biomass,2021-02-04 18:00:00,1.0
DE0,biomass,2021-02-04 21:00:00,1.0
DE0,biomass,2021-02-05 00:00:00,1.0
DE0,biomass,2021-02-05 03:00:00,1.0
DE0,biomass,2021-02-05 06:00:00,1.0
DE0,biomass,2021-02-05 09:00:00,1.0
DE0,biomass,2021-02-05 12:00:00,1.0
DE0,biomass,2021-02-05 15:00:00,1.0
DE0,biomass,2021-02-05 18:00:00,1.0
DE0,biomass,2021-02-05 21:00:00,1.0
DE0,biomass,2021-02-06 00:00:00,1.0
DE0,biomass,2021-02-06 03:00:00,1.0
DE0,biomass,2021-02-06 06:00:00,1.0
DE0,biomass,2021-02-06 09:00:00,1.0
DE0,biomass,2021-02-06 12:00:00,1.0
DE0,biomass,2021-02-06 15:00:00,1.0
DE0,biomass,2021-02-06 18:00:00,1.0
DE0,biomass,2021-02-06 21:00:00,1.0
DE0,biomass,2021-02-07 00:00:00,1.0
DE0,biomass,2021-02-07 03:00:00,1.0
DE0,biomass,2021-02-07 06:00:00,1.0
DE0,biomass,2021-02-07 09:00:00,1.0
DE0,biomass,2021-02-07 12:00:00,1.0
DE0,biomass,2021-02-07 15:00:00,1.0
DE0,biomass,2021-02-07 18:00:00,1.0
DE0,biomass,2021-02-07 21:00:00,1.0
DE0,biomass,2021-02-08 00:00:00,1.0
DE0,biomass,2021-02-08 03:00:00,1.0
DE0,biomass,2021-02-08 06:00:00,1.0
DE0,biomass,2021-02-08 09:00:00,1.0
DE0,biomass,2021-02-08 12:00:00,1.0
DE0,biomass,2021-02-08 15:00:00,1.0
DE0,biomass,2021-02-08 18:00:00,1.0
DE0,biomass,2021-02-08 21:00:00,1.0
DE0,biomass,2021-02-09 00:00:00,1.0
DE0,biomass,2021-02-09 03:00:00,1.0
DE0,biomass,2021-02-09 06:00:00,1.0
DE0,biomass,2021-02-09 09:00:00,1.0
DE0,biomass,2021-02-09 12:00:00,1.0
DE0,biomass,2021-02-09 15:00:00,1.0
DE0,biomass,2021-02-09 18:00:00,1.0
DE0,biomass,2021-02-09 21:00:00,1.0
DE0,biomass,2021-02-10 00:00:00,1.0
DE0,biomass,2021-02-10 03:00:00,1.0
DE0,biomass,2021-02-10 06:00:00,1.0
DE0,biomass,2021-02-10 09:00:00,1.0
DE0,biomass,2021-02-10 12:00:00,1.0
DE0,biomass,2021-02-10 15:00:00,1.0
DE0,biomass,2021-02-10 18:00:00,1.0
DE0,biomass,2021-02-10 21:00:00,1.0
DE0,biomass,2021-02-11 00:00:00,1.0
DE0,biomass,2021-02-11 03:00:00,1.0
DE0,biomass,2021-02-11 06:00:00,1.0
DE0,biomass,2021-02-11 09:00:00,1.0
DE0,biomass,2021-02-11 12:00:00,1.0
DE0,biomass,2021-02-11 15:00:00,1.0
DE0,biomass,2021-02-11 18:00:00,1.0
DE0,biomass,2021-02-11 21:00:00,1.0
DE0,biomass,2021-02-12 00:00:00,1.0
DE0,biomass,2021-02-12 03:00:00,1.0
DE0,biomass,2021-02-12 06:00:00,1.0
DE0,biomass,2021-02-12 09:00:00,1.0
DE0,biomass,2021-02-12 12:00:00,1.0
DE0,biomass,2021-02-12 15:00:00,1.0
DE0,biomass,2021-02-12 18:00:00,1.0
DE0,biomass,2021-02-12 21:00:00,1.0
DE0,biomass,2021-02-13 00:00:00,1.0
DE0,biomass,2021-02-13 03:00:00,1.0
DE0,biomass,2021-02-13 06:00:00,1.0
DE0,biomass,2021-02-13 09:00:00,1.0
DE0,biomass,2021-02-13 12:00:00,1.0
DE0,biomass,2021-02-13 15:00:00,1.0
DE0,biomass,2021-02-13 18:00:00,1.0
DE0,biomass,2021-02-13 21:00:00,1.0
DE0,biomass,2021-02-14 00:00:00,1.0
DE0,biomass,2021-02-14 03:00:00,1.0
DE0,biomass,2021-02-14 06:00:00,1.0
DE0,biomass,2021-02-14 09:00:00,1.0
DE0,biomass,2021-02-14 12:00:00,1.0
DE0,biomass,2021-02-14 15:00:00,1.0
DE0,biomass,2021-02-14 18:00:00,1.0
DE0,biomass,2021-02-14 21:00:00,1.0
DE0,ccgt,2021-01-18 00:00:00,1.0
DE0,ccgt,2021-01-18 03:00:00,1.0
DE0,ccgt,2021-01-18 06:00:00,1.0
DE0,ccgt,2021-01-18 09:00:00,1.0
DE0,ccgt,2021-01-18 12:00:00,1.0
DE0,ccgt,2021-01-18 15:00:00,1.0
DE0,ccgt,2021-01-18 18:00:00,1.0
DE0,ccgt,2021-01-18 21:00:00,1.0
DE0,ccgt,2021-01-19 00:00:00,1.0
DE0,ccgt,2021-01-19 03:00:00,1.0
DE0,ccgt,2021-01-19 06:00:00,1.0
DE0,ccgt,2021-01-19 09:00:00,1.0
DE0,ccgt,2021-01-19 12:00:00,1.0
DE0,ccgt,2021-01-19 15:00:00,1.0
DE0,ccgt,2021-01-19 18:00:00,1.0
DE0,ccgt,2021-01-19 21:00:00,1.0
DE0,ccgt,2021-01-20 00:00:00,1.0
DE0,ccgt,2021-01-20 03:00:00,1.0
DE0,ccgt,2021-01-20 06:00:00,1.0
DE0,ccgt,2021-01-20 09:00:00,1.0
DE0,ccgt,2021-01-20 12:00:00,1.0
DE0,ccgt,2021-01-20 15:00:00,1.0
DE0,ccgt,2021-01-20 18:00:00,1.0
DE0,ccgt,2021-01-20 21:00:00,1.0
DE0,ccgt,2021-01-21 00:00:00,1.0
DE0,ccgt,2021-01-21 03:00:00,1.0
DE0,ccgt,2021-01-21 06:00:00,1.0
DE0,ccgt,2021-01-21 09:00:00,1.0
DE0,ccgt,2021-01-21 12:00:00,1.0
DE0,ccgt,2021-01-21 15:00:00,1.0
DE0,ccgt,2021-01-21 18:00:00,1.0
DE0,ccgt,2021-01-21 21:00:00,1.0
DE0,ccgt,2021-01-22 00:00:00,1.0
DE0,ccgt,2021-01-22 03:00:00,1.0
DE0,ccgt,2021-01-22 06:00:00,1.0
DE0,ccgt,2021-01-22 09:00:00,1.0
DE0,ccgt,2021-01-22 12:00:00,1.0
DE0,ccgt,2021-01-22 15:00:00,1.0
DE0,ccgt,2021-01-22 18:00:00,1.0
DE0,ccgt,2021-01-22 21:00:00,1.0
DE0,ccgt,2021-01-23 00:00:00,1.0
DE0,ccgt,2021-01-23 03:00:00,1.0
DE0,ccgt,2021-01-23 06:00:00,1.0
DE0,ccgt,2021-01-23 09:00:00,1.0
DE0,ccgt,2021-01-23 12:00:00,1.0
DE0,ccgt,2021-01-23 15:00:00,1.0
DE0,ccgt,2021-01-23 18:00:00,1.0
DE0,ccgt,2021-01-23 21:00:00,1.0
DE0,ccgt,2021-01-24 00:00:00,1.0
DE0,ccgt,2021-01-24 03:00:00,1.0
DE0,ccgt,2021-01-24 06:00:00,1.0
DE0,ccgt,2021-01-24 09:00:00,1.0
DE0,ccgt,2021-01-24 12:00:00,1.0
DE0,ccgt,2021-01-24 15:00:00,1.0
DE0,ccgt,2021-01-24 18:00:00,1.0
DE0,ccgt,2021-01-24 21:00:00,1.0
DE0,ccgt,2021-01-25 00:00:00,1.0
DE0,ccgt,2021-01-25 03:00:00,1.0
DE0,ccgt,2021-01-25 06:00:00,1.0
DE0,ccgt,2021-01-25 09:00:00,1.0
DE0,ccgt,2021-01-25 12:00:00,1.0
DE0,ccgt,2021-01-25 15:00:00,1.0
DE0,ccgt,2021-01-25 18:00:00,1.0
DE0,ccgt,2021-01-25 21:00:00,1.0
DE0,ccgt,2021-01-26 00:00:00,1.0
DE0,ccgt,2021-01-26 03:00:00,1.0
DE0,ccgt,2021-01-26 06:00:00,1.0
DE0,ccgt,2021-01-26 09:00:00,1.0
DE0,ccgt,2021-01-26 12:00:00,1.0
DE0,ccgt,2021-01-26 15:00:00,1.0
DE0,ccgt,2021-01-26 18:00:00,1.0
DE0,ccgt,2021-01-26 21:00:00,1.0
DE0,ccgt,2021-01-27 00:00:00,1.0
DE0,ccgt,2021-01-27 03:00:00,1.0
DE0,ccgt,2021-01-27 06:00:00,1.0
DE0,ccgt,2021-01-27 09:00:00,1.0
DE0,ccgt,2021-01-27 12:00:00,1.0
DE0,ccgt,2021-01-27 15:00:00,1.0
DE0,ccgt,2021-01-27 18:00:00,1.0
DE0,ccgt,2021-01-27 21:00:00,1.0
DE0,ccgt,2021-01-28 00:00:00,1.0
DE0,ccgt,2021-01-28 03:00:00,1.0
DE0,ccgt,2021-01-28 06:00:00,1.0
DE0,ccgt,2021-01-28 09:00:00,1.0
DE0,ccgt,2021-01-28 12:00:00,1.0
DE0,ccgt,2021-01-28 15:00:00,1.0
DE0,ccgt,2021-01-28 18:00:00,1.0
DE0,ccgt,2021-01-28 21:00:00,1.0
DE0,ccgt,2021-01-29 00:00:00,1.0
DE0,ccgt,2021-01-29 03:00:00,1.0
DE0,ccgt,2021-01-29 06:00:00,1.0
DE0,ccgt,2021-01-29 09:00:00,1.0
DE0,ccgt,2021-01-29 12:00:00,1.0
DE0,ccgt,2021-01-29 15:00:00,1.0
DE0,ccgt,2021-01-29 18:00:00,1.0
DE0,ccgt,2021-01-29 21:00:00,1.0
DE0,ccgt,2021-01-30 00:00:00,1.0
DE0,ccgt,2021-01-30 03:00:00,1.0
DE0,ccgt,2021-01-30 06:00:00,1.0
DE0,ccgt,2021-01-30 09:00:00,1.0
DE0,ccgt,2021-01-30 12:00:00,1.0
DE0,ccgt,2021-01-30 15:00:00,1.0
DE0,ccgt,2021-01-30 18:00:00,1.0
DE0,ccgt,2021-01-30 21:00:00,1.0
DE0,ccgt,2021-01-31 00:00:00,1.0
DE0,ccgt,2021-01-31 03:00:00,1.0
DE0,ccgt,2021-01-31 06:00:00,1.0
DE0,ccgt,2021-01-31 09:00:00,1.0
DE0,ccgt,2021-01-31 12:00:00,1.0
DE0,ccgt,2021-01-31 15:00:00,1.0
DE0,ccgt,2021-01-31 18:00:00,1.0
DE0,ccgt,2021-01-31 21:00:00,1.0
DE0,ccgt,2021-02-01 00:00:00,1.0
DE0,ccgt,2021-02-01 03:00:00,1.0
DE0,ccgt,2021-02-01 06:00:00,1.0
DE0,ccgt,2021-02-01 09:00:00,1.0
DE0,ccgt,2021-02-01 12:00:00,1.0
DE0,ccgt,2021-02-01 15:00:00,1.0
DE0,ccgt,2021-02-01 18:00:00,1.0
DE0,ccgt,2021-02-01 21:00:00,1.0
DE0,ccgt,2021-02-02 00:00:00,1.0
DE0,ccgt,2021-02-02 03:00:00,1.0
DE0,ccgt,2021-02-02 06:00:00,1.0
DE0,ccgt,2021-02-02 09:00:00,1.0
DE0,ccgt,2021-02-02 12:00:00,1.0
DE0,ccgt,2021-02-02 15:00:00,1.0
DE0,ccgt,2021-02-02 18:00:00,1.0
DE0,ccgt,2021-02-02 21:00:00,1.0
DE0,ccgt,2021-02-03 00:00:00,1.0
DE0,ccgt,2021-02-03 03:00:00,1.0
DE0,ccgt,2021-02-03 06:00:00,1.0
DE0,ccgt,2021-02-03 09:00:00,1.0
DE0,ccgt,2021-02-03 12:00:00,1.0
DE0,ccgt,2021-02-03 15:00:00,1.0
DE0,ccgt,2021-02-03 18:00:00,1.0
DE0,ccgt,2021-02-03 21:00:00,1.0
DE0,ccgt,2021-02-04 00:00:00,1.0
DE0,ccgt,2021-02-04 03:00:00,1.0
DE0,ccgt,2021-02-04 06:00:00,1.0
DE0,ccgt,2021-02-04 09:00:00,1.0
DE0,ccgt,2021-02-04 12:00:00,1.0
DE0,ccgt,2021-02-04 15:00:00,1.0
DE0,ccgt,2021-02-04 18:00:00,1.0
DE0,ccgt,2021-02-04 21:00:00,1.0
DE0,ccgt,2021-02-05 00:00:00,1.0
DE0,ccgt,2021-02-05 03:00:00,1.0
DE0,ccgt,2021-02-05 06:00:00,1.0
DE0,ccgt,2021-02-05 09:00:00,1.0
DE0,ccgt,2021-02-05 12:00:00,1.0
DE0,ccgt,2021-02-05 15:00:00,1.0
DE0,ccgt,2021-02-05 18:00:00,1.0
DE0,ccgt,2021-02-05 21:00:00,1.0
DE0,ccgt,2021-02-06 00:00:00,1.0
DE0,ccgt,2021-02-06 03:00:00,1.0
DE0,ccgt,2021-02-06 06:00:00,1.0
DE0,ccgt,2021-02-06 09:00:00,1.0
DE0,ccgt,2021-02-06 12:00:00,1.0
DE0,ccgt,2021-02-06 15:00:00,1.0
DE0,ccgt,2021-02-06 18:00:00,1.0
DE0,ccgt,2021-02-06 21:00:00,1.0
DE0,ccgt,2021-02-07 00:00:00,1.0
DE0,ccgt,2021-02-07 03:00:00,1.0
DE0,ccgt,2021-02-07 06:00:00,1.0
DE0,ccgt,2021-02-07 09:00:00,1.0
DE0,ccgt,2021-02-07 12:00:00,1.0
DE0,ccgt,2021-02-07 15:00:00,1.0
DE0,ccgt,2021-02-07 18:00:00,1.0
DE0,ccgt,2021-02-07 21:00:00,1.0
DE0,ccgt,2021-02-08 00:00:00,1.0
DE0,ccgt,2021-02-08 03:00:00,1.0
DE0,ccgt,2021-02-08 06:00:00,1.0
DE0,ccgt,2021-02-08 09:00:00,1.0
DE0,ccgt,2021-02-08 12:00:00,1.0
DE0,ccgt,2021-02-08 15:00:00,1.0
DE0,ccgt,2021-02-08 18:00:00,1.0
DE0,ccgt,2021-02-08 21:00:00,1.0
DE0,ccgt,2021-02-09 00:00:00,1.0
DE0,ccgt,2021-02-09 03:00:00,1.0
DE0,ccgt,2021-02-09 06:00:00,1.0
DE0,ccgt,2021-02-09 09:00:00,1.0
DE0,ccgt,2021-02-09 12:00:00,1.0
DE0,ccgt,2021-02-09 15:00:00,1.0
DE0,ccgt,2021-02-09 18:00:00,1.0
DE0,ccgt,2021-02-09 21:00:00,1.0
DE0,ccgt,2021-02-10 00:00:00,1.0
DE0,ccgt,2021-02-10 03:00:00,1.0
DE0,ccgt,2021-02-10 06:00:00,1.0
DE0,ccgt,2021-02-10 09:00:00,1.0
DE0,ccgt,2021-02-10 12:00:00,1.0
DE0,ccgt,2021-02-10 15:00:00,1.0
DE0,ccgt,2021-02-10 18:00:00,1.0
DE0,ccgt,2021-02-10 21:00:00,1.0
DE0,ccgt,2021-02-11 00:00:00,1.0
DE0,ccgt,2021-02-11 03:00:00,1.0
DE0,ccgt,2021-02-11 06:00:00,1.0
DE0,ccgt,2021-02-11 09:00:00,1.0
DE0,ccgt,2021-02-11 12:00:00,1.0
DE0,ccgt,2021-02-11 15:00:00,1.0
DE0,ccgt,2021-02-11 18:00:00,1.0
DE0,ccgt,2021-02-11 21:00:00,1.0
DE0,ccgt,2021-02-12 00:00:00,1.0
DE0,ccgt,2021-02-12 03:00:00,1.0
DE0,ccgt,2021-02-12 06:00:00,1.0
DE0,ccgt,2021-02-12 09:00:00,1.0
DE0,ccgt,2021-02-12 12:00:00,1.0
DE0,ccgt,2021-02-12 15:00:00,1.0
DE0,ccgt,2021-02-12 18:00:00,1.0
DE0,ccgt,2021-02-12 21:00:00,1.0
DE0,ccgt,2021-02-13 00:00:00,1.0
DE0,ccgt,2021-02-13 03:00:00,1.0
DE0,ccgt,2021-02-13 06:00:00,1.0
DE0,ccgt,2021-02-13 09:00:00,1.0
DE0,ccgt,2021-02-13 12:00:00,1.0
DE0,ccgt,2021-02-13 15:00:00,1.0
DE0,ccgt,2021-02-13 18:00:00,1.0
DE0,ccgt,2021-02-13 21:00:00,1.0
DE0,ccgt,2021-02-14 00:00:00,1.0
DE0,ccgt,2021-02-14 03:00:00,1.0
DE0,ccgt,2021-02-14 06:00:00,1.0
DE0,ccgt,2021-02-14 09:00:00,1.0
DE0,ccgt,2021-02-14 12:00:00,1.0
DE0,ccgt,2021-02-14 15:00:00,1.0
DE0,ccgt,2021-02-14 18:00:00,1.0
DE0,ccgt,2021-02-14 21:00:00,1.0
DE0,coal,2021-01-18 00:00:00,0.0
DE0,coal,2021-01-18 03:00:00,0.0
DE0,coal,2021-01-18 06:00:00,0.0
DE0,coal,2021-01-18 09:00:00,0.0
DE0,coal,2021-01-18 12:00:00,0.0
DE0,coal,2021-01-18 15:00:00,0.0
DE0,coal,2021-01-18 18:00:00,0.0
DE0,coal,2021-01-18 21:00:00,0.0
DE0,coal,2021-01-19 00:00:00,0.0
DE0,coal,2021-01-19 03:00:00,0.0
DE0,coal,2021-01-19 06:00:00,0.0
DE0,coal,2021-01-19 09:00:00,0.0
DE0,coal,2021-01-19 12:00:00,0.0
DE0,coal,2021-01-19 15:00:00,0.0
DE0,coal,2021-01-19 18:00:00,0.0
DE0,coal,2021-01-19 21:00:00,0.0
DE0,coal,2021-01-20 00:00:00,0.0
DE0,coal,2021-01-20 03:00:00,0.0
DE0,coal,2021-01-20 06:00:00,0.0
DE0,coal,2021-01-20 09:00:00,0.0
DE0,coal,2021-01-20 12:00:00,0.0
DE0,coal,2021-01-20 15:00:00,0.0
DE0,coal,2021-01-20 18:00:00,0.0
DE0,coal,2021-01-20 21:00:00,0.0
DE0,coal,2021-01-21 00:00:00,0.0
DE0,coal,2021-01-21 03:00:00,0.0
DE0,coal,2021-01-21 06:00:00,0.0
DE0,coal,2021-01-21 09:00:00,0.0
DE0,coal,2021-01-21 12:00:00,0.0
DE0,coal,2021-01-21 15:00:00,0.0
DE0,coal,2021-01-21 18:00:00,0.0
DE0,coal,2021-01-21 21:00:00,0.0
DE0,coal,2021-01-22 00:00:00,0.0
DE0,coal,2021-01-22 03:00:00,0.0
DE0,coal,2021-01-22 06:00:00,0.0
DE0,coal,2021-01-22 09:00:00,0.0
DE0,coal,2021-01-22 12:00:00,0.0
DE0,coal,2021-01-22 15:00:00,0.0
DE0,coal,2021-01-22 18:00:00,0.0
DE0,coal,2021-01-22 21:00:00,0.0
DE0,coal,2021-01-23 00:00:00,0.0
DE0,coal,2021-01-23 03:00:00,0.0
DE0,coal,2021-01-23 06:00:00,0.0
DE0,coal,2021-01-23 09:00:00,0.0
DE0,coal,2021-01-23 12:00:00,0.0
DE0,coal,2021-01-23 15:00:00,0.0
DE0,coal,2021-01-23 18:00:00,0.0
DE0,coal,2021-01-23 21:00:00,0.0
DE0,coal,2021-01-24 00:00:00,0.0
DE0,coal,2021-01-24 03:00:00,0.0
DE0,coal,2021-01-24 06:00:00,0.0
DE0,coal,2021-01-24 09:00:00,0.0
DE0,coal,2021-01-24 12:00:00,0.0
DE0,coal,2021-01-24 15:00:00,0.0
DE0,coal,2021-01-24 18:00:00,0.0
DE0,coal,2021-01-24 21:00:00,0.0
DE0,coal,2021-01-25 00:00:00,0.0
DE0,coal,2021-01-25 03:00:00,0.0
DE0,coal,2021-01-25 06:00:00,0.0
DE0,coal,2021-01-25 09:00:00,0.0
DE0,coal,2021-01-25 12:00:00,0.0
DE0,coal,2021-01-25 15:00:00,0.0
DE0,coal,2021-01-25 18:00:00,0.0
DE0,coal,2021-01-25 21:00:00,0.0
DE0,coal,2021-01-26 00:00:00,0.0
DE0,coal,2021-01-26 03:00:00,0.0
DE0,coal,2021-01-26 06:00:00,0.0
DE0,coal,2021-01-26 09:00:00,0.0
DE0,coal,2021-01-26 12:00:00,0.0
DE0,coal,2021-01-26 15:00:00,0.0
DE0,coal,2021-01-26 18:00:00,0.0
DE0,coal,2021-01-26 21:00:00,0.0
DE0,coal,2021-01-27 00:00:00,0.0
DE0,coal,2021-01-27 03:00:00,0.0
DE0,coal,2021-01-27 06:00:00,0.0
DE0,coal,2021-01-27 09:00:00,0.0
DE0,coal,2021-01-27 12:00:00,0.0
DE0,coal,2021-01-27 15:00:00,0.0
DE0,coal,2021-01-27 18:00:00,0.0
DE0,coal,2021-01-27 21:00:00,0.0
DE0,coal,2021-01-28 00:00:00,0.0
DE0,coal,2021-01-28 03:00:00,0.0
DE0,coal,2021-01-28 06:00:00,0.0
DE0,coal,2021-01-28 09:00:00,0.0
DE0,coal,2021-01-28 12:00:00,0.0
DE0,coal,2021-01-28 15:00:00,0.0
DE0,coal,2021-01-28 18:00:00,0.0
DE0,coal,2021-01-28 21:00:00,0.0
DE0,coal,2021-01-29 00:00:00,0.0
DE0,coal,2021-01-29 03:00:00,0.0
DE0,coal,2021-01-29 06:00:00,0.0
DE0,coal,2021-01-29 09:00:00,0.0
DE0,coal,2021-01-29 12:00:00,0.0
DE0,coal,2021-01-29 15:00:00,0.0
DE0,coal,2021-01-29 18:00:00,0.0
DE0,coal,2021-01-29 21:00:00,0.0
DE0,coal,2021-01-30 00:00:00,0.0
DE0,coal,2021-01-30 03:00:00,0.0
DE0,coal,2021-01-30 06:00:00,0.0
DE0,coal,2021-01-30 09:00:00,0.0
DE0,coal,2021-01-30 12:00:00,0.0
DE0,coal,2021-01-30 15:00:00,0.0
DE0,coal,2021-01-30 18:00:00,0.0
DE0,coal,2021-01-30 21:00:00,0.0
DE0,coal,2021-01-31 00:00:00,0.0
DE0,coal,2021-01-31 03:00:00,0.0
DE0,coal,2021-01-31 06:00:00,0.0
DE0,coal,2021-01-31 09:00:00,0.0
DE0,coal,2021-01-31 12:00:00,0.0
DE0,coal,2021-01-31 15:00:00,0.0
DE0,coal,2021-01-31 18:00:00,0.0
DE0,coal,2021-01-31 21:00:00,0.0
DE0,coal,2021-02-01 00:00:00,0.0
DE0,coal,2021-02-01 03:00:00,0.0
DE0,coal,2021-02-01 06:00:00,0.0
DE0,coal,2021-02-01 09:00:00,0.0
DE0,coal,2021-02-01 12:00:00,0.0
DE0,coal,2021-02-01 15:00:00,0.0
DE0,coal,2021-02-01 18:00:00,0.0
DE0,coal,2021-02-01 21:00:00,0.0
DE0,coal,2021-02-02 00:00:00,0.0
DE0,coal,2021-02-02 03:00:00,0.0
DE0,coal,2021-02-02 06:00:00,0.0
DE0,coal,2021-02-02 09:00:00,0.0
DE0,coal,2021-02-02 12:00:00,0.0
DE0,coal,2021-02-02 15:00:00,0.0
DE0,coal,2021-02-02 18:00:00,0.0
DE0,coal,2021-02-02 21:00:00,0.0
DE0,coal,2021-02-03 00:00:00,0.0
DE0,coal,2021-02-03 03:00:00,0.0
DE0,coal,2021-02-03 06:00:00,0.0
DE0,coal,2021-02-03 09:00:00,0.0
DE0,coal,2021-02-03 12:00:00,0.0
DE0,coal,2021-02-03 15:00:00,0.0
DE0,coal,2021-02-03 18:00:00,0.0
DE0,coal,2021-02-03 21:00:00,0.0
DE0,coal,2021-02-04 00:00:00,0.0
DE0,coal,2021-02-04 03:00:00,0.0
DE0,coal,2021-02-04 06:00:00,0.0
DE0,coal,2021-02-04 09:00:00,0.0
DE0,coal,2021-02-04 12:00:00,0.0
DE0,coal,2021-02-04 15:00:00,0.0
DE0,coal,2021-02-04 18:00:00,0.0
DE0,coal,2021-02-04 21:00:00,0.0
DE0,coal,2021-02-05 00:00:00,0.0
DE0,coal,2021-02-05 03:00:00,0.0
DE0,coal,2021-02-05 06:00:00,0.0
DE0,coal,2021-02-05 09:00:00,0.0
DE0,coal,2021-02-05 12:00:00,0.0
DE0,coal,2021-02-05 15:00:00,0.0
DE0,coal,2021-02-05 18:00:00,0.0
DE0,coal,2021-02-05 21:00:00,0.0
DE0,coal,2021-02-06 00:00:00,0.0
DE0,coal,2021-02-06 03:00:00,0.0
DE0,coal,2021-02-06 06:00:00,0.0
DE0,coal,2021-02-06 09:00:00,0.0
DE0,coal,2021-02-06 12:00:00,0.0
DE0,coal,2021-02-06 15:00:00,0.0
DE0,coal,2021-02-06 18:00:00,0.0
DE0,coal,2021-02-06 21:00:00,0.0
DE0,coal,2021-02-07 00:00:00,0.0
DE0,coal,2021-02-07 03:00:00,0.0
DE0,coal,2021-02-07 06:00:00,0.0
DE0,coal,2021-02-07 09:00:00,0.0
DE0,coal,2021-02-07 12:00:00,0.0
DE0,coal,2021-02-07 15:00:00,0.0
DE0,coal,2021-02-07 18:00:00,0.0
DE0,coal,2021-02-07 21:00:00,0.0
DE0,coal,2021-02-08 00:00:00,0.0
DE0,coal,2021-02-08 03:00:00,0.0
DE0,coal,2021-02-08 06:00:00,0.0
DE0,coal,2021-02-08 09:00:00,0.0
DE0,coal,2021-02-08 12:00:00,0.0
DE0,coal,2021-02-08 15:00:00,0.0
DE0,coal,2021-02-08 18:00:00,0.0
DE0,coal,2021-02-08 21:00:00,0.0
DE0,coal,2021-02-09 00:00:00,0.0
DE0,coal,2021-02-09 03:00:00,0.0
DE0,coal,2021-02-09 06:00:00,0.0
DE0,coal,2021-02-09 09:00:00,0.0
DE0,coal,2021-02-09 12:00:00,0.0
DE0,coal,2021-02-09 15:00:00,0.0
DE0,coal,2021-02-09 18:00:00,0.0
DE0,coal,2021-02-09 21:00:00,0.0
DE0,coal,2021-02-10 00:00:00,0.0
DE0,coal,2021-02-10 03:00:00,0.0
DE0,coal,2021-02-10 06:00:00,0.0
DE0,coal,2021-02-10 09:00:00,0.0
DE0,coal,2021-02-10 12:00:00,0.0
DE0,coal,2021-02-10 15:00:00,0.0
DE0,coal,2021-02-10 18:00:00,0.0
DE0,coal,2021-02-10 21:00:00,0.0
DE0,coal,2021-02-11 00:00:00,0.0
DE0,coal,2021-02-11 03:00:00,0.0
DE0,coal,2021-02-11 06:00:00,0.0
DE0,coal,2021-02-11 09:00:00,0.0
DE0,coal,2021-02-11 12:00:00,0.0
DE0,coal,2021-02-11 15:00:00,0.0
DE0,coal,2021-02-11 18:00:00,0.0
DE0,coal,2021-02-11 21:00:00,0.0
DE0,coal,2021-02-12 00:00:00,0.0
DE0,coal,2021-02-12 03:00:00,0.0
DE0,coal,2021-02-12 06:00:00,0.0
DE0,coal,2021-02-12 09:00:00,0.0
DE0,coal,2021-02-12 12:00:00,0.0
DE0,coal,2021-02-12 15:00:00,0.0
DE0,coal,2021-02-12 18:00:00,0.0
DE0,coal,2021-02-12 21:00:00,0.0
DE0,coal,2021-02-13 00:00:00,0.0
DE0,coal,2021-02-13 03:00:00,0.0
DE0,coal,2021-02-13 06:00:00,0.0
DE0,coal,2021-02-13 09:00:00,0.0
DE0,coal,2021-02-13 12:00:00,0.0
DE0,coal,2021-02-13 15:00:00,0.0
DE0,coal,2021-02-13 18:00:00,0.0
DE0,coal,2021-02-13 21:00:00,0.0
DE0,coal,2021-02-14 00:00:00,0.0
DE0,coal,2021-02-14 03:00:00,0.0
DE0,coal,2021-02-14 06:00:00,0.0
DE0,coal,2021-02-14 09:00:00,0.0
DE0,coal,2021-02-14 12:00:00,0.0
DE0,coal,2021-02-14 15:00:00,0.0
DE0,coal,2021-02-14 18:00:00,0.0
DE0,coal,2021-02-14 21:00:00,0.0
DE0,lignite,2021-01-18 00:00:00,0.0
DE0,lignite,2021-01-18 03:00:00,0.0
DE0,lignite,2021-01-18 06:00:00,0.0
DE0,lignite,2021-01-18 09:00:00,0.0
DE0,lignite,2021-01-18 12:00:00,0.0
DE0,lignite,2021-01-18 15:00:00,0.0
DE0,lignite,2021-01-18 18:00:00,0.0
DE0,lignite,2021-01-18 21:00:00,0.0
DE0,lignite,2021-01-19 00:00:00,0.0
DE0,lignite,2021-01-19 03:00:00,0.0
DE0,lignite,2021-01-19 06:00:00,0.0
DE0,lignite,2021-01-19 09:00:00,0.0
DE0,lignite,2021-01-19 12:00:00,0.0
DE0,lignite,2021-01-19 15:00:00,0.0
DE0,lignite,2021-01-19 18:00:00,0.0
DE0,lignite,2021-01-19 21:00:00,0.0
DE0,lignite,2021-01-20 00:00:00,0.0
DE0,lignite,2021-01-20 03:00:00,0.0
DE0,lignite,2021-01-20 06:00:00,0.0
DE0,lignite,2021-01-20 09:00:00,0.0
DE0,lignite,2021-01-20 12:00:00,0.0
DE0,lignite,2021-01-20 15:00:00,0.0
DE0,lignite,2021-01-20 18:00:00,0.0
DE0,lignite,2021-01-20 21:00:00,0.0
DE0,lignite,2021-01-21 00:00:00,0.0
DE0,lignite,2021-01-21 03:00:00,0.0
DE0,lignite,2021-01-21 06:00:00,0.0
DE0,lignite,2021-01-21 09:00:00,0.0
DE0,lignite,2021-01-21 12:00:00,0.0
DE0,lignite,2021-01-21 15:00:00,0.0
DE0,lignite,2021-01-21 18:00:00,0.0
DE0,lignite,2021-01-21 21:00:00,0.0
DE0,lignite,2021-01-22 00:00:00,0.0
DE0,lignite,2021-01-22 03:00:00,0.0
DE0,lignite,2021-01-22 06:00:00,0.0
DE0,lignite,2021-01-22 09:00:00,0.0
DE0,lignite,2021-01-22 12:00:00,0.0
DE0,lignite,2021-01-22 15:00:00,0.0
DE0,lignite,2021-01-22 18:00:00,0.0
DE0,lignite,2021-01-22 21:00:00,0.0
DE0,lignite,2021-01-23 00:00:00,0.0
DE0,lignite,2021-01-23 03:00:00,0.0
DE0,lignite,2021-01-23 06:00:00,0.0
DE0,lignite,2021-01-23 09:00:00,0.0
DE0,lignite,2021-01-23 12:00:00,0.0
DE0,lignite,2021-01-23 15:00:00,0.0
DE0,lignite,2021-01-23 18:00:00,0.0
DE0,lignite,2021-01-23 21:00:00,0.0
DE0,lignite,2021-01-24 00:00:00,0.0
DE0,lignite,2021-01-24 03:00:00,0.0
DE0,lignite,2021-01-24 06:00:00,0.0
DE0,lignite,2021-01-24 09:00:00,0.0
DE0,lignite,2021-01-24 12:00:00,0.0
DE0,lignite,2021-01-24 15:00:00,0.0
DE0,lignite,2021-01-24 18:00:00,0.0
DE0,lignite,2021-01-24 21:00:00,0.0
DE0,lignite,2021-01-25 00:00:00,0.0
DE0,lignite,2021-01-25 03:00:00,0.0
DE0,lignite,2021-01-25 06:00:00,0.0
DE0,lignite,2021-01-25 09:00:00,0.0
DE0,lignite,2021-01-25 12:00:00,0.0
DE0,lignite,2021-01-25 15:00:00,0.0
DE0,lignite,2021-01-25 18:00:00,0.0
DE0,lignite,2021-01-25 21:00:00,0.0
DE0,lignite,2021-01-26 00:00:00,0.0
DE0,lignite,2021-01-26 03:00:00,0.0
DE0,lignite,2021-01-26 06:00:00,0.0
DE0,lignite,2021-01-26 09:00:00,0.0
DE0,lignite,2021-01-26 12:00:00,0.0
DE0,lignite,2021-01-26 15:00:00,0.0
DE0,lignite,2021-01-26 18:00:00,0.0
DE0,lignite,2021-01-26 21:00:00,0.0
DE0,lignite,2021-01-27 00:00:00,0.0
DE0,lignite,2021-01-27 03:00:00,0.0
DE0,lignite,2021-01-27 06:00:00,0.0
DE0,lignite,2021-01-27 09:00:00,0.0
DE0,lignite,2021-01-27 12:00:00,0.0
DE0,lignite,2021-01-27 15:00:00,0.0
DE0,lignite,2021-01-27 18:00:00,0.0
DE0,lignite,2021-01-27 21:00:00,0.0
DE0,lignite,2021-01-28 00:00:00,0.0
DE0,lignite,2021-01-28 03:00:00,0.0
DE0,lignite,2021-01-28 06:00:00,0.0
DE0,lignite,2021-01-28 09:00:00,0.0
DE0,lignite,2021-01-28 12:00:00,0.0
DE0,lignite,2021-01-28 15:00:00,0.0
DE0,lignite,2021-01-28 18:00:00,0.0
DE0,lignite,2021-01-28 21:00:00,0.0
DE0,lignite,2021-01-29 00:00:00,0.0
DE0,lignite,2021-01-29 03:00:00,0.0
DE0,lignite,2021-01-29 06:00:00,0.0
DE0,lignite,2021-01-29 09:00:00,0.0
DE0,lignite,2021-01-29 12:00:00,0.0
DE0,lignite,2021-01-29 15:00:00,0.0
DE0,lignite,2021-01-29 18:00:00,0.0
DE0,lignite,2021-01-29 21:00:00,0.0
DE0,lignite,2021-01-30 00:00:00,0.0
DE0,lignite,2021-01-30 03:00:00,0.0
DE0,lignite,2021-01-30 06:00:00,0.0
DE0,lignite,2021-01-30 09:00:00,0.0
DE0,lignite,2021-01-30 12:00:00,0.0
DE0,lignite,2021-01-30 15:00:00,0.0
DE0,lignite,2021-01-30 18:00:00,0.0
DE0,lignite,2021-01-30 21:00:00,0.0
DE0,lignite,2021-01-31 00:00:00,0.0
DE0,lignite,2021-01-31 03:00:00,0.0
DE0,lignite,2021-01-31 06:00:00,0.0
DE0,lignite,2021-01-31 09:00:00,0.0
DE0,lignite,2021-01-31 12:00:00,0.0
DE0,lignite,2021-01-31 15:00:00,0.0
DE0,lignite,2021-01-31 18:00:00,0.0
DE0,lignite,2021-01-31 21:00:00,0.0
DE0,lignite,2021-02-01 00:00:00,0.0
DE0,lignite,2021-02-01 03:00:00,0.0
DE0,lignite,2021-02-01 06:00:00,0.0
DE0,lignite,2021-02-01 09:00:00,0.0
DE0,lignite,2021-02-01 12:00:00,0.0
DE0,lignite,2021-02-01 15:00:00,0.0
DE0,lignite,2021-02-01 18:00:00,0.0
DE0,lignite,2021-02-01 21:00:00,0.0
DE0,lignite,2021-02-02 00:00:00,0.0
DE0,lignite,2021-02-02 03:00:00,0.0
DE0,lignite,2021-02-02 06:00:00,0.0
DE0,lignite,2021-02-02 09:00:00,0.0
DE0,lignite,2021-02-02 12:00:00,0.0
DE0,lignite,2021-02-02 15:00:00,0.0
DE0,lignite,2021-02-02 18:00:00,0.0
DE0,lignite,2021-02-02 21:00:00,0.0
DE0,lignite,2021-02-03 00:00:00,0.0
DE0,lignite,2021-02-03 03:00:00,0.0
DE0,lignite,2021-02-03 06:00:00,0.0
DE0,lignite,2021-02-03 09:00:00,0.0
DE0,lignite,2021-02-03 12:00:00,0.0
DE0,lignite,2021-02-03 15:00:00,0.0
DE0,lignite,2021-02-03 18:00:00,0.0
DE0,lignite,2021-02-03 21:00:00,0.0
DE0,lignite,2021-02-04 00:00:00,0.0
DE0,lignite,2021-02-04 03:00:00,0.0
DE0,lignite,2021-02-04 06:00:00,0.0
DE0,lignite,2021-02-04 09:00:00,0.0
DE0,lignite,2021-02-04 12:00:00,0.0
DE0,lignite,2021-02-04 15:00:00,0.0
DE0,lignite,2021-02-04 18:00:00,0.0
DE0,lignite,2021-02-04 21:00:00,0.0
DE0,lignite,2021-02-05 00:00:00,0.0
DE0,lignite,2021-02-05 03:00:00,0.0
DE0,lignite,2021-02-05 06:00:00,0.0
DE0,lignite,2021-02-05 09:00:00,0.0
DE0,lignite,2021-02-05 12:00:00,0.0
DE0,lignite,2021-02-05 15:00:00,0.0
DE0,lignite,2021-02-05 18:00:00,0.0
DE0,lignite,2021-02-05 21:00:00,0.0
DE0,lignite,2021-02-06 00:00:00,0.0
DE0,lignite,2021-02-06 03:00:00,0.0
DE0,lignite,2021-02-06 06:00:00,0.0
DE0,lignite,2021-02-06 09:00:00,0.0
DE0,lignite,2021-02-06 12:00:00,0.0
DE0,lignite,2021-02-06 15:00:00,0.0
DE0,lignite,2021-02-06 18:00:00,0.0
DE0,lignite,2021-02-06 21:00:00,0.0
DE0,lignite,2021-02-07 00:00:00,0.0
DE0,lignite,2021-02-07 03:00:00,0.0
DE0,lignite,2021-02-07 06:00:00,0.0
DE0,lignite,2021-02-07 09:00:00,0.0
DE0,lignite,2021-02-07 12:00:00,0.0
DE0,lignite,2021-02-07 15:00:00,0.0
DE0,lignite,2021-02-07 18:00:00,0.0
DE0,lignite,2021-02-07 21:00:00,0.0
DE0,lignite,2021-02-08 00:00:00,0.0
DE0,lignite,2021-02-08 03:00:00,0.0
DE0,lignite,2021-02-08 06:00:00,0.0
DE0,lignite,2021-02-08 09:00:00,0.0
DE0,lignite,2021-02-08 12:00:00,0.0
DE0,lignite,2021-02-08 15:00:00,0.0
DE0,lignite,2021-02-08 18:00:00,0.0
DE0,lignite,2021-02-08 21:00:00,0.0
DE0,lignite,2021-02-09 00:00:00,0.0
DE0,lignite,2021-02-09 03:00:00,0.0
DE0,lignite,2021-02-09 06:00:00,0.0
DE0,lignite,2021-02-09 09:00:00,0.0
DE0,lignite,2021-02-09 12:00:00,0.0
DE0,lignite,2021-02-09 15:00:00,0.0
DE0,lignite,2021-02-09 18:00:00,0.0
DE0,lignite,2021-02-09 21:00:00,0.0
DE0,lignite,2021-02-10 00:00:00,0.0
DE0,lignite,2021-02-10 03:00:00,0.0
DE0,lignite,2021-02-10 06:00:00,0.0
DE0,lignite,2021-02-10 09:00:00,0.0
DE0,lignite,2021-02-10 12:00:00,0.0
DE0,lignite,2021-02-10 15:00:00,0.0
DE0,lignite,2021-02-10 18:00:00,0.0
DE0,lignite,2021-02-10 21:00:00,0.0
DE0,lignite,2021-02-11 00:00:00,0.0
DE0,lignite,2021-02-11 03:00:00,0.0
DE0,lignite,2021-02-11 06:00:00,0.0
DE0,lignite,2021-02-11 09:00:00,0.0
DE0,lignite,2021-02-11 12:00:00,0.0
DE0,lignite,2021-02-11 15:00:00,0.0
DE0,lignite,2021-02-11 18:00:00,0.0
DE0,lignite,2021-02-11 21:00:00,0.0
DE0,lignite,2021-02-12 00:00:00,0.0
DE0,lignite,2021-02-12 03:00:00,0.0
DE0,lignite,2021-02-12 06:00:00,0.0
DE0,lignite,2021-02-12 09:00:00,0.0
DE0,lignite,2021-02-12 12:00:00,0.0
DE0,lignite,2021-02-12 15:00:00,0.0
DE0,lignite,2021-02-12 18:00:00,0.0
DE0,lignite,2021-02-12 21:00:00,0.0
DE0,lignite,2021-02-13 00:00:00,0.0
DE0,lignite,2021-02-13 03:00:00,0.0
DE0,lignite,2021-02-13 06:00:00,0.0
DE0,lignite,2021-02-13 09:00:00,0.0
DE0,lignite,2021-02-13 12:00:00,0.0
DE0,lignite,2021-02-13 15:00:00,0.0
DE0,lignite,2021-02-13 18:00:00,0.0
DE0,lignite,2021-02-13 21:00:00,0.0
DE0,lignite,2021-02-14 00:00:00,0.0
DE0,lignite,2021-02-14 03:00:00,0.0
DE0,lignite,2021-02-14 06:00:00,0.0
DE0,lignite,2021-02-14 09:00:00,0.0
DE0,lignite,2021-02-14 12:00:00,0.0
DE0,lignite,2021-02-14 15:00:00,0.0
DE0,lignite,2021-02-14 18:00:00,0.0
DE0,lignite,2021-02-14 21:00:00,0.0
DE0,ocgt,2021-01-18 00:00:00,1.0000000000000004
DE0,ocgt,2021-01-18 03:00:00,1.0000000000000004
DE0,ocgt,2021-01-18 06:00:00,1.0000000000000004
DE0,ocgt,2021-01-18 09:00:00,1.0000000000000004
DE0,ocgt,2021-01-18 12:00:00,1.0000000000000004
DE0,ocgt,2021-01-18 15:00:00,1.0000000000000004
DE0,ocgt,2021-01-18 18:00:00,1.0000000000000004
DE0,ocgt,2021-01-18 21:00:00,1.0000000000000004
DE0,ocgt,2021-01-19 00:00:00,1.0000000000000004
DE0,ocgt,2021-01-19 03:00:00,1.0000000000000004
DE0,ocgt,2021-01-19 06:00:00,1.0000000000000004
DE0,ocgt,2021-01-19 09:00:00,1.0000000000000004
DE0,ocgt,2021-01-19 12:00:00,1.0000000000000004
DE0,ocgt,2021-01-19 15:00:00,1.0000000000000004
DE0,ocgt,2021-01-19 18:00:00,1.0000000000000004
DE0,ocgt,2021-01-19 21:00:00,1.0000000000000004
DE0,ocgt,2021-01-20 00:00:00,1.0000000000000004
DE0,ocgt,2021-01-20 03:00:00,1.0000000000000004
DE0,ocgt,2021-01-20 06:00:00,1.0000000000000004
DE0,ocgt,2021-01-20 09:00:00,1.0000000000000004
DE0,ocgt,2021-01-20 12:00:00,1.0000000000000004
DE0,ocgt,2021-01-20 15:00:00,1.0000000000000004
DE0,ocgt,2021-01-20 18:00:00,1.0000000000000004
DE0,ocgt,2021-01-20 21:00:00,1.0000000000000004
DE0,ocgt,2021-01-21 00:00:00,1.0000000000000004
DE0,ocgt,2021-01-21 03:00:00,1.0000000000000004
DE0,ocgt,2021-01-21 06:00:00,1.0000000000000004
DE0,ocgt,2021-01-21 09:00:00,1.0000000000000004
DE0,ocgt,2021-01-21 12:00:00,1.0000000000000004
DE0,ocgt,2021-01-21 15:00:00,1.0000000000000004
DE0,ocgt,2021-01-21 18:00:00,1.0000000000000004
DE0,ocgt,2021-01-21 21:00:00,1.0000000000000004
DE0,ocgt,2021-01-22 00:00:00,1.0000000000000004
DE0,ocgt,2021-01-22 03:00:00,1.0000000000000004
DE0,ocgt,2021-01-22 06:00:00,1.0000000000000004
DE0,ocgt,2021-01-22 09:00:00,1.0000000000000004
DE0,ocgt,2021-01-22 12:00:00,1.0000000000000004
DE0,ocgt,2021-01-22 15:00:00,1.0000000000000004
DE0,ocgt,2021-01-22 18:00:00,1.0000000000000004
DE0,ocgt,2021-01-22 21:00:00,1.0000000000000004
DE0,ocgt,2021-01-23 00:00:00,1.0000000000000004
DE0,ocgt,2021-01-23 03:00:00,1.0000000000000004
DE0,ocgt,2021-01-23 06:00:00,1.0000000000000004
DE0,ocgt,2021-01-23 09:00:00,1.0000000000000004
DE0,ocgt,2021-01-23 12:00:00,1.0000000000000004
DE0,ocgt,2021-01-23 15:00:00,1.0000000000000004
DE0,ocgt,2021-01-23 18:00:00,1.0000000000000004
DE0,ocgt,2021-01-23 21:00:00,1.0000000000000004
DE0,ocgt,2021-01-24 00:00:00,1.0000000000000004
DE0,ocgt,2021-01-24 03:00:00,1.0000000000000004
DE0,ocgt,2021-01-24 06:00:00,1.0000000000000004
DE0,ocgt,2021-01-24 09:00:00,1.0000000000000004
DE0,ocgt,2021-01-24 12:00:00,1.0000000000000004
DE0,ocgt,2021-01-24 15:00:00,1.0000000000000004
DE0,ocgt,2021-01-24 18:00:00,1.0000000000000004
DE0,ocgt,2021-01-24 21:00:00,1.0000000000000004
DE0,ocgt,2021-01-25 00:00:00,1.0000000000000004
DE0,ocgt,2021-01-25 03:00:00,1.0000000000000004
DE0,ocgt,2021-01-25 06:00:00,1.0000000000000004
DE0,ocgt,2021-01-25 09:00:00,1.0000000000000004
DE0,ocgt,2021-01-25 12:00:00,1.0000000000000004
DE0,ocgt,2021-01-25 15:00:00,1.0000000000000004
DE0,ocgt,2021-01-25 18:00:00,1.0000000000000004
DE0,ocgt,2021-01-25 21:00:00,1.0000000000000004
DE0,ocgt,2021-01-26 00:00:00,1.0000000000000004
DE0,ocgt,2021-01-26 03:00:00,1.0000000000000004
DE0,ocgt,2021-01-26 06:00:00,1.0000000000000004
DE0,ocgt,2021-01-26 09:00:00,1.0000000000000004
DE0,ocgt,2021-01-26 12:00:00,1.0000000000000004
DE0,ocgt,2021-01-26 15:00:00,1.0000000000000004
DE0,ocgt,2021-01-26 18:00:00,1.0000000000000004
DE0,ocgt,2021-01-26 21:00:00,1.0000000000000004
DE0,ocgt,2021-01-27 00:00:00,1.0000000000000004
DE0,ocgt,2021-01-27 03:00:00,1.0000000000000004
DE0,ocgt,2021-01-27 06:00:00,1.0000000000000004
DE0,ocgt,2021-01-27 09:00:00,1.0000000000000004
DE0,ocgt,2021-01-27 12:00:00,1.0000000000000004
DE0,ocgt,2021-01-27 15:00:00,1.0000000000000004
DE0,ocgt,2021-01-27 18:00:00,1.0000000000000004
DE0,ocgt,2021-01-27 21:00:00,1.0000000000000004
DE0,ocgt,2021-01-28 00:00:00,1.0000000000000004
DE0,ocgt,2021-01-28 03:00:00,1.0000000000000004
DE0,ocgt,2021-01-28 06:00:00,1.0000000000000004
DE0,ocgt,2021-01-28 09:00:00,1.0000000000000004
DE0,ocgt,2021-01-28 12:00:00,1.0000000000000004
DE0,ocgt,2021-01-28 15:00:00,1.0000000000000004
DE0,ocgt,2021-01-28 18:00:00,1.0000000000000004
DE0,ocgt,2021-01-28 21:00:00,1.0000000000000004
DE0,ocgt,2021-01-29 00:00:00,1.0000000000000004
DE0,ocgt,2021-01-29 03:00:00,1.0000000000000004
DE0,ocgt,2021-01-29 06:00:00,1.0000000000000004
DE0,ocgt,2021-01-29 09:00:00,1.0000000000000004
DE0,ocgt,2021-01-29 12:00:00,1.0000000000000004
DE0,ocgt,2021-01-29 15:00:00,1.0000000000000004
DE0,ocgt,2021-01-29 18:00:00,1.0000000000000004
DE0,ocgt,2021-01-29 21:00:00,1.0000000000000004
DE0,ocgt,2021-01-30 00:00:00,1.0000000000000004
DE0,ocgt,2021-01-30 03:00:00,1.0000000000000004
DE0,ocgt,2021-01-30 06:00:00,1.0000000000000004
DE0,ocgt,2021-01-30 09:00:00,1.0000000000000004
DE0,ocgt,2021-01-30 12:00:00,1.0000000000000004
DE0,ocgt,2021-01-30 15:00:00,1.0000000000000004
DE0,ocgt,2021-01-30 18:00:00,1.0000000000000004
DE0,ocgt,2021-01-30 21:00:00,1.0000000000000004
DE0,ocgt,2021-01-31 00:00:00,1.0000000000000004
DE0,ocgt,2021-01-31 03:00:00,1.0000000000000004
DE0,ocgt,2021-01-31 06:00:00,1.0000000000000004
DE0,ocgt,2021-01-31 09:00:00,1.0000000000000004
DE0,ocgt,2021-01-31 12:00:00,1.0000000000000004
DE0,ocgt,2021-01-31 15:00:00,1.0000000000000004
DE0,ocgt,2021-01-31 18:00:00,1.0000000000000004
DE0,ocgt,2021-01-31 21:00:00,1.0000000000000004
DE0,ocgt,2021-02-01 00:00:00,1.0000000000000004
DE0,ocgt,2021-02-01 03:00:00,1.0000000000000004
DE0,ocgt,2021-02-01 06:00:00,1.0000000000000004
DE0,ocgt,2021-02-01 09:00:00,1.0000000000000004
DE0,ocgt,2021-02-01 12:00:00,1.0000000000000004
DE0,ocgt,2021-02-01 15:00:00,1.0000000000000004
DE0,ocgt,2021-02-01 18:00:00,1.0000000000000004
DE0,ocgt,2021-02-01 21:00:00,1.0000000000000004
DE0,ocgt,2021-02-02 00:00:00,1.0000000000000004
DE0,ocgt,2021-02-02 03:00:00,1.0000000000000004
DE0,ocgt,2021-02-02 06:00:00,1.0000000000000004
DE0,ocgt,2021-02-02 09:00:00,1.0000000000000004
DE0,ocgt,2021-02-02 12:00:00,1.0000000000000004
DE0,ocgt,2021-02-02 15:00:00,1.0000000000000004
DE0,ocgt,2021-02-02 18:00:00,1.0000000000000004
DE0,ocgt,2021-02-02 21:00:00,1.0000000000000004
DE0,ocgt,2021-02-03 00:00:00,1.0000000000000004
DE0,ocgt,2021-02-03 03:00:00,1.0000000000000004
DE0,ocgt,2021-02-03 06:00:00,1.0000000000000004
DE0,ocgt,2021-02-03 09:00:00,1.0000000000000004
DE0,ocgt,2021-02-03 12:00:00,1.0000000000000004
DE0,ocgt,2021-02-03 15:00:00,1.0000000000000004
DE0,ocgt,2021-02-03 18:00:00,1.0000000000000004
DE0,ocgt,2021-02-03 21:00:00,1.0000000000000004
DE0,ocgt,2021-02-04 00:00:00,1.0000000000000004
DE0,ocgt,2021-02-04 03:00:00,1.0000000000000004
DE0,ocgt,2021-02-04 06:00:00,1.0000000000000004
DE0,ocgt,2021-02-04 09:00:00,1.0000000000000004
DE0,ocgt,2021-02-04 12:00:00,1.0000000000000004
DE0,ocgt,2021-02-04 15:00:00,1.0000000000000004
DE0,ocgt,2021-02-04 18:00:00,1.0000000000000004
DE0,ocgt,2021-02-04 21:00:00,1.0000000000000004
DE0,ocgt,2021-02-05 00:00:00,1.0000000000000004
DE0,ocgt,2021-02-05 03:00:00,1.0000000000000004
DE0,ocgt,2021-02-05 06:00:00,1.0000000000000004
DE0,ocgt,2021-02-05 09:00:00,1.0000000000000004
DE0,ocgt,2021-02-05 12:00:00,1.0000000000000004
DE0,ocgt,2021-02-05 15:00:00,1.0000000000000004
DE0,ocgt,2021-02-05 18:00:00,1.0000000000000004
DE0,ocgt,2021-02-05 21:00:00,1.0000000000000004
DE0,ocgt,2021-02-06 00:00:00,1.0000000000000004
DE0,ocgt,2021-02-06 03:00:00,1.0000000000000004
DE0,ocgt,2021-02-06 06:00:00,1.0000000000000004
DE0,ocgt,2021-02-06 09:00:00,1.0000000000000004
DE0,ocgt,2021-02-06 12:00:00,1.0000000000000004
DE0,ocgt,2021-02-06 15:00:00,1.0000000000000004
DE0,ocgt,2021-02-06 18:00:00,1.0000000000000004
DE0,ocgt,2021-02-06 21:00:00,1.0000000000000004
DE0,ocgt,2021-02-07 00:00:00,1.0000000000000004
DE0,ocgt,2021-02-07 03:00:00,1.0000000000000004
DE0,ocgt,2021-02-07 06:00:00,1.0000000000000004
DE0,ocgt,2021-02-07 09:00:00,1.0000000000000004
DE0,ocgt,2021-02-07 12:00:00,1.0000000000000004
DE0,ocgt,2021-02-07 15:00:00,1.0000000000000004
DE0,ocgt,2021-02-07 18:00:00,1.0000000000000004
DE0,ocgt,2021-02-07 21:00:00,1.0000000000000004
DE0,ocgt,2021-02-08 00:00:00,1.0000000000000004
DE0,ocgt,2021-02-08 03:00:00,1.0000000000000004
DE0,ocgt,2021-02-08 06:00:00,1.0000000000000004
DE0,ocgt,2021-02-08 09:00:00,1.0000000000000004
DE0,ocgt,2021-02-08 12:00:00,1.0000000000000004
DE0,ocgt,2021-02-08 15:00:00,1.0000000000000004
DE0,ocgt,2021-02-08 18:00:00,1.0000000000000004
DE0,ocgt,2021-02-08 21:00:00,1.0000000000000004
DE0,ocgt,2021-02-09 00:00:00,1.0000000000000004
DE0,ocgt,2021-02-09 03:00:00,1.0000000000000004
DE0,ocgt,2021-02-09 06:00:00,1.0000000000000004
DE0,ocgt,2021-02-09 09:00:00,1.0000000000000004
DE0,ocgt,2021-02-09 12:00:00,1.0000000000000004
DE0,ocgt,2021-02-09 15:00:00,1.0000000000000004
DE0,ocgt,2021-02-09 18:00:00,1.0000000000000004
DE0,ocgt,2021-02-09 21:00:00,1.0000000000000004
DE0,ocgt,2021-02-10 00:00:00,1.0000000000000004
DE0,ocgt,2021-02-10 03:00:00,1.0000000000000004
DE0,ocgt,2021-02-10 06:00:00,1.0000000000000004
DE0,ocgt,2021-02-10 09:00:00,1.0000000000000004
DE0,ocgt,2021-02-10 12:00:00,1.0000000000000004
DE0,ocgt,2021-02-10 15:00:00,1.0000000000000004
DE0,ocgt,2021-02-10 18:00:00,1.0000000000000004
DE0,ocgt,2021-02-10 21:00:00,1.0000000000000004
DE0,ocgt,2021-02-11 00:00:00,1.0000000000000004
DE0,ocgt,2021-02-11 03:00:00,1.0000000000000004
DE0,ocgt,2021-02-11 06:00:00,1.0000000000000004
DE0,ocgt,2021-02-11 09:00:00,1.0000000000000004
DE0,ocgt,2021-02-11 12:00:00,1.0000000000000004
DE0,ocgt,2021-02-11 15:00:00,1.0000000000000004
DE0,ocgt,2021-02-11 18:00:00,1.0000000000000004
DE0,ocgt,2021-02-11 21:00:00,1.0000000000000004
DE0,ocgt,2021-02-12 00:00:00,1.0000000000000004
DE0,ocgt,2021-02-12 03:00:00,1.0000000000000004
DE0,ocgt,2021-02-12 06:00:00,1.0000000000000004
DE0,ocgt,2021-02-12 09:00:00,1.0000000000000004
DE0,ocgt,2021-02-12 12:00:00,1.0000000000000004
DE0,ocgt,2021-02-12 15:00:00,1.0000000000000004
DE0,ocgt,2021-02-12 18:00:00,1.0000000000000004
DE0,ocgt,2021-02-12 21:00:00,1.0000000000000004
DE0,ocgt,2021-02-13 00:00:00,1.0000000000000004
DE0,ocgt,2021-02-13 03:00:00,1.0000000000000004
DE0,ocgt,2021-02-13 06:00:00,1.0000000000000004
DE0,ocgt,2021-02-13 09:00:00,1.0000000000000004
DE0,ocgt,2021-02-13 12:00:00,1.0000000000000004
DE0,ocgt,2021-02-13 15:00:00,1.0000000000000004
DE0,ocgt,2021-02-13 18:00:00,1.0000000000000004
DE0,ocgt,2021-02-13 21:00:00,1.0000000000000004
DE0,ocgt,2021-02-14 00:00:00,1.0000000000000004
DE0,ocgt,2021-02-14 03:00:00,1.0000000000000004
DE0,ocgt,2021-02-14 06:00:00,1.0000000000000004
DE0,ocgt,2021-02-14 09:00:00,1.0000000000000004
DE0,ocgt,2021-02-14 12:00:00,1.0000000000000004
DE0,ocgt,2021-02-14 15:00:00,1.0000000000000004
DE0,ocgt,2021-02-14 18:00:00,1.0000000000000004
DE0,ocgt,2021-02-14 21:00:00,1.0000000000000004
DE0,offshore,2021-01-18 00:00:00,0.2596373472757335
DE0,offshore,2021-01-18 03:00:00,0.2637349227154366
DE0,offshore,2021-01-18 06:00:00,0.3693660664748934
DE0,offshore,2021-01-18 09:00:00,0.4374721779817663
DE0,offshore,2021-01-18 12:00:00,0.5179561487452751
DE0,offshore,2021-01-18 15:00:00,0.6820992987848098
DE0,offshore,2021-01-18 18:00:00,0.7557391622893045
DE0,offshore,2021-01-18 21:00:00,0.868718509638258
DE0,offshore,2021-01-19 00:00:00,0.9828609222175216
DE0,offshore,2021-01-19 03:00:00,0.9467287438479598
DE0,offshore,2021-01-19 06:00:00,0.9237618800551854
DE0,offshore,2021-01-19 09:00:00,0.9684219386590152
DE0,offshore,2021-01-19 12:00:00,0.952178503730426
DE0,offshore,2021-01-19 15:00:00,0.5622277869045091
DE0,offshore,2021-01-19 18:00:00,0.5240403106025299
DE0,offshore,2021-01-19 21:00:00,0.620699212715025
DE0,offshore,2021-01-20 00:00:00,0.9287737735013032
DE0,offshore,2021-01-20 03:00:00,0.9998156112425403
DE0,offshore,2021-01-20 06:00:00,0.9998753500044568
DE0,offshore,2021-01-20 09:00:00,0.999934933284456
DE0,offshore,2021-01-20 12:00:00,0.9999684173252152
DE0,offshore,2021-01-20 15:00:00,0.9999094307445094
DE0,offshore,2021-01-20 18:00:00,0.9999973649293864
DE0,offshore,2021-01-20 21:00:00,0.9999756178401532
DE0,offshore,2021-01-21 00:00:00,1.0
DE0,offshore,2021-01-21 03:00:00,1.0
DE0,offshore,2021-01-21 06:00:00,1.0
DE0,offshore,2021-01-21 09:00:00,1.0
DE0,offshore,2021-01-21 12:00:00,0.9999944734319102
DE0,offshore,2021-01-21 15:00:00,0.99999328377875
DE0,offshore,2021-01-21 18:00:00,0.9999998513822224
DE0,offshore,2021-01-21 21:00:00,0.9999433152424996
DE0,offshore,2021-01-22 00:00:00,1.0
DE0,offshore,2021-01-22 03:00:00,1.0
DE0,offshore,2021-01-22 06:00:00,1.0
DE0,offshore,2021-01-22 09:00:00,0.9970796750035248
DE0,offshore,2021-01-22 12:00:00,0.9747790798833664
DE0,offshore,2021-01-22 15:00:00,0.9974769160843624
DE0,offshore,2021-01-22 18:00:00,0.9994331478517609
DE0,offshore,2021-01-22 21:00:00,0.9921512550788574
DE0,offshore,2021-01-23 00:00:00,0.8373393549825848
DE0,offshore,2021-01-23 03:00:00,0.3111588163341885
DE0,offshore,2021-01-23 06:00:00,0.0676024520147397
DE0,offshore,2021-01-23 09:00:00,0.0646188473450536
DE0,offshore,2021-01-23 12:00:00,0.0554189608384516
DE0,offshore,2021-01-23 15:00:00,0.0944309228309525
DE0,offshore,2021-01-23 18:00:00,0.1923799538560283
DE0,offshore,2021-01-23 21:00:00,0.1498386678271359
DE0,offshore,2021-01-24 00:00:00,0.0610867348829731
DE0,offshore,2021-01-24 03:00:00,0.0914002709941524
DE0,offshore,2021-01-24 06:00:00,0.0530068844856305
DE0,offshore,2021-01-24 09:00:00,0.0338696556559736
DE0,offshore,2021-01-24 12:00:00,0.0367410085795224
DE0,offshore,2021-01-24 15:00:00,0.093540256640974
DE0,offshore,2021-01-24 18:00:00,0.1216112565179456
DE0,offshore,2021-01-24 21:00:00,0.0893037635602134
DE0,offshore,2021-01-25 00:00:00,0.0447772012642753
DE0,offshore,2021-01-25 03:00:00,0.1419488435577814
DE0,offshore,2021-01-25 06:00:00,0.1872952193027283
DE0,offshore,2021-01-25 09:00:00,0.1955821423277994
DE0,offshore,2021-01-25 12:00:00,0.2609862081031285
DE0,offshore,2021-01-25 15:00:00,0.35663941177963593
DE0,offshore,2021-01-25 18:00:00,0.4031915783719492
DE0,offshore,2021-01-25 21:00:00,0.3835624403062962
DE0,offshore,2021-01-26 00:00:00,0.248094391723736
DE0,offshore,2021-01-26 03:00:00,0.170537948869605
DE0,offshore,2021-01-26 06:00:00,0.1352851608095173
DE0,offshore,2021-01-26 09:00:00,0.1436252665793412
DE0,offshore,2021-01-26 12:00:00,0.1715515074708342
DE0,offshore,2021-01-26 15:00:00,0.20049777003885447
DE0,offshore,2021-01-26 18:00:00,0.2054231267609383
DE0,offshore,2021-01-26 21:00:00,0.1565577677116581
DE0,offshore,2021-01-27 00:00:00,0.1707143692022343
DE0,offshore,2021-01-27 03:00:00,0.1363278004887373
DE0,offshore,2021-01-27 06:00:00,0.1109957168621711
DE0,offshore,2021-01-27 09:00:00,0.1218464920266938
DE0,offshore,2021-01-27 12:00:00,0.11062419517173208
DE0,offshore,2021-01-27 15:00:00,0.081699100621746
DE0,offshore,2021-01-27 18:00:00,0.092339899670144
DE0,offshore,2021-01-27 21:00:00,0.1301294987953219
DE0,offshore,2021-01-28 00:00:00,0.1539672301305385
DE0,offshore,2021-01-28 03:00:00,0.1841204778352964
DE0,offshore,2021-01-28 06:00:00,0.1816870845629329
DE0,offshore,2021-01-28 09:00:00,0.1287863758847973
DE0,offshore,2021-01-28 12:00:00,0.1454050209625579
DE0,offshore,2021-01-28 15:00:00,0.1578959246432959
DE0,offshore,2021-01-28 18:00:00,0.1605243183463065
DE0,offshore,2021-01-28 21:00:00,0.135540613791213
DE0,offshore,2021-01-29 00:00:00,0.1164859057584353
DE0,offshore,2021-01-29 03:00:00,0.0612107398140874
DE0,offshore,2021-01-29 06:00:00,0.046666100066385
DE0,offshore,2021-01-29 09:00:00,0.053240878546147605
DE0,offshore,2021-01-29 12:00:00,0.0547310748048356
DE0,offshore,2021-01-29 15:00:00,0.0627694661945675
DE0,offshore,2021-01-29 18:00:00,0.048452449209999
DE0,offshore,2021-01-29 21:00:00,0.056322627612394
DE0,offshore,2021-01-30 00:00:00,0.1064694780454659
DE0,offshore,2021-01-30 03:00:00,0.1263019866544564
DE0,offshore,2021-01-30 06:00:00,0.07425351597190259
DE0,offshore,2021-01-30 09:00:00,0.030892441279976795
DE0,offshore,2021-01-30 12:00:00,0.029682837947254397
DE0,offshore,2021-01-30 15:00:00,0.055607762016596
DE0,offshore,2021-01-30 18:00:00,0.0742232351083145
DE0,offshore,2021-01-30 21:00:00,0.14216256111589684
DE0,offshore,2021-01-31 00:00:00,0.197417944965477
DE0,offshore,2021-01-31 03:00:00,0.21166337841900762
DE0,offshore,2021-01-31 06:00:00,0.2208724117497442
DE0,offshore,2021-01-31 09:00:00,0.2203699908944609
DE0,offshore,2021-01-31 12:00:00,0.2097162548260769
DE0,offshore,2021-01-31 15:00:00,0.1742645253778221
DE0,offshore,2021-01-31 18:00:00,0.1157012724420764
DE0,offshore,2021-01-31 21:00:00,0.0595780073245429
DE0,offshore,2021-02-01 00:00:00,0.0274809416104008
DE0,offshore,2021-02-01 03:00:00,0.0468691787413128
DE0,offshore,2021-02-01 06:00:00,0.0842469896978084
DE0,offshore,2021-02-01 09:00:00,0.1056547005656977
DE0,offshore,2021-02-01 12:00:00,0.1444184878609631
DE0,offshore,2021-02-01 15:00:00,0.1873960141781621
DE0,offshore,2021-02-01 18:00:00,0.1430957315063275
DE0,offshore,2021-02-01 21:00:00,0.070488486547592
DE0,offshore,2021-02-02 00:00:00,0.0278117976925465
DE0,offshore,2021-02-02 03:00:00,0.027716665438645
DE0,offshore,2021-02-02 06:00:00,0.030167702493799495
DE0,offshore,2021-02-02 09:00:00,0.0412930828417856
DE0,offshore,2021-02-02 12:00:00,0.009596080559911
DE0,offshore,2021-02-02 15:00:00,0.0
DE0,offshore,2021-02-02 18:00:00,0.0034602087275316
DE0,offshore,2021-02-02 21:00:00,0.011209145078942
DE0,offshore,2021-02-03 00:00:00,0.0168070001659723
DE0,offshore,2021-02-03 03:00:00,0.0443467108488633
DE0,offshore,2021-02-03 06:00:00,0.1382485761940665
DE0,offshore,2021-02-03 09:00:00,0.2139898317090841
DE0,offshore,2021-02-03 12:00:00,0.2208774703242032
DE0,offshore,2021-02-03 15:00:00,0.2207038271027127
DE0,offshore,2021-02-03 18:00:00,0.22118137321916279
DE0,offshore,2021-02-03 21:00:00,0.22120252313823696
DE0,offshore,2021-02-04 00:00:00,0.2211274935078089
DE0,offshore,2021-02-04 03:00:00,0.2202513383016503
DE0,offshore,2021-02-04 06:00:00,0.1942911550230474
DE0,offshore,2021-02-04 09:00:00,0.15036474099221442
DE0,offshore,2021-02-04 12:00:00,0.0914918508774114
DE0,offshore,2021-02-04 15:00:00,0.0594112693046239
DE0,offshore,2021-02-04 18:00:00,0.0650614524577172
DE0,offshore,2021-02-04 21:00:00,0.0587230335295128
DE0,offshore,2021-02-05 00:00:00,0.0655978022846286
DE0,offshore,2021-02-05 03:00:00,0.0956867921251551
DE0,offshore,2021-02-05 06:00:00,0.153178916992928
DE0,offshore,2021-02-05 09:00:00,0.17550940866567027
DE0,offshore,2021-02-05 12:00:00,0.1788088896073633
DE0,offshore,2021-02-05 15:00:00,0.2059745856355731
DE0,offshore,2021-02-05 18:00:00,0.2191191651699808
DE0,offshore,2021-02-05 21:00:00,0.2132095169362748
DE0,offshore,2021-02-06 00:00:00,0.20640092116433167
DE0,offshore,2021-02-06 03:00:00,0.2227436128179619
DE0,offshore,2021-02-06 06:00:00,0.2434854130259547
DE0,offshore,2021-02-06 09:00:00,0.2608727741927336
DE0,offshore,2021-02-06 12:00:00,0.2998645841460832
DE0,offshore,2021-02-06 15:00:00,0.3674896475338148
DE0,offshore,2021-02-06 18:00:00,0.4248277140644655
DE0,offshore,2021-02-06 21:00:00,0.4880042922966109
DE0,offshore,2021-02-07 00:00:00,0.5534374999999999
DE0,offshore,2021-02-07 03:00:00,0.6182196800544805
DE0,offshore,2021-02-07 06:00:00,0.6805123172597325
DE0,offshore,2021-02-07 09:00:00,0.7379215405020717
DE0,offshore,2021-02-07 12:00:00,0.7882411455277577
DE0,offshore,2021-02-07 15:00:00,0.8295373781352137
DE0,offshore,2021-02-07 18:00:00,0.8602232472645289
DE0,offshore,2021-02-07 21:00:00,0.8791081305781636
DE0,offshore,2021-02-08 00:00:00,0.9999786217767052
DE0,offshore,2021-02-08 03:00:00,0.999970370625606
DE0,offshore,2021-02-08 06:00:00,0.9999752172062992
DE0,offshore,2021-02-08 09:00:00,0.9999337772377253
DE0,offshore,2021-02-08 12:00:00,0.9997077793415692
DE0,offshore,2021-02-08 15:00:00,0.9994888768066367
DE0,offshore,2021-02-08 18:00:00,0.9928891988454476
DE0,offshore,2021-02-08 21:00:00,0.8680242437294309
DE0,offshore,2021-02-09 00:00:00,0.6270970986706537
DE0,offshore,2021-02-09 03:00:00,0.5090140794886538
DE0,offshore,2021-02-09 06:00:00,0.5091716258092459
DE0,offshore,2021-02-09 09:00:00,0.4650186232440148
DE0,offshore,2021-02-09 12:00:00,0.4604871081547242
DE0,offshore,2021-02-09 15:00:00,0.642983727056023
DE0,offshore,2021-02-09 18:00:00,0.6178240869934336
DE0,offshore,2021-02-09 21:00:00,0.6613822247842168
DE0,offshore,2021-02-10 00:00:00,0.6910668503071181
DE0,offshore,2021-02-10 03:00:00,0.7116311195727593
DE0,offshore,2021-02-10 06:00:00,0.6780324348996438
DE0,offshore,2021-02-10 09:00:00,0.7141870632541797
DE0,offshore,2021-02-10 12:00:00,0.7988619896243184
DE0,offshore,2021-02-10 15:00:00,0.904896035623261
DE0,offshore,2021-02-10 18:00:00,0.9557000439270354
DE0,offshore,2021-02-10 21:00:00,0.9029303882265063
DE0,offshore,2021-02-11 00:00:00,0.872532942752411
DE0,offshore,2021-02-11 03:00:00,0.7935181119579493
DE0,offshore,2021-02-11 06:00:00,0.6746677575486272
DE0,offshore,2021-02-11 09:00:00,0.4698209661379856
DE0,offshore,2021-02-11 12:00:00,0.482143829323254
DE0,offshore,2021-02-11 15:00:00,0.6400142379669483
DE0,offshore,2021-02-11 18:00:00,0.7989121616177114
DE0,offshore,2021-02-11 21:00:00,0.6753743051518081
DE0,offshore,2021-02-12 00:00:00,0.6370608925801816
DE0,offshore,2021-02-12 03:00:00,0.5916136702177162
DE0,offshore,2021-02-12 06:00:00,0.6383689944028861
DE0,offshore,2021-02-12 09:00:00,0.4467038788770303
DE0,offshore,2021-02-12 12:00:00,0.310692454801739
DE0,offshore,2021-02-12 15:00:00,0.4736474169327194
DE0,offshore,2021-02-12 18:00:00,0.5042977643651475
DE0,offshore,2021-02-12 21:00:00,0.313028135294334
DE0,offshore,2021-02-13 00:00:00,0.2046893666607406
DE0,offshore,2021-02-13 03:00:00,0.2240707202603237
DE0,offshore,2021-02-13 06:00:00,0.2744664103294081
DE0,offshore,2021-02-13 09:00:00,0.2681799425960479
DE0,offshore,2021-02-13 12:00:00,0.1726288429567749
DE0,offshore,2021-02-13 15:00:00,0.2816292381757646
DE0,offshore,2021-02-13 18:00:00,0.43227133960936487
DE0,offshore,2021-02-13 21:00:00,0.4106249113717879
DE0,offshore,2021-02-14 00:00:00,0.4426598197418331
DE0,offshore,2021-02-14 03:00:00,0.406226822604326
DE0,offshore,2021-02-14 06:00:00,0.2865480978066165
DE0,offshore,2021-02-14 09:00:00,0.188986712187499
DE0,offshore,2021-02-14 12:00:00,0.1478036207949583
DE0,offshore,2021-02-14 15:00:00,0.213120730391308
DE0,offshore,2021-02-14 18:00:00,0.2875608057691192
DE0,offshore,2021-02-14 21:00:00,0.2849665117163648
DE0,oil,2021-01-18 00:00:00,1.0
DE0,oil,2021-01-18 03:00:00,1.0
DE0,oil,2021-01-18 06:00:00,1.0
DE0,oil,2021-01-18 09:00:00,1.0
DE0,oil,2021-01-18 12:00:00,1.0
DE0,oil,2021-01-18 15:00:00,1.0
DE0,oil,2021-01-18 18:00:00,1.0
DE0,oil,2021-01-18 21:00:00,1.0
DE0,oil,2021-01-19 00:00:00,1.0
DE0,oil,2021-01-19 03:00:00,1.0
DE0,oil,2021-01-19 06:00:00,1.0
DE0,oil,2021-01-19 09:00:00,1.0
DE0,oil,2021-01-19 12:00:00,1.0
DE0,oil,2021-01-19 15:00:00,1.0
DE0,oil,2021-01-19 18:00:00,1.0
DE0,oil,2021-01-19 21:00:00,1.0
DE0,oil,2021-01-20 00:00:00,1.0
DE0,oil,2021-01-20 03:00:00,1.0
DE0,oil,2021-01-20 06:00:00,1.0
DE0,oil,2021-01-20 09:00:00,1.0
DE0,oil,2021-01-20 12:00:00,1.0
DE0,oil,2021-01-20 15:00:00,1.0
DE0,oil,2021-01-20 18:00:00,1.0
DE0,oil,2021-01-20 21:00:00,1.0
DE0,oil,2021-01-21 00:00:00,1.0
DE0,oil,2021-01-21 03:00:00,1.0
DE0,oil,2021-01-21 06:00:00,1.0
DE0,oil,2021-01-21 09:00:00,1.0
DE0,oil,2021-01-21 12:00:00,1.0
DE0,oil,2021-01-21 15:00:00,1.0
DE0,oil,2021-01-21 18:00:00,1.0
DE0,oil,2021-01-21 21:00:00,1.0
DE0,oil,2021-01-22 00:00:00,1.0
DE0,oil,2021-01-22 03:00:00,1.0
DE0,oil,2021-01-22 06:00:00,1.0
DE0,oil,2021-01-22 09:00:00,1.0
DE0,oil,2021-01-22 12:00:00,1.0
DE0,oil,2021-01-22 15:00:00,1.0
DE0,oil,2021-01-22 18:00:00,1.0
DE0,oil,2021-01-22 21:00:00,1.0
DE0,oil,2021-01-23 00:00:00,1.0
DE0,oil,2021-01-23 03:00:00,1.0
DE0,oil,2021-01-23 06:00:00,1.0
DE0,oil,2021-01-23 09:00:00,1.0
DE0,oil,2021-01-23 12:00:00,1.0
DE0,oil,2021-01-23 15:00:00,1.0
DE0,oil,2021-01-23 18:00:00,1.0
DE0,oil,2021-01-23 21:00:00,1.0
DE0,oil,2021-01-24 00:00:00,1.0
DE0,oil,2021-01-24 03:00:00,1.0
DE0,oil,2021-01-24 06:00:00,1.0
DE0,oil,2021-01-24 09:00:00,1.0
DE0,oil,2021-01-24 12:00:00,1.0
DE0,oil,2021-01-24 15:00:00,1.0
DE0,oil,2021-01-24 18:00:00,1.0
DE0,oil,2021-01-24 21:00:00,1.0
DE0,oil,2021-01-25 00:00:00,1.0
DE0,oil,2021-01-25 03:00:00,1.0
DE0,oil,2021-01-25 06:00:00,1.0
DE0,oil,2021-01-25 09:00:00,1.0
DE0,oil,2021-01-25 12:00:00,1.0
DE0,oil,2021-01-25 15:00:00,1.0
DE0,oil,2021-01-25 18:00:00,1.0
DE0,oil,2021-01-25 21:00:00,1.0
DE0,oil,2021-01-26 00:00:00,1.0
DE0,oil,2021-01-26 03:00:00,1.0
DE0,oil,2021-01-26 06:00:00,1.0
DE0,oil,2021-01-26 09:00:00,1.0
DE0,oil,2021-01-26 12:00:00,1.0
DE0,oil,2021-01-26 15:00:00,1.0
DE0,oil,2021-01-26 18:00:00,1.0
DE0,oil,2021-01-26 21:00:00,1.0
DE0,oil,2021-01-27 00:00:00,1.0
DE0,oil,2021-01-27 03:00:00,1.0
DE0,oil,2021-01-27 06:00:00,1.0
DE0,oil,2021-01-27 09:00:00,1.0
DE0,oil,2021-01-27 12:00:00,1.0
DE0,oil,2021-01-27 15:00:00,1.0
DE0,oil,2021-01-27 18:00:00,1.0
DE0,oil,2021-01-27 21:00:00,1.0
DE0,oil,2021-01-28 00:00:00,1.0
DE0,oil,2021-01-28 03:00:00,1.0
DE0,oil,2021-01-28 06:00:00,1.0
DE0,oil,2021-01-28 09:00:00,1.0
DE0,oil,2021-01-28 12:00:00,1.0
DE0,oil,2021-01-28 15:00:00,1.0
DE0,oil,2021-01-28 18:00:00,1.0
DE0,oil,2021-01-28 21:00:00,1.0
DE0,oil,2021-01-29 00:00:00,1.0
DE0,oil,2021-01-29 03:00:00,1.0
DE0,oil,2021-01-29 06:00:00,1.0
DE0,oil,2021-01-29 09:00:00,1.0
DE0,oil,2021-01-29 12:00:00,1.0
DE0,oil,2021-01-29 15:00:00,1.0
DE0,oil,2021-01-29 18:00:00,1.0
DE0,oil,2021-01-29 21:00:00,1.0
DE0,oil,2021-01-30 00:00:00,1.0
DE0,oil,2021-01-30 03:00:00,1.0
DE0,oil,2021-01-30 06:00:00,1.0
DE0,oil,2021-01-30 09:00:00,1.0
DE0,oil,2021-01-30 12:00:00,1.0
DE0,oil,2021-01-30 15:00:00,1.0
DE0,oil,2021-01-30 18:00:00,1.0
DE0,oil,2021-01-30 21:00:00,1.0
DE0,oil,2021-01-31 00:00:00,1.0
DE0,oil,2021-01-31 03:00:00,1.0
DE0,oil,2021-01-31 06:00:00,1.0
DE0,oil,2021-01-31 09:00:00,1.0
DE0,oil,2021-01-31 12:00:00,1.0
DE0,oil,2021-01-31 15:00:00,1.0
DE0,oil,2021-01-31 18:00:00,1.0
DE0,oil,2021-01-31 21:00:00,1.0
DE0,oil,2021-02-01 00:00:00,1.0
DE0,oil,2021-02-01 03:00:00,1.0
DE0,oil,2021-02-01 06:00:00,1.0
DE0,oil,2021-02-01 09:00:00,1.0
DE0,oil,2021-02-01 12:00:00,1.0
DE0,oil,2021-02-01 15:00:00,1.0
DE0,oil,2021-02-01 18:00:00,1.0
DE0,oil,2021-02-01 21:00:00,1.0
DE0,oil,2021-02-02 00:00:00,1.0
DE0,oil,2021-02-02 03:00:00,1.0
DE0,oil,2021-02-02 06:00:00,1.0
DE0,oil,2021-02-02 09:00:00,1.0
DE0,oil,2021-02-02 12:00:00,1.0
DE0,oil,2021-02-02 15:00:00,1.0
DE0,oil,2021-02-02 18:00:00,1.0
DE0,oil,2021-02-02 21:00:00,1.0
DE0,oil,2021-02-03 00:00:00,1.0
DE0,oil,2021-02-03 03:00:00,1.0
DE0,oil,2021-02-03 06:00:00,1.0
DE0,oil,2021-02-03 09:00:00,1.0
DE0,oil,2021-02-03 12:00:00,1.0
DE0,oil,2021-02-03 15:00:00,1.0
DE0,oil,2021-02-03 18:00:00,1.0
DE0,oil,2021-02-03 21:00:00,1.0
DE0,oil,2021-02-04 00:00:00,1.0
DE0,oil,2021-02-04 03:00:00,1.0
DE0,oil,2021-02-04 06:00:00,1.0
DE0,oil,2021-02-04 09:00:00,1.0
DE0,oil,2021-02-04 12:00:00,1.0
DE0,oil,2021-02-04 15:00:00,1.0
DE0,oil,2021-02-04 18:00:00,1.0
DE0,oil,2021-02-04 21:00:00,1.0
DE0,oil,2021-02-05 00:00:00,1.0
DE0,oil,2021-02-05 03:00:00,1.0
DE0,oil,2021-02-05 06:00:00,1.0
DE0,oil,2021-02-05 09:00:00,1.0
DE0,oil,2021-02-05 12:00:00,1.0
DE0,oil,2021-02-05 15:00:00,1.0
DE0,oil,2021-02-05 18:00:00,1.0
DE0,oil,2021-02-05 21:00:00,1.0
DE0,oil,2021-02-06 00:00:00,1.0
DE0,oil,2021-02-06 03:00:00,1.0
DE0,oil,2021-02-06 06:00:00,1.0
DE0,oil,2021-02-06 09:00:00,1.0
DE0,oil,2021-02-06 12:00:00,1.0
DE0,oil,2021-02-06 15:00:00,1.0
DE0,oil,2021-02-06 18:00:00,1.0
DE0,oil,2021-02-06 21:00:00,1.0
DE0,oil,2021-02-07 00:00:00,1.0
DE0,oil,2021-02-07 03:00:00,1.0
DE0,oil,2021-02-07 06:00:00,1.0
DE0,oil,2021-02-07 09:00:00,1.0
DE0,oil,2021-02-07 12:00:00,1.0
DE0,oil,2021-02-07 15:00:00,1.0
DE0,oil,2021-02-07 18:00:00,1.0
DE0,oil,2021-02-07 21:00:00,1.0
DE0,oil,2021-02-08 00:00:00,1.0
DE0,oil,2021-02-08 03:00:00,1.0
DE0,oil,2021-02-08 06:00:00,1.0
DE0,oil,2021-02-08 09:00:00,1.0
DE0,oil,2021-02-08 12:00:00,1.0
DE0,oil,2021-02-08 15:00:00,1.0
DE0,oil,2021-02-08 18:00:00,1.0
DE0,oil,2021-02-08 21:00:00,1.0
DE0,oil,2021-02-09 00:00:00,1.0
DE0,oil,2021-02-09 03:00:00,1.0
DE0,oil,2021-02-09 06:00:00,1.0
DE0,oil,2021-02-09 09:00:00,1.0
DE0,oil,2021-02-09 12:00:00,1.0
DE0,oil,2021-02-09 15:00:00,1.0
DE0,oil,2021-02-09 18:00:00,1.0
DE0,oil,2021-02-09 21:00:00,1.0
DE0,oil,2021-02-10 00:00:00,1.0
DE0,oil,2021-02-10 03:00:00,1.0
DE0,oil,2021-02-10 06:00:00,1.0
DE0,oil,2021-02-10 09:00:00,1.0
DE0,oil,2021-02-10 12:00:00,1.0
DE0,oil,2021-02-10 15:00:00,1.0
DE0,oil,2021-02-10 18:00:00,1.0
DE0,oil,2021-02-10 21:00:00,1.0
DE0,oil,2021-02-11 00:00:00,1.0
DE0,oil,2021-02-11 03:00:00,1.0
DE0,oil,2021-02-11 06:00:00,1.0
DE0,oil,2021-02-11 09:00:00,1.0
DE0,oil,2021-02-11 12:00:00,1.0
DE0,oil,2021-02-11 15:00:00,1.0
DE0,oil,2021-02-11 18:00:00,1.0
DE0,oil,2021-02-11 21:00:00,1.0
DE0,oil,2021-02-12 00:00:00,1.0
DE0,oil,2021-02-12 03:00:00,1.0
DE0,oil,2021-02-12 06:00:00,1.0
DE0,oil,2021-02-12 09:00:00,1.0
DE0,oil,2021-02-12 12:00:00,1.0
DE0,oil,2021-02-12 15:00:00,1.0
DE0,oil,2021-02-12 18:00:00,1.0
DE0,oil,2021-02-12 21:00:00,1.0
DE0,oil,2021-02-13 00:00:00,1.0
DE0,oil,2021-02-13 03:00:00,1.0
DE0,oil,2021-02-13 06:00:00,1.0
DE0,oil,2021-02-13 09:00:00,1.0
DE0,oil,2021-02-13 12:00:00,1.0
DE0,oil,2021-02-13 15:00:00,1.0
DE0,oil,2021-02-13 18:00:00,1.0
DE0,oil,2021-02-13 21:00:00,1.0
DE0,oil,2021-02-14 00:00:00,1.0
DE0,oil,2021-02-14 03:00:00,1.0
DE0,oil,2021-02-14 06:00:00,1.0
DE0,oil,2021-02-14 09:00:00,1.0
DE0,oil,2021-02-14 12:00:00,1.0
DE0,oil,2021-02-14 15:00:00,1.0
DE0,oil,2021-02-14 18:00:00,1.0
DE0,oil,2021-02-14 21:00:00,1.0
DE0,onwind,2021-01-18 00:00:00,0.0525758923922047
DE0,onwind,2021-01-18 03:00:00,0.0547475427253035
DE0,onwind,2021-01-18 06:00:00,0.081318442468971
DE0,onwind,2021-01-18 09:00:00,0.087928076216088
DE0,onwind,2021-01-18 12:00:00,0.1304363747404827
DE0,onwind,2021-01-18 15:00:00,0.3251522304949293
DE0,onwind,2021-01-18 18:00:00,0.48175388024412186
DE0,onwind,2021-01-18 21:00:00,0.5394589592871744
DE0,onwind,2021-01-19 00:00:00,0.5075141250908074
DE0,onwind,2021-01-19 03:00:00,0.4055996423152724
DE0,onwind,2021-01-19 06:00:00,0.3964324565813347
DE0,onwind,2021-01-19 09:00:00,0.561221251167777
DE0,onwind,2021-01-19 12:00:00,0.5810891647438318
DE0,onwind,2021-01-19 15:00:00,0.359460071427673
DE0,onwind,2021-01-19 18:00:00,0.3590525626628168
DE0,onwind,2021-01-19 21:00:00,0.5429742907781537
DE0,onwind,2021-01-20 00:00:00,0.7215155534454468
DE0,onwind,2021-01-20 03:00:00,0.7396531086862917
DE0,onwind,2021-01-20 06:00:00,0.69703773910209
DE0,onwind,2021-01-20 09:00:00,0.7000145257559276
DE0,onwind,2021-01-20 12:00:00,0.7469984141112048
DE0,onwind,2021-01-20 15:00:00,0.7616242505950725
DE0,onwind,2021-01-20 18:00:00,0.7891259015394526
DE0,onwind,2021-01-20 21:00:00,0.7750696873295363
DE0,onwind,2021-01-21 00:00:00,0.8531287352980835
DE0,onwind,2021-01-21 03:00:00,0.937207831967942
DE0,onwind,2021-01-21 06:00:00,0.9900248293531648
DE0,onwind,2021-01-21 09:00:00,0.9945702850432324
DE0,onwind,2021-01-21 12:00:00,0.8432985315393333
DE0,onwind,2021-01-21 15:00:00,0.7905498150795267
DE0,onwind,2021-01-21 18:00:00,0.8571412176678774
DE0,onwind,2021-01-21 21:00:00,0.748047863202992
DE0,onwind,2021-01-22 00:00:00,0.9692503055924455
DE0,onwind,2021-01-22 03:00:00,0.9967999098356761
DE0,onwind,2021-01-22 06:00:00,0.9887864389936158
DE0,onwind,2021-01-22 09:00:00,0.5987605004900075
DE0,onwind,2021-01-22 12:00:00,0.3826555307763713
DE0,onwind,2021-01-22 15:00:00,0.39049975388888314
DE0,onwind,2021-01-22 18:00:00,0.4231174028382387
DE0,onwind,2021-01-22 21:00:00,0.3068018970458193
DE0,onwind,2021-01-23 00:00:00,0.1477891016850886
DE0,onwind,2021-01-23 03:00:00,0.046091544563190104
DE0,onwind,2021-01-23 06:00:00,0.0421331287915665
DE0,onwind,2021-01-23 09:00:00,0.0907485277053114
DE0,onwind,2021-01-23 12:00:00,0.0798651595735689
DE0,onwind,2021-01-23 15:00:00,0.0561520511369672
DE0,onwind,2021-01-23 18:00:00,0.1074334334360814
DE0,onwind,2021-01-23 21:00:00,0.0709954673868455
DE0,onwind,2021-01-24 00:00:00,0.0391226858698428
DE0,onwind,2021-01-24 03:00:00,0.0548821859928538
DE0,onwind,2021-01-24 06:00:00,0.0621952212872286
DE0,onwind,2021-01-24 09:00:00,0.0351932166163662
DE0,onwind,2021-01-24 12:00:00,0.0027258272220716
DE0,onwind,2021-01-24 15:00:00,0.0179046403707328
DE0,onwind,2021-01-24 18:00:00,0.0321462036166056
DE0,onwind,2021-01-24 21:00:00,0.0527758266473805
DE0,onwind,2021-01-25 00:00:00,0.0674836702887427
DE0,onwind,2021-01-25 03:00:00,0.0903208534580421
DE0,onwind,2021-01-25 06:00:00,0.0762033474044249
DE0,onwind,2021-01-25 09:00:00,0.0641672539221249
DE0,onwind,2021-01-25 12:00:00,0.0809670967069875
DE0,onwind,2021-01-25 15:00:00,0.10504229902420559
DE0,onwind,2021-01-25 18:00:00,0.1330571771678993
DE0,onwind,2021-01-25 21:00:00,0.1360790824089699
DE0,onwind,2021-01-26 00:00:00,0.1217895923482796
DE0,onwind,2021-01-26 03:00:00,0.0959932447514023
DE0,onwind,2021-01-26 06:00:00,0.059155992305596095
DE0,onwind,2021-01-26 09:00:00,0.0345014983325089
DE0,onwind,2021-01-26 12:00:00,0.0487641545069252
DE0,onwind,2021-01-26 15:00:00,0.0770566498309122
DE0,onwind,2021-01-26 18:00:00,0.0954019353670586
DE0,onwind,2021-01-26 21:00:00,0.0562706249882023
DE0,onwind,2021-01-27 00:00:00,0.0509908012840212
DE0,onwind,2021-01-27 03:00:00,0.0424956296510103
DE0,onwind,2021-01-27 06:00:00,0.0308868596955273
DE0,onwind,2021-01-27 09:00:00,0.0289580450808381
DE0,onwind,2021-01-27 12:00:00,0.026831024232161996
DE0,onwind,2021-01-27 15:00:00,0.0315941123136506
DE0,onwind,2021-01-27 18:00:00,0.045406092959385
DE0,onwind,2021-01-27 21:00:00,0.05245623740745111
DE0,onwind,2021-01-28 00:00:00,0.0570321472450543
DE0,onwind,2021-01-28 03:00:00,0.060490106973880804
DE0,onwind,2021-01-28 06:00:00,0.044262458627982205
DE0,onwind,2021-01-28 09:00:00,0.0211198764190758
DE0,onwind,2021-01-28 12:00:00,0.0210256278112328
DE0,onwind,2021-01-28 15:00:00,0.0282113171750161
DE0,onwind,2021-01-28 18:00:00,0.0380034532438685
DE0,onwind,2021-01-28 21:00:00,0.0264507480166575
DE0,onwind,2021-01-29 00:00:00,0.0209779471993201
DE0,onwind,2021-01-29 03:00:00,0.0108161812965192
DE0,onwind,2021-01-29 06:00:00,0.0098608844612241
DE0,onwind,2021-01-29 09:00:00,0.011910529927087198
DE0,onwind,2021-01-29 12:00:00,0.014762018998442698
DE0,onwind,2021-01-29 15:00:00,0.023433735475439903
DE0,onwind,2021-01-29 18:00:00,0.0192708757457327
DE0,onwind,2021-01-29 21:00:00,0.0166726370176775
DE0,onwind,2021-01-30 00:00:00,0.0229533327081331
DE0,onwind,2021-01-30 03:00:00,0.0333672606861813
DE0,onwind,2021-01-30 06:00:00,0.027699947500526304
DE0,onwind,2021-01-30 09:00:00,0.011063193990560598
DE0,onwind,2021-01-30 12:00:00,0.0065718179239513
DE0,onwind,2021-01-30 15:00:00,0.0069979064749689
DE0,onwind,2021-01-30 18:00:00,0.007996838123575
DE0,onwind,2021-01-30 21:00:00,0.0219760524196552
DE0,onwind,2021-01-31 00:00:00,0.0305574850522369
DE0,onwind,2021-01-31 03:00:00,0.046290347905948305
DE0,onwind,2021-01-31 06:00:00,0.0699907165316447
DE0,onwind,2021-01-31 09:00:00,0.0598352744135725
DE0,onwind,2021-01-31 12:00:00,0.0388329732389438
DE0,onwind,2021-01-31 15:00:00,0.0338786829167199
DE0,onwind,2021-01-31 18:00:00,0.0314601193268077
DE0,onwind,2021-01-31 21:00:00,0.0199359249037537
DE0,onwind,2021-02-01 00:00:00,0.0261498615404959
DE0,onwind,2021-02-01 03:00:00,0.0498750576492123
DE0,onwind,2021-02-01 06:00:00,0.0695050424248159
DE0,onwind,2021-02-01 09:00:00,0.058617797005557
DE0,onwind,2021-02-01 12:00:00,0.0528081582588012
DE0,onwind,2021-02-01 15:00:00,0.0749343627427726
DE0,onwind,2021-02-01 18:00:00,0.058459013467311
DE0,onwind,2021-02-01 21:00:00,0.0267576838204368
DE0,onwind,2021-02-02 00:00:00,0.0142015719973984
DE0,onwind,2021-02-02 03:00:00,0.0208005195938181
DE0,onwind,2021-02-02 06:00:00,0.022211388162087002
DE0,onwind,2021-02-02 09:00:00,0.0151951107219327
DE0,onwind,2021-02-02 12:00:00,0.0
DE0,onwind,2021-02-02 15:00:00,0.0
DE0,onwind,2021-02-02 18:00:00,0.0102109193523698
DE0,onwind,2021-02-02 21:00:00,0.013057614765765
DE0,onwind,2021-02-03 00:00:00,0.015388659243208199
DE0,onwind,2021-02-03 03:00:00,0.0254832343692346
DE0,onwind,2021-02-03 06:00:00,0.0412902102880755
DE0,onwind,2021-02-03 09:00:00,0.057762599634594
DE0,onwind,2021-02-03 12:00:00,0.0509152784415988
DE0,onwind,2021-02-03 15:00:00,0.05301623971007479
DE0,onwind,2021-02-03 18:00:00,0.0830900617085211
DE0,onwind,2021-02-03 21:00:00,0.1189549969819276
DE0,onwind,2021-02-04 00:00:00,0.0976063599004769
DE0,onwind,2021-02-04 03:00:00,0.0663589369061547
DE0,onwind,2021-02-04 06:00:00,0.031250073828659
DE0,onwind,2021-02-04 09:00:00,0.0225587135492923
DE0,onwind,2021-02-04 12:00:00,0.013825150624355497
DE0,onwind,2021-02-04 15:00:00,0.0138254052876719
DE0,onwind,2021-02-04 18:00:00,0.0214211865568716
DE0,onwind,2021-02-04 21:00:00,0.0238307318059206
DE0,onwind,2021-02-05 00:00:00,0.029452006125301803
DE0,onwind,2021-02-05 03:00:00,0.03507308491335
DE0,onwind,2021-02-05 06:00:00,0.0542038809624726
DE0,onwind,2021-02-05 09:00:00,0.0543197024168523
DE0,onwind,2021-02-05 12:00:00,0.053478398844621404
DE0,onwind,2021-02-05 15:00:00,0.0800855388745572
DE0,onwind,2021-02-05 18:00:00,0.0922301119579192
DE0,onwind,2021-02-05 21:00:00,0.0878558382447611
DE0,onwind,2021-02-06 00:00:00,0.0833074058598473
DE0,onwind,2021-02-06 03:00:00,0.09168161117392529
DE0,onwind,2021-02-06 06:00:00,0.11503293050302629
DE0,onwind,2021-02-06 09:00:00,0.1583243878080341
DE0,onwind,2021-02-06 12:00:00,0.19727333565892188
DE0,onwind,2021-02-06 15:00:00,0.24731072201398688
DE0,onwind,2021-02-06 18:00:00,0.3215961836370488
DE0,onwind,2021-02-06 21:00:00,0.3887329016137967
DE0,onwind,2021-02-07 00:00:00,0.5142603850566632
DE0,onwind,2021-02-07 03:00:00,0.5843321679045022
DE0,onwind,2021-02-07 06:00:00,0.6922302502591225
DE0,onwind,2021-02-07 09:00:00,0.8031012126211096
DE0,onwind,2021-02-07 12:00:00,0.8679780318240597
DE0,onwind,2021-02-07 15:00:00,0.8765136058415414
DE0,onwind,2021-02-07 18:00:00,0.9341118647508208
DE0,onwind,2021-02-07 21:00:00,0.9100142493375508
DE0,onwind,2021-02-08 00:00:00,0.8841717709073711
DE0,onwind,2021-02-08 03:00:00,0.8005922785175597
DE0,onwind,2021-02-08 06:00:00,0.7501528440566605
DE0,onwind,2021-02-08 09:00:00,0.7556538631340786
DE0,onwind,2021-02-08 12:00:00,0.6367531344648869
DE0,onwind,2021-02-08 15:00:00,0.48151193320931623
DE0,onwind,2021-02-08 18:00:00,0.331216692830557
DE0,onwind,2021-02-08 21:00:00,0.2078513561294128
DE0,onwind,2021-02-09 00:00:00,0.09488034253620771
DE0,onwind,2021-02-09 03:00:00,0.0607341133579506
DE0,onwind,2021-02-09 06:00:00,0.0388646455213739
DE0,onwind,2021-02-09 09:00:00,0.029802350338351
DE0,onwind,2021-02-09 12:00:00,0.0219105169228359
DE0,onwind,2021-02-09 15:00:00,0.024332879166118104
DE0,onwind,2021-02-09 18:00:00,0.0260617378616937
DE0,onwind,2021-02-09 21:00:00,0.0290012699228741
DE0,onwind,2021-02-10 00:00:00,0.0362107047582053
DE0,onwind,2021-02-10 03:00:00,0.0483459271072518
DE0,onwind,2021-02-10 06:00:00,0.0337517867772976
DE0,onwind,2021-02-10 09:00:00,0.0418114923070759
DE0,onwind,2021-02-10 12:00:00,0.0977157211892054
DE0,onwind,2021-02-10 15:00:00,0.1649429469063912
DE0,onwind,2021-02-10 18:00:00,0.2295235430199022
DE0,onwind,2021-02-10 21:00:00,0.2652425773599068
DE0,onwind,2021-02-11 00:00:00,0.2762953249779238
DE0,onwind,2021-02-11 03:00:00,0.281996443908575
DE0,onwind,2021-02-11 06:00:00,0.2330044435786031
DE0,onwind,2021-02-11 09:00:00,0.1115254279571944
DE0,onwind,2021-02-11 12:00:00,0.09354557309026011
DE0,onwind,2021-02-11 15:00:00,0.1333138860572328
DE0,onwind,2021-02-11 18:00:00,0.161743254595527
DE0,onwind,2021-02-11 21:00:00,0.172050097684026
DE0,onwind,2021-02-12 00:00:00,0.1447289180352322
DE0,onwind,2021-02-12 03:00:00,0.136627663009597
DE0,onwind,2021-02-12 06:00:00,0.1703844676602517
DE0,onwind,2021-02-12 09:00:00,0.134775644355212
DE0,onwind,2021-02-12 12:00:00,0.1041114364860347
DE0,onwind,2021-02-12 15:00:00,0.1546377528506554
DE0,onwind,2021-02-12 18:00:00,0.2259578147187942
DE0,onwind,2021-02-12 21:00:00,0.176161219656987
DE0,onwind,2021-02-13 00:00:00,0.1423534854166266
DE0,onwind,2021-02-13 03:00:00,0.1535588043259686
DE0,onwind,2021-02-13 06:00:00,0.12375221245828022
DE0,onwind,2021-02-13 09:00:00,0.05623490759760309
DE0,onwind,2021-02-13 12:00:00,0.043220981782131
DE0,onwind,2021-02-13 15:00:00,0.092979894892834
DE0,onwind,2021-02-13 18:00:00,0.1965277096911175
DE0,onwind,2021-02-13 21:00:00,0.2004366628536361
DE0,onwind,2021-02-14 00:00:00,0.1981168208157263
DE0,onwind,2021-02-14 03:00:00,0.1809971268741013
DE0,onwind,2021-02-14 06:00:00,0.1049884893703064
DE0,onwind,2021-02-14 09:00:00,0.0312502874542282
DE0,onwind,2021-02-14 12:00:00,0.0197417373417252
DE0,onwind,2021-02-14 15:00:00,0.0575446413513245
DE0,onwind,2021-02-14 18:00:00,0.105604551586741
DE0,onwind,2021-02-14 21:00:00,0.1331241961740558
DE0,solar,2021-01-18 00:00:00,0.0
DE0,solar,2021-01-18 03:00:00,0.0
DE0,solar,2021-01-18 06:00:00,0.0219640697873316
DE0,solar,2021-01-18 09:00:00,0.0563782317354552
DE0,solar,2021-01-18 12:00:00,0.0569710455445519
DE0,solar,2021-01-18 15:00:00,0.0
DE0,solar,2021-01-18 18:00:00,0.0
DE0,solar,2021-01-18 21:00:00,0.0
DE0,solar,2021-01-19 00:00:00,0.0
DE0,solar,2021-01-19 03:00:00,0.0
DE0,solar,2021-01-19 06:00:00,0.0091495333067714
DE0,solar,2021-01-19 09:00:00,0.0553383176386779
DE0,solar,2021-01-19 12:00:00,0.0431963218520192
DE0,solar,2021-01-19 15:00:00,0.0
DE0,solar,2021-01-19 18:00:00,0.0
DE0,solar,2021-01-19 21:00:00,0.0
DE0,solar,2021-01-20 00:00:00,0.0
DE0,solar,2021-01-20 03:00:00,0.0
DE0,solar,2021-01-20 06:00:00,0.02113850824387
DE0,solar,2021-01-20 09:00:00,0.1481926828951853
DE0,solar,2021-01-20 12:00:00,0.0780188225270596
DE0,solar,2021-01-20 15:00:00,0.0
DE0,solar,2021-01-20 18:00:00,0.0
DE0,solar,2021-01-20 21:00:00,0.0
DE0,solar,2021-01-21 00:00:00,0.0
DE0,solar,2021-01-21 03:00:00,0.0
DE0,solar,2021-01-21 06:00:00,0.0746512706356175
DE0,solar,2021-01-21 09:00:00,0.2865967083823386
DE0,solar,2021-01-21 12:00:00,0.1356536122816506
DE0,solar,2021-01-21 15:00:00,0.0
DE0,solar,2021-01-21 18:00:00,0.0
DE0,solar,2021-01-21 21:00:00,0.0
DE0,solar,2021-01-22 00:00:00,0.0
DE0,solar,2021-01-22 03:00:00,0.0
DE0,solar,2021-01-22 06:00:00,0.0280380075095221
DE0,solar,2021-01-22 09:00:00,0.100243119095634
DE0,solar,2021-01-22 12:00:00,0.0741715249718641
DE0,solar,2021-01-22 15:00:00,0.0
DE0,solar,2021-01-22 18:00:00,0.0
DE0,solar,2021-01-22 21:00:00,0.0
DE0,solar,2021-01-23 00:00:00,0.0
DE0,solar,2021-01-23 03:00:00,0.0
DE0,solar,2021-01-23 06:00:00,0.0085312355929429
DE0,solar,2021-01-23 09:00:00,0.0514194692102908
DE0,solar,2021-01-23 12:00:00,0.054550841050657
DE0,solar,2021-01-23 15:00:00,0.0
DE0,solar,2021-01-23 18:00:00,0.0
DE0,solar,2021-01-23 21:00:00,0.0
DE0,solar,2021-01-24 00:00:00,0.0
DE0,solar,2021-01-24 03:00:00,0.0
DE0,solar,2021-01-24 06:00:00,0.015133381145642702
DE0,solar,2021-01-24 09:00:00,0.0830412470848488
DE0,solar,2021-01-24 12:00:00,0.0621638507173623
DE0,solar,2021-01-24 15:00:00,0.0
DE0,solar,2021-01-24 18:00:00,0.0
DE0,solar,2021-01-24 21:00:00,0.0
DE0,solar,2021-01-25 00:00:00,0.0
DE0,solar,2021-01-25 03:00:00,0.0
DE0,solar,2021-01-25 06:00:00,0.0313028605562809
DE0,solar,2021-01-25 09:00:00,0.1006669787703589
DE0,solar,2021-01-25 12:00:00,0.0680269089238129
DE0,solar,2021-01-25 15:00:00,0.0
DE0,solar,2021-01-25 18:00:00,0.0
DE0,solar,2021-01-25 21:00:00,0.0
DE0,solar,2021-01-26 00:00:00,0.0
DE0,solar,2021-01-26 03:00:00,0.0
DE0,solar,2021-01-26 06:00:00,0.0243529124206241
DE0,solar,2021-01-26 09:00:00,0.09430573495016
DE0,solar,2021-01-26 12:00:00,0.030243586937477304
DE0,solar,2021-01-26 15:00:00,0.0
DE0,solar,2021-01-26 18:00:00,0.0
DE0,solar,2021-01-26 21:00:00,0.0
DE0,solar,2021-01-27 00:00:00,0.0
DE0,solar,2021-01-27 03:00:00,0.0
DE0,solar,2021-01-27 06:00:00,0.0047606299327156
DE0,solar,2021-01-27 09:00:00,0.0293767679060046
DE0,solar,2021-01-27 12:00:00,0.0336001379486954
DE0,solar,2021-01-27 15:00:00,0.0
DE0,solar,2021-01-27 18:00:00,0.0
DE0,solar,2021-01-27 21:00:00,0.0
DE0,solar,2021-01-28 00:00:00,0.0
DE0,solar,2021-01-28 03:00:00,0.0
DE0,solar,2021-01-28 06:00:00,0.0052195411677177
DE0,solar,2021-01-28 09:00:00,0.0255425621534611
DE0,solar,2021-01-28 12:00:00,0.0338486886832256
DE0,solar,2021-01-28 15:00:00,0.0
DE0,solar,2021-01-28 18:00:00,0.0
DE0,solar,2021-01-28 21:00:00,0.0
DE0,solar,2021-01-29 00:00:00,0.0
DE0,solar,2021-01-29 03:00:00,0.0
DE0,solar,2021-01-29 06:00:00,0.0077835501356878995
DE0,solar,2021-01-29 09:00:00,0.0437141558256033
DE0,solar,2021-01-29 12:00:00,0.0229144137568295
DE0,solar,2021-01-29 15:00:00,0.0
DE0,solar,2021-01-29 18:00:00,0.0
DE0,solar,2021-01-29 21:00:00,0.0
DE0,solar,2021-01-30 00:00:00,0.0
DE0,solar,2021-01-30 03:00:00,0.0
DE0,solar,2021-01-30 06:00:00,0.0063964919231405
DE0,solar,2021-01-30 09:00:00,0.0255718968173274
DE0,solar,2021-01-30 12:00:00,0.0174361571765219
DE0,solar,2021-01-30 15:00:00,0.0
DE0,solar,2021-01-30 18:00:00,0.0
DE0,solar,2021-01-30 21:00:00,0.0
DE0,solar,2021-01-31 00:00:00,0.0
DE0,solar,2021-01-31 03:00:00,0.0
DE0,solar,2021-01-31 06:00:00,0.0082744755614597
DE0,solar,2021-01-31 09:00:00,0.0393314440606302
DE0,solar,2021-01-31 12:00:00,0.0351985747307294
DE0,solar,2021-01-31 15:00:00,0.0
DE0,solar,2021-01-31 18:00:00,0.0
DE0,solar,2021-01-31 21:00:00,0.0
DE0,solar,2021-02-01 00:00:00,0.0
DE0,solar,2021-02-01 03:00:00,0.0
DE0,solar,2021-02-01 06:00:00,0.0057431137898246
DE0,solar,2021-02-01 09:00:00,0.038036115260731
DE0,solar,2021-02-01 12:00:00,0.0222014754531591
DE0,solar,2021-02-01 15:00:00,0.0
DE0,solar,2021-02-01 18:00:00,0.0
DE0,solar,2021-02-01 21:00:00,0.0
DE0,solar,2021-02-02 00:00:00,0.0
DE0,solar,2021-02-02 03:00:00,0.0
DE0,solar,2021-02-02 06:00:00,0.0032871616472229
DE0,solar,2021-02-02 09:00:00,0.015403175965897
DE0,solar,2021-02-02 12:00:00,0.0161243133502047
DE0,solar,2021-02-02 15:00:00,0.0
DE0,solar,2021-02-02 18:00:00,0.0
DE0,solar,2021-02-02 21:00:00,0.0
DE0,solar,2021-02-03 00:00:00,0.0
DE0,solar,2021-02-03 03:00:00,0.0
DE0,solar,2021-02-03 06:00:00,0.0033884891841064
DE0,solar,2021-02-03 09:00:00,0.0147104630581961
DE0,solar,2021-02-03 12:00:00,0.0169347387079668
DE0,solar,2021-02-03 15:00:00,0.0
DE0,solar,2021-02-03 18:00:00,0.0
DE0,solar,2021-02-03 21:00:00,0.0
DE0,solar,2021-02-04 00:00:00,0.0
DE0,solar,2021-02-04 03:00:00,0.0
DE0,solar,2021-02-04 06:00:00,0.0038891148867719
DE0,solar,2021-02-04 09:00:00,0.0139929090169842
DE0,solar,2021-02-04 12:00:00,0.0073941194210089
DE0,solar,2021-02-04 15:00:00,0.0
DE0,solar,2021-02-04 18:00:00,0.0
DE0,solar,2021-02-04 21:00:00,0.0
DE0,solar,2021-02-05 00:00:00,0.0
DE0,solar,2021-02-05 03:00:00,0.0
DE0,solar,2021-02-05 06:00:00,0.0040641723928946
DE0,solar,2021-02-05 09:00:00,0.0213331860161967
DE0,solar,2021-02-05 12:00:00,0.0162605695674887
DE0,solar,2021-02-05 15:00:00,0.0
DE0,solar,2021-02-05 18:00:00,0.0
DE0,solar,2021-02-05 21:00:00,0.0
DE0,solar,2021-02-06 00:00:00,0.0
DE0,solar,2021-02-06 03:00:00,0.0
DE0,solar,2021-02-06 06:00:00,0.0058814891333376
DE0,solar,2021-02-06 09:00:00,0.0441903446819247
DE0,solar,2021-02-06 12:00:00,0.060691506628072094
DE0,solar,2021-02-06 15:00:00,0.0
DE0,solar,2021-02-06 18:00:00,0.0
DE0,solar,2021-02-06 21:00:00,0.0
DE0,solar,2021-02-07 00:00:00,0.0
DE0,solar,2021-02-07 03:00:00,0.0
DE0,solar,2021-02-07 06:00:00,0.0
DE0,solar,2021-02-07 09:00:00,0.0663691901183459
DE0,solar,2021-02-07 12:00:00,0.05331241106724
DE0,solar,2021-02-07 15:00:00,0.0
DE0,solar,2021-02-07 18:00:00,0.0
DE0,solar,2021-02-07 21:00:00,0.0
DE0,solar,2021-02-08 00:00:00,0.0
DE0,solar,2021-02-08 03:00:00,0.0
DE0,solar,2021-02-08 06:00:00,0.0332881232530057
DE0,solar,2021-02-08 09:00:00,0.1775992093871205
DE0,solar,2021-02-08 12:00:00,0.1011046974600199
DE0,solar,2021-02-08 15:00:00,0.0038122547541337005
DE0,solar,2021-02-08 18:00:00,0.0
DE0,solar,2021-02-08 21:00:00,0.0
DE0,solar,2021-02-09 00:00:00,0.0
DE0,solar,2021-02-09 03:00:00,0.0
DE0,solar,2021-02-09 06:00:00,0.0339684426442119
DE0,solar,2021-02-09 09:00:00,0.0819722581740958
DE0,solar,2021-02-09 12:00:00,0.0509413573533595
DE0,solar,2021-02-09 15:00:00,0.0029914537045104
DE0,solar,2021-02-09 18:00:00,0.0
DE0,solar,2021-02-09 21:00:00,0.0
DE0,solar,2021-02-10 00:00:00,0.0
DE0,solar,2021-02-10 03:00:00,0.0
DE0,solar,2021-02-10 06:00:00,0.0502617849812529
DE0,solar,2021-02-10 09:00:00,0.1734121413577548
DE0,solar,2021-02-10 12:00:00,0.1626153892221209
DE0,solar,2021-02-10 15:00:00,0.0108214600857085
DE0,solar,2021-02-10 18:00:00,0.0
DE0,solar,2021-02-10 21:00:00,0.0
DE0,solar,2021-02-11 00:00:00,0.0
DE0,solar,2021-02-11 03:00:00,0.0
DE0,solar,2021-02-11 06:00:00,0.0657315916934519
DE0,solar,2021-02-11 09:00:00,0.1671914494514473
DE0,solar,2021-02-11 12:00:00,0.0978970393664989
DE0,solar,2021-02-11 15:00:00,0.0064725284372798
DE0,solar,2021-02-11 18:00:00,0.0
DE0,solar,2021-02-11 21:00:00,0.0
DE0,solar,2021-02-12 00:00:00,0.0
DE0,solar,2021-02-12 03:00:00,0.0
DE0,solar,2021-02-12 06:00:00,0.111844045901273
DE0,solar,2021-02-12 09:00:00,0.3660903051955113
DE0,solar,2021-02-12 12:00:00,0.2956533411464584
DE0,solar,2021-02-12 15:00:00,0.0246468016501895
DE0,solar,2021-02-12 18:00:00,0.0
DE0,solar,2021-02-12 21:00:00,0.0
DE0,solar,2021-02-13 00:00:00,0.0
DE0,solar,2021-02-13 03:00:00,0.0
DE0,solar,2021-02-13 06:00:00,0.1046050360132225
DE0,solar,2021-02-13 09:00:00,0.3270492410244477
DE0,solar,2021-02-13 12:00:00,0.2489316648573971
DE0,solar,2021-02-13 15:00:00,0.0232013779704017
DE0,solar,2021-02-13 18:00:00,0.0
DE0,solar,2021-02-13 21:00:00,0.0
DE0,solar,2021-02-14 00:00:00,0.0
DE0,solar,2021-02-14 03:00:00,0.0
DE0,solar,2021-02-14 06:00:00,0.0931827511747393
DE0,solar,2021-02-14 09:00:00,0.3017025032093733
DE0,solar,2021-02-14 12:00:00,0.2920155442323076
DE0,solar,2021-02-14 15:00:00,0.0322269259101833
DE0,solar,2021-02-14 18:00:00,0.0
DE0,solar,2021-02-14 21:00:00,0.0
DE0,waste,2021-01-18 00:00:00,1.0
DE0,waste,2021-01-18 03:00:00,1.0
DE0,waste,2021-01-18 06:00:00,1.0
DE0,waste,2021-01-18 09:00:00,1.0
DE0,waste,2021-01-18 12:00:00,1.0
DE0,waste,2021-01-18 15:00:00,1.0
DE0,waste,2021-01-18 18:00:00,1.0
DE0,waste,2021-01-18 21:00:00,1.0
DE0,waste,2021-01-19 00:00:00,1.0
DE0,waste,2021-01-19 03:00:00,1.0
DE0,waste,2021-01-19 06:00:00,1.0
DE0,waste,2021-01-19 09:00:00,1.0
DE0,waste,2021-01-19 12:00:00,1.0
DE0,waste,2021-01-19 15:00:00,1.0
DE0,waste,2021-01-19 18:00:00,1.0
DE0,waste,2021-01-19 21:00:00,1.0
DE0,waste,2021-01-20 00:00:00,1.0
DE0,waste,2021-01-20 03:00:00,1.0
DE0,waste,2021-01-20 06:00:00,1.0
DE0,waste,2021-01-20 09:00:00,1.0
DE0,waste,2021-01-20 12:00:00,1.0
DE0,waste,2021-01-20 15:00:00,1.0
DE0,waste,2021-01-20 18:00:00,1.0
DE0,waste,2021-01-20 21:00:00,1.0
DE0,waste,2021-01-21 00:00:00,1.0
DE0,waste,2021-01-21 03:00:00,1.0
DE0,waste,2021-01-21 06:00:00,1.0
DE0,waste,2021-01-21 09:00:00,1.0
DE0,waste,2021-01-21 12:00:00,1.0
DE0,waste,2021-01-21 15:00:00,1.0
DE0,waste,2021-01-21 18:00:00,1.0
DE0,waste,2021-01-21 21:00:00,1.0
DE0,waste,2021-01-22 00:00:00,1.0
DE0,waste,2021-01-22 03:00:00,1.0
DE0,waste,2021-01-22 06:00:00,1.0
DE0,waste,2021-01-22 09:00:00,1.0
DE0,waste,2021-01-22 12:00:00,1.0
DE0,waste,2021-01-22 15:00:00,1.0
DE0,waste,2021-01-22 18:00:00,1.0
DE0,waste,2021-01-22 21:00:00,1.0
DE0,waste,2021-01-23 00:00:00,1.0
DE0,waste,2021-01-23 03:00:00,1.0
DE0,waste,2021-01-23 06:00:00,1.0
DE0,waste,2021-01-23 09:00:00,1.0
DE0,waste,2021-01-23 12:00:00,1.0
DE0,waste,2021-01-23 15:00:00,1.0
DE0,waste,2021-01-23 18:00:00,1.0
DE0,waste,2021-01-23 21:00:00,1.0
DE0,waste,2021-01-24 00:00:00,1.0
DE0,waste,2021-01-24 03:00:00,1.0
DE0,waste,2021-01-24 06:00:00,1.0
DE0,waste,2021-01-24 09:00:00,1.0
DE0,waste,2021-01-24 12:00:00,1.0
DE0,waste,2021-01-24 15:00:00,1.0
DE0,waste,2021-01-24 18:00:00,1.0
DE0,waste,2021-01-24 21:00:00,1.0
DE0,waste,2021-01-25 00:00:00,1.0
DE0,waste,2021-01-25 03:00:00,1.0
DE0,waste,2021-01-25 06:00:00,1.0
DE0,waste,2021-01-25 09:00:00,1.0
DE0,waste,2021-01-25 12:00:00,1.0
DE0,waste,2021-01-25 15:00:00,1.0
DE0,waste,2021-01-25 18:00:00,1.0
DE0,waste,2021-01-25 21:00:00,1.0
DE0,waste,2021-01-26 00:00:00,1.0
DE0,waste,2021-01-26 03:00:00,1.0
DE0,waste,2021-01-26 06:00:00,1.0
DE0,waste,2021-01-26 09:00:00,1.0
DE0,waste,2021-01-26 12:00:00,1.0
DE0,waste,2021-01-26 15:00:00,1.0
DE0,waste,2021-01-26 18:00:00,1.0
DE0,waste,2021-01-26 21:00:00,1.0
DE0,waste,2021-01-27 00:00:00,1.0
DE0,waste,2021-01-27 03:00:00,1.0
DE0,waste,2021-01-27 06:00:00,1.0
DE0,waste,2021-01-27 09:00:00,1.0
DE0,waste,2021-01-27 12:00:00,1.0
DE0,waste,2021-01-27 15:00:00,1.0
DE0,waste,2021-01-27 18:00:00,1.0
DE0,waste,2021-01-27 21:00:00,1.0
DE0,waste,2021-01-28 00:00:00,1.0
DE0,waste,2021-01-28 03:00:00,1.0
DE0,waste,2021-01-28 06:00:00,1.0
DE0,waste,2021-01-28 09:00:00,1.0
DE0,waste,2021-01-28 12:00:00,1.0
DE0,waste,2021-01-28 15:00:00,1.0
DE0,waste,2021-01-28 18:00:00,1.0
DE0,waste,2021-01-28 21:00:00,1.0
DE0,waste,2021-01-29 00:00:00,1.0
DE0,waste,2021-01-29 03:00:00,1.0
DE0,waste,2021-01-29 06:00:00,1.0
DE0,waste,2021-01-29 09:00:00,1.0
DE0,waste,2021-01-29 12:00:00,1.0
DE0,waste,2021-01-29 15:00:00,1.0
DE0,waste,2021-01-29 18:00:00,1.0
DE0,waste,2021-01-29 21:00:00,1.0
DE0,waste,2021-01-30 00:00:00,1.0
DE0,waste,2021-01-30 03:00:00,1.0
DE0,waste,2021-01-30 06:00:00,1.0
DE0,waste,2021-01-30 09:00:00,1.0
DE0,waste,2021-01-30 12:00:00,1.0
DE0,waste,2021-01-30 15:00:00,1.0
DE0,waste,2021-01-30 18:00:00,1.0
DE0,waste,2021-01-30 21:00:00,1.0
DE0,waste,2021-01-31 00:00:00,1.0
DE0,waste,2021-01-31 03:00:00,1.0
DE0,waste,2021-01-31 06:00:00,1.0
DE0,waste,2021-01-31 09:00:00,1.0
DE0,waste,2021-01-31 12:00:00,1.0
DE0,waste,2021-01-31 15:00:00,1.0
DE0,waste,2021-01-31 18:00:00,1.0
DE0,waste,2021-01-31 21:00:00,1.0
DE0,waste,2021-02-01 00:00:00,1.0
DE0,waste,2021-02-01 03:00:00,1.0
DE0,waste,2021-02-01 06:00:00,1.0
DE0,waste,2021-02-01 09:00:00,1.0
DE0,waste,2021-02-01 12:00:00,1.0
DE0,waste,2021-02-01 15:00:00,1.0
DE0,waste,2021-02-01 18:00:00,1.0
DE0,waste,2021-02-01 21:00:00,1.0
DE0,waste,2021-02-02 00:00:00,1.0
DE0,waste,2021-02-02 03:00:00,1.0
DE0,waste,2021-02-02 06:00:00,1.0
DE0,waste,2021-02-02 09:00:00,1.0
DE0,waste,2021-02-02 12:00:00,1.0
DE0,waste,2021-02-02 15:00:00,1.0
DE0,waste,2021-02-02 18:00:00,1.0
DE0,waste,2021-02-02 21:00:00,1.0
DE0,waste,2021-02-03 00:00:00,1.0
DE0,waste,2021-02-03 03:00:00,1.0
DE0,waste,2021-02-03 06:00:00,1.0
DE0,waste,2021-02-03 09:00:00,1.0
DE0,waste,2021-02-03 12:00:00,1.0
DE0,waste,2021-02-03 15:00:00,1.0
DE0,waste,2021-02-03 18:00:00,1.0
DE0,waste,2021-02-03 21:00:00,1.0
DE0,waste,2021-02-04 00:00:00,1.0
DE0,waste,2021-02-04 03:00:00,1.0
DE0,waste,2021-02-04 06:00:00,1.0
DE0,waste,2021-02-04 09:00:00,1.0
DE0,waste,2021-02-04 12:00:00,1.0
DE0,waste,2021-02-04 15:00:00,1.0
DE0,waste,2021-02-04 18:00:00,1.0
DE0,waste,2021-02-04 21:00:00,1.0
DE0,waste,2021-02-05 00:00:00,1.0
DE0,waste,2021-02-05 03:00:00,1.0
DE0,waste,2021-02-05 06:00:00,1.0
DE0,waste,2021-02-05 09:00:00,1.0
DE0,waste,2021-02-05 12:00:00,1.0
DE0,waste,2021-02-05 15:00:00,1.0
DE0,waste,2021-02-05 18:00:00,1.0
DE0,waste,2021-02-05 21:00:00,1.0
DE0,waste,2021-02-06 00:00:00,1.0
DE0,waste,2021-02-06 03:00:00,1.0
DE0,waste,2021-02-06 06:00:00,1.0
DE0,waste,2021-02-06 09:00:00,1.0
DE0,waste,2021-02-06 12:00:00,1.0
DE0,waste,2021-02-06 15:00:00,1.0
DE0,waste,2021-02-06 18:00:00,1.0
DE0,waste,2021-02-06 21:00:00,1.0
DE0,waste,2021-02-07 00:00:00,1.0
DE0,waste,2021-02-07 03:00:00,1.0
DE0,waste,2021-02-07 06:00:00,1.0
DE0,waste,2021-02-07 09:00:00,1.0
DE0,waste,2021-02-07 12:00:00,1.0
DE0,waste,2021-02-07 15:00:00,1.0
DE0,waste,2021-02-07 18:00:00,1.0
DE0,waste,2021-02-07 21:00:00,1.0
DE0,waste,2021-02-08 00:00:00,1.0
DE0,waste,2021-02-08 03:00:00,1.0
DE0,waste,2021-02-08 06:00:00,1.0
DE0,waste,2021-02-08 09:00:00,1.0
DE0,waste,2021-02-08 12:00:00,1.0
DE0,waste,2021-02-08 15:00:00,1.0
DE0,waste,2021-02-08 18:00:00,1.0
DE0,waste,2021-02-08 21:00:00,1.0
DE0,waste,2021-02-09 00:00:00,1.0
DE0,waste,2021-02-09 03:00:00,1.0
DE0,waste,2021-02-09 06:00:00,1.0
DE0,waste,2021-02-09 09:00:00,1.0
DE0,waste,2021-02-09 12:00:00,1.0
DE0,waste,2021-02-09 15:00:00,1.0
DE0,waste,2021-02-09 18:00:00,1.0
DE0,waste,2021-02-09 21:00:00,1.0
DE0,waste,2021-02-10 00:00:00,1.0
DE0,waste,2021-02-10 03:00:00,1.0
DE0,waste,2021-02-10 06:00:00,1.0
DE0,waste,2021-02-10 09:00:00,1.0
DE0,waste,2021-02-10 12:00:00,1.0
DE0,waste,2021-02-10 15:00:00,1.0
DE0,waste,2021-02-10 18:00:00,1.0
DE0,waste,2021-02-10 21:00:00,1.0
DE0,waste,2021-02-11 00:00:00,1.0
DE0,waste,2021-02-11 03:00:00,1.0
DE0,waste,2021-02-11 06:00:00,1.0
DE0,waste,2021-02-11 09:00:00,1.0
DE0,waste,2021-02-11 12:00:00,1.0
DE0,waste,2021-02-11 15:00:00,1.0
DE0,waste,2021-02-11 18:00:00,1.0
DE0,waste,2021-02-11 21:00:00,1.0
DE0,waste,2021-02-12 00:00:00,1.0
DE0,waste,2021-02-12 03:00:00,1.0
DE0,waste,2021-02-12 06:00:00,1.0
DE0,waste,2021-02-12 09:00:00,1.0
DE0,waste,2021-02-12 12:00:00,1.0
DE0,waste,2021-02-12 15:00:00,1.0
DE0,waste,2021-02-12 18:00:00,1.0
DE0,waste,2021-02-12 21:00:00,1.0
DE0,waste,2021-02-13 00:00:00,1.0
DE0,waste,2021-02-13 03:00:00,1.0
DE0,waste,2021-02-13 06:00:00,1.0
DE0,waste,2021-02-13 09:00:00,1.0
DE0,waste,2021-02-13 12:00:00,1.0
DE0,waste,2021-02-13 15:00:00,1.0
DE0,waste,2021-02-13 18:00:00,1.0
DE0,waste,2021-02-13 21:00:00,1.0
DE0,waste,2021-02-14 00:00:00,1.0
DE0,waste,2021-02-14 03:00:00,1.0
DE0,waste,2021-02-14 06:00:00,1.0
DE0,waste,2021-02-14 09:00:00,1.0
DE0,waste,2021-02-14 12:00:00,1.0
DE0,waste,2021-02-14 15:00:00,1.0
DE0,waste,2021-02-14 18:00:00,1.0
DE0,waste,2021-02-14 21:00:00,1.0
DE1,biomass,2021-01-18 00:00:00,1.0
DE1,biomass,2021-01-18 03:00:00,1.0
DE1,biomass,2021-01-18 06:00:00,1.0
DE1,biomass,2021-01-18 09:00:00,1.0
DE1,biomass,2021-01-18 12:00:00,1.0
DE1,biomass,2021-01-18 15:00:00,1.0
DE1,biomass,2021-01-18 18:00:00,1.0
DE1,biomass,2021-01-18 21:00:00,1.0
DE1,biomass,2021-01-19 00:00:00,1.0
DE1,biomass,2021-01-19 03:00:00,1.0
DE1,biomass,2021-01-19 06:00:00,1.0
DE1,biomass,2021-01-19 09:00:00,1.0
DE1,biomass,2021-01-19 12:00:00,1.0
DE1,biomass,2021-01-19 15:00:00,1.0
DE1,biomass,2021-01-19 18:00:00,1.0
DE1,biomass,2021-01-19 21:00:00,1.0
DE1,biomass,2021-01-20 00:00:00,1.0
DE1,biomass,2021-01-20 03:00:00,1.0
DE1,biomass,2021-01-20 06:00:00,1.0
DE1,biomass,2021-01-20 09:00:00,1.0
DE1,biomass,2021-01-20 12:00:00,1.0
DE1,biomass,2021-01-20 15:00:00,1.0
DE1,biomass,2021-01-20 18:00:00,1.0
DE1,biomass,2021-01-20 21:00:00,1.0
DE1,biomass,2021-01-21 00:00:00,1.0
DE1,biomass,2021-01-21 03:00:00,1.0
DE1,biomass,2021-01-21 06:00:00,1.0
DE1,biomass,2021-01-21 09:00:00,1.0
DE1,biomass,2021-01-21 12:00:00,1.0
DE1,biomass,2021-01-21 15:00:00,1.0
DE1,biomass,2021-01-21 18:00:00,1.0
DE1,biomass,2021-01-21 21:00:00,1.0
DE1,biomass,2021-01-22 00:00:00,1.0
DE1,biomass,2021-01-22 03:00:00,1.0
DE1,biomass,2021-01-22 06:00:00,1.0
DE1,biomass,2021-01-22 09:00:00,1.0
DE1,biomass,2021-01-22 12:00:00,1.0
DE1,biomass,2021-01-22 15:00:00,1.0
DE1,biomass,2021-01-22 18:00:00,1.0
DE1,biomass,2021-01-22 21:00:00,1.0
DE1,biomass,2021-01-23 00:00:00,1.0
DE1,biomass,2021-01-23 03:00:00,1.0
DE1,biomass,2021-01-23 06:00:00,1.0
DE1,biomass,2021-01-23 09:00:00,1.0
DE1,biomass,2021-01-23 12:00:00,1.0
DE1,biomass,2021-01-23 15:00:00,1.0
DE1,biomass,2021-01-23 18:00:00,1.0
DE1,biomass,2021-01-23 21:00:00,1.0
DE1,biomass,2021-01-24 00:00:00,1.0
DE1,biomass,2021-01-24 03:00:00,1.0
DE1,biomass,2021-01-24 06:00:00,1.0
DE1,biomass,2021-01-24 09:00:00,1.0
DE1,biomass,2021-01-24 12:00:00,1.0
DE1,biomass,2021-01-24 15:00:00,1.0
DE1,biomass,2021-01-24 18:00:00,1.0
DE1,biomass,2021-01-24 21:00:00,1.0
DE1,biomass,2021-01-25 00:00:00,1.0
DE1,biomass,2021-01-25 03:00:00,1.0
DE1,biomass,2021-01-25 06:00:00,1.0
DE1,biomass,2021-01-25 09:00:00,1.0
DE1,biomass,2021-01-25 12:00:00,1.0
DE1,biomass,2021-01-25 15:00:00,1.0
DE1,biomass,2021-01-25 18:00:00,1.0
DE1,biomass,2021-01-25 21:00:00,1.0
DE1,biomass,2021-01-26 00:00:00,1.0
DE1,biomass,2021-01-26 03:00:00,1.0
DE1,biomass,2021-01-26 06:00:00,1.0
DE1,biomass,2021-01-26 09:00:00,1.0
DE1,biomass,2021-01-26 12:00:00,1.0
DE1,biomass,2021-01-26 15:00:00,1.0
DE1,biomass,2021-01-26 18:00:00,1.0
DE1,biomass,2021-01-26 21:00:00,1.0
DE1,biomass,2021-01-27 00:00:00,1.0
DE1,biomass,2021-01-27 03:00:00,1.0
DE1,biomass,2021-01-27 06:00:00,1.0
DE1,biomass,2021-01-27 09:00:00,1.0
DE1,biomass,2021-01-27 12:00:00,1.0
DE1,biomass,2021-01-27 15:00:00,1.0
DE1,biomass,2021-01-27 18:00:00,1.0
DE1,biomass,2021-01-27 21:00:00,1.0
DE1,biomass,2021-01-28 00:00:00,1.0
DE1,biomass,2021-01-28 03:00:00,1.0
DE1,biomass,2021-01-28 06:00:00,1.0
DE1,biomass,2021-01-28 09:00:00,1.0
DE1,biomass,2021-01-28 12:00:00,1.0
DE1,biomass,2021-01-28 15:00:00,1.0
DE1,biomass,2021-01-28 18:00:00,1.0
DE1,biomass,2021-01-28 21:00:00,1.0
DE1,biomass,2021-01-29 00:00:00,1.0
DE1,biomass,2021-01-29 03:00:00,1.0
DE1,biomass,2021-01-29 06:00:00,1.0
DE1,biomass,2021-01-29 09:00:00,1.0
DE1,biomass,2021-01-29 12:00:00,1.0
DE1,biomass,2021-01-29 15:00:00,1.0
DE1,biomass,2021-01-29 18:00:00,1.0
DE1,biomass,2021-01-29 21:00:00,1.0
DE1,biomass,2021-01-30 00:00:00,1.0
DE1,biomass,2021-01-30 03:00:00,1.0
DE1,biomass,2021-01-30 06:00:00,1.0
DE1,biomass,2021-01-30 09:00:00,1.0
DE1,biomass,2021-01-30 12:00:00,1.0
DE1,biomass,2021-01-30 15:00:00,1.0
DE1,biomass,2021-01-30 18:00:00,1.0
DE1,biomass,2021-01-30 21:00:00,1.0
DE1,biomass,2021-01-31 00:00:00,1.0
DE1,biomass,2021-01-31 03:00:00,1.0
DE1,biomass,2021-01-31 06:00:00,1.0
DE1,biomass,2021-01-31 09:00:00,1.0
DE1,biomass,2021-01-31 12:00:00,1.0
DE1,biomass,2021-01-31 15:00:00,1.0
DE1,biomass,2021-01-31 18:00:00,1.0
DE1,biomass,2021-01-31 21:00:00,1.0
DE1,biomass,2021-02-01 00:00:00,1.0
DE1,biomass,2021-02-01 03:00:00,1.0
DE1,biomass,2021-02-01 06:00:00,1.0
DE1,biomass,2021-02-01 09:00:00,1.0
DE1,biomass,2021-02-01 12:00:00,1.0
DE1,biomass,2021-02-01 15:00:00,1.0
DE1,biomass,2021-02-01 18:00:00,1.0
DE1,biomass,2021-02-01 21:00:00,1.0
DE1,biomass,2021-02-02 00:00:00,1.0
DE1,biomass,2021-02-02 03:00:00,1.0
DE1,biomass,2021-02-02 06:00:00,1.0
DE1,biomass,2021-02-02 09:00:00,1.0
DE1,biomass,2021-02-02 12:00:00,1.0
DE1,biomass,2021-02-02 15:00:00,1.0
DE1,biomass,2021-02-02 18:00:00,1.0
DE1,biomass,2021-02-02 21:00:00,1.0
DE1,biomass,2021-02-03 00:00:00,1.0
DE1,biomass,2021-02-03 03:00:00,1.0
DE1,biomass,2021-02-03 06:00:00,1.0
DE1,biomass,2021-02-03 09:00:00,1.0
DE1,biomass,2021-02-03 12:00:00,1.0
DE1,biomass,2021-02-03 15:00:00,1.0
DE1,biomass,2021-02-03 18:00:00,1.0
DE1,biomass,2021-02-03 21:00:00,1.0
DE1,biomass,2021-02-04 00:00:00,1.0
DE1,biomass,2021-02-04 03:00:00,1.0
DE1,biomass,2021-02-04 06:00:00,1.0
DE1,biomass,2021-02-04 09:00:00,1.0
DE1,biomass,2021-02-04 12:00:00,1.0
DE1,biomass,2021-02-04 15:00:00,1.0
DE1,biomass,2021-02-04 18:00:00,1.0
DE1,biomass,2021-02-04 21:00:00,1.0
DE1,biomass,2021-02-05 00:00:00,1.0
DE1,biomass,2021-02-05 03:00:00,1.0
DE1,biomass,2021-02-05 06:00:00,1.0
DE1,biomass,2021-02-05 09:00:00,1.0
DE1,biomass,2021-02-05 12:00:00,1.0
DE1,biomass,2021-02-05 15:00:00,1.0
DE1,biomass,2021-02-05 18:00:00,1.0
DE1,biomass,2021-02-05 21:00:00,1.0
DE1,biomass,2021-02-06 00:00:00,1.0
DE1,biomass,2021-02-06 03:00:00,1.0
DE1,biomass,2021-02-06 06:00:00,1.0
DE1,biomass,2021-02-06 09:00:00,1.0
DE1,biomass,2021-02-06 12:00:00,1.0
DE1,biomass,2021-02-06 15:00:00,1.0
DE1,biomass,2021-02-06 18:00:00,1.0
DE1,biomass,2021-02-06 21:00:00,1.0
DE1,biomass,2021-02-07 00:00:00,1.0
DE1,biomass,2021-02-07 03:00:00,1.0
DE1,biomass,2021-02-07 06:00:00,1.0
DE1,biomass,2021-02-07 09:00:00,1.0
DE1,biomass,2021-02-07 12:00:00,1.0
DE1,biomass,2021-02-07 15:00:00,1.0
DE1,biomass,2021-02-07 18:00:00,1.0
DE1,biomass,2021-02-07 21:00:00,1.0
DE1,biomass,2021-02-08 00:00:00,1.0
DE1,biomass,2021-02-08 03:00:00,1.0
DE1,biomass,2021-02-08 06:00:00,1.0
DE1,biomass,2021-02-08 09:00:00,1.0
DE1,biomass,2021-02-08 12:00:00,1.0
DE1,biomass,2021-02-08 15:00:00,1.0
DE1,biomass,2021-02-08 18:00:00,1.0
DE1,biomass,2021-02-08 21:00:00,1.0
DE1,biomass,2021-02-09 00:00:00,1.0
DE1,biomass,2021-02-09 03:00:00,1.0
DE1,biomass,2021-02-09 06:00:00,1.0
DE1,biomass,2021-02-09 09:00:00,1.0
DE1,biomass,2021-02-09 12:00:00,1.0
DE1,biomass,2021-02-09 15:00:00,1.0
DE1,biomass,2021-02-09 18:00:00,1.0
DE1,biomass,2021-02-09 21:00:00,1.0
DE1,biomass,2021-02-10 00:00:00,1.0
DE1,biomass,2021-02-10 03:00:00,1.0
DE1,biomass,2021-02-10 06:00:00,1.0
DE1,biomass,2021-02-10 09:00:00,1.0
DE1,biomass,2021-02-10 12:00:00,1.0
DE1,biomass,2021-02-10 15:00:00,1.0
DE1,biomass,2021-02-10 18:00:00,1.0
DE1,biomass,2021-02-10 21:00:00,1.0
DE1,biomass,2021-02-11 00:00:00,1.0
DE1,biomass,2021-02-11 03:00:00,1.0
DE1,biomass,2021-02-11 06:00:00,1.0
DE1,biomass,2021-02-11 09:00:00,1.0
DE1,biomass,2021-02-11 12:00:00,1.0
DE1,biomass,2021-02-11 15:00:00,1.0
DE1,biomass,2021-02-11 18:00:00,1.0
DE1,biomass,2021-02-11 21:00:00,1.0
DE1,biomass,2021-02-12 00:00:00,1.0
DE1,biomass,2021-02-12 03:00:00,1.0
DE1,biomass,2021-02-12 06:00:00,1.0
DE1,biomass,2021-02-12 09:00:00,1.0
DE1,biomass,2021-02-12 12:00:00,1.0
DE1,biomass,2021-02-12 15:00:00,1.0
DE1,biomass,2021-02-12 18:00:00,1.0
DE1,biomass,2021-02-12 21:00:00,1.0
DE1,biomass,2021-02-13 00:00:00,1.0
DE1,biomass,2021-02-13 03:00:00,1.0
DE1,biomass,2021-02-13 06:00:00,1.0
DE1,biomass,2021-02-13 09:00:00,1.0
DE1,biomass,2021-02-13 12:00:00,1.0
DE1,biomass,2021-02-13 15:00:00,1.0
DE1,biomass,2021-02-13 18:00:00,1.0
DE1,biomass,2021-02-13 21:00:00,1.0
DE1,biomass,2021-02-14 00:00:00,1.0
DE1,biomass,2021-02-14 03:00:00,1.0
DE1,biomass,2021-02-14 06:00:00,1.0
DE1,biomass,2021-02-14 09:00:00,1.0
DE1,biomass,2021-02-14 12:00:00,1.0
DE1,biomass,2021-02-14 15:00:00,1.0
DE1,biomass,2021-02-14 18:00:00,1.0
DE1,biomass,2021-02-14 21:00:00,1.0
DE1,ccgt,2021-01-18 00:00:00,1.0
DE1,ccgt,2021-01-18 03:00:00,1.0
DE1,ccgt,2021-01-18 06:00:00,1.0
DE1,ccgt,2021-01-18 09:00:00,1.0
DE1,ccgt,2021-01-18 12:00:00,1.0
DE1,ccgt,2021-01-18 15:00:00,1.0
DE1,ccgt,2021-01-18 18:00:00,1.0
DE1,ccgt,2021-01-18 21:00:00,1.0
DE1,ccgt,2021-01-19 00:00:00,1.0
DE1,ccgt,2021-01-19 03:00:00,1.0
DE1,ccgt,2021-01-19 06:00:00,1.0
DE1,ccgt,2021-01-19 09:00:00,1.0
DE1,ccgt,2021-01-19 12:00:00,1.0
DE1,ccgt,2021-01-19 15:00:00,1.0
DE1,ccgt,2021-01-19 18:00:00,1.0
DE1,ccgt,2021-01-19 21:00:00,1.0
DE1,ccgt,2021-01-20 00:00:00,1.0
DE1,ccgt,2021-01-20 03:00:00,1.0
DE1,ccgt,2021-01-20 06:00:00,1.0
DE1,ccgt,2021-01-20 09:00:00,1.0
DE1,ccgt,2021-01-20 12:00:00,1.0
DE1,ccgt,2021-01-20 15:00:00,1.0
DE1,ccgt,2021-01-20 18:00:00,1.0
DE1,ccgt,2021-01-20 21:00:00,1.0
DE1,ccgt,2021-01-21 00:00:00,1.0
DE1,ccgt,2021-01-21 03:00:00,1.0
DE1,ccgt,2021-01-21 06:00:00,1.0
DE1,ccgt,2021-01-21 09:00:00,1.0
DE1,ccgt,2021-01-21 12:00:00,1.0
DE1,ccgt,2021-01-21 15:00:00,1.0
DE1,ccgt,2021-01-21 18:00:00,1.0
DE1,ccgt,2021-01-21 21:00:00,1.0
DE1,ccgt,2021-01-22 00:00:00,1.0
DE1,ccgt,2021-01-22 03:00:00,1.0
DE1,ccgt,2021-01-22 06:00:00,1.0
DE1,ccgt,2021-01-22 09:00:00,1.0
DE1,ccgt,2021-01-22 12:00:00,1.0
DE1,ccgt,2021-01-22 15:00:00,1.0
DE1,ccgt,2021-01-22 18:00:00,1.0
DE1,ccgt,2021-01-22 21:00:00,1.0
DE1,ccgt,2021-01-23 00:00:00,1.0
DE1,ccgt,2021-01-23 03:00:00,1.0
DE1,ccgt,2021-01-23 06:00:00,1.0
DE1,ccgt,2021-01-23 09:00:00,1.0
DE1,ccgt,2021-01-23 12:00:00,1.0
DE1,ccgt,2021-01-23 15:00:00,1.0
DE1,ccgt,2021-01-23 18:00:00,1.0
DE1,ccgt,2021-01-23 21:00:00,1.0
DE1,ccgt,2021-01-24 00:00:00,1.0
DE1,ccgt,2021-01-24 03:00:00,1.0
DE1,ccgt,2021-01-24 06:00:00,1.0
DE1,ccgt,2021-01-24 09:00:00,1.0
DE1,ccgt,2021-01-24 12:00:00,1.0
DE1,ccgt,2021-01-24 15:00:00,1.0
DE1,ccgt,2021-01-24 18:00:00,1.0
DE1,ccgt,2021-01-24 21:00:00,1.0
DE1,ccgt,2021-01-25 00:00:00,1.0
DE1,ccgt,2021-01-25 03:00:00,1.0
DE1,ccgt,2021-01-25 06:00:00,1.0
DE1,ccgt,2021-01-25 09:00:00,1.0
DE1,ccgt,2021-01-25 12:00:00,1.0
DE1,ccgt,2021-01-25 15:00:00,1.0
DE1,ccgt,2021-01-25 18:00:00,1.0
DE1,ccgt,2021-01-25 21:00:00,1.0
DE1,ccgt,2021-01-26 00:00:00,1.0
DE1,ccgt,2021-01-26 03:00:00,1.0
DE1,ccgt,2021-01-26 06:00:00,1.0
DE1,ccgt,2021-01-26 09:00:00,1.0
DE1,ccgt,2021-01-26 12:00:00,1.0
DE1,ccgt,2021-01-26 15:00:00,1.0
DE1,ccgt,2021-01-26 18:00:00,1.0
DE1,ccgt,2021-01-26 21:00:00,1.0
DE1,ccgt,2021-01-27 00:00:00,1.0
DE1,ccgt,2021-01-27 03:00:00,1.0
DE1,ccgt,2021-01-27 06:00:00,1.0
DE1,ccgt,2021-01-27 09:00:00,1.0
DE1,ccgt,2021-01-27 12:00:00,1.0
DE1,ccgt,2021-01-27 15:00:00,1.0
DE1,ccgt,2021-01-27 18:00:00,1.0
DE1,ccgt,2021-01-27 21:00:00,1.0
DE1,ccgt,2021-01-28 00:00:00,1.0
DE1,ccgt,2021-01-28 03:00:00,1.0
DE1,ccgt,2021-01-28 06:00:00,1.0
DE1,ccgt,2021-01-28 09:00:00,1.0
DE1,ccgt,2021-01-28 12:00:00,1.0
DE1,ccgt,2021-01-28 15:00:00,1.0
DE1,ccgt,2021-01-28 18:00:00,1.0
DE1,ccgt,2021-01-28 21:00:00,1.0
DE1,ccgt,2021-01-29 00:00:00,1.0
DE1,ccgt,2021-01-29 03:00:00,1.0
DE1,ccgt,2021-01-29 06:00:00,1.0
DE1,ccgt,2021-01-29 09:00:00,1.0
DE1,ccgt,2021-01-29 12:00:00,1.0
DE1,ccgt,2021-01-29 15:00:00,1.0
DE1,ccgt,2021-01-29 18:00:00,1.0
DE1,ccgt,2021-01-29 21:00:00,1.0
DE1,ccgt,2021-01-30 00:00:00,1.0
DE1,ccgt,2021-01-30 03:00:00,1.0
DE1,ccgt,2021-01-30 06:00:00,1.0
DE1,ccgt,2021-01-30 09:00:00,1.0
DE1,ccgt,2021-01-30 12:00:00,1.0
DE1,ccgt,2021-01-30 15:00:00,1.0
DE1,ccgt,2021-01-30 18:00:00,1.0
DE1,ccgt,2021-01-30 21:00:00,1.0
DE1,ccgt,2021-01-31 00:00:00,1.0
DE1,ccgt,2021-01-31 03:00:00,1.0
DE1,ccgt,2021-01-31 06:00:00,1.0
DE1,ccgt,2021-01-31 09:00:00,1.0
DE1,ccgt,2021-01-31 12:00:00,1.0
DE1,ccgt,2021-01-31 15:00:00,1.0
DE1,ccgt,2021-01-31 18:00:00,1.0
DE1,ccgt,2021-01-31 21:00:00,1.0
DE1,ccgt,2021-02-01 00:00:00,1.0
DE1,ccgt,2021-02-01 03:00:00,1.0
DE1,ccgt,2021-02-01 06:00:00,1.0
DE1,ccgt,2021-02-01 09:00:00,1.0
DE1,ccgt,2021-02-01 12:00:00,1.0
DE1,ccgt,2021-02-01 15:00:00,1.0
DE1,ccgt,2021-02-01 18:00:00,1.0
DE1,ccgt,2021-02-01 21:00:00,1.0
DE1,ccgt,2021-02-02 00:00:00,1.0
DE1,ccgt,2021-02-02 03:00:00,1.0
DE1,ccgt,2021-02-02 06:00:00,1.0
DE1,ccgt,2021-02-02 09:00:00,1.0
DE1,ccgt,2021-02-02 12:00:00,1.0
DE1,ccgt,2021-02-02 15:00:00,1.0
DE1,ccgt,2021-02-02 18:00:00,1.0
DE1,ccgt,2021-02-02 21:00:00,1.0
DE1,ccgt,2021-02-03 00:00:00,1.0
DE1,ccgt,2021-02-03 03:00:00,1.0
DE1,ccgt,2021-02-03 06:00:00,1.0
DE1,ccgt,2021-02-03 09:00:00,1.0
DE1,ccgt,2021-02-03 12:00:00,1.0
DE1,ccgt,2021-02-03 15:00:00,1.0
DE1,ccgt,2021-02-03 18:00:00,1.0
DE1,ccgt,2021-02-03 21:00:00,1.0
DE1,ccgt,2021-02-04 00:00:00,1.0
DE1,ccgt,2021-02-04 03:00:00,1.0
DE1,ccgt,2021-02-04 06:00:00,1.0
DE1,ccgt,2021-02-04 09:00:00,1.0
DE1,ccgt,2021-02-04 12:00:00,1.0
DE1,ccgt,2021-02-04 15:00:00,1.0
DE1,ccgt,2021-02-04 18:00:00,1.0
DE1,ccgt,2021-02-04 21:00:00,1.0
DE1,ccgt,2021-02-05 00:00:00,1.0
DE1,ccgt,2021-02-05 03:00:00,1.0
DE1,ccgt,2021-02-05 06:00:00,1.0
DE1,ccgt,2021-02-05 09:00:00,1.0
DE1,ccgt,2021-02-05 12:00:00,1.0
DE1,ccgt,2021-02-05 15:00:00,1.0
DE1,ccgt,2021-02-05 18:00:00,1.0
DE1,ccgt,2021-02-05 21:00:00,1.0
DE1,ccgt,2021-02-06 00:00:00,1.0
DE1,ccgt,2021-02-06 03:00:00,1.0
DE1,ccgt,2021-02-06 06:00:00,1.0
DE1,ccgt,2021-02-06 09:00:00,1.0
DE1,ccgt,2021-02-06 12:00:00,1.0
DE1,ccgt,2021-02-06 15:00:00,1.0
DE1,ccgt,2021-02-06 18:00:00,1.0
DE1,ccgt,2021-02-06 21:00:00,1.0
DE1,ccgt,2021-02-07 00:00:00,1.0
DE1,ccgt,2021-02-07 03:00:00,1.0
DE1,ccgt,2021-02-07 06:00:00,1.0
DE1,ccgt,2021-02-07 09:00:00,1.0
DE1,ccgt,2021-02-07 12:00:00,1.0
DE1,ccgt,2021-02-07 15:00:00,1.0
DE1,ccgt,2021-02-07 18:00:00,1.0
DE1,ccgt,2021-02-07 21:00:00,1.0
DE1,ccgt,2021-02-08 00:00:00,1.0
DE1,ccgt,2021-02-08 03:00:00,1.0
DE1,ccgt,2021-02-08 06:00:00,1.0
DE1,ccgt,2021-02-08 09:00:00,1.0
DE1,ccgt,2021-02-08 12:00:00,1.0
DE1,ccgt,2021-02-08 15:00:00,1.0
DE1,ccgt,2021-02-08 18:00:00,1.0
DE1,ccgt,2021-02-08 21:00:00,1.0
DE1,ccgt,2021-02-09 00:00:00,1.0
DE1,ccgt,2021-02-09 03:00:00,1.0
DE1,ccgt,2021-02-09 06:00:00,1.0
DE1,ccgt,2021-02-09 09:00:00,1.0
DE1,ccgt,2021-02-09 12:00:00,1.0
DE1,ccgt,2021-02-09 15:00:00,1.0
DE1,ccgt,2021-02-09 18:00:00,1.0
DE1,ccgt,2021-02-09 21:00:00,1.0
DE1,ccgt,2021-02-10 00:00:00,1.0
DE1,ccgt,2021-02-10 03:00:00,1.0
DE1,ccgt,2021-02-10 06:00:00,1.0
DE1,ccgt,2021-02-10 09:00:00,1.0
DE1,ccgt,2021-02-10 12:00:00,1.0
DE1,ccgt,2021-02-10 15:00:00,1.0
DE1,ccgt,2021-02-10 18:00:00,1.0
DE1,ccgt,2021-02-10 21:00:00,1.0
DE1,ccgt,2021-02-11 00:00:00,1.0
DE1,ccgt,2021-02-11 03:00:00,1.0
DE1,ccgt,2021-02-11 06:00:00,1.0
DE1,ccgt,2021-02-11 09:00:00,1.0
DE1,ccgt,2021-02-11 12:00:00,1.0
DE1,ccgt,2021-02-11 15:00:00,1.0
DE1,ccgt,2021-02-11 18:00:00,1.0
DE1,ccgt,2021-02-11 21:00:00,1.0
DE1,ccgt,2021-02-12 00:00:00,1.0
DE1,ccgt,2021-02-12 03:00:00,1.0
DE1,ccgt,2021-02-12 06:00:00,1.0
DE1,ccgt,2021-02-12 09:00:00,1.0
DE1,ccgt,2021-02-12 12:00:00,1.0
DE1,ccgt,2021-02-12 15:00:00,1.0
DE1,ccgt,2021-02-12 18:00:00,1.0
DE1,ccgt,2021-02-12 21:00:00,1.0
DE1,ccgt,2021-02-13 00:00:00,1.0
DE1,ccgt,2021-02-13 03:00:00,1.0
DE1,ccgt,2021-02-13 06:00:00,1.0
DE1,ccgt,2021-02-13 09:00:00,1.0
DE1,ccgt,2021-02-13 12:00:00,1.0
DE1,ccgt,2021-02-13 15:00:00,1.0
DE1,ccgt,2021-02-13 18:00:00,1.0
DE1,ccgt,2021-02-13 21:00:00,1.0
DE1,ccgt,2021-02-14 00:00:00,1.0
DE1,ccgt,2021-02-14 03:00:00,1.0
DE1,ccgt,2021-02-14 06:00:00,1.0
DE1,ccgt,2021-02-14 09:00:00,1.0
DE1,ccgt,2021-02-14 12:00:00,1.0
DE1,ccgt,2021-02-14 15:00:00,1.0
DE1,ccgt,2021-02-14 18:00:00,1.0
DE1,ccgt,2021-02-14 21:00:00,1.0
DE1,coal,2021-01-18 00:00:00,0.0
DE1,coal,2021-01-18 03:00:00,0.0
DE1,coal,2021-01-18 06:00:00,0.0
DE1,coal,2021-01-18 09:00:00,0.0
DE1,coal,2021-01-18 12:00:00,0.0
DE1,coal,2021-01-18 15:00:00,0.0
DE1,coal,2021-01-18 18:00:00,0.0
DE1,coal,2021-01-18 21:00:00,0.0
DE1,coal,2021-01-19 00:00:00,0.0
DE1,coal,2021-01-19 03:00:00,0.0
DE1,coal,2021-01-19 06:00:00,0.0
DE1,coal,2021-01-19 09:00:00,0.0
DE1,coal,2021-01-19 12:00:00,0.0
DE1,coal,2021-01-19 15:00:00,0.0
DE1,coal,2021-01-19 18:00:00,0.0
DE1,coal,2021-01-19 21:00:00,0.0
DE1,coal,2021-01-20 00:00:00,0.0
DE1,coal,2021-01-20 03:00:00,0.0
DE1,coal,2021-01-20 06:00:00,0.0
DE1,coal,2021-01-20 09:00:00,0.0
DE1,coal,2021-01-20 12:00:00,0.0
DE1,coal,2021-01-20 15:00:00,0.0
DE1,coal,2021-01-20 18:00:00,0.0
DE1,coal,2021-01-20 21:00:00,0.0
DE1,coal,2021-01-21 00:00:00,0.0
DE1,coal,2021-01-21 03:00:00,0.0
DE1,coal,2021-01-21 06:00:00,0.0
DE1,coal,2021-01-21 09:00:00,0.0
DE1,coal,2021-01-21 12:00:00,0.0
DE1,coal,2021-01-21 15:00:00,0.0
DE1,coal,2021-01-21 18:00:00,0.0
DE1,coal,2021-01-21 21:00:00,0.0
DE1,coal,2021-01-22 00:00:00,0.0
DE1,coal,2021-01-22 03:00:00,0.0
DE1,coal,2021-01-22 06:00:00,0.0
DE1,coal,2021-01-22 09:00:00,0.0
DE1,coal,2021-01-22 12:00:00,0.0
DE1,coal,2021-01-22 15:00:00,0.0
DE1,coal,2021-01-22 18:00:00,0.0
DE1,coal,2021-01-22 21:00:00,0.0
DE1,coal,2021-01-23 00:00:00,0.0
DE1,coal,2021-01-23 03:00:00,0.0
DE1,coal,2021-01-23 06:00:00,0.0
DE1,coal,2021-01-23 09:00:00,0.0
DE1,coal,2021-01-23 12:00:00,0.0
DE1,coal,2021-01-23 15:00:00,0.0
DE1,coal,2021-01-23 18:00:00,0.0
DE1,coal,2021-01-23 21:00:00,0.0
DE1,coal,2021-01-24 00:00:00,0.0
DE1,coal,2021-01-24 03:00:00,0.0
DE1,coal,2021-01-24 06:00:00,0.0
DE1,coal,2021-01-24 09:00:00,0.0
DE1,coal,2021-01-24 12:00:00,0.0
DE1,coal,2021-01-24 15:00:00,0.0
DE1,coal,2021-01-24 18:00:00,0.0
DE1,coal,2021-01-24 21:00:00,0.0
DE1,coal,2021-01-25 00:00:00,0.0
DE1,coal,2021-01-25 03:00:00,0.0
DE1,coal,2021-01-25 06:00:00,0.0
DE1,coal,2021-01-25 09:00:00,0.0
DE1,coal,2021-01-25 12:00:00,0.0
DE1,coal,2021-01-25 15:00:00,0.0
DE1,coal,2021-01-25 18:00:00,0.0
DE1,coal,2021-01-25 21:00:00,0.0
DE1,coal,2021-01-26 00:00:00,0.0
DE1,coal,2021-01-26 03:00:00,0.0
DE1,coal,2021-01-26 06:00:00,0.0
DE1,coal,2021-01-26 09:00:00,0.0
DE1,coal,2021-01-26 12:00:00,0.0
DE1,coal,2021-01-26 15:00:00,0.0
DE1,coal,2021-01-26 18:00:00,0.0
DE1,coal,2021-01-26 21:00:00,0.0
DE1,coal,2021-01-27 00:00:00,0.0
DE1,coal,2021-01-27 03:00:00,0.0
DE1,coal,2021-01-27 06:00:00,0.0
DE1,coal,2021-01-27 09:00:00,0.0
DE1,coal,2021-01-27 12:00:00,0.0
DE1,coal,2021-01-27 15:00:00,0.0
DE1,coal,2021-01-27 18:00:00,0.0
DE1,coal,2021-01-27 21:00:00,0.0
DE1,coal,2021-01-28 00:00:00,0.0
DE1,coal,2021-01-28 03:00:00,0.0
DE1,coal,2021-01-28 06:00:00,0.0
DE1,coal,2021-01-28 09:00:00,0.0
DE1,coal,2021-01-28 12:00:00,0.0
DE1,coal,2021-01-28 15:00:00,0.0
DE1,coal,2021-01-28 18:00:00,0.0
DE1,coal,2021-01-28 21:00:00,0.0
DE1,coal,2021-01-29 00:00:00,0.0
DE1,coal,2021-01-29 03:00:00,0.0
DE1,coal,2021-01-29 06:00:00,0.0
DE1,coal,2021-01-29 09:00:00,0.0
DE1,coal,2021-01-29 12:00:00,0.0
DE1,coal,2021-01-29 15:00:00,0.0
DE1,coal,2021-01-29 18:00:00,0.0
DE1,coal,2021-01-29 21:00:00,0.0
DE1,coal,2021-01-30 00:00:00,0.0
DE1,coal,2021-01-30 03:00:00,0.0
DE1,coal,2021-01-30 06:00:00,0.0
DE1,coal,2021-01-30 09:00:00,0.0
DE1,coal,2021-01-30 12:00:00,0.0
DE1,coal,2021-01-30 15:00:00,0.0
DE1,coal,2021-01-30 18:00:00,0.0
DE1,coal,2021-01-30 21:00:00,0.0
DE1,coal,2021-01-31 00:00:00,0.0
DE1,coal,2021-01-31 03:00:00,0.0
DE1,coal,2021-01-31 06:00:00,0.0
DE1,coal,2021-01-31 09:00:00,0.0
DE1,coal,2021-01-31 12:00:00,0.0
DE1,coal,2021-01-31 15:00:00,0.0
DE1,coal,2021-01-31 18:00:00,0.0
DE1,coal,2021-01-31 21:00:00,0.0
DE1,coal,2021-02-01 00:00:00,0.0
DE1,coal,2021-02-01 03:00:00,0.0
DE1,coal,2021-02-01 06:00:00,0.0
DE1,coal,2021-02-01 09:00:00,0.0
DE1,coal,2021-02-01 12:00:00,0.0
DE1,coal,2021-02-01 15:00:00,0.0
DE1,coal,2021-02-01 18:00:00,0.0
DE1,coal,2021-02-01 21:00:00,0.0
DE1,coal,2021-02-02 00:00:00,0.0
DE1,coal,2021-02-02 03:00:00,0.0
DE1,coal,2021-02-02 06:00:00,0.0
DE1,coal,2021-02-02 09:00:00,0.0
DE1,coal,2021-02-02 12:00:00,0.0
DE1,coal,2021-02-02 15:00:00,0.0
DE1,coal,2021-02-02 18:00:00,0.0
DE1,coal,2021-02-02 21:00:00,0.0
DE1,coal,2021-02-03 00:00:00,0.0
DE1,coal,2021-02-03 03:00:00,0.0
DE1,coal,2021-02-03 06:00:00,0.0
DE1,coal,2021-02-03 09:00:00,0.0
DE1,coal,2021-02-03 12:00:00,0.0
DE1,coal,2021-02-03 15:00:00,0.0
DE1,coal,2021-02-03 18:00:00,0.0
DE1,coal,2021-02-03 21:00:00,0.0
DE1,coal,2021-02-04 00:00:00,0.0
DE1,coal,2021-02-04 03:00:00,0.0
DE1,coal,2021-02-04 06:00:00,0.0
DE1,coal,2021-02-04 09:00:00,0.0
DE1,coal,2021-02-04 12:00:00,0.0
DE1,coal,2021-02-04 15:00:00,0.0
DE1,coal,2021-02-04 18:00:00,0.0
DE1,coal,2021-02-04 21:00:00,0.0
DE1,coal,2021-02-05 00:00:00,0.0
DE1,coal,2021-02-05 03:00:00,0.0
DE1,coal,2021-02-05 06:00:00,0.0
DE1,coal,2021-02-05 09:00:00,0.0
DE1,coal,2021-02-05 12:00:00,0.0
DE1,coal,2021-02-05 15:00:00,0.0
DE1,coal,2021-02-05 18:00:00,0.0
DE1,coal,2021-02-05 21:00:00,0.0
DE1,coal,2021-02-06 00:00:00,0.0
DE1,coal,2021-02-06 03:00:00,0.0
DE1,coal,2021-02-06 06:00:00,0.0
DE1,coal,2021-02-06 09:00:00,0.0
DE1,coal,2021-02-06 12:00:00,0.0
DE1,coal,2021-02-06 15:00:00,0.0
DE1,coal,2021-02-06 18:00:00,0.0
DE1,coal,2021-02-06 21:00:00,0.0
DE1,coal,2021-02-07 00:00:00,0.0
DE1,coal,2021-02-07 03:00:00,0.0
DE1,coal,2021-02-07 06:00:00,0.0
DE1,coal,2021-02-07 09:00:00,0.0
DE1,coal,2021-02-07 12:00:00,0.0
DE1,coal,2021-02-07 15:00:00,0.0
DE1,coal,2021-02-07 18:00:00,0.0
DE1,coal,2021-02-07 21:00:00,0.0
DE1,coal,2021-02-08 00:00:00,0.0
DE1,coal,2021-02-08 03:00:00,0.0
DE1,coal,2021-02-08 06:00:00,0.0
DE1,coal,2021-02-08 09:00:00,0.0
DE1,coal,2021-02-08 12:00:00,0.0
DE1,coal,2021-02-08 15:00:00,0.0
DE1,coal,2021-02-08 18:00:00,0.0
DE1,coal,2021-02-08 21:00:00,0.0
DE1,coal,2021-02-09 00:00:00,0.0
DE1,coal,2021-02-09 03:00:00,0.0
DE1,coal,2021-02-09 06:00:00,0.0
DE1,coal,2021-02-09 09:00:00,0.0
DE1,coal,2021-02-09 12:00:00,0.0
DE1,coal,2021-02-09 15:00:00,0.0
DE1,coal,2021-02-09 18:00:00,0.0
DE1,coal,2021-02-09 21:00:00,0.0
DE1,coal,2021-02-10 00:00:00,0.0
DE1,coal,2021-02-10 03:00:00,0.0
DE1,coal,2021-02-10 06:00:00,0.0
DE1,coal,2021-02-10 09:00:00,0.0
DE1,coal,2021-02-10 12:00:00,0.0
DE1,coal,2021-02-10 15:00:00,0.0
DE1,coal,2021-02-10 18:00:00,0.0
DE1,coal,2021-02-10 21:00:00,0.0
DE1,coal,2021-02-11 00:00:00,0.0
DE1,coal,2021-02-11 03:00:00,0.0
DE1,coal,2021-02-11 06:00:00,0.0
DE1,coal,2021-02-11 09:00:00,0.0
DE1,coal,2021-02-11 12:00:00,0.0
DE1,coal,2021-02-11 15:00:00,0.0
DE1,coal,2021-02-11 18:00:00,0.0
DE1,coal,2021-02-11 21:00:00,0.0
DE1,coal,2021-02-12 00:00:00,0.0
DE1,coal,2021-02-12 03:00:00,0.0
DE1,coal,2021-02-12 06:00:00,0.0
DE1,coal,2021-02-12 09:00:00,0.0
DE1,coal,2021-02-12 12:00:00,0.0
DE1,coal,2021-02-12 15:00:00,0.0
DE1,coal,2021-02-12 18:00:00,0.0
DE1,coal,2021-02-12 21:00:00,0.0
DE1,coal,2021-02-13 00:00:00,0.0
DE1,coal,2021-02-13 03:00:00,0.0
DE1,coal,2021-02-13 06:00:00,0.0
DE1,coal,2021-02-13 09:00:00,0.0
DE1,coal,2021-02-13 12:00:00,0.0
DE1,coal,2021-02-13 15:00:00,0.0
DE1,coal,2021-02-13 18:00:00,0.0
DE1,coal,2021-02-13 21:00:00,0.0
DE1,coal,2021-02-14 00:00:00,0.0
DE1,coal,2021-02-14 03:00:00,0.0
DE1,coal,2021-02-14 06:00:00,0.0
DE1,coal,2021-02-14 09:00:00,0.0
DE1,coal,2021-02-14 12:00:00,0.0
DE1,coal,2021-02-14 15:00:00,0.0
DE1,coal,2021-02-14 18:00:00,0.0
DE1,coal,2021-02-14 21:00:00,0.0
DE1,lignite,2021-01-18 00:00:00,0.0
DE1,lignite,2021-01-18 03:00:00,0.0
DE1,lignite,2021-01-18 06:00:00,0.0
DE1,lignite,2021-01-18 09:00:00,0.0
DE1,lignite,2021-01-18 12:00:00,0.0
DE1,lignite,2021-01-18 15:00:00,0.0
DE1,lignite,2021-01-18 18:00:00,0.0
DE1,lignite,2021-01-18 21:00:00,0.0
DE1,lignite,2021-01-19 00:00:00,0.0
DE1,lignite,2021-01-19 03:00:00,0.0
DE1,lignite,2021-01-19 06:00:00,0.0
DE1,lignite,2021-01-19 09:00:00,0.0
DE1,lignite,2021-01-19 12:00:00,0.0
DE1,lignite,2021-01-19 15:00:00,0.0
DE1,lignite,2021-01-19 18:00:00,0.0
DE1,lignite,2021-01-19 21:00:00,0.0
DE1,lignite,2021-01-20 00:00:00,0.0
DE1,lignite,2021-01-20 03:00:00,0.0
DE1,lignite,2021-01-20 06:00:00,0.0
DE1,lignite,2021-01-20 09:00:00,0.0
DE1,lignite,2021-01-20 12:00:00,0.0
DE1,lignite,2021-01-20 15:00:00,0.0
DE1,lignite,2021-01-20 18:00:00,0.0
DE1,lignite,2021-01-20 21:00:00,0.0
DE1,lignite,2021-01-21 00:00:00,0.0
DE1,lignite,2021-01-21 03:00:00,0.0
DE1,lignite,2021-01-21 06:00:00,0.0
DE1,lignite,2021-01-21 09:00:00,0.0
DE1,lignite,2021-01-21 12:00:00,0.0
DE1,lignite,2021-01-21 15:00:00,0.0
DE1,lignite,2021-01-21 18:00:00,0.0
DE1,lignite,2021-01-21 21:00:00,0.0
DE1,lignite,2021-01-22 00:00:00,0.0
DE1,lignite,2021-01-22 03:00:00,0.0
DE1,lignite,2021-01-22 06:00:00,0.0
DE1,lignite,2021-01-22 09:00:00,0.0
DE1,lignite,2021-01-22 12:00:00,0.0
DE1,lignite,2021-01-22 15:00:00,0.0
DE1,lignite,2021-01-22 18:00:00,0.0
DE1,lignite,2021-01-22 21:00:00,0.0
DE1,lignite,2021-01-23 00:00:00,0.0
DE1,lignite,2021-01-23 03:00:00,0.0
DE1,lignite,2021-01-23 06:00:00,0.0
DE1,lignite,2021-01-23 09:00:00,0.0
DE1,lignite,2021-01-23 12:00:00,0.0
DE1,lignite,2021-01-23 15:00:00,0.0
DE1,lignite,2021-01-23 18:00:00,0.0
DE1,lignite,2021-01-23 21:00:00,0.0
DE1,lignite,2021-01-24 00:00:00,0.0
DE1,lignite,2021-01-24 03:00:00,0.0
DE1,lignite,2021-01-24 06:00:00,0.0
DE1,lignite,2021-01-24 09:00:00,0.0
DE1,lignite,2021-01-24 12:00:00,0.0
DE1,lignite,2021-01-24 15:00:00,0.0
DE1,lignite,2021-01-24 18:00:00,0.0
DE1,lignite,2021-01-24 21:00:00,0.0
DE1,lignite,2021-01-25 00:00:00,0.0
DE1,lignite,2021-01-25 03:00:00,0.0
DE1,lignite,2021-01-25 06:00:00,0.0
DE1,lignite,2021-01-25 09:00:00,0.0
DE1,lignite,2021-01-25 12:00:00,0.0
DE1,lignite,2021-01-25 15:00:00,0.0
DE1,lignite,2021-01-25 18:00:00,0.0
DE1,lignite,2021-01-25 21:00:00,0.0
DE1,lignite,2021-01-26 00:00:00,0.0
DE1,lignite,2021-01-26 03:00:00,0.0
DE1,lignite,2021-01-26 06:00:00,0.0
DE1,lignite,2021-01-26 09:00:00,0.0
DE1,lignite,2021-01-26 12:00:00,0.0
DE1,lignite,2021-01-26 15:00:00,0.0
DE1,lignite,2021-01-26 18:00:00,0.0
DE1,lignite,2021-01-26 21:00:00,0.0
DE1,lignite,2021-01-27 00:00:00,0.0
DE1,lignite,2021-01-27 03:00:00,0.0
DE1,lignite,2021-01-27 06:00:00,0.0
DE1,lignite,2021-01-27 09:00:00,0.0
DE1,lignite,2021-01-27 12:00:00,0.0
DE1,lignite,2021-01-27 15:00:00,0.0
DE1,lignite,2021-01-27 18:00:00,0.0
DE1,lignite,2021-01-27 21:00:00,0.0
DE1,lignite,2021-01-28 00:00:00,0.0
DE1,lignite,2021-01-28 03:00:00,0.0
DE1,lignite,2021-01-28 06:00:00,0.0
DE1,lignite,2021-01-28 09:00:00,0.0
DE1,lignite,2021-01-28 12:00:00,0.0
DE1,lignite,2021-01-28 15:00:00,0.0
DE1,lignite,2021-01-28 18:00:00,0.0
DE1,lignite,2021-01-28 21:00:00,0.0
DE1,lignite,2021-01-29 00:00:00,0.0
DE1,lignite,2021-01-29 03:00:00,0.0
DE1,lignite,2021-01-29 06:00:00,0.0
DE1,lignite,2021-01-29 09:00:00,0.0
DE1,lignite,2021-01-29 12:00:00,0.0
DE1,lignite,2021-01-29 15:00:00,0.0
DE1,lignite,2021-01-29 18:00:00,0.0
DE1,lignite,2021-01-29 21:00:00,0.0
DE1,lignite,2021-01-30 00:00:00,0.0
DE1,lignite,2021-01-30 03:00:00,0.0
DE1,lignite,2021-01-30 06:00:00,0.0
DE1,lignite,2021-01-30 09:00:00,0.0
DE1,lignite,2021-01-30 12:00:00,0.0
DE1,lignite,2021-01-30 15:00:00,0.0
DE1,lignite,2021-01-30 18:00:00,0.0
DE1,lignite,2021-01-30 21:00:00,0.0
DE1,lignite,2021-01-31 00:00:00,0.0
DE1,lignite,2021-01-31 03:00:00,0.0
DE1,lignite,2021-01-31 06:00:00,0.0
DE1,lignite,2021-01-31 09:00:00,0.0
DE1,lignite,2021-01-31 12:00:00,0.0
DE1,lignite,2021-01-31 15:00:00,0.0
DE1,lignite,2021-01-31 18:00:00,0.0
DE1,lignite,2021-01-31 21:00:00,0.0
DE1,lignite,2021-02-01 00:00:00,0.0
DE1,lignite,2021-02-01 03:00:00,0.0
DE1,lignite,2021-02-01 06:00:00,0.0
DE1,lignite,2021-02-01 09:00:00,0.0
DE1,lignite,2021-02-01 12:00:00,0.0
DE1,lignite,2021-02-01 15:00:00,0.0
DE1,lignite,2021-02-01 18:00:00,0.0
DE1,lignite,2021-02-01 21:00:00,0.0
DE1,lignite,2021-02-02 00:00:00,0.0
DE1,lignite,2021-02-02 03:00:00,0.0
DE1,lignite,2021-02-02 06:00:00,0.0
DE1,lignite,2021-02-02 09:00:00,0.0
DE1,lignite,2021-02-02 12:00:00,0.0
DE1,lignite,2021-02-02 15:00:00,0.0
DE1,lignite,2021-02-02 18:00:00,0.0
DE1,lignite,2021-02-02 21:00:00,0.0
DE1,lignite,2021-02-03 00:00:00,0.0
DE1,lignite,2021-02-03 03:00:00,0.0
DE1,lignite,2021-02-03 06:00:00,0.0
DE1,lignite,2021-02-03 09:00:00,0.0
DE1,lignite,2021-02-03 12:00:00,0.0
DE1,lignite,2021-02-03 15:00:00,0.0
DE1,lignite,2021-02-03 18:00:00,0.0
DE1,lignite,2021-02-03 21:00:00,0.0
DE1,lignite,2021-02-04 00:00:00,0.0
DE1,lignite,2021-02-04 03:00:00,0.0
DE1,lignite,2021-02-04 06:00:00,0.0
DE1,lignite,2021-02-04 09:00:00,0.0
DE1,lignite,2021-02-04 12:00:00,0.0
DE1,lignite,2021-02-04 15:00:00,0.0
DE1,lignite,2021-02-04 18:00:00,0.0
DE1,lignite,2021-02-04 21:00:00,0.0
DE1,lignite,2021-02-05 00:00:00,0.0
DE1,lignite,2021-02-05 03:00:00,0.0
DE1,lignite,2021-02-05 06:00:00,0.0
DE1,lignite,2021-02-05 09:00:00,0.0
DE1,lignite,2021-02-05 12:00:00,0.0
DE1,lignite,2021-02-05 15:00:00,0.0
DE1,lignite,2021-02-05 18:00:00,0.0
DE1,lignite,2021-02-05 21:00:00,0.0
DE1,lignite,2021-02-06 00:00:00,0.0
DE1,lignite,2021-02-06 03:00:00,0.0
DE1,lignite,2021-02-06 06:00:00,0.0
DE1,lignite,2021-02-06 09:00:00,0.0
DE1,lignite,2021-02-06 12:00:00,0.0
DE1,lignite,2021-02-06 15:00:00,0.0
DE1,lignite,2021-02-06 18:00:00,0.0
DE1,lignite,2021-02-06 21:00:00,0.0
DE1,lignite,2021-02-07 00:00:00,0.0
DE1,lignite,2021-02-07 03:00:00,0.0
DE1,lignite,2021-02-07 06:00:00,0.0
DE1,lignite,2021-02-07 09:00:00,0.0
DE1,lignite,2021-02-07 12:00:00,0.0
DE1,lignite,2021-02-07 15:00:00,0.0
DE1,lignite,2021-02-07 18:00:00,0.0
DE1,lignite,2021-02-07 21:00:00,0.0
DE1,lignite,2021-02-08 00:00:00,0.0
DE1,lignite,2021-02-08 03:00:00,0.0
DE1,lignite,2021-02-08 06:00:00,0.0
DE1,lignite,2021-02-08 09:00:00,0.0
DE1,lignite,2021-02-08 12:00:00,0.0
DE1,lignite,2021-02-08 15:00:00,0.0
DE1,lignite,2021-02-08 18:00:00,0.0
DE1,lignite,2021-02-08 21:00:00,0.0
DE1,lignite,2021-02-09 00:00:00,0.0
DE1,lignite,2021-02-09 03:00:00,0.0
DE1,lignite,2021-02-09 06:00:00,0.0
DE1,lignite,2021-02-09 09:00:00,0.0
DE1,lignite,2021-02-09 12:00:00,0.0
DE1,lignite,2021-02-09 15:00:00,0.0
DE1,lignite,2021-02-09 18:00:00,0.0
DE1,lignite,2021-02-09 21:00:00,0.0
DE1,lignite,2021-02-10 00:00:00,0.0
DE1,lignite,2021-02-10 03:00:00,0.0
DE1,lignite,2021-02-10 06:00:00,0.0
DE1,lignite,2021-02-10 09:00:00,0.0
DE1,lignite,2021-02-10 12:00:00,0.0
DE1,lignite,2021-02-10 15:00:00,0.0
DE1,lignite,2021-02-10 18:00:00,0.0
DE1,lignite,2021-02-10 21:00:00,0.0
DE1,lignite,2021-02-11 00:00:00,0.0
DE1,lignite,2021-02-11 03:00:00,0.0
DE1,lignite,2021-02-11 06:00:00,0.0
DE1,lignite,2021-02-11 09:00:00,0.0
DE1,lignite,2021-02-11 12:00:00,0.0
DE1,lignite,2021-02-11 15:00:00,0.0
DE1,lignite,2021-02-11 18:00:00,0.0
DE1,lignite,2021-02-11 21:00:00,0.0
DE1,lignite,2021-02-12 00:00:00,0.0
DE1,lignite,2021-02-12 03:00:00,0.0
DE1,lignite,2021-02-12 06:00:00,0.0
DE1,lignite,2021-02-12 09:00:00,0.0
DE1,lignite,2021-02-12 12:00:00,0.0
DE1,lignite,2021-02-12 15:00:00,0.0
DE1,lignite,2021-02-12 18:00:00,0.0
DE1,lignite,2021-02-12 21:00:00,0.0
DE1,lignite,2021-02-13 00:00:00,0.0
DE1,lignite,2021-02-13 03:00:00,0.0
DE1,lignite,2021-02-13 06:00:00,0.0
DE1,lignite,2021-02-13 09:00:00,0.0
DE1,lignite,2021-02-13 12:00:00,0.0
DE1,lignite,2021-02-13 15:00:00,0.0
DE1,lignite,2021-02-13 18:00:00,0.0
DE1,lignite,2021-02-13 21:00:00,0.0
DE1,lignite,2021-02-14 00:00:00,0.0
DE1,lignite,2021-02-14 03:00:00,0.0
DE1,lignite,2021-02-14 06:00:00,0.0
DE1,lignite,2021-02-14 09:00:00,0.0
DE1,lignite,2021-02-14 12:00:00,0.0
DE1,lignite,2021-02-14 15:00:00,0.0
DE1,lignite,2021-02-14 18:00:00,0.0
DE1,lignite,2021-02-14 21:00:00,0.0
DE1,ocgt,2021-01-18 00:00:00,0.9999999999999982
DE1,ocgt,2021-01-18 03:00:00,0.9999999999999982
DE1,ocgt,2021-01-18 06:00:00,0.9999999999999982
DE1,ocgt,2021-01-18 09:00:00,0.9999999999999982
DE1,ocgt,2021-01-18 12:00:00,0.9999999999999982
DE1,ocgt,2021-01-18 15:00:00,0.9999999999999982
DE1,ocgt,2021-01-18 18:00:00,0.9999999999999982
DE1,ocgt,2021-01-18 21:00:00,0.9999999999999982
DE1,ocgt,2021-01-19 00:00:00,0.9999999999999982
DE1,ocgt,2021-01-19 03:00:00,0.9999999999999982
DE1,ocgt,2021-01-19 06:00:00,0.9999999999999982
DE1,ocgt,2021-01-19 09:00:00,0.9999999999999982
DE1,ocgt,2021-01-19 12:00:00,0.9999999999999982
DE1,ocgt,2021-01-19 15:00:00,0.9999999999999982
DE1,ocgt,2021-01-19 18:00:00,0.9999999999999982
DE1,ocgt,2021-01-19 21:00:00,0.9999999999999982
DE1,ocgt,2021-01-20 00:00:00,0.9999999999999982
DE1,ocgt,2021-01-20 03:00:00,0.9999999999999982
DE1,ocgt,2021-01-20 06:00:00,0.9999999999999982
DE1,ocgt,2021-01-20 09:00:00,0.9999999999999982
DE1,ocgt,2021-01-20 12:00:00,0.9999999999999982
DE1,ocgt,2021-01-20 15:00:00,0.9999999999999982
DE1,ocgt,2021-01-20 18:00:00,0.9999999999999982
DE1,ocgt,2021-01-20 21:00:00,0.9999999999999982
DE1,ocgt,2021-01-21 00:00:00,0.9999999999999982
DE1,ocgt,2021-01-21 03:00:00,0.9999999999999982
DE1,ocgt,2021-01-21 06:00:00,0.9999999999999982
DE1,ocgt,2021-01-21 09:00:00,0.9999999999999982
DE1,ocgt,2021-01-21 12:00:00,0.9999999999999982
DE1,ocgt,2021-01-21 15:00:00,0.9999999999999982
DE1,ocgt,2021-01-21 18:00:00,0.9999999999999982
DE1,ocgt,2021-01-21 21:00:00,0.9999999999999982
DE1,ocgt,2021-01-22 00:00:00,0.9999999999999982
DE1,ocgt,2021-01-22 03:00:00,0.9999999999999982
DE1,ocgt,2021-01-22 06:00:00,0.9999999999999982
DE1,ocgt,2021-01-22 09:00:00,0.9999999999999982
DE1,ocgt,2021-01-22 12:00:00,0.9999999999999982
DE1,ocgt,2021-01-22 15:00:00,0.9999999999999982
DE1,ocgt,2021-01-22 18:00:00,0.9999999999999982
DE1,ocgt,2021-01-22 21:00:00,0.9999999999999982
DE1,ocgt,2021-01-23 00:00:00,0.9999999999999982
DE1,ocgt,2021-01-23 03:00:00,0.9999999999999982
DE1,ocgt,2021-01-23 06:00:00,0.9999999999999982
DE1,ocgt,2021-01-23 09:00:00,0.9999999999999982
DE1,ocgt,2021-01-23 12:00:00,0.9999999999999982
DE1,ocgt,2021-01-23 15:00:00,0.9999999999999982
DE1,ocgt,2021-01-23 18:00:00,0.9999999999999982
DE1,ocgt,2021-01-23 21:00:00,0.9999999999999982
DE1,ocgt,2021-01-24 00:00:00,0.9999999999999982
DE1,ocgt,2021-01-24 03:00:00,0.9999999999999982
DE1,ocgt,2021-01-24 06:00:00,0.9999999999999982
DE1,ocgt,2021-01-24 09:00:00,0.9999999999999982
DE1,ocgt,2021-01-24 12:00:00,0.9999999999999982
DE1,ocgt,2021-01-24 15:00:00,0.9999999999999982
DE1,ocgt,2021-01-24 18:00:00,0.9999999999999982
DE1,ocgt,2021-01-24 21:00:00,0.9999999999999982
DE1,ocgt,2021-01-25 00:00:00,0.9999999999999982
DE1,ocgt,2021-01-25 03:00:00,0.9999999999999982
DE1,ocgt,2021-01-25 06:00:00,0.9999999999999982
DE1,ocgt,2021-01-25 09:00:00,0.9999999999999982
DE1,ocgt,2021-01-25 12:00:00,0.9999999999999982
DE1,ocgt,2021-01-25 15:00:00,0.9999999999999982
DE1,ocgt,2021-01-25 18:00:00,0.9999999999999982
DE1,ocgt,2021-01-25 21:00:00,0.9999999999999982
DE1,ocgt,2021-01-26 00:00:00,0.9999999999999982
DE1,ocgt,2021-01-26 03:00:00,0.9999999999999982
DE1,ocgt,2021-01-26 06:00:00,0.9999999999999982
DE1,ocgt,2021-01-26 09:00:00,0.9999999999999982
DE1,ocgt,2021-01-26 12:00:00,0.9999999999999982
DE1,ocgt,2021-01-26 15:00:00,0.9999999999999982
DE1,ocgt,2021-01-26 18:00:00,0.9999999999999982
DE1,ocgt,2021-01-26 21:00:00,0.9999999999999982
DE1,ocgt,2021-01-27 00:00:00,0.9999999999999982
DE1,ocgt,2021-01-27 03:00:00,0.9999999999999982
DE1,ocgt,2021-01-27 06:00:00,0.9999999999999982
DE1,ocgt,2021-01-27 09:00:00,0.9999999999999982
DE1,ocgt,2021-01-27 12:00:00,0.9999999999999982
DE1,ocgt,2021-01-27 15:00:00,0.9999999999999982
DE1,ocgt,2021-01-27 18:00:00,0.9999999999999982
DE1,ocgt,2021-01-27 21:00:00,0.9999999999999982
DE1,ocgt,2021-01-28 00:00:00,0.9999999999999982
DE1,ocgt,2021-01-28 03:00:00,0.9999999999999982
DE1,ocgt,2021-01-28 06:00:00,0.9999999999999982
DE1,ocgt,2021-01-28 09:00:00,0.9999999999999982
DE1,ocgt,2021-01-28 12:00:00,0.9999999999999982
DE1,ocgt,2021-01-28 15:00:00,0.9999999999999982
DE1,ocgt,2021-01-28 18:00:00,0.9999999999999982
DE1,ocgt,2021-01-28 21:00:00,0.9999999999999982
DE1,ocgt,2021-01-29 00:00:00,0.9999999999999982
DE1,ocgt,2021-01-29 03:00:00,0.9999999999999982
DE1,ocgt,2021-01-29 06:00:00,0.9999999999999982
DE1,ocgt,2021-01-29 09:00:00,0.9999999999999982
DE1,ocgt,2021-01-29 12:00:00,0.9999999999999982
DE1,ocgt,2021-01-29 15:00:00,0.9999999999999982
DE1,ocgt,2021-01-29 18:00:00,0.9999999999999982
DE1,ocgt,2021-01-29 21:00:00,0.9999999999999982
DE1,ocgt,2021-01-30 00:00:00,0.9999999999999982
DE1,ocgt,2021-01-30 03:00:00,0.9999999999999982
DE1,ocgt,2021-01-30 06:00:00,0.9999999999999982
DE1,ocgt,2021-01-30 09:00:00,0.9999999999999982
DE1,ocgt,2021-01-30 12:00:00,0.9999999999999982
DE1,ocgt,2021-01-30 15:00:00,0.9999999999999982
DE1,ocgt,2021-01-30 18:00:00,0.9999999999999982
DE1,ocgt,2021-01-30 21:00:00,0.9999999999999982
DE1,ocgt,2021-01-31 00:00:00,0.9999999999999982
DE1,ocgt,2021-01-31 03:00:00,0.9999999999999982
DE1,ocgt,2021-01-31 06:00:00,0.9999999999999982
DE1,ocgt,2021-01-31 09:00:00,0.9999999999999982
DE1,ocgt,2021-01-31 12:00:00,0.9999999999999982
DE1,ocgt,2021-01-31 15:00:00,0.9999999999999982
DE1,ocgt,2021-01-31 18:00:00,0.9999999999999982
DE1,ocgt,2021-01-31 21:00:00,0.9999999999999982
DE1,ocgt,2021-02-01 00:00:00,0.9999999999999982
DE1,ocgt,2021-02-01 03:00:00,0.9999999999999982
DE1,ocgt,2021-02-01 06:00:00,0.9999999999999982
DE1,ocgt,2021-02-01 09:00:00,0.9999999999999982
DE1,ocgt,2021-02-01 12:00:00,0.9999999999999982
DE1,ocgt,2021-02-01 15:00:00,0.9999999999999982
DE1,ocgt,2021-02-01 18:00:00,0.9999999999999982
DE1,ocgt,2021-02-01 21:00:00,0.9999999999999982
DE1,ocgt,2021-02-02 00:00:00,0.9999999999999982
DE1,ocgt,2021-02-02 03:00:00,0.9999999999999982
DE1,ocgt,2021-02-02 06:00:00,0.9999999999999982
DE1,ocgt,2021-02-02 09:00:00,0.9999999999999982
DE1,ocgt,2021-02-02 12:00:00,0.9999999999999982
DE1,ocgt,2021-02-02 15:00:00,0.9999999999999982
DE1,ocgt,2021-02-02 18:00:00,0.9999999999999982
DE1,ocgt,2021-02-02 21:00:00,0.9999999999999982
DE1,ocgt,2021-02-03 00:00:00,0.9999999999999982
DE1,ocgt,2021-02-03 03:00:00,0.9999999999999982
DE1,ocgt,2021-02-03 06:00:00,0.9999999999999982
DE1,ocgt,2021-02-03 09:00:00,0.9999999999999982
DE1,ocgt,2021-02-03 12:00:00,0.9999999999999982
DE1,ocgt,2021-02-03 15:00:00,0.9999999999999982
DE1,ocgt,2021-02-03 18:00:00,0.9999999999999982
DE1,ocgt,2021-02-03 21:00:00,0.9999999999999982
DE1,ocgt,2021-02-04 00:00:00,0.9999999999999982
DE1,ocgt,2021-02-04 03:00:00,0.9999999999999982
DE1,ocgt,2021-02-04 06:00:00,0.9999999999999982
DE1,ocgt,2021-02-04 09:00:00,0.9999999999999982
DE1,ocgt,2021-02-04 12:00:00,0.9999999999999982
DE1,ocgt,2021-02-04 15:00:00,0.9999999999999982
DE1,ocgt,2021-02-04 18:00:00,0.9999999999999982
DE1,ocgt,2021-02-04 21:00:00,0.9999999999999982
DE1,ocgt,2021-02-05 00:00:00,0.9999999999999982
DE1,ocgt,2021-02-05 03:00:00,0.9999999999999982
DE1,ocgt,2021-02-05 06:00:00,0.9999999999999982
DE1,ocgt,2021-02-05 09:00:00,0.9999999999999982
DE1,ocgt,2021-02-05 12:00:00,0.9999999999999982
DE1,ocgt,2021-02-05 15:00:00,0.9999999999999982
DE1,ocgt,2021-02-05 18:00:00,0.9999999999999982
DE1,ocgt,2021-02-05 21:00:00,0.9999999999999982
DE1,ocgt,2021-02-06 00:00:00,0.9999999999999982
DE1,ocgt,2021-02-06 03:00:00,0.9999999999999982
DE1,ocgt,2021-02-06 06:00:00,0.9999999999999982
DE1,ocgt,2021-02-06 09:00:00,0.9999999999999982
DE1,ocgt,2021-02-06 12:00:00,0.9999999999999982
DE1,ocgt,2021-02-06 15:00:00,0.9999999999999982
DE1,ocgt,2021-02-06 18:00:00,0.9999999999999982
DE1,ocgt,2021-02-06 21:00:00,0.9999999999999982
DE1,ocgt,2021-02-07 00:00:00,0.9999999999999982
DE1,ocgt,2021-02-07 03:00:00,0.9999999999999982
DE1,ocgt,2021-02-07 06:00:00,0.9999999999999982
DE1,ocgt,2021-02-07 09:00:00,0.9999999999999982
DE1,ocgt,2021-02-07 12:00:00,0.9999999999999982
DE1,ocgt,2021-02-07 15:00:00,0.9999999999999982
DE1,ocgt,2021-02-07 18:00:00,0.9999999999999982
DE1,ocgt,2021-02-07 21:00:00,0.9999999999999982
DE1,ocgt,2021-02-08 00:00:00,0.9999999999999982
DE1,ocgt,2021-02-08 03:00:00,0.9999999999999982
DE1,ocgt,2021-02-08 06:00:00,0.9999999999999982
DE1,ocgt,2021-02-08 09:00:00,0.9999999999999982
DE1,ocgt,2021-02-08 12:00:00,0.9999999999999982
DE1,ocgt,2021-02-08 15:00:00,0.9999999999999982
DE1,ocgt,2021-02-08 18:00:00,0.9999999999999982
DE1,ocgt,2021-02-08 21:00:00,0.9999999999999982
DE1,ocgt,2021-02-09 00:00:00,0.9999999999999982
DE1,ocgt,2021-02-09 03:00:00,0.9999999999999982
DE1,ocgt,2021-02-09 06:00:00,0.9999999999999982
DE1,ocgt,2021-02-09 09:00:00,0.9999999999999982
DE1,ocgt,2021-02-09 12:00:00,0.9999999999999982
DE1,ocgt,2021-02-09 15:00:00,0.9999999999999982
DE1,ocgt,2021-02-09 18:00:00,0.9999999999999982
DE1,ocgt,2021-02-09 21:00:00,0.9999999999999982
DE1,ocgt,2021-02-10 00:00:00,0.9999999999999982
DE1,ocgt,2021-02-10 03:00:00,0.9999999999999982
DE1,ocgt,2021-02-10 06:00:00,0.9999999999999982
DE1,ocgt,2021-02-10 09:00:00,0.9999999999999982
DE1,ocgt,2021-02-10 12:00:00,0.9999999999999982
DE1,ocgt,2021-02-10 15:00:00,0.9999999999999982
DE1,ocgt,2021-02-10 18:00:00,0.9999999999999982
DE1,ocgt,2021-02-10 21:00:00,0.9999999999999982
DE1,ocgt,2021-02-11 00:00:00,0.9999999999999982
DE1,ocgt,2021-02-11 03:00:00,0.9999999999999982
DE1,ocgt,2021-02-11 06:00:00,0.9999999999999982
DE1,ocgt,2021-02-11 09:00:00,0.9999999999999982
DE1,ocgt,2021-02-11 12:00:00,0.9999999999999982
DE1,ocgt,2021-02-11 15:00:00,0.9999999999999982
DE1,ocgt,2021-02-11 18:00:00,0.9999999999999982
DE1,ocgt,2021-02-11 21:00:00,0.9999999999999982
DE1,ocgt,2021-02-12 00:00:00,0.9999999999999982
DE1,ocgt,2021-02-12 03:00:00,0.9999999999999982
DE1,ocgt,2021-02-12 06:00:00,0.9999999999999982
DE1,ocgt,2021-02-12 09:00:00,0.9999999999999982
DE1,ocgt,2021-02-12 12:00:00,0.9999999999999982
DE1,ocgt,2021-02-12 15:00:00,0.9999999999999982
DE1,ocgt,2021-02-12 18:00:00,0.9999999999999982
DE1,ocgt,2021-02-12 21:00:00,0.9999999999999982
DE1,ocgt,2021-02-13 00:00:00,0.9999999999999982
DE1,ocgt,2021-02-13 03:00:00,0.9999999999999982
DE1,ocgt,2021-02-13 06:00:00,0.9999999999999982
DE1,ocgt,2021-02-13 09:00:00,0.9999999999999982
DE1,ocgt,2021-02-13 12:00:00,0.9999999999999982
DE1,ocgt,2021-02-13 15:00:00,0.9999999999999982
DE1,ocgt,2021-02-13 18:00:00,0.9999999999999982
DE1,ocgt,2021-02-13 21:00:00,0.9999999999999982
DE1,ocgt,2021-02-14 00:00:00,0.9999999999999982
DE1,ocgt,2021-02-14 03:00:00,0.9999999999999982
DE1,ocgt,2021-02-14 06:00:00,0.9999999999999982
DE1,ocgt,2021-02-14 09:00:00,0.9999999999999982
DE1,ocgt,2021-02-14 12:00:00,0.9999999999999982
DE1,ocgt,2021-02-14 15:00:00,0.9999999999999982
DE1,ocgt,2021-02-14 18:00:00,0.9999999999999982
DE1,ocgt,2021-02-14 21:00:00,0.9999999999999982
DE1,oil,2021-01-18 00:00:00,1.0
DE1,oil,2021-01-18 03:00:00,1.0
DE1,oil,2021-01-18 06:00:00,1.0
DE1,oil,2021-01-18 09:00:00,1.0
DE1,oil,2021-01-18 12:00:00,1.0
DE1,oil,2021-01-18 15:00:00,1.0
DE1,oil,2021-01-18 18:00:00,1.0
DE1,oil,2021-01-18 21:00:00,1.0
DE1,oil,2021-01-19 00:00:00,1.0
DE1,oil,2021-01-19 03:00:00,1.0
DE1,oil,2021-01-19 06:00:00,1.0
DE1,oil,2021-01-19 09:00:00,1.0
DE1,oil,2021-01-19 12:00:00,1.0
DE1,oil,2021-01-19 15:00:00,1.0
DE1,oil,2021-01-19 18:00:00,1.0
DE1,oil,2021-01-19 21:00:00,1.0
DE1,oil,2021-01-20 00:00:00,1.0
DE1,oil,2021-01-20 03:00:00,1.0
DE1,oil,2021-01-20 06:00:00,1.0
DE1,oil,2021-01-20 09:00:00,1.0
DE1,oil,2021-01-20 12:00:00,1.0
DE1,oil,2021-01-20 15:00:00,1.0
DE1,oil,2021-01-20 18:00:00,1.0
DE1,oil,2021-01-20 21:00:00,1.0
DE1,oil,2021-01-21 00:00:00,1.0
DE1,oil,2021-01-21 03:00:00,1.0
DE1,oil,2021-01-21 06:00:00,1.0
DE1,oil,2021-01-21 09:00:00,1.0
DE1,oil,2021-01-21 12:00:00,1.0
DE1,oil,2021-01-21 15:00:00,1.0
DE1,oil,2021-01-21 18:00:00,1.0
DE1,oil,2021-01-21 21:00:00,1.0
DE1,oil,2021-01-22 00:00:00,1.0
DE1,oil,2021-01-22 03:00:00,1.0
DE1,oil,2021-01-22 06:00:00,1.0
DE1,oil,2021-01-22 09:00:00,1.0
DE1,oil,2021-01-22 12:00:00,1.0
DE1,oil,2021-01-22 15:00:00,1.0
DE1,oil,2021-01-22 18:00:00,1.0
DE1,oil,2021-01-22 21:00:00,1.0
DE1,oil,2021-01-23 00:00:00,1.0
DE1,oil,2021-01-23 03:00:00,1.0
DE1,oil,2021-01-23 06:00:00,1.0
DE1,oil,2021-01-23 09:00:00,1.0
DE1,oil,2021-01-23 12:00:00,1.0
DE1,oil,2021-01-23 15:00:00,1.0
DE1,oil,2021-01-23 18:00:00,1.0
DE1,oil,2021-01-23 21:00:00,1.0
DE1,oil,2021-01-24 00:00:00,1.0
DE1,oil,2021-01-24 03:00:00,1.0
DE1,oil,2021-01-24 06:00:00,1.0
DE1,oil,2021-01-24 09:00:00,1.0
DE1,oil,2021-01-24 12:00:00,1.0
DE1,oil,2021-01-24 15:00:00,1.0
DE1,oil,2021-01-24 18:00:00,1.0
DE1,oil,2021-01-24 21:00:00,1.0
DE1,oil,2021-01-25 00:00:00,1.0
DE1,oil,2021-01-25 03:00:00,1.0
DE1,oil,2021-01-25 06:00:00,1.0
DE1,oil,2021-01-25 09:00:00,1.0
DE1,oil,2021-01-25 12:00:00,1.0
DE1,oil,2021-01-25 15:00:00,1.0
DE1,oil,2021-01-25 18:00:00,1.0
DE1,oil,2021-01-25 21:00:00,1.0
DE1,oil,2021-01-26 00:00:00,1.0
DE1,oil,2021-01-26 03:00:00,1.0
DE1,oil,2021-01-26 06:00:00,1.0
DE1,oil,2021-01-26 09:00:00,1.0
DE1,oil,2021-01-26 12:00:00,1.0
DE1,oil,2021-01-26 15:00:00,1.0
DE1,oil,2021-01-26 18:00:00,1.0
DE1,oil,2021-01-26 21:00:00,1.0
DE1,oil,2021-01-27 00:00:00,1.0
DE1,oil,2021-01-27 03:00:00,1.0
DE1,oil,2021-01-27 06:00:00,1.0
DE1,oil,2021-01-27 09:00:00,1.0
DE1,oil,2021-01-27 12:00:00,1.0
DE1,oil,2021-01-27 15:00:00,1.0
DE1,oil,2021-01-27 18:00:00,1.0
DE1,oil,2021-01-27 21:00:00,1.0
DE1,oil,2021-01-28 00:00:00,1.0
DE1,oil,2021-01-28 03:00:00,1.0
DE1,oil,2021-01-28 06:00:00,1.0
DE1,oil,2021-01-28 09:00:00,1.0
DE1,oil,2021-01-28 12:00:00,1.0
DE1,oil,2021-01-28 15:00:00,1.0
DE1,oil,2021-01-28 18:00:00,1.0
DE1,oil,2021-01-28 21:00:00,1.0
DE1,oil,2021-01-29 00:00:00,1.0
DE1,oil,2021-01-29 03:00:00,1.0
DE1,oil,2021-01-29 06:00:00,1.0
DE1,oil,2021-01-29 09:00:00,1.0
DE1,oil,2021-01-29 12:00:00,1.0
DE1,oil,2021-01-29 15:00:00,1.0
DE1,oil,2021-01-29 18:00:00,1.0
DE1,oil,2021-01-29 21:00:00,1.0
DE1,oil,2021-01-30 00:00:00,1.0
DE1,oil,2021-01-30 03:00:00,1.0
DE1,oil,2021-01-30 06:00:00,1.0
DE1,oil,2021-01-30 09:00:00,1.0
DE1,oil,2021-01-30 12:00:00,1.0
DE1,oil,2021-01-30 15:00:00,1.0
DE1,oil,2021-01-30 18:00:00,1.0
DE1,oil,2021-01-30 21:00:00,1.0
DE1,oil,2021-01-31 00:00:00,1.0
DE1,oil,2021-01-31 03:00:00,1.0
DE1,oil,2021-01-31 06:00:00,1.0
DE1,oil,2021-01-31 09:00:00,1.0
DE1,oil,2021-01-31 12:00:00,1.0
DE1,oil,2021-01-31 15:00:00,1.0
DE1,oil,2021-01-31 18:00:00,1.0
DE1,oil,2021-01-31 21:00:00,1.0
DE1,oil,2021-02-01 00:00:00,1.0
DE1,oil,2021-02-01 03:00:00,1.0
DE1,oil,2021-02-01 06:00:00,1.0
DE1,oil,2021-02-01 09:00:00,1.0
DE1,oil,2021-02-01 12:00:00,1.0
DE1,oil,2021-02-01 15:00:00,1.0
DE1,oil,2021-02-01 18:00:00,1.0
DE1,oil,2021-02-01 21:00:00,1.0
DE1,oil,2021-02-02 00:00:00,1.0
DE1,oil,2021-02-02 03:00:00,1.0
DE1,oil,2021-02-02 06:00:00,1.0
DE1,oil,2021-02-02 09:00:00,1.0
DE1,oil,2021-02-02 12:00:00,1.0
DE1,oil,2021-02-02 15:00:00,1.0
DE1,oil,2021-02-02 18:00:00,1.0
DE1,oil,2021-02-02 21:00:00,1.0
DE1,oil,2021-02-03 00:00:00,1.0
DE1,oil,2021-02-03 03:00:00,1.0
DE1,oil,2021-02-03 06:00:00,1.0
DE1,oil,2021-02-03 09:00:00,1.0
DE1,oil,2021-02-03 12:00:00,1.0
DE1,oil,2021-02-03 15:00:00,1.0
DE1,oil,2021-02-03 18:00:00,1.0
DE1,oil,2021-02-03 21:00:00,1.0
DE1,oil,2021-02-04 00:00:00,1.0
DE1,oil,2021-02-04 03:00:00,1.0
DE1,oil,2021-02-04 06:00:00,1.0
DE1,oil,2021-02-04 09:00:00,1.0
DE1,oil,2021-02-04 12:00:00,1.0
DE1,oil,2021-02-04 15:00:00,1.0
DE1,oil,2021-02-04 18:00:00,1.0
DE1,oil,2021-02-04 21:00:00,1.0
DE1,oil,2021-02-05 00:00:00,1.0
DE1,oil,2021-02-05 03:00:00,1.0
DE1,oil,2021-02-05 06:00:00,1.0
DE1,oil,2021-02-05 09:00:00,1.0
DE1,oil,2021-02-05 12:00:00,1.0
DE1,oil,2021-02-05 15:00:00,1.0
DE1,oil,2021-02-05 18:00:00,1.0
DE1,oil,2021-02-05 21:00:00,1.0
DE1,oil,2021-02-06 00:00:00,1.0
DE1,oil,2021-02-06 03:00:00,1.0
DE1,oil,2021-02-06 06:00:00,1.0
DE1,oil,2021-02-06 09:00:00,1.0
DE1,oil,2021-02-06 12:00:00,1.0
DE1,oil,2021-02-06 15:00:00,1.0
DE1,oil,2021-02-06 18:00:00,1.0
DE1,oil,2021-02-06 21:00:00,1.0
DE1,oil,2021-02-07 00:00:00,1.0
DE1,oil,2021-02-07 03:00:00,1.0
DE1,oil,2021-02-07 06:00:00,1.0
DE1,oil,2021-02-07 09:00:00,1.0
DE1,oil,2021-02-07 12:00:00,1.0
DE1,oil,2021-02-07 15:00:00,1.0
DE1,oil,2021-02-07 18:00:00,1.0
DE1,oil,2021-02-07 21:00:00,1.0
DE1,oil,2021-02-08 00:00:00,1.0
DE1,oil,2021-02-08 03:00:00,1.0
DE1,oil,2021-02-08 06:00:00,1.0
DE1,oil,2021-02-08 09:00:00,1.0
DE1,oil,2021-02-08 12:00:00,1.0
DE1,oil,2021-02-08 15:00:00,1.0
DE1,oil,2021-02-08 18:00:00,1.0
DE1,oil,2021-02-08 21:00:00,1.0
DE1,oil,2021-02-09 00:00:00,1.0
DE1,oil,2021-02-09 03:00:00,1.0
DE1,oil,2021-02-09 06:00:00,1.0
DE1,oil,2021-02-09 09:00:00,1.0
DE1,oil,2021-02-09 12:00:00,1.0
DE1,oil,2021-02-09 15:00:00,1.0
DE1,oil,2021-02-09 18:00:00,1.0
DE1,oil,2021-02-09 21:00:00,1.0
DE1,oil,2021-02-10 00:00:00,1.0
DE1,oil,2021-02-10 03:00:00,1.0
DE1,oil,2021-02-10 06:00:00,1.0
DE1,oil,2021-02-10 09:00:00,1.0
DE1,oil,2021-02-10 12:00:00,1.0
DE1,oil,2021-02-10 15:00:00,1.0
DE1,oil,2021-02-10 18:00:00,1.0
DE1,oil,2021-02-10 21:00:00,1.0
DE1,oil,2021-02-11 00:00:00,1.0
DE1,oil,2021-02-11 03:00:00,1.0
DE1,oil,2021-02-11 06:00:00,1.0
DE1,oil,2021-02-11 09:00:00,1.0
DE1,oil,2021-02-11 12:00:00,1.0
DE1,oil,2021-02-11 15:00:00,1.0
DE1,oil,2021-02-11 18:00:00,1.0
DE1,oil,2021-02-11 21:00:00,1.0
DE1,oil,2021-02-12 00:00:00,1.0
DE1,oil,2021-02-12 03:00:00,1.0
DE1,oil,2021-02-12 06:00:00,1.0
DE1,oil,2021-02-12 09:00:00,1.0
DE1,oil,2021-02-12 12:00:00,1.0
DE1,oil,2021-02-12 15:00:00,1.0
DE1,oil,2021-02-12 18:00:00,1.0
DE1,oil,2021-02-12 21:00:00,1.0
DE1,oil,2021-02-13 00:00:00,1.0
DE1,oil,2021-02-13 03:00:00,1.0
DE1,oil,2021-02-13 06:00:00,1.0
DE1,oil,2021-02-13 09:00:00,1.0
DE1,oil,2021-02-13 12:00:00,1.0
DE1,oil,2021-02-13 15:00:00,1.0
DE1,oil,2021-02-13 18:00:00,1.0
DE1,oil,2021-02-13 21:00:00,1.0
DE1,oil,2021-02-14 00:00:00,1.0
DE1,oil,2021-02-14 03:00:00,1.0
DE1,oil,2021-02-14 06:00:00,1.0
DE1,oil,2021-02-14 09:00:00,1.0
DE1,oil,2021-02-14 12:00:00,1.0
DE1,oil,2021-02-14 15:00:00,1.0
DE1,oil,2021-02-14 18:00:00,1.0
DE1,oil,2021-02-14 21:00:00,1.0
DE1,onwind,2021-01-18 00:00:00,0.2955898159831631
DE1,onwind,2021-01-18 03:00:00,0.2711665997329537
DE1,onwind,2021-01-18 06:00:00,0.23553285638984736
DE1,onwind,2021-01-18 09:00:00,0.2699140773096659
DE1,onwind,2021-01-18 12:00:00,0.2802219714664102
DE1,onwind,2021-01-18 15:00:00,0.2615475066841196
DE1,onwind,2021-01-18 18:00:00,0.3391599065689457
DE1,onwind,2021-01-18 21:00:00,0.3367643745905092
DE1,onwind,2021-01-19 00:00:00,0.3351313185536184
DE1,onwind,2021-01-19 03:00:00,0.3306750844329979
DE1,onwind,2021-01-19 06:00:00,0.416818130012395
DE1,onwind,2021-01-19 09:00:00,0.5430984884009402
DE1,onwind,2021-01-19 12:00:00,0.8146422807289219
DE1,onwind,2021-01-19 15:00:00,0.7945920311950095
DE1,onwind,2021-01-19 18:00:00,0.5590238766448771
DE1,onwind,2021-01-19 21:00:00,0.4871569265392122
DE1,onwind,2021-01-20 00:00:00,0.5380498856556105
DE1,onwind,2021-01-20 03:00:00,0.4764349090168189
DE1,onwind,2021-01-20 06:00:00,0.408771449195367
DE1,onwind,2021-01-20 09:00:00,0.2821032159757334
DE1,onwind,2021-01-20 12:00:00,0.2252545818211077
DE1,onwind,2021-01-20 15:00:00,0.2738763845892549
DE1,onwind,2021-01-20 18:00:00,0.3568050769430141
DE1,onwind,2021-01-20 21:00:00,0.4162655076448778
DE1,onwind,2021-01-21 00:00:00,0.45689130692465124
DE1,onwind,2021-01-21 03:00:00,0.600014783089758
DE1,onwind,2021-01-21 06:00:00,0.7185809747006404
DE1,onwind,2021-01-21 09:00:00,0.6855995726236698
DE1,onwind,2021-01-21 12:00:00,0.4961427338934744
DE1,onwind,2021-01-21 15:00:00,0.3553525812513697
DE1,onwind,2021-01-21 18:00:00,0.3960488566762177
DE1,onwind,2021-01-21 21:00:00,0.49733384904393574
DE1,onwind,2021-01-22 00:00:00,0.6233312135329164
DE1,onwind,2021-01-22 03:00:00,0.78648452116337
DE1,onwind,2021-01-22 06:00:00,0.7508602679308041
DE1,onwind,2021-01-22 09:00:00,0.4047047197290704
DE1,onwind,2021-01-22 12:00:00,0.0706396910034432
DE1,onwind,2021-01-22 15:00:00,0.0465816344729339
DE1,onwind,2021-01-22 18:00:00,0.1306085783876162
DE1,onwind,2021-01-22 21:00:00,0.2073232866783851
DE1,onwind,2021-01-23 00:00:00,0.3790233124026259
DE1,onwind,2021-01-23 03:00:00,0.452518320966871
DE1,onwind,2021-01-23 06:00:00,0.2224708542162028
DE1,onwind,2021-01-23 09:00:00,0.1140660921737295
DE1,onwind,2021-01-23 12:00:00,0.0385518784479232
DE1,onwind,2021-01-23 15:00:00,0.06058670453602301
DE1,onwind,2021-01-23 18:00:00,0.1455140424815038
DE1,onwind,2021-01-23 21:00:00,0.1887934712459645
DE1,onwind,2021-01-24 00:00:00,0.47489982237208533
DE1,onwind,2021-01-24 03:00:00,0.8177505612304882
DE1,onwind,2021-01-24 06:00:00,0.7654038641801378
DE1,onwind,2021-01-24 09:00:00,0.7401514039371374
DE1,onwind,2021-01-24 12:00:00,0.7067582047919089
DE1,onwind,2021-01-24 15:00:00,0.2891074087946746
DE1,onwind,2021-01-24 18:00:00,0.1087086523512811
DE1,onwind,2021-01-24 21:00:00,0.0406571793639328
DE1,onwind,2021-01-25 00:00:00,0.088183906333252
DE1,onwind,2021-01-25 03:00:00,0.1095787425092302
DE1,onwind,2021-01-25 06:00:00,0.1412419428526478
DE1,onwind,2021-01-25 09:00:00,0.11402900510319688
DE1,onwind,2021-01-25 12:00:00,0.1025389815137883
DE1,onwind,2021-01-25 15:00:00,0.1212591282653398
DE1,onwind,2021-01-25 18:00:00,0.1141348513249577
DE1,onwind,2021-01-25 21:00:00,0.1278385101767979
DE1,onwind,2021-01-26 00:00:00,0.128037671584291
DE1,onwind,2021-01-26 03:00:00,0.2157284297986646
DE1,onwind,2021-01-26 06:00:00,0.3101859322885342
DE1,onwind,2021-01-26 09:00:00,0.2869367330896568
DE1,onwind,2021-01-26 12:00:00,0.2440815821040934
DE1,onwind,2021-01-26 15:00:00,0.1570959781485851
DE1,onwind,2021-01-26 18:00:00,0.0822636034803894
DE1,onwind,2021-01-26 21:00:00,0.0427845334750875
DE1,onwind,2021-01-27 00:00:00,0.0288448247163854
DE1,onwind,2021-01-27 03:00:00,0.0250112165565843
DE1,onwind,2021-01-27 06:00:00,0.0282147377389042
DE1,onwind,2021-01-27 09:00:00,0.0207317852270194
DE1,onwind,2021-01-27 12:00:00,0.0299406083587929
DE1,onwind,2021-01-27 15:00:00,0.0524267165143676
DE1,onwind,2021-01-27 18:00:00,0.05815464345527071
DE1,onwind,2021-01-27 21:00:00,0.0476465272566277
DE1,onwind,2021-01-28 00:00:00,0.0472092363354912
DE1,onwind,2021-01-28 03:00:00,0.0496575189828864
DE1,onwind,2021-01-28 06:00:00,0.0788596423596241
DE1,onwind,2021-01-28 09:00:00,0.1319852687300911
DE1,onwind,2021-01-28 12:00:00,0.1797289499377707
DE1,onwind,2021-01-28 15:00:00,0.1959260144658867
DE1,onwind,2021-01-28 18:00:00,0.1836336820217929
DE1,onwind,2021-01-28 21:00:00,0.1525085626558321
DE1,onwind,2021-01-29 00:00:00,0.1116312021502316
DE1,onwind,2021-01-29 03:00:00,0.150461546656231
DE1,onwind,2021-01-29 06:00:00,0.190670063268105
DE1,onwind,2021-01-29 09:00:00,0.188848123486894
DE1,onwind,2021-01-29 12:00:00,0.1876763206595853
DE1,onwind,2021-01-29 15:00:00,0.1789204389262403
DE1,onwind,2021-01-29 18:00:00,0.1602675293145731
DE1,onwind,2021-01-29 21:00:00,0.1725059643625509
DE1,onwind,2021-01-30 00:00:00,0.1702474236107371
DE1,onwind,2021-01-30 03:00:00,0.1469066491729007
DE1,onwind,2021-01-30 06:00:00,0.1042329579820779
DE1,onwind,2021-01-30 09:00:00,0.0422750027125271
DE1,onwind,2021-01-30 12:00:00,0.01343426144176
DE1,onwind,2021-01-30 15:00:00,0.0197470855792962
DE1,onwind,2021-01-30 18:00:00,0.029352170156697503
DE1,onwind,2021-01-30 21:00:00,0.031033634099665
DE1,onwind,2021-01-31 00:00:00,0.0213785448920965
DE1,onwind,2021-01-31 03:00:00,0.0122745058716282
DE1,onwind,2021-01-31 06:00:00,0.0127305453571193
DE1,onwind,2021-01-31 09:00:00,0.0065232669220132
DE1,onwind,2021-01-31 12:00:00,0.0046877131324295
DE1,onwind,2021-01-31 15:00:00,0.0059765926982482
DE1,onwind,2021-01-31 18:00:00,0.0151582121457831
DE1,onwind,2021-01-31 21:00:00,0.0205840913525312
DE1,onwind,2021-02-01 00:00:00,0.0228267921161921
DE1,onwind,2021-02-01 03:00:00,0.023614893871505
DE1,onwind,2021-02-01 06:00:00,0.0325165192634047
DE1,onwind,2021-02-01 09:00:00,0.0345361806182782
DE1,onwind,2021-02-01 12:00:00,0.0459477490977754
DE1,onwind,2021-02-01 15:00:00,0.0519348002822292
DE1,onwind,2021-02-01 18:00:00,0.0537930467387462
DE1,onwind,2021-02-01 21:00:00,0.0563231817423464
DE1,onwind,2021-02-02 00:00:00,0.0541002987496479
DE1,onwind,2021-02-02 03:00:00,0.0544580081628598
DE1,onwind,2021-02-02 06:00:00,0.0467795698738243
DE1,onwind,2021-02-02 09:00:00,0.0863205900941852
DE1,onwind,2021-02-02 12:00:00,0.1499685426708755
DE1,onwind,2021-02-02 15:00:00,0.1434556421343624
DE1,onwind,2021-02-02 18:00:00,0.1550629425373232
DE1,onwind,2021-02-02 21:00:00,0.11658076428434042
DE1,onwind,2021-02-03 00:00:00,0.0802172673608012
DE1,onwind,2021-02-03 03:00:00,0.073167234630867
DE1,onwind,2021-02-03 06:00:00,0.0374732907564716
DE1,onwind,2021-02-03 09:00:00,0.0554386986629555
DE1,onwind,2021-02-03 12:00:00,0.1577620148893249
DE1,onwind,2021-02-03 15:00:00,0.1792763860855337
DE1,onwind,2021-02-03 18:00:00,0.1894550480784811
DE1,onwind,2021-02-03 21:00:00,0.1931434309673865
DE1,onwind,2021-02-04 00:00:00,0.1688476757590265
DE1,onwind,2021-02-04 03:00:00,0.1018011343731471
DE1,onwind,2021-02-04 06:00:00,0.0403583928066917
DE1,onwind,2021-02-04 09:00:00,0.0092732712841825
DE1,onwind,2021-02-04 12:00:00,0.0
DE1,onwind,2021-02-04 15:00:00,0.0
DE1,onwind,2021-02-04 18:00:00,0.0066154988695567
DE1,onwind,2021-02-04 21:00:00,0.0086320417936366
DE1,onwind,2021-02-05 00:00:00,0.0054532443335152
DE1,onwind,2021-02-05 03:00:00,0.0040480536220089
DE1,onwind,2021-02-05 06:00:00,0.0
DE1,onwind,2021-02-05 09:00:00,0.0030201857162104
DE1,onwind,2021-02-05 12:00:00,0.006020244416372
DE1,onwind,2021-02-05 15:00:00,0.0
DE1,onwind,2021-02-05 18:00:00,0.0
DE1,onwind,2021-02-05 21:00:00,0.0081795468199714
DE1,onwind,2021-02-06 00:00:00,0.015015993160241301
DE1,onwind,2021-02-06 03:00:00,0.0114049544020933
DE1,onwind,2021-02-06 06:00:00,0.0145515017273803
DE1,onwind,2021-02-06 09:00:00,0.0118658631104567
DE1,onwind,2021-02-06 12:00:00,0.0083221459011464
DE1,onwind,2021-02-06 15:00:00,0.0438710096348575
DE1,onwind,2021-02-06 18:00:00,0.11374099265672939
DE1,onwind,2021-02-06 21:00:00,0.0732565936384261
DE1,onwind,2021-02-07 00:00:00,0.0595968724697798
DE1,onwind,2021-02-07 03:00:00,0.0714839727223895
DE1,onwind,2021-02-07 06:00:00,0.067229437157363
DE1,onwind,2021-02-07 09:00:00,0.0408468579751967
DE1,onwind,2021-02-07 12:00:00,0.0433759556480764
DE1,onwind,2021-02-07 15:00:00,0.0981520319836673
DE1,onwind,2021-02-07 18:00:00,0.1462213490591202
DE1,onwind,2021-02-07 21:00:00,0.11428393412499512
DE1,onwind,2021-02-08 00:00:00,0.0654413815763638
DE1,onwind,2021-02-08 03:00:00,0.0367803027898548
DE1,onwind,2021-02-08 06:00:00,0.0331106808401893
DE1,onwind,2021-02-08 09:00:00,0.0318506007132359
DE1,onwind,2021-02-08 12:00:00,0.0256979511506103
DE1,onwind,2021-02-08 15:00:00,0.0273149411730186
DE1,onwind,2021-02-08 18:00:00,0.0325519009457202
DE1,onwind,2021-02-08 21:00:00,0.0198332665460286
DE1,onwind,2021-02-09 00:00:00,0.0026739330283923
DE1,onwind,2021-02-09 03:00:00,0.0003005264082002
DE1,onwind,2021-02-09 06:00:00,0.0002248510217793
DE1,onwind,2021-02-09 09:00:00,0.0009605486549142
DE1,onwind,2021-02-09 12:00:00,0.007688750066966201
DE1,onwind,2021-02-09 15:00:00,0.0063052374031946
DE1,onwind,2021-02-09 18:00:00,0.0264054109865005
DE1,onwind,2021-02-09 21:00:00,0.0344146620715714
DE1,onwind,2021-02-10 00:00:00,0.0334353293923279
DE1,onwind,2021-02-10 03:00:00,0.0397401230959876
DE1,onwind,2021-02-10 06:00:00,0.05901216958465219
DE1,onwind,2021-02-10 09:00:00,0.052006911359987
DE1,onwind,2021-02-10 12:00:00,0.0651279295808002
DE1,onwind,2021-02-10 15:00:00,0.1026187822014896
DE1,onwind,2021-02-10 18:00:00,0.1352765825281736
DE1,onwind,2021-02-10 21:00:00,0.0782975462599254
DE1,onwind,2021-02-11 00:00:00,0.0271637488857184
DE1,onwind,2021-02-11 03:00:00,0.0176247048554228
DE1,onwind,2021-02-11 06:00:00,0.0248849508543527
DE1,onwind,2021-02-11 09:00:00,0.020243761984139
DE1,onwind,2021-02-11 12:00:00,0.0372745484176139
DE1,onwind,2021-02-11 15:00:00,0.0657936920469432
DE1,onwind,2021-02-11 18:00:00,0.1424220478321834
DE1,onwind,2021-02-11 21:00:00,0.1864207023172932
DE1,onwind,2021-02-12 00:00:00,0.1964901339985475
DE1,onwind,2021-02-12 03:00:00,0.2242652834203169
DE1,onwind,2021-02-12 06:00:00,0.3198094366211696
DE1,onwind,2021-02-12 09:00:00,0.266122220868218
DE1,onwind,2021-02-12 12:00:00,0.4426071343624967
DE1,onwind,2021-02-12 15:00:00,0.5476451595712963
DE1,onwind,2021-02-12 18:00:00,0.7009262231786719
DE1,onwind,2021-02-12 21:00:00,0.7039101428778546
DE1,onwind,2021-02-13 00:00:00,0.6765556286437701
DE1,onwind,2021-02-13 03:00:00,0.6438600801114888
DE1,onwind,2021-02-13 06:00:00,0.6539626509968247
DE1,onwind,2021-02-13 09:00:00,0.47356668489381576
DE1,onwind,2021-02-13 12:00:00,0.5487628310858542
DE1,onwind,2021-02-13 15:00:00,0.5047754004966583
DE1,onwind,2021-02-13 18:00:00,0.5168159264800704
DE1,onwind,2021-02-13 21:00:00,0.4234906161838701
DE1,onwind,2021-02-14 00:00:00,0.3675142216903779
DE1,onwind,2021-02-14 03:00:00,0.4162654214270282
DE1,onwind,2021-02-14 06:00:00,0.3582291933113419
DE1,onwind,2021-02-14 09:00:00,0.1769418818983974
DE1,onwind,2021-02-14 12:00:00,0.1493465734124935
DE1,onwind,2021-02-14 15:00:00,0.23079401279336853
DE1,onwind,2021-02-14 18:00:00,0.3600478153275241
DE1,onwind,2021-02-14 21:00:00,0.2926921338763955
DE1,solar,2021-01-18 00:00:00,0.0
DE1,solar,2021-01-18 03:00:00,0.0
DE1,solar,2021-01-18 06:00:00,0.0149182352891083
DE1,solar,2021-01-18 09:00:00,0.062426692518635696
DE1,solar,2021-01-18 12:00:00,0.0542466955690854
DE1,solar,2021-01-18 15:00:00,0.0091028293975325
DE1,solar,2021-01-18 18:00:00,0.0
DE1,solar,2021-01-18 21:00:00,0.0
DE1,solar,2021-01-19 00:00:00,0.0
DE1,solar,2021-01-19 03:00:00,0.0
DE1,solar,2021-01-19 06:00:00,0.0294918051575636
DE1,solar,2021-01-19 09:00:00,0.1173694989151846
DE1,solar,2021-01-19 12:00:00,0.0650034260775615
DE1,solar,2021-01-19 15:00:00,0.0012937559784832
DE1,solar,2021-01-19 18:00:00,0.0
DE1,solar,2021-01-19 21:00:00,0.0
DE1,solar,2021-01-20 00:00:00,0.0
DE1,solar,2021-01-20 03:00:00,0.0
DE1,solar,2021-01-20 06:00:00,0.0167635145911967
DE1,solar,2021-01-20 09:00:00,0.1674536623322409
DE1,solar,2021-01-20 12:00:00,0.1943915681994144
DE1,solar,2021-01-20 15:00:00,0.0154389780316072
DE1,solar,2021-01-20 18:00:00,0.0
DE1,solar,2021-01-20 21:00:00,0.0
DE1,solar,2021-01-21 00:00:00,0.0
DE1,solar,2021-01-21 03:00:00,0.0
DE1,solar,2021-01-21 06:00:00,0.0548737017143625
DE1,solar,2021-01-21 09:00:00,0.23291534274041503
DE1,solar,2021-01-21 12:00:00,0.1326340302230326
DE1,solar,2021-01-21 15:00:00,0.0042928842416614
DE1,solar,2021-01-21 18:00:00,0.0
DE1,solar,2021-01-21 21:00:00,0.0
DE1,solar,2021-01-22 00:00:00,0.0
DE1,solar,2021-01-22 03:00:00,0.0
DE1,solar,2021-01-22 06:00:00,0.0577592586494613
DE1,solar,2021-01-22 09:00:00,0.3136813666654611
DE1,solar,2021-01-22 12:00:00,0.1862092045129389
DE1,solar,2021-01-22 15:00:00,0.0075660948262168
DE1,solar,2021-01-22 18:00:00,0.0
DE1,solar,2021-01-22 21:00:00,0.0
DE1,solar,2021-01-23 00:00:00,0.0
DE1,solar,2021-01-23 03:00:00,0.0
DE1,solar,2021-01-23 06:00:00,0.029824042993296995
DE1,solar,2021-01-23 09:00:00,0.2650478455452872
DE1,solar,2021-01-23 12:00:00,0.2012707528710718
DE1,solar,2021-01-23 15:00:00,0.0075117510429377
DE1,solar,2021-01-23 18:00:00,0.0
DE1,solar,2021-01-23 21:00:00,0.0
DE1,solar,2021-01-24 00:00:00,0.0
DE1,solar,2021-01-24 03:00:00,0.0
DE1,solar,2021-01-24 06:00:00,0.0430975902277027
DE1,solar,2021-01-24 09:00:00,0.1990800979368331
DE1,solar,2021-01-24 12:00:00,0.1708832346117937
DE1,solar,2021-01-24 15:00:00,0.0183272436737306
DE1,solar,2021-01-24 18:00:00,0.0
DE1,solar,2021-01-24 21:00:00,0.0
DE1,solar,2021-01-25 00:00:00,0.0
DE1,solar,2021-01-25 03:00:00,0.0
DE1,solar,2021-01-25 06:00:00,0.0261886800746249
DE1,solar,2021-01-25 09:00:00,0.119170525502773
DE1,solar,2021-01-25 12:00:00,0.1015824590534678
DE1,solar,2021-01-25 15:00:00,0.0086727031902122
DE1,solar,2021-01-25 18:00:00,0.0
DE1,solar,2021-01-25 21:00:00,0.0
DE1,solar,2021-01-26 00:00:00,0.0
DE1,solar,2021-01-26 03:00:00,0.0
DE1,solar,2021-01-26 06:00:00,0.0124841630003389
DE1,solar,2021-01-26 09:00:00,0.0370691285247525
DE1,solar,2021-01-26 12:00:00,0.0357294615235986
DE1,solar,2021-01-26 15:00:00,0.0
DE1,solar,2021-01-26 18:00:00,0.0
DE1,solar,2021-01-26 21:00:00,0.0
DE1,solar,2021-01-27 00:00:00,0.0
DE1,solar,2021-01-27 03:00:00,0.0
DE1,solar,2021-01-27 06:00:00,0.002259133993111
DE1,solar,2021-01-27 09:00:00,0.0137035208666911
DE1,solar,2021-01-27 12:00:00,0.0191826653359888
DE1,solar,2021-01-27 15:00:00,0.0025589262200662
DE1,solar,2021-01-27 18:00:00,0.0
DE1,solar,2021-01-27 21:00:00,0.0
DE1,solar,2021-01-28 00:00:00,0.0
DE1,solar,2021-01-28 03:00:00,0.0
DE1,solar,2021-01-28 06:00:00,0.0
DE1,solar,2021-01-28 09:00:00,0.0086541954902809
DE1,solar,2021-01-28 12:00:00,0.0131815731097564
DE1,solar,2021-01-28 15:00:00,0.0018466858161383002
DE1,solar,2021-01-28 18:00:00,0.0
DE1,solar,2021-01-28 21:00:00,0.0
DE1,solar,2021-01-29 00:00:00,0.0
DE1,solar,2021-01-29 03:00:00,0.0
DE1,solar,2021-01-29 06:00:00,0.007046852993773
DE1,solar,2021-01-29 09:00:00,0.0435725343132487
DE1,solar,2021-01-29 12:00:00,0.0315236385063597
DE1,solar,2021-01-29 15:00:00,0.0027635788646973
DE1,solar,2021-01-29 18:00:00,0.0
DE1,solar,2021-01-29 21:00:00,0.0
DE1,solar,2021-01-30 00:00:00,0.0
DE1,solar,2021-01-30 03:00:00,0.0
DE1,solar,2021-01-30 06:00:00,0.004454614701232
DE1,solar,2021-01-30 09:00:00,0.0388108924777473
DE1,solar,2021-01-30 12:00:00,0.0190265571269545
DE1,solar,2021-01-30 15:00:00,0.0
DE1,solar,2021-01-30 18:00:00,0.0
DE1,solar,2021-01-30 21:00:00,0.0
DE1,solar,2021-01-31 00:00:00,0.0
DE1,solar,2021-01-31 03:00:00,0.0
DE1,solar,2021-01-31 06:00:00,0.0056413223041281
DE1,solar,2021-01-31 09:00:00,0.0210159071257691
DE1,solar,2021-01-31 12:00:00,0.0167728472531643
DE1,solar,2021-01-31 15:00:00,0.0015105843315546
DE1,solar,2021-01-31 18:00:00,0.0
DE1,solar,2021-01-31 21:00:00,0.0
DE1,solar,2021-02-01 00:00:00,0.0
DE1,solar,2021-02-01 03:00:00,0.0
DE1,solar,2021-02-01 06:00:00,0.0061870756402115
DE1,solar,2021-02-01 09:00:00,0.0332441103521105
DE1,solar,2021-02-01 12:00:00,0.0255993881199978
DE1,solar,2021-02-01 15:00:00,0.0023345398403483
DE1,solar,2021-02-01 18:00:00,0.0
DE1,solar,2021-02-01 21:00:00,0.0
DE1,solar,2021-02-02 00:00:00,0.0
DE1,solar,2021-02-02 03:00:00,0.0
DE1,solar,2021-02-02 06:00:00,0.0058576471422483
DE1,solar,2021-02-02 09:00:00,0.0313476127208507
DE1,solar,2021-02-02 12:00:00,0.0230001216767033
DE1,solar,2021-02-02 15:00:00,0.0022174520644793
DE1,solar,2021-02-02 18:00:00,0.0
DE1,solar,2021-02-02 21:00:00,0.0
DE1,solar,2021-02-03 00:00:00,0.0
DE1,solar,2021-02-03 03:00:00,0.0
DE1,solar,2021-02-03 06:00:00,0.0026456351772359
DE1,solar,2021-02-03 09:00:00,0.0086008657554676
DE1,solar,2021-02-03 12:00:00,0.010882066068356
DE1,solar,2021-02-03 15:00:00,0.0
DE1,solar,2021-02-03 18:00:00,0.0
DE1,solar,2021-02-03 21:00:00,0.0
DE1,solar,2021-02-04 00:00:00,0.0
DE1,solar,2021-02-04 03:00:00,0.0
DE1,solar,2021-02-04 06:00:00,0.0176225395660852
DE1,solar,2021-02-04 09:00:00,0.0861373337109015
DE1,solar,2021-02-04 12:00:00,0.0674650735860869
DE1,solar,2021-02-04 15:00:00,0.0033537619679892
DE1,solar,2021-02-04 18:00:00,0.0
DE1,solar,2021-02-04 21:00:00,0.0
DE1,solar,2021-02-05 00:00:00,0.0
DE1,solar,2021-02-05 03:00:00,0.0
DE1,solar,2021-02-05 06:00:00,0.008052623211925
DE1,solar,2021-02-05 09:00:00,0.0504145631509114
DE1,solar,2021-02-05 12:00:00,0.041477079163873
DE1,solar,2021-02-05 15:00:00,0.0028634856903096
DE1,solar,2021-02-05 18:00:00,0.0
DE1,solar,2021-02-05 21:00:00,0.0
DE1,solar,2021-02-06 00:00:00,0.0
DE1,solar,2021-02-06 03:00:00,0.0
DE1,solar,2021-02-06 06:00:00,0.0073326206931281996
DE1,solar,2021-02-06 09:00:00,0.030775974444807404
DE1,solar,2021-02-06 12:00:00,0.0101267107505807
DE1,solar,2021-02-06 15:00:00,0.0
DE1,solar,2021-02-06 18:00:00,0.0
DE1,solar,2021-02-06 21:00:00,0.0
DE1,solar,2021-02-07 00:00:00,0.0
DE1,solar,2021-02-07 03:00:00,0.0
DE1,solar,2021-02-07 06:00:00,0.0214049469829649
DE1,solar,2021-02-07 09:00:00,0.1042134908270354
DE1,solar,2021-02-07 12:00:00,0.0413391714391918
DE1,solar,2021-02-07 15:00:00,0.0
DE1,solar,2021-02-07 18:00:00,0.0
DE1,solar,2021-02-07 21:00:00,0.0
DE1,solar,2021-02-08 00:00:00,0.0
DE1,solar,2021-02-08 03:00:00,0.0
DE1,solar,2021-02-08 06:00:00,0.0562822373533346
DE1,solar,2021-02-08 09:00:00,0.2431503006735774
DE1,solar,2021-02-08 12:00:00,0.1575603088621978
DE1,solar,2021-02-08 15:00:00,0.015526802378166298
DE1,solar,2021-02-08 18:00:00,0.0
DE1,solar,2021-02-08 21:00:00,0.0
DE1,solar,2021-02-09 00:00:00,0.0
DE1,solar,2021-02-09 03:00:00,0.0
DE1,solar,2021-02-09 06:00:00,0.0370515801572749
DE1,solar,2021-02-09 09:00:00,0.0815782686263248
DE1,solar,2021-02-09 12:00:00,0.0661089719762204
DE1,solar,2021-02-09 15:00:00,0.0183110957241181
DE1,solar,2021-02-09 18:00:00,0.0
DE1,solar,2021-02-09 21:00:00,0.0
DE1,solar,2021-02-10 00:00:00,0.0
DE1,solar,2021-02-10 03:00:00,0.0
DE1,solar,2021-02-10 06:00:00,0.029693331924374802
DE1,solar,2021-02-10 09:00:00,0.12199823176116519
DE1,solar,2021-02-10 12:00:00,0.0977099014421003
DE1,solar,2021-02-10 15:00:00,0.0143156787004285
DE1,solar,2021-02-10 18:00:00,0.0
DE1,solar,2021-02-10 21:00:00,0.0
DE1,solar,2021-02-11 00:00:00,0.0
DE1,solar,2021-02-11 03:00:00,0.0
DE1,solar,2021-02-11 06:00:00,0.0767370717725846
DE1,solar,2021-02-11 09:00:00,0.2964978394885709
DE1,solar,2021-02-11 12:00:00,0.2709569146762018
DE1,solar,2021-02-11 15:00:00,0.0532536128689501
DE1,solar,2021-02-11 18:00:00,0.0
DE1,solar,2021-02-11 21:00:00,0.0
DE1,solar,2021-02-12 00:00:00,0.0
DE1,solar,2021-02-12 03:00:00,0.0
DE1,solar,2021-02-12 06:00:00,0.1428468677049684
DE1,solar,2021-02-12 09:00:00,0.5774597574020249
DE1,solar,2021-02-12 12:00:00,0.5008134591338766
DE1,solar,2021-02-12 15:00:00,0.0862751635456076
DE1,solar,2021-02-12 18:00:00,0.0
DE1,solar,2021-02-12 21:00:00,0.0
DE1,solar,2021-02-13 00:00:00,0.0
DE1,solar,2021-02-13 03:00:00,0.0
DE1,solar,2021-02-13 06:00:00,0.1610647510774403
DE1,solar,2021-02-13 09:00:00,0.6619906989749175
DE1,solar,2021-02-13 12:00:00,0.5611635920552343
DE1,solar,2021-02-13 15:00:00,0.1004958323705276
DE1,solar,2021-02-13 18:00:00,0.0
DE1,solar,2021-02-13 21:00:00,0.0
DE1,solar,2021-02-14 00:00:00,0.0
DE1,solar,2021-02-14 03:00:00,0.0
DE1,solar,2021-02-14 06:00:00,0.1696432252724801
DE1,solar,2021-02-14 09:00:00,0.6755103859936892
DE1,solar,2021-02-14 12:00:00,0.5680179438965007
DE1,solar,2021-02-14 15:00:00,0.1029874578668118
DE1,solar,2021-02-14 18:00:00,0.0
DE1,solar,2021-02-14 21:00:00,0.0
DE1,waste,2021-01-18 00:00:00,1.0
DE1,waste,2021-01-18 03:00:00,1.0
DE1,waste,2021-01-18 06:00:00,1.0
DE1,waste,2021-01-18 09:00:00,1.0
DE1,waste,2021-01-18 12:00:00,1.0
DE1,waste,2021-01-18 15:00:00,1.0
DE1,waste,2021-01-18 18:00:00,1.0
DE1,waste,2021-01-18 21:00:00,1.0
DE1,waste,2021-01-19 00:00:00,1.0
DE1,waste,2021-01-19 03:00:00,1.0
DE1,waste,2021-01-19 06:00:00,1.0
DE1,waste,2021-01-19 09:00:00,1.0
DE1,waste,2021-01-19 12:00:00,1.0
DE1,waste,2021-01-19 15:00:00,1.0
DE1,waste,2021-01-19 18:00:00,1.0
DE1,waste,2021-01-19 21:00:00,1.0
DE1,waste,2021-01-20 00:00:00,1.0
DE1,waste,2021-01-20 03:00:00,1.0
DE1,waste,2021-01-20 06:00:00,1.0
DE1,waste,2021-01-20 09:00:00,1.0
DE1,waste,2021-01-20 12:00:00,1.0
DE1,waste,2021-01-20 15:00:00,1.0
DE1,waste,2021-01-20 18:00:00,1.0
DE1,waste,2021-01-20 21:00:00,1.0
DE1,waste,2021-01-21 00:00:00,1.0
DE1,waste,2021-01-21 03:00:00,1.0
DE1,waste,2021-01-21 06:00:00,1.0
DE1,waste,2021-01-21 09:00:00,1.0
DE1,waste,2021-01-21 12:00:00,1.0
DE1,waste,2021-01-21 15:00:00,1.0
DE1,waste,2021-01-21 18:00:00,1.0
DE1,waste,2021-01-21 21:00:00,1.0
DE1,waste,2021-01-22 00:00:00,1.0
DE1,waste,2021-01-22 03:00:00,1.0
DE1,waste,2021-01-22 06:00:00,1.0
DE1,waste,2021-01-22 09:00:00,1.0
DE1,waste,2021-01-22 12:00:00,1.0
DE1,waste,2021-01-22 15:00:00,1.0
DE1,waste,2021-01-22 18:00:00,1.0
DE1,waste,2021-01-22 21:00:00,1.0
DE1,waste,2021-01-23 00:00:00,1.0
DE1,waste,2021-01-23 03:00:00,1.0
DE1,waste,2021-01-23 06:00:00,1.0
DE1,waste,2021-01-23 09:00:00,1.0
DE1,waste,2021-01-23 12:00:00,1.0
DE1,waste,2021-01-23 15:00:00,1.0
DE1,waste,2021-01-23 18:00:00,1.0
DE1,waste,2021-01-23 21:00:00,1.0
DE1,waste,2021-01-24 00:00:00,1.0
DE1,waste,2021-01-24 03:00:00,1.0
DE1,waste,2021-01-24 06:00:00,1.0
DE1,waste,2021-01-24 09:00:00,1.0
DE1,waste,2021-01-24 12:00:00,1.0
DE1,waste,2021-01-24 15:00:00,1.0
DE1,waste,2021-01-24 18:00:00,1.0
DE1,waste,2021-01-24 21:00:00,1.0
DE1,waste,2021-01-25 00:00:00,1.0
DE1,waste,2021-01-25 03:00:00,1.0
DE1,waste,2021-01-25 06:00:00,1.0
DE1,waste,2021-01-25 09:00:00,1.0
DE1,waste,2021-01-25 12:00:00,1.0
DE1,waste,2021-01-25 15:00:00,1.0
DE1,waste,2021-01-25 18:00:00,1.0
DE1,waste,2021-01-25 21:00:00,1.0
DE1,waste,2021-01-26 00:00:00,1.0
DE1,waste,2021-01-26 03:00:00,1.0
DE1,waste,2021-01-26 06:00:00,1.0
DE1,waste,2021-01-26 09:00:00,1.0
DE1,waste,2021-01-26 12:00:00,1.0
DE1,waste,2021-01-26 15:00:00,1.0
DE1,waste,2021-01-26 18:00:00,1.0
DE1,waste,2021-01-26 21:00:00,1.0
DE1,waste,2021-01-27 00:00:00,1.0
DE1,waste,2021-01-27 03:00:00,1.0
DE1,waste,2021-01-27 06:00:00,1.0
DE1,waste,2021-01-27 09:00:00,1.0
DE1,waste,2021-01-27 12:00:00,1.0
DE1,waste,2021-01-27 15:00:00,1.0
DE1,waste,2021-01-27 18:00:00,1.0
DE1,waste,2021-01-27 21:00:00,1.0
DE1,waste,2021-01-28 00:00:00,1.0
DE1,waste,2021-01-28 03:00:00,1.0
DE1,waste,2021-01-28 06:00:00,1.0
DE1,waste,2021-01-28 09:00:00,1.0
DE1,waste,2021-01-28 12:00:00,1.0
DE1,waste,2021-01-28 15:00:00,1.0
DE1,waste,2021-01-28 18:00:00,1.0
DE1,waste,2021-01-28 21:00:00,1.0
DE1,waste,2021-01-29 00:00:00,1.0
DE1,waste,2021-01-29 03:00:00,1.0
DE1,waste,2021-01-29 06:00:00,1.0
DE1,waste,2021-01-29 09:00:00,1.0
DE1,waste,2021-01-29 12:00:00,1.0
DE1,waste,2021-01-29 15:00:00,1.0
DE1,waste,2021-01-29 18:00:00,1.0
DE1,waste,2021-01-29 21:00:00,1.0
DE1,waste,2021-01-30 00:00:00,1.0
DE1,waste,2021-01-30 03:00:00,1.0
DE1,waste,2021-01-30 06:00:00,1.0
DE1,waste,2021-01-30 09:00:00,1.0
DE1,waste,2021-01-30 12:00:00,1.0
DE1,waste,2021-01-30 15:00:00,1.0
DE1,waste,2021-01-30 18:00:00,1.0
DE1,waste,2021-01-30 21:00:00,1.0
DE1,waste,2021-01-31 00:00:00,1.0
DE1,waste,2021-01-31 03:00:00,1.0
DE1,waste,2021-01-31 06:00:00,1.0
DE1,waste,2021-01-31 09:00:00,1.0
DE1,waste,2021-01-31 12:00:00,1.0
DE1,waste,2021-01-31 15:00:00,1.0
DE1,waste,2021-01-31 18:00:00,1.0
DE1,waste,2021-01-31 21:00:00,1.0
DE1,waste,2021-02-01 00:00:00,1.0
DE1,waste,2021-02-01 03:00:00,1.0
DE1,waste,2021-02-01 06:00:00,1.0
DE1,waste,2021-02-01 09:00:00,1.0
DE1,waste,2021-02-01 12:00:00,1.0
DE1,waste,2021-02-01 15:00:00,1.0
DE1,waste,2021-02-01 18:00:00,1.0
DE1,waste,2021-02-01 21:00:00,1.0
DE1,waste,2021-02-02 00:00:00,1.0
DE1,waste,2021-02-02 03:00:00,1.0
DE1,waste,2021-02-02 06:00:00,1.0
DE1,waste,2021-02-02 09:00:00,1.0
DE1,waste,2021-02-02 12:00:00,1.0
DE1,waste,2021-02-02 15:00:00,1.0
DE1,waste,2021-02-02 18:00:00,1.0
DE1,waste,2021-02-02 21:00:00,1.0
DE1,waste,2021-02-03 00:00:00,1.0
DE1,waste,2021-02-03 03:00:00,1.0
DE1,waste,2021-02-03 06:00:00,1.0
DE1,waste,2021-02-03 09:00:00,1.0
DE1,waste,2021-02-03 12:00:00,1.0
DE1,waste,2021-02-03 15:00:00,1.0
DE1,waste,2021-02-03 18:00:00,1.0
DE1,waste,2021-02-03 21:00:00,1.0
DE1,waste,2021-02-04 00:00:00,1.0
DE1,waste,2021-02-04 03:00:00,1.0
DE1,waste,2021-02-04 06:00:00,1.0
DE1,waste,2021-02-04 09:00:00,1.0
DE1,waste,2021-02-04 12:00:00,1.0
DE1,waste,2021-02-04 15:00:00,1.0
DE1,waste,2021-02-04 18:00:00,1.0
DE1,waste,2021-02-04 21:00:00,1.0
DE1,waste,2021-02-05 00:00:00,1.0
DE1,waste,2021-02-05 03:00:00,1.0
DE1,waste,2021-02-05 06:00:00,1.0
DE1,waste,2021-02-05 09:00:00,1.0
DE1,waste,2021-02-05 12:00:00,1.0
DE1,waste,2021-02-05 15:00:00,1.0
DE1,waste,2021-02-05 18:00:00,1.0
DE1,waste,2021-02-05 21:00:00,1.0
DE1,waste,2021-02-06 00:00:00,1.0
DE1,waste,2021-02-06 03:00:00,1.0
DE1,waste,2021-02-06 06:00:00,1.0
DE1,waste,2021-02-06 09:00:00,1.0
DE1,waste,2021-02-06 12:00:00,1.0
DE1,waste,2021-02-06 15:00:00,1.0
DE1,waste,2021-02-06 18:00:00,1.0
DE1,waste,2021-02-06 21:00:00,1.0
DE1,waste,2021-02-07 00:00:00,1.0
DE1,waste,2021-02-07 03:00:00,1.0
DE1,waste,2021-02-07 06:00:00,1.0
DE1,waste,2021-02-07 09:00:00,1.0
DE1,waste,2021-02-07 12:00:00,1.0
DE1,waste,2021-02-07 15:00:00,1.0
DE1,waste,2021-02-07 18:00:00,1.0
DE1,waste,2021-02-07 21:00:00,1.0
DE1,waste,2021-02-08 00:00:00,1.0
DE1,waste,2021-02-08 03:00:00,1.0
DE1,waste,2021-02-08 06:00:00,1.0
DE1,waste,2021-02-08 09:00:00,1.0
DE1,waste,2021-02-08 12:00:00,1.0
DE1,waste,2021-02-08 15:00:00,1.0
DE1,waste,2021-02-08 18:00:00,1.0
DE1,waste,2021-02-08 21:00:00,1.0
DE1,waste,2021-02-09 00:00:00,1.0
DE1,waste,2021-02-09 03:00:00,1.0
DE1,waste,2021-02-09 06:00:00,1.0
DE1,waste,2021-02-09 09:00:00,1.0
DE1,waste,2021-02-09 12:00:00,1.0
DE1,waste,2021-02-09 15:00:00,1.0
DE1,waste,2021-02-09 18:00:00,1.0
DE1,waste,2021-02-09 21:00:00,1.0
DE1,waste,2021-02-10 00:00:00,1.0
DE1,waste,2021-02-10 03:00:00,1.0
DE1,waste,2021-02-10 06:00:00,1.0
DE1,waste,2021-02-10 09:00:00,1.0
DE1,waste,2021-02-10 12:00:00,1.0
DE1,waste,2021-02-10 15:00:00,1.0
DE1,waste,2021-02-10 18:00:00,1.0
DE1,waste,2021-02-10 21:00:00,1.0
DE1,waste,2021-02-11 00:00:00,1.0
DE1,waste,2021-02-11 03:00:00,1.0
DE1,waste,2021-02-11 06:00:00,1.0
DE1,waste,2021-02-11 09:00:00,1.0
DE1,waste,2021-02-11 12:00:00,1.0
DE1,waste,2021-02-11 15:00:00,1.0
DE1,waste,2021-02-11 18:00:00,1.0
DE1,waste,2021-02-11 21:00:00,1.0
DE1,waste,2021-02-12 00:00:00,1.0
DE1,waste,2021-02-12 03:00:00,1.0
DE1,waste,2021-02-12 06:00:00,1.0
DE1,waste,2021-02-12 09:00:00,1.0
DE1,waste,2021-02-12 12:00:00,1.0
DE1,waste,2021-02-12 15:00:00,1.0
DE1,waste,2021-02-12 18:00:00,1.0
DE1,waste,2021-02-12 21:00:00,1.0
DE1,waste,2021-02-13 00:00:00,1.0
DE1,waste,2021-02-13 03:00:00,1.0
DE1,waste,2021-02-13 06:00:00,1.0
DE1,waste,2021-02-13 09:00:00,1.0
DE1,waste,2021-02-13 12:00:00,1.0
DE1,waste,2021-02-13 15:00:00,1.0
DE1,waste,2021-02-13 18:00:00,1.0
DE1,waste,2021-02-13 21:00:00,1.0
DE1,waste,2021-02-14 00:00:00,1.0
DE1,waste,2021-02-14 03:00:00,1.0
DE1,waste,2021-02-14 06:00:00,1.0
DE1,waste,2021-02-14 09:00:00,1.0
DE1,waste,2021-02-14 12:00:00,1.0
DE1,waste,2021-02-14 15:00:00,1.0
DE1,waste,2021-02-14 18:00:00,1.0
DE1,waste,2021-02-14 21:00:00,1.0
DE2,biomass,2021-01-18 00:00:00,1.0
DE2,biomass,2021-01-18 03:00:00,1.0
DE2,biomass,2021-01-18 06:00:00,1.0
DE2,biomass,2021-01-18 09:00:00,1.0
DE2,biomass,2021-01-18 12:00:00,1.0
DE2,biomass,2021-01-18 15:00:00,1.0
DE2,biomass,2021-01-18 18:00:00,1.0
DE2,biomass,2021-01-18 21:00:00,1.0
DE2,biomass,2021-01-19 00:00:00,1.0
DE2,biomass,2021-01-19 03:00:00,1.0
DE2,biomass,2021-01-19 06:00:00,1.0
DE2,biomass,2021-01-19 09:00:00,1.0
DE2,biomass,2021-01-19 12:00:00,1.0
DE2,biomass,2021-01-19 15:00:00,1.0
DE2,biomass,2021-01-19 18:00:00,1.0
DE2,biomass,2021-01-19 21:00:00,1.0
DE2,biomass,2021-01-20 00:00:00,1.0
DE2,biomass,2021-01-20 03:00:00,1.0
DE2,biomass,2021-01-20 06:00:00,1.0
DE2,biomass,2021-01-20 09:00:00,1.0
DE2,biomass,2021-01-20 12:00:00,1.0
DE2,biomass,2021-01-20 15:00:00,1.0
DE2,biomass,2021-01-20 18:00:00,1.0
DE2,biomass,2021-01-20 21:00:00,1.0
DE2,biomass,2021-01-21 00:00:00,1.0
DE2,biomass,2021-01-21 03:00:00,1.0
DE2,biomass,2021-01-21 06:00:00,1.0
DE2,biomass,2021-01-21 09:00:00,1.0
DE2,biomass,2021-01-21 12:00:00,1.0
DE2,biomass,2021-01-21 15:00:00,1.0
DE2,biomass,2021-01-21 18:00:00,1.0
DE2,biomass,2021-01-21 21:00:00,1.0
DE2,biomass,2021-01-22 00:00:00,1.0
DE2,biomass,2021-01-22 03:00:00,1.0
DE2,biomass,2021-01-22 06:00:00,1.0
DE2,biomass,2021-01-22 09:00:00,1.0
DE2,biomass,2021-01-22 12:00:00,1.0
DE2,biomass,2021-01-22 15:00:00,1.0
DE2,biomass,2021-01-22 18:00:00,1.0
DE2,biomass,2021-01-22 21:00:00,1.0
DE2,biomass,2021-01-23 00:00:00,1.0
DE2,biomass,2021-01-23 03:00:00,1.0
DE2,biomass,2021-01-23 06:00:00,1.0
DE2,biomass,2021-01-23 09:00:00,1.0
DE2,biomass,2021-01-23 12:00:00,1.0
DE2,biomass,2021-01-23 15:00:00,1.0
DE2,biomass,2021-01-23 18:00:00,1.0
DE2,biomass,2021-01-23 21:00:00,1.0
DE2,biomass,2021-01-24 00:00:00,1.0
DE2,biomass,2021-01-24 03:00:00,1.0
DE2,biomass,2021-01-24 06:00:00,1.0
DE2,biomass,2021-01-24 09:00:00,1.0
DE2,biomass,2021-01-24 12:00:00,1.0
DE2,biomass,2021-01-24 15:00:00,1.0
DE2,biomass,2021-01-24 18:00:00,1.0
DE2,biomass,2021-01-24 21:00:00,1.0
DE2,biomass,2021-01-25 00:00:00,1.0
DE2,biomass,2021-01-25 03:00:00,1.0
DE2,biomass,2021-01-25 06:00:00,1.0
DE2,biomass,2021-01-25 09:00:00,1.0
DE2,biomass,2021-01-25 12:00:00,1.0
DE2,biomass,2021-01-25 15:00:00,1.0
DE2,biomass,2021-01-25 18:00:00,1.0
DE2,biomass,2021-01-25 21:00:00,1.0
DE2,biomass,2021-01-26 00:00:00,1.0
DE2,biomass,2021-01-26 03:00:00,1.0
DE2,biomass,2021-01-26 06:00:00,1.0
DE2,biomass,2021-01-26 09:00:00,1.0
DE2,biomass,2021-01-26 12:00:00,1.0
DE2,biomass,2021-01-26 15:00:00,1.0
DE2,biomass,2021-01-26 18:00:00,1.0
DE2,biomass,2021-01-26 21:00:00,1.0
DE2,biomass,2021-01-27 00:00:00,1.0
DE2,biomass,2021-01-27 03:00:00,1.0
DE2,biomass,2021-01-27 06:00:00,1.0
DE2,biomass,2021-01-27 09:00:00,1.0
DE2,biomass,2021-01-27 12:00:00,1.0
DE2,biomass,2021-01-27 15:00:00,1.0
DE2,biomass,2021-01-27 18:00:00,1.0
DE2,biomass,2021-01-27 21:00:00,1.0
DE2,biomass,2021-01-28 00:00:00,1.0
DE2,biomass,2021-01-28 03:00:00,1.0
DE2,biomass,2021-01-28 06:00:00,1.0
DE2,biomass,2021-01-28 09:00:00,1.0
DE2,biomass,2021-01-28 12:00:00,1.0
DE2,biomass,2021-01-28 15:00:00,1.0
DE2,biomass,2021-01-28 18:00:00,1.0
DE2,biomass,2021-01-28 21:00:00,1.0
DE2,biomass,2021-01-29 00:00:00,1.0
DE2,biomass,2021-01-29 03:00:00,1.0
DE2,biomass,2021-01-29 06:00:00,1.0
DE2,biomass,2021-01-29 09:00:00,1.0
DE2,biomass,2021-01-29 12:00:00,1.0
DE2,biomass,2021-01-29 15:00:00,1.0
DE2,biomass,2021-01-29 18:00:00,1.0
DE2,biomass,2021-01-29 21:00:00,1.0
DE2,biomass,2021-01-30 00:00:00,1.0
DE2,biomass,2021-01-30 03:00:00,1.0
DE2,biomass,2021-01-30 06:00:00,1.0
DE2,biomass,2021-01-30 09:00:00,1.0
DE2,biomass,2021-01-30 12:00:00,1.0
DE2,biomass,2021-01-30 15:00:00,1.0
DE2,biomass,2021-01-30 18:00:00,1.0
DE2,biomass,2021-01-30 21:00:00,1.0
DE2,biomass,2021-01-31 00:00:00,1.0
DE2,biomass,2021-01-31 03:00:00,1.0
DE2,biomass,2021-01-31 06:00:00,1.0
DE2,biomass,2021-01-31 09:00:00,1.0
DE2,biomass,2021-01-31 12:00:00,1.0
DE2,biomass,2021-01-31 15:00:00,1.0
DE2,biomass,2021-01-31 18:00:00,1.0
DE2,biomass,2021-01-31 21:00:00,1.0
DE2,biomass,2021-02-01 00:00:00,1.0
DE2,biomass,2021-02-01 03:00:00,1.0
DE2,biomass,2021-02-01 06:00:00,1.0
DE2,biomass,2021-02-01 09:00:00,1.0
DE2,biomass,2021-02-01 12:00:00,1.0
DE2,biomass,2021-02-01 15:00:00,1.0
DE2,biomass,2021-02-01 18:00:00,1.0
DE2,biomass,2021-02-01 21:00:00,1.0
DE2,biomass,2021-02-02 00:00:00,1.0
DE2,biomass,2021-02-02 03:00:00,1.0
DE2,biomass,2021-02-02 06:00:00,1.0
DE2,biomass,2021-02-02 09:00:00,1.0
DE2,biomass,2021-02-02 12:00:00,1.0
DE2,biomass,2021-02-02 15:00:00,1.0
DE2,biomass,2021-02-02 18:00:00,1.0
DE2,biomass,2021-02-02 21:00:00,1.0
DE2,biomass,2021-02-03 00:00:00,1.0
DE2,biomass,2021-02-03 03:00:00,1.0
DE2,biomass,2021-02-03 06:00:00,1.0
DE2,biomass,2021-02-03 09:00:00,1.0
DE2,biomass,2021-02-03 12:00:00,1.0
DE2,biomass,2021-02-03 15:00:00,1.0
DE2,biomass,2021-02-03 18:00:00,1.0
DE2,biomass,2021-02-03 21:00:00,1.0
DE2,biomass,2021-02-04 00:00:00,1.0
DE2,biomass,2021-02-04 03:00:00,1.0
DE2,biomass,2021-02-04 06:00:00,1.0
DE2,biomass,2021-02-04 09:00:00,1.0
DE2,biomass,2021-02-04 12:00:00,1.0
DE2,biomass,2021-02-04 15:00:00,1.0
DE2,biomass,2021-02-04 18:00:00,1.0
DE2,biomass,2021-02-04 21:00:00,1.0
DE2,biomass,2021-02-05 00:00:00,1.0
DE2,biomass,2021-02-05 03:00:00,1.0
DE2,biomass,2021-02-05 06:00:00,1.0
DE2,biomass,2021-02-05 09:00:00,1.0
DE2,biomass,2021-02-05 12:00:00,1.0
DE2,biomass,2021-02-05 15:00:00,1.0
DE2,biomass,2021-02-05 18:00:00,1.0
DE2,biomass,2021-02-05 21:00:00,1.0
DE2,biomass,2021-02-06 00:00:00,1.0
DE2,biomass,2021-02-06 03:00:00,1.0
DE2,biomass,2021-02-06 06:00:00,1.0
DE2,biomass,2021-02-06 09:00:00,1.0
DE2,biomass,2021-02-06 12:00:00,1.0
DE2,biomass,2021-02-06 15:00:00,1.0
DE2,biomass,2021-02-06 18:00:00,1.0
DE2,biomass,2021-02-06 21:00:00,1.0
DE2,biomass,2021-02-07 00:00:00,1.0
DE2,biomass,2021-02-07 03:00:00,1.0
DE2,biomass,2021-02-07 06:00:00,1.0
DE2,biomass,2021-02-07 09:00:00,1.0
DE2,biomass,2021-02-07 12:00:00,1.0
DE2,biomass,2021-02-07 15:00:00,1.0
DE2,biomass,2021-02-07 18:00:00,1.0
DE2,biomass,2021-02-07 21:00:00,1.0
DE2,biomass,2021-02-08 00:00:00,1.0
DE2,biomass,2021-02-08 03:00:00,1.0
DE2,biomass,2021-02-08 06:00:00,1.0
DE2,biomass,2021-02-08 09:00:00,1.0
DE2,biomass,2021-02-08 12:00:00,1.0
DE2,biomass,2021-02-08 15:00:00,1.0
DE2,biomass,2021-02-08 18:00:00,1.0
DE2,biomass,2021-02-08 21:00:00,1.0
DE2,biomass,2021-02-09 00:00:00,1.0
DE2,biomass,2021-02-09 03:00:00,1.0
DE2,biomass,2021-02-09 06:00:00,1.0
DE2,biomass,2021-02-09 09:00:00,1.0
DE2,biomass,2021-02-09 12:00:00,1.0
DE2,biomass,2021-02-09 15:00:00,1.0
DE2,biomass,2021-02-09 18:00:00,1.0
DE2,biomass,2021-02-09 21:00:00,1.0
DE2,biomass,2021-02-10 00:00:00,1.0
DE2,biomass,2021-02-10 03:00:00,1.0
DE2,biomass,2021-02-10 06:00:00,1.0
DE2,biomass,2021-02-10 09:00:00,1.0
DE2,biomass,2021-02-10 12:00:00,1.0
DE2,biomass,2021-02-10 15:00:00,1.0
DE2,biomass,2021-02-10 18:00:00,1.0
DE2,biomass,2021-02-10 21:00:00,1.0
DE2,biomass,2021-02-11 00:00:00,1.0
DE2,biomass,2021-02-11 03:00:00,1.0
DE2,biomass,2021-02-11 06:00:00,1.0
DE2,biomass,2021-02-11 09:00:00,1.0
DE2,biomass,2021-02-11 12:00:00,1.0
DE2,biomass,2021-02-11 15:00:00,1.0
DE2,biomass,2021-02-11 18:00:00,1.0
DE2,biomass,2021-02-11 21:00:00,1.0
DE2,biomass,2021-02-12 00:00:00,1.0
DE2,biomass,2021-02-12 03:00:00,1.0
DE2,biomass,2021-02-12 06:00:00,1.0
DE2,biomass,2021-02-12 09:00:00,1.0
DE2,biomass,2021-02-12 12:00:00,1.0
DE2,biomass,2021-02-12 15:00:00,1.0
DE2,biomass,2021-02-12 18:00:00,1.0
DE2,biomass,2021-02-12 21:00:00,1.0
DE2,biomass,2021-02-13 00:00:00,1.0
DE2,biomass,2021-02-13 03:00:00,1.0
DE2,biomass,2021-02-13 06:00:00,1.0
DE2,biomass,2021-02-13 09:00:00,1.0
DE2,biomass,2021-02-13 12:00:00,1.0
DE2,biomass,2021-02-13 15:00:00,1.0
DE2,biomass,2021-02-13 18:00:00,1.0
DE2,biomass,2021-02-13 21:00:00,1.0
DE2,biomass,2021-02-14 00:00:00,1.0
DE2,biomass,2021-02-14 03:00:00,1.0
DE2,biomass,2021-02-14 06:00:00,1.0
DE2,biomass,2021-02-14 09:00:00,1.0
DE2,biomass,2021-02-14 12:00:00,1.0
DE2,biomass,2021-02-14 15:00:00,1.0
DE2,biomass,2021-02-14 18:00:00,1.0
DE2,biomass,2021-02-14 21:00:00,1.0
DE2,ccgt,2021-01-18 00:00:00,1.0
DE2,ccgt,2021-01-18 03:00:00,1.0
DE2,ccgt,2021-01-18 06:00:00,1.0
DE2,ccgt,2021-01-18 09:00:00,1.0
DE2,ccgt,2021-01-18 12:00:00,1.0
DE2,ccgt,2021-01-18 15:00:00,1.0
DE2,ccgt,2021-01-18 18:00:00,1.0
DE2,ccgt,2021-01-18 21:00:00,1.0
DE2,ccgt,2021-01-19 00:00:00,1.0
DE2,ccgt,2021-01-19 03:00:00,1.0
DE2,ccgt,2021-01-19 06:00:00,1.0
DE2,ccgt,2021-01-19 09:00:00,1.0
DE2,ccgt,2021-01-19 12:00:00,1.0
DE2,ccgt,2021-01-19 15:00:00,1.0
DE2,ccgt,2021-01-19 18:00:00,1.0
DE2,ccgt,2021-01-19 21:00:00,1.0
DE2,ccgt,2021-01-20 00:00:00,1.0
DE2,ccgt,2021-01-20 03:00:00,1.0
DE2,ccgt,2021-01-20 06:00:00,1.0
DE2,ccgt,2021-01-20 09:00:00,1.0
DE2,ccgt,2021-01-20 12:00:00,1.0
DE2,ccgt,2021-01-20 15:00:00,1.0
DE2,ccgt,2021-01-20 18:00:00,1.0
DE2,ccgt,2021-01-20 21:00:00,1.0
DE2,ccgt,2021-01-21 00:00:00,1.0
DE2,ccgt,2021-01-21 03:00:00,1.0
DE2,ccgt,2021-01-21 06:00:00,1.0
DE2,ccgt,2021-01-21 09:00:00,1.0
DE2,ccgt,2021-01-21 12:00:00,1.0
DE2,ccgt,2021-01-21 15:00:00,1.0
DE2,ccgt,2021-01-21 18:00:00,1.0
DE2,ccgt,2021-01-21 21:00:00,1.0
DE2,ccgt,2021-01-22 00:00:00,1.0
DE2,ccgt,2021-01-22 03:00:00,1.0
DE2,ccgt,2021-01-22 06:00:00,1.0
DE2,ccgt,2021-01-22 09:00:00,1.0
DE2,ccgt,2021-01-22 12:00:00,1.0
DE2,ccgt,2021-01-22 15:00:00,1.0
DE2,ccgt,2021-01-22 18:00:00,1.0
DE2,ccgt,2021-01-22 21:00:00,1.0
DE2,ccgt,2021-01-23 00:00:00,1.0
DE2,ccgt,2021-01-23 03:00:00,1.0
DE2,ccgt,2021-01-23 06:00:00,1.0
DE2,ccgt,2021-01-23 09:00:00,1.0
DE2,ccgt,2021-01-23 12:00:00,1.0
DE2,ccgt,2021-01-23 15:00:00,1.0
DE2,ccgt,2021-01-23 18:00:00,1.0
DE2,ccgt,2021-01-23 21:00:00,1.0
DE2,ccgt,2021-01-24 00:00:00,1.0
DE2,ccgt,2021-01-24 03:00:00,1.0
DE2,ccgt,2021-01-24 06:00:00,1.0
DE2,ccgt,2021-01-24 09:00:00,1.0
DE2,ccgt,2021-01-24 12:00:00,1.0
DE2,ccgt,2021-01-24 15:00:00,1.0
DE2,ccgt,2021-01-24 18:00:00,1.0
DE2,ccgt,2021-01-24 21:00:00,1.0
DE2,ccgt,2021-01-25 00:00:00,1.0
DE2,ccgt,2021-01-25 03:00:00,1.0
DE2,ccgt,2021-01-25 06:00:00,1.0
DE2,ccgt,2021-01-25 09:00:00,1.0
DE2,ccgt,2021-01-25 12:00:00,1.0
DE2,ccgt,2021-01-25 15:00:00,1.0
DE2,ccgt,2021-01-25 18:00:00,1.0
DE2,ccgt,2021-01-25 21:00:00,1.0
DE2,ccgt,2021-01-26 00:00:00,1.0
DE2,ccgt,2021-01-26 03:00:00,1.0
DE2,ccgt,2021-01-26 06:00:00,1.0
DE2,ccgt,2021-01-26 09:00:00,1.0
DE2,ccgt,2021-01-26 12:00:00,1.0
DE2,ccgt,2021-01-26 15:00:00,1.0
DE2,ccgt,2021-01-26 18:00:00,1.0
DE2,ccgt,2021-01-26 21:00:00,1.0
DE2,ccgt,2021-01-27 00:00:00,1.0
DE2,ccgt,2021-01-27 03:00:00,1.0
DE2,ccgt,2021-01-27 06:00:00,1.0
DE2,ccgt,2021-01-27 09:00:00,1.0
DE2,ccgt,2021-01-27 12:00:00,1.0
DE2,ccgt,2021-01-27 15:00:00,1.0
DE2,ccgt,2021-01-27 18:00:00,1.0
DE2,ccgt,2021-01-27 21:00:00,1.0
DE2,ccgt,2021-01-28 00:00:00,1.0
DE2,ccgt,2021-01-28 03:00:00,1.0
DE2,ccgt,2021-01-28 06:00:00,1.0
DE2,ccgt,2021-01-28 09:00:00,1.0
DE2,ccgt,2021-01-28 12:00:00,1.0
DE2,ccgt,2021-01-28 15:00:00,1.0
DE2,ccgt,2021-01-28 18:00:00,1.0
DE2,ccgt,2021-01-28 21:00:00,1.0
DE2,ccgt,2021-01-29 00:00:00,1.0
DE2,ccgt,2021-01-29 03:00:00,1.0
DE2,ccgt,2021-01-29 06:00:00,1.0
DE2,ccgt,2021-01-29 09:00:00,1.0
DE2,ccgt,2021-01-29 12:00:00,1.0
DE2,ccgt,2021-01-29 15:00:00,1.0
DE2,ccgt,2021-01-29 18:00:00,1.0
DE2,ccgt,2021-01-29 21:00:00,1.0
DE2,ccgt,2021-01-30 00:00:00,1.0
DE2,ccgt,2021-01-30 03:00:00,1.0
DE2,ccgt,2021-01-30 06:00:00,1.0
DE2,ccgt,2021-01-30 09:00:00,1.0
DE2,ccgt,2021-01-30 12:00:00,1.0
DE2,ccgt,2021-01-30 15:00:00,1.0
DE2,ccgt,2021-01-30 18:00:00,1.0
DE2,ccgt,2021-01-30 21:00:00,1.0
DE2,ccgt,2021-01-31 00:00:00,1.0
DE2,ccgt,2021-01-31 03:00:00,1.0
DE2,ccgt,2021-01-31 06:00:00,1.0
DE2,ccgt,2021-01-31 09:00:00,1.0
DE2,ccgt,2021-01-31 12:00:00,1.0
DE2,ccgt,2021-01-31 15:00:00,1.0
DE2,ccgt,2021-01-31 18:00:00,1.0
DE2,ccgt,2021-01-31 21:00:00,1.0
DE2,ccgt,2021-02-01 00:00:00,1.0
DE2,ccgt,2021-02-01 03:00:00,1.0
DE2,ccgt,2021-02-01 06:00:00,1.0
DE2,ccgt,2021-02-01 09:00:00,1.0
DE2,ccgt,2021-02-01 12:00:00,1.0
DE2,ccgt,2021-02-01 15:00:00,1.0
DE2,ccgt,2021-02-01 18:00:00,1.0
DE2,ccgt,2021-02-01 21:00:00,1.0
DE2,ccgt,2021-02-02 00:00:00,1.0
DE2,ccgt,2021-02-02 03:00:00,1.0
DE2,ccgt,2021-02-02 06:00:00,1.0
DE2,ccgt,2021-02-02 09:00:00,1.0
DE2,ccgt,2021-02-02 12:00:00,1.0
DE2,ccgt,2021-02-02 15:00:00,1.0
DE2,ccgt,2021-02-02 18:00:00,1.0
DE2,ccgt,2021-02-02 21:00:00,1.0
DE2,ccgt,2021-02-03 00:00:00,1.0
DE2,ccgt,2021-02-03 03:00:00,1.0
DE2,ccgt,2021-02-03 06:00:00,1.0
DE2,ccgt,2021-02-03 09:00:00,1.0
DE2,ccgt,2021-02-03 12:00:00,1.0
DE2,ccgt,2021-02-03 15:00:00,1.0
DE2,ccgt,2021-02-03 18:00:00,1.0
DE2,ccgt,2021-02-03 21:00:00,1.0
DE2,ccgt,2021-02-04 00:00:00,1.0
DE2,ccgt,2021-02-04 03:00:00,1.0
DE2,ccgt,2021-02-04 06:00:00,1.0
DE2,ccgt,2021-02-04 09:00:00,1.0
DE2,ccgt,2021-02-04 12:00:00,1.0
DE2,ccgt,2021-02-04 15:00:00,1.0
DE2,ccgt,2021-02-04 18:00:00,1.0
DE2,ccgt,2021-02-04 21:00:00,1.0
DE2,ccgt,2021-02-05 00:00:00,1.0
DE2,ccgt,2021-02-05 03:00:00,1.0
DE2,ccgt,2021-02-05 06:00:00,1.0
DE2,ccgt,2021-02-05 09:00:00,1.0
DE2,ccgt,2021-02-05 12:00:00,1.0
DE2,ccgt,2021-02-05 15:00:00,1.0
DE2,ccgt,2021-02-05 18:00:00,1.0
DE2,ccgt,2021-02-05 21:00:00,1.0
DE2,ccgt,2021-02-06 00:00:00,1.0
DE2,ccgt,2021-02-06 03:00:00,1.0
DE2,ccgt,2021-02-06 06:00:00,1.0
DE2,ccgt,2021-02-06 09:00:00,1.0
DE2,ccgt,2021-02-06 12:00:00,1.0
DE2,ccgt,2021-02-06 15:00:00,1.0
DE2,ccgt,2021-02-06 18:00:00,1.0
DE2,ccgt,2021-02-06 21:00:00,1.0
DE2,ccgt,2021-02-07 00:00:00,1.0
DE2,ccgt,2021-02-07 03:00:00,1.0
DE2,ccgt,2021-02-07 06:00:00,1.0
DE2,ccgt,2021-02-07 09:00:00,1.0
DE2,ccgt,2021-02-07 12:00:00,1.0
DE2,ccgt,2021-02-07 15:00:00,1.0
DE2,ccgt,2021-02-07 18:00:00,1.0
DE2,ccgt,2021-02-07 21:00:00,1.0
DE2,ccgt,2021-02-08 00:00:00,1.0
DE2,ccgt,2021-02-08 03:00:00,1.0
DE2,ccgt,2021-02-08 06:00:00,1.0
DE2,ccgt,2021-02-08 09:00:00,1.0
DE2,ccgt,2021-02-08 12:00:00,1.0
DE2,ccgt,2021-02-08 15:00:00,1.0
DE2,ccgt,2021-02-08 18:00:00,1.0
DE2,ccgt,2021-02-08 21:00:00,1.0
DE2,ccgt,2021-02-09 00:00:00,1.0
DE2,ccgt,2021-02-09 03:00:00,1.0
DE2,ccgt,2021-02-09 06:00:00,1.0
DE2,ccgt,2021-02-09 09:00:00,1.0
DE2,ccgt,2021-02-09 12:00:00,1.0
DE2,ccgt,2021-02-09 15:00:00,1.0
DE2,ccgt,2021-02-09 18:00:00,1.0
DE2,ccgt,2021-02-09 21:00:00,1.0
DE2,ccgt,2021-02-10 00:00:00,1.0
DE2,ccgt,2021-02-10 03:00:00,1.0
DE2,ccgt,2021-02-10 06:00:00,1.0
DE2,ccgt,2021-02-10 09:00:00,1.0
DE2,ccgt,2021-02-10 12:00:00,1.0
DE2,ccgt,2021-02-10 15:00:00,1.0
DE2,ccgt,2021-02-10 18:00:00,1.0
DE2,ccgt,2021-02-10 21:00:00,1.0
DE2,ccgt,2021-02-11 00:00:00,1.0
DE2,ccgt,2021-02-11 03:00:00,1.0
DE2,ccgt,2021-02-11 06:00:00,1.0
DE2,ccgt,2021-02-11 09:00:00,1.0
DE2,ccgt,2021-02-11 12:00:00,1.0
DE2,ccgt,2021-02-11 15:00:00,1.0
DE2,ccgt,2021-02-11 18:00:00,1.0
DE2,ccgt,2021-02-11 21:00:00,1.0
DE2,ccgt,2021-02-12 00:00:00,1.0
DE2,ccgt,2021-02-12 03:00:00,1.0
DE2,ccgt,2021-02-12 06:00:00,1.0
DE2,ccgt,2021-02-12 09:00:00,1.0
DE2,ccgt,2021-02-12 12:00:00,1.0
DE2,ccgt,2021-02-12 15:00:00,1.0
DE2,ccgt,2021-02-12 18:00:00,1.0
DE2,ccgt,2021-02-12 21:00:00,1.0
DE2,ccgt,2021-02-13 00:00:00,1.0
DE2,ccgt,2021-02-13 03:00:00,1.0
DE2,ccgt,2021-02-13 06:00:00,1.0
DE2,ccgt,2021-02-13 09:00:00,1.0
DE2,ccgt,2021-02-13 12:00:00,1.0
DE2,ccgt,2021-02-13 15:00:00,1.0
DE2,ccgt,2021-02-13 18:00:00,1.0
DE2,ccgt,2021-02-13 21:00:00,1.0
DE2,ccgt,2021-02-14 00:00:00,1.0
DE2,ccgt,2021-02-14 03:00:00,1.0
DE2,ccgt,2021-02-14 06:00:00,1.0
DE2,ccgt,2021-02-14 09:00:00,1.0
DE2,ccgt,2021-02-14 12:00:00,1.0
DE2,ccgt,2021-02-14 15:00:00,1.0
DE2,ccgt,2021-02-14 18:00:00,1.0
DE2,ccgt,2021-02-14 21:00:00,1.0
DE2,coal,2021-01-18 00:00:00,0.0
DE2,coal,2021-01-18 03:00:00,0.0
DE2,coal,2021-01-18 06:00:00,0.0
DE2,coal,2021-01-18 09:00:00,0.0
DE2,coal,2021-01-18 12:00:00,0.0
DE2,coal,2021-01-18 15:00:00,0.0
DE2,coal,2021-01-18 18:00:00,0.0
DE2,coal,2021-01-18 21:00:00,0.0
DE2,coal,2021-01-19 00:00:00,0.0
DE2,coal,2021-01-19 03:00:00,0.0
DE2,coal,2021-01-19 06:00:00,0.0
DE2,coal,2021-01-19 09:00:00,0.0
DE2,coal,2021-01-19 12:00:00,0.0
DE2,coal,2021-01-19 15:00:00,0.0
DE2,coal,2021-01-19 18:00:00,0.0
DE2,coal,2021-01-19 21:00:00,0.0
DE2,coal,2021-01-20 00:00:00,0.0
DE2,coal,2021-01-20 03:00:00,0.0
DE2,coal,2021-01-20 06:00:00,0.0
DE2,coal,2021-01-20 09:00:00,0.0
DE2,coal,2021-01-20 12:00:00,0.0
DE2,coal,2021-01-20 15:00:00,0.0
DE2,coal,2021-01-20 18:00:00,0.0
DE2,coal,2021-01-20 21:00:00,0.0
DE2,coal,2021-01-21 00:00:00,0.0
DE2,coal,2021-01-21 03:00:00,0.0
DE2,coal,2021-01-21 06:00:00,0.0
DE2,coal,2021-01-21 09:00:00,0.0
DE2,coal,2021-01-21 12:00:00,0.0
DE2,coal,2021-01-21 15:00:00,0.0
DE2,coal,2021-01-21 18:00:00,0.0
DE2,coal,2021-01-21 21:00:00,0.0
DE2,coal,2021-01-22 00:00:00,0.0
DE2,coal,2021-01-22 03:00:00,0.0
DE2,coal,2021-01-22 06:00:00,0.0
DE2,coal,2021-01-22 09:00:00,0.0
DE2,coal,2021-01-22 12:00:00,0.0
DE2,coal,2021-01-22 15:00:00,0.0
DE2,coal,2021-01-22 18:00:00,0.0
DE2,coal,2021-01-22 21:00:00,0.0
DE2,coal,2021-01-23 00:00:00,0.0
DE2,coal,2021-01-23 03:00:00,0.0
DE2,coal,2021-01-23 06:00:00,0.0
DE2,coal,2021-01-23 09:00:00,0.0
DE2,coal,2021-01-23 12:00:00,0.0
DE2,coal,2021-01-23 15:00:00,0.0
DE2,coal,2021-01-23 18:00:00,0.0
DE2,coal,2021-01-23 21:00:00,0.0
DE2,coal,2021-01-24 00:00:00,0.0
DE2,coal,2021-01-24 03:00:00,0.0
DE2,coal,2021-01-24 06:00:00,0.0
DE2,coal,2021-01-24 09:00:00,0.0
DE2,coal,2021-01-24 12:00:00,0.0
DE2,coal,2021-01-24 15:00:00,0.0
DE2,coal,2021-01-24 18:00:00,0.0
DE2,coal,2021-01-24 21:00:00,0.0
DE2,coal,2021-01-25 00:00:00,0.0
DE2,coal,2021-01-25 03:00:00,0.0
DE2,coal,2021-01-25 06:00:00,0.0
DE2,coal,2021-01-25 09:00:00,0.0
DE2,coal,2021-01-25 12:00:00,0.0
DE2,coal,2021-01-25 15:00:00,0.0
DE2,coal,2021-01-25 18:00:00,0.0
DE2,coal,2021-01-25 21:00:00,0.0
DE2,coal,2021-01-26 00:00:00,0.0
DE2,coal,2021-01-26 03:00:00,0.0
DE2,coal,2021-01-26 06:00:00,0.0
DE2,coal,2021-01-26 09:00:00,0.0
DE2,coal,2021-01-26 12:00:00,0.0
DE2,coal,2021-01-26 15:00:00,0.0
DE2,coal,2021-01-26 18:00:00,0.0
DE2,coal,2021-01-26 21:00:00,0.0
DE2,coal,2021-01-27 00:00:00,0.0
DE2,coal,2021-01-27 03:00:00,0.0
DE2,coal,2021-01-27 06:00:00,0.0
DE2,coal,2021-01-27 09:00:00,0.0
DE2,coal,2021-01-27 12:00:00,0.0
DE2,coal,2021-01-27 15:00:00,0.0
DE2,coal,2021-01-27 18:00:00,0.0
DE2,coal,2021-01-27 21:00:00,0.0
DE2,coal,2021-01-28 00:00:00,0.0
DE2,coal,2021-01-28 03:00:00,0.0
DE2,coal,2021-01-28 06:00:00,0.0
DE2,coal,2021-01-28 09:00:00,0.0
DE2,coal,2021-01-28 12:00:00,0.0
DE2,coal,2021-01-28 15:00:00,0.0
DE2,coal,2021-01-28 18:00:00,0.0
DE2,coal,2021-01-28 21:00:00,0.0
DE2,coal,2021-01-29 00:00:00,0.0
DE2,coal,2021-01-29 03:00:00,0.0
DE2,coal,2021-01-29 06:00:00,0.0
DE2,coal,2021-01-29 09:00:00,0.0
DE2,coal,2021-01-29 12:00:00,0.0
DE2,coal,2021-01-29 15:00:00,0.0
DE2,coal,2021-01-29 18:00:00,0.0
DE2,coal,2021-01-29 21:00:00,0.0
DE2,coal,2021-01-30 00:00:00,0.0
DE2,coal,2021-01-30 03:00:00,0.0
DE2,coal,2021-01-30 06:00:00,0.0
DE2,coal,2021-01-30 09:00:00,0.0
DE2,coal,2021-01-30 12:00:00,0.0
DE2,coal,2021-01-30 15:00:00,0.0
DE2,coal,2021-01-30 18:00:00,0.0
DE2,coal,2021-01-30 21:00:00,0.0
DE2,coal,2021-01-31 00:00:00,0.0
DE2,coal,2021-01-31 03:00:00,0.0
DE2,coal,2021-01-31 06:00:00,0.0
DE2,coal,2021-01-31 09:00:00,0.0
DE2,coal,2021-01-31 12:00:00,0.0
DE2,coal,2021-01-31 15:00:00,0.0
DE2,coal,2021-01-31 18:00:00,0.0
DE2,coal,2021-01-31 21:00:00,0.0
DE2,coal,2021-02-01 00:00:00,0.0
DE2,coal,2021-02-01 03:00:00,0.0
DE2,coal,2021-02-01 06:00:00,0.0
DE2,coal,2021-02-01 09:00:00,0.0
DE2,coal,2021-02-01 12:00:00,0.0
DE2,coal,2021-02-01 15:00:00,0.0
DE2,coal,2021-02-01 18:00:00,0.0
DE2,coal,2021-02-01 21:00:00,0.0
DE2,coal,2021-02-02 00:00:00,0.0
DE2,coal,2021-02-02 03:00:00,0.0
DE2,coal,2021-02-02 06:00:00,0.0
DE2,coal,2021-02-02 09:00:00,0.0
DE2,coal,2021-02-02 12:00:00,0.0
DE2,coal,2021-02-02 15:00:00,0.0
DE2,coal,2021-02-02 18:00:00,0.0
DE2,coal,2021-02-02 21:00:00,0.0
DE2,coal,2021-02-03 00:00:00,0.0
DE2,coal,2021-02-03 03:00:00,0.0
DE2,coal,2021-02-03 06:00:00,0.0
DE2,coal,2021-02-03 09:00:00,0.0
DE2,coal,2021-02-03 12:00:00,0.0
DE2,coal,2021-02-03 15:00:00,0.0
DE2,coal,2021-02-03 18:00:00,0.0
DE2,coal,2021-02-03 21:00:00,0.0
DE2,coal,2021-02-04 00:00:00,0.0
DE2,coal,2021-02-04 03:00:00,0.0
DE2,coal,2021-02-04 06:00:00,0.0
DE2,coal,2021-02-04 09:00:00,0.0
DE2,coal,2021-02-04 12:00:00,0.0
DE2,coal,2021-02-04 15:00:00,0.0
DE2,coal,2021-02-04 18:00:00,0.0
DE2,coal,2021-02-04 21:00:00,0.0
DE2,coal,2021-02-05 00:00:00,0.0
DE2,coal,2021-02-05 03:00:00,0.0
DE2,coal,2021-02-05 06:00:00,0.0
DE2,coal,2021-02-05 09:00:00,0.0
DE2,coal,2021-02-05 12:00:00,0.0
DE2,coal,2021-02-05 15:00:00,0.0
DE2,coal,2021-02-05 18:00:00,0.0
DE2,coal,2021-02-05 21:00:00,0.0
DE2,coal,2021-02-06 00:00:00,0.0
DE2,coal,2021-02-06 03:00:00,0.0
DE2,coal,2021-02-06 06:00:00,0.0
DE2,coal,2021-02-06 09:00:00,0.0
DE2,coal,2021-02-06 12:00:00,0.0
DE2,coal,2021-02-06 15:00:00,0.0
DE2,coal,2021-02-06 18:00:00,0.0
DE2,coal,2021-02-06 21:00:00,0.0
DE2,coal,2021-02-07 00:00:00,0.0
DE2,coal,2021-02-07 03:00:00,0.0
DE2,coal,2021-02-07 06:00:00,0.0
DE2,coal,2021-02-07 09:00:00,0.0
DE2,coal,2021-02-07 12:00:00,0.0
DE2,coal,2021-02-07 15:00:00,0.0
DE2,coal,2021-02-07 18:00:00,0.0
DE2,coal,2021-02-07 21:00:00,0.0
DE2,coal,2021-02-08 00:00:00,0.0
DE2,coal,2021-02-08 03:00:00,0.0
DE2,coal,2021-02-08 06:00:00,0.0
DE2,coal,2021-02-08 09:00:00,0.0
DE2,coal,2021-02-08 12:00:00,0.0
DE2,coal,2021-02-08 15:00:00,0.0
DE2,coal,2021-02-08 18:00:00,0.0
DE2,coal,2021-02-08 21:00:00,0.0
DE2,coal,2021-02-09 00:00:00,0.0
DE2,coal,2021-02-09 03:00:00,0.0
DE2,coal,2021-02-09 06:00:00,0.0
DE2,coal,2021-02-09 09:00:00,0.0
DE2,coal,2021-02-09 12:00:00,0.0
DE2,coal,2021-02-09 15:00:00,0.0
DE2,coal,2021-02-09 18:00:00,0.0
DE2,coal,2021-02-09 21:00:00,0.0
DE2,coal,2021-02-10 00:00:00,0.0
DE2,coal,2021-02-10 03:00:00,0.0
DE2,coal,2021-02-10 06:00:00,0.0
DE2,coal,2021-02-10 09:00:00,0.0
DE2,coal,2021-02-10 12:00:00,0.0
DE2,coal,2021-02-10 15:00:00,0.0
DE2,coal,2021-02-10 18:00:00,0.0
DE2,coal,2021-02-10 21:00:00,0.0
DE2,coal,2021-02-11 00:00:00,0.0
DE2,coal,2021-02-11 03:00:00,0.0
DE2,coal,2021-02-11 06:00:00,0.0
DE2,coal,2021-02-11 09:00:00,0.0
DE2,coal,2021-02-11 12:00:00,0.0
DE2,coal,2021-02-11 15:00:00,0.0
DE2,coal,2021-02-11 18:00:00,0.0
DE2,coal,2021-02-11 21:00:00,0.0
DE2,coal,2021-02-12 00:00:00,0.0
DE2,coal,2021-02-12 03:00:00,0.0
DE2,coal,2021-02-12 06:00:00,0.0
DE2,coal,2021-02-12 09:00:00,0.0
DE2,coal,2021-02-12 12:00:00,0.0
DE2,coal,2021-02-12 15:00:00,0.0
DE2,coal,2021-02-12 18:00:00,0.0
DE2,coal,2021-02-12 21:00:00,0.0
DE2,coal,2021-02-13 00:00:00,0.0
DE2,coal,2021-02-13 03:00:00,0.0
DE2,coal,2021-02-13 06:00:00,0.0
DE2,coal,2021-02-13 09:00:00,0.0
DE2,coal,2021-02-13 12:00:00,0.0
DE2,coal,2021-02-13 15:00:00,0.0
DE2,coal,2021-02-13 18:00:00,0.0
DE2,coal,2021-02-13 21:00:00,0.0
DE2,coal,2021-02-14 00:00:00,0.0
DE2,coal,2021-02-14 03:00:00,0.0
DE2,coal,2021-02-14 06:00:00,0.0
DE2,coal,2021-02-14 09:00:00,0.0
DE2,coal,2021-02-14 12:00:00,0.0
DE2,coal,2021-02-14 15:00:00,0.0
DE2,coal,2021-02-14 18:00:00,0.0
DE2,coal,2021-02-14 21:00:00,0.0
DE2,lignite,2021-01-18 00:00:00,0.0
DE2,lignite,2021-01-18 03:00:00,0.0
DE2,lignite,2021-01-18 06:00:00,0.0
DE2,lignite,2021-01-18 09:00:00,0.0
DE2,lignite,2021-01-18 12:00:00,0.0
DE2,lignite,2021-01-18 15:00:00,0.0
DE2,lignite,2021-01-18 18:00:00,0.0
DE2,lignite,2021-01-18 21:00:00,0.0
DE2,lignite,2021-01-19 00:00:00,0.0
DE2,lignite,2021-01-19 03:00:00,0.0
DE2,lignite,2021-01-19 06:00:00,0.0
DE2,lignite,2021-01-19 09:00:00,0.0
DE2,lignite,2021-01-19 12:00:00,0.0
DE2,lignite,2021-01-19 15:00:00,0.0
DE2,lignite,2021-01-19 18:00:00,0.0
DE2,lignite,2021-01-19 21:00:00,0.0
DE2,lignite,2021-01-20 00:00:00,0.0
DE2,lignite,2021-01-20 03:00:00,0.0
DE2,lignite,2021-01-20 06:00:00,0.0
DE2,lignite,2021-01-20 09:00:00,0.0
DE2,lignite,2021-01-20 12:00:00,0.0
DE2,lignite,2021-01-20 15:00:00,0.0
DE2,lignite,2021-01-20 18:00:00,0.0
DE2,lignite,2021-01-20 21:00:00,0.0
DE2,lignite,2021-01-21 00:00:00,0.0
DE2,lignite,2021-01-21 03:00:00,0.0
DE2,lignite,2021-01-21 06:00:00,0.0
DE2,lignite,2021-01-21 09:00:00,0.0
DE2,lignite,2021-01-21 12:00:00,0.0
DE2,lignite,2021-01-21 15:00:00,0.0
DE2,lignite,2021-01-21 18:00:00,0.0
DE2,lignite,2021-01-21 21:00:00,0.0
DE2,lignite,2021-01-22 00:00:00,0.0
DE2,lignite,2021-01-22 03:00:00,0.0
DE2,lignite,2021-01-22 06:00:00,0.0
DE2,lignite,2021-01-22 09:00:00,0.0
DE2,lignite,2021-01-22 12:00:00,0.0
DE2,lignite,2021-01-22 15:00:00,0.0
DE2,lignite,2021-01-22 18:00:00,0.0
DE2,lignite,2021-01-22 21:00:00,0.0
DE2,lignite,2021-01-23 00:00:00,0.0
DE2,lignite,2021-01-23 03:00:00,0.0
DE2,lignite,2021-01-23 06:00:00,0.0
DE2,lignite,2021-01-23 09:00:00,0.0
DE2,lignite,2021-01-23 12:00:00,0.0
DE2,lignite,2021-01-23 15:00:00,0.0
DE2,lignite,2021-01-23 18:00:00,0.0
DE2,lignite,2021-01-23 21:00:00,0.0
DE2,lignite,2021-01-24 00:00:00,0.0
DE2,lignite,2021-01-24 03:00:00,0.0
DE2,lignite,2021-01-24 06:00:00,0.0
DE2,lignite,2021-01-24 09:00:00,0.0
DE2,lignite,2021-01-24 12:00:00,0.0
DE2,lignite,2021-01-24 15:00:00,0.0
DE2,lignite,2021-01-24 18:00:00,0.0
DE2,lignite,2021-01-24 21:00:00,0.0
DE2,lignite,2021-01-25 00:00:00,0.0
DE2,lignite,2021-01-25 03:00:00,0.0
DE2,lignite,2021-01-25 06:00:00,0.0
DE2,lignite,2021-01-25 09:00:00,0.0
DE2,lignite,2021-01-25 12:00:00,0.0
DE2,lignite,2021-01-25 15:00:00,0.0
DE2,lignite,2021-01-25 18:00:00,0.0
DE2,lignite,2021-01-25 21:00:00,0.0
DE2,lignite,2021-01-26 00:00:00,0.0
DE2,lignite,2021-01-26 03:00:00,0.0
DE2,lignite,2021-01-26 06:00:00,0.0
DE2,lignite,2021-01-26 09:00:00,0.0
DE2,lignite,2021-01-26 12:00:00,0.0
DE2,lignite,2021-01-26 15:00:00,0.0
DE2,lignite,2021-01-26 18:00:00,0.0
DE2,lignite,2021-01-26 21:00:00,0.0
DE2,lignite,2021-01-27 00:00:00,0.0
DE2,lignite,2021-01-27 03:00:00,0.0
DE2,lignite,2021-01-27 06:00:00,0.0
DE2,lignite,2021-01-27 09:00:00,0.0
DE2,lignite,2021-01-27 12:00:00,0.0
DE2,lignite,2021-01-27 15:00:00,0.0
DE2,lignite,2021-01-27 18:00:00,0.0
DE2,lignite,2021-01-27 21:00:00,0.0
DE2,lignite,2021-01-28 00:00:00,0.0
DE2,lignite,2021-01-28 03:00:00,0.0
DE2,lignite,2021-01-28 06:00:00,0.0
DE2,lignite,2021-01-28 09:00:00,0.0
DE2,lignite,2021-01-28 12:00:00,0.0
DE2,lignite,2021-01-28 15:00:00,0.0
DE2,lignite,2021-01-28 18:00:00,0.0
DE2,lignite,2021-01-28 21:00:00,0.0
DE2,lignite,2021-01-29 00:00:00,0.0
DE2,lignite,2021-01-29 03:00:00,0.0
DE2,lignite,2021-01-29 06:00:00,0.0
DE2,lignite,2021-01-29 09:00:00,0.0
DE2,lignite,2021-01-29 12:00:00,0.0
DE2,lignite,2021-01-29 15:00:00,0.0
DE2,lignite,2021-01-29 18:00:00,0.0
DE2,lignite,2021-01-29 21:00:00,0.0
DE2,lignite,2021-01-30 00:00:00,0.0
DE2,lignite,2021-01-30 03:00:00,0.0
DE2,lignite,2021-01-30 06:00:00,0.0
DE2,lignite,2021-01-30 09:00:00,0.0
DE2,lignite,2021-01-30 12:00:00,0.0
DE2,lignite,2021-01-30 15:00:00,0.0
DE2,lignite,2021-01-30 18:00:00,0.0
DE2,lignite,2021-01-30 21:00:00,0.0
DE2,lignite,2021-01-31 00:00:00,0.0
DE2,lignite,2021-01-31 03:00:00,0.0
DE2,lignite,2021-01-31 06:00:00,0.0
DE2,lignite,2021-01-31 09:00:00,0.0
DE2,lignite,2021-01-31 12:00:00,0.0
DE2,lignite,2021-01-31 15:00:00,0.0
DE2,lignite,2021-01-31 18:00:00,0.0
DE2,lignite,2021-01-31 21:00:00,0.0
DE2,lignite,2021-02-01 00:00:00,0.0
DE2,lignite,2021-02-01 03:00:00,0.0
DE2,lignite,2021-02-01 06:00:00,0.0
DE2,lignite,2021-02-01 09:00:00,0.0
DE2,lignite,2021-02-01 12:00:00,0.0
DE2,lignite,2021-02-01 15:00:00,0.0
DE2,lignite,2021-02-01 18:00:00,0.0
DE2,lignite,2021-02-01 21:00:00,0.0
DE2,lignite,2021-02-02 00:00:00,0.0
DE2,lignite,2021-02-02 03:00:00,0.0
DE2,lignite,2021-02-02 06:00:00,0.0
DE2,lignite,2021-02-02 09:00:00,0.0
DE2,lignite,2021-02-02 12:00:00,0.0
DE2,lignite,2021-02-02 15:00:00,0.0
DE2,lignite,2021-02-02 18:00:00,0.0
DE2,lignite,2021-02-02 21:00:00,0.0
DE2,lignite,2021-02-03 00:00:00,0.0
DE2,lignite,2021-02-03 03:00:00,0.0
DE2,lignite,2021-02-03 06:00:00,0.0
DE2,lignite,2021-02-03 09:00:00,0.0
DE2,lignite,2021-02-03 12:00:00,0.0
DE2,lignite,2021-02-03 15:00:00,0.0
DE2,lignite,2021-02-03 18:00:00,0.0
DE2,lignite,2021-02-03 21:00:00,0.0
DE2,lignite,2021-02-04 00:00:00,0.0
DE2,lignite,2021-02-04 03:00:00,0.0
DE2,lignite,2021-02-04 06:00:00,0.0
DE2,lignite,2021-02-04 09:00:00,0.0
DE2,lignite,2021-02-04 12:00:00,0.0
DE2,lignite,2021-02-04 15:00:00,0.0
DE2,lignite,2021-02-04 18:00:00,0.0
DE2,lignite,2021-02-04 21:00:00,0.0
DE2,lignite,2021-02-05 00:00:00,0.0
DE2,lignite,2021-02-05 03:00:00,0.0
DE2,lignite,2021-02-05 06:00:00,0.0
DE2,lignite,2021-02-05 09:00:00,0.0
DE2,lignite,2021-02-05 12:00:00,0.0
DE2,lignite,2021-02-05 15:00:00,0.0
DE2,lignite,2021-02-05 18:00:00,0.0
DE2,lignite,2021-02-05 21:00:00,0.0
DE2,lignite,2021-02-06 00:00:00,0.0
DE2,lignite,2021-02-06 03:00:00,0.0
DE2,lignite,2021-02-06 06:00:00,0.0
DE2,lignite,2021-02-06 09:00:00,0.0
DE2,lignite,2021-02-06 12:00:00,0.0
DE2,lignite,2021-02-06 15:00:00,0.0
DE2,lignite,2021-02-06 18:00:00,0.0
DE2,lignite,2021-02-06 21:00:00,0.0
DE2,lignite,2021-02-07 00:00:00,0.0
DE2,lignite,2021-02-07 03:00:00,0.0
DE2,lignite,2021-02-07 06:00:00,0.0
DE2,lignite,2021-02-07 09:00:00,0.0
DE2,lignite,2021-02-07 12:00:00,0.0
DE2,lignite,2021-02-07 15:00:00,0.0
DE2,lignite,2021-02-07 18:00:00,0.0
DE2,lignite,2021-02-07 21:00:00,0.0
DE2,lignite,2021-02-08 00:00:00,0.0
DE2,lignite,2021-02-08 03:00:00,0.0
DE2,lignite,2021-02-08 06:00:00,0.0
DE2,lignite,2021-02-08 09:00:00,0.0
DE2,lignite,2021-02-08 12:00:00,0.0
DE2,lignite,2021-02-08 15:00:00,0.0
DE2,lignite,2021-02-08 18:00:00,0.0
DE2,lignite,2021-02-08 21:00:00,0.0
DE2,lignite,2021-02-09 00:00:00,0.0
DE2,lignite,2021-02-09 03:00:00,0.0
DE2,lignite,2021-02-09 06:00:00,0.0
DE2,lignite,2021-02-09 09:00:00,0.0
DE2,lignite,2021-02-09 12:00:00,0.0
DE2,lignite,2021-02-09 15:00:00,0.0
DE2,lignite,2021-02-09 18:00:00,0.0
DE2,lignite,2021-02-09 21:00:00,0.0
DE2,lignite,2021-02-10 00:00:00,0.0
DE2,lignite,2021-02-10 03:00:00,0.0
DE2,lignite,2021-02-10 06:00:00,0.0
DE2,lignite,2021-02-10 09:00:00,0.0
DE2,lignite,2021-02-10 12:00:00,0.0
DE2,lignite,2021-02-10 15:00:00,0.0
DE2,lignite,2021-02-10 18:00:00,0.0
DE2,lignite,2021-02-10 21:00:00,0.0
DE2,lignite,2021-02-11 00:00:00,0.0
DE2,lignite,2021-02-11 03:00:00,0.0
DE2,lignite,2021-02-11 06:00:00,0.0
DE2,lignite,2021-02-11 09:00:00,0.0
DE2,lignite,2021-02-11 12:00:00,0.0
DE2,lignite,2021-02-11 15:00:00,0.0
DE2,lignite,2021-02-11 18:00:00,0.0
DE2,lignite,2021-02-11 21:00:00,0.0
DE2,lignite,2021-02-12 00:00:00,0.0
DE2,lignite,2021-02-12 03:00:00,0.0
DE2,lignite,2021-02-12 06:00:00,0.0
DE2,lignite,2021-02-12 09:00:00,0.0
DE2,lignite,2021-02-12 12:00:00,0.0
DE2,lignite,2021-02-12 15:00:00,0.0
DE2,lignite,2021-02-12 18:00:00,0.0
DE2,lignite,2021-02-12 21:00:00,0.0
DE2,lignite,2021-02-13 00:00:00,0.0
DE2,lignite,2021-02-13 03:00:00,0.0
DE2,lignite,2021-02-13 06:00:00,0.0
DE2,lignite,2021-02-13 09:00:00,0.0
DE2,lignite,2021-02-13 12:00:00,0.0
DE2,lignite,2021-02-13 15:00:00,0.0
DE2,lignite,2021-02-13 18:00:00,0.0
DE2,lignite,2021-02-13 21:00:00,0.0
DE2,lignite,2021-02-14 00:00:00,0.0
DE2,lignite,2021-02-14 03:00:00,0.0
DE2,lignite,2021-02-14 06:00:00,0.0
DE2,lignite,2021-02-14 09:00:00,0.0
DE2,lignite,2021-02-14 12:00:00,0.0
DE2,lignite,2021-02-14 15:00:00,0.0
DE2,lignite,2021-02-14 18:00:00,0.0
DE2,lignite,2021-02-14 21:00:00,0.0
DE2,ocgt,2021-01-18 00:00:00,0.9999999999999999
DE2,ocgt,2021-01-18 03:00:00,0.9999999999999999
DE2,ocgt,2021-01-18 06:00:00,0.9999999999999999
DE2,ocgt,2021-01-18 09:00:00,0.9999999999999999
DE2,ocgt,2021-01-18 12:00:00,0.9999999999999999
DE2,ocgt,2021-01-18 15:00:00,0.9999999999999999
DE2,ocgt,2021-01-18 18:00:00,0.9999999999999999
DE2,ocgt,2021-01-18 21:00:00,0.9999999999999999
DE2,ocgt,2021-01-19 00:00:00,0.9999999999999999
DE2,ocgt,2021-01-19 03:00:00,0.9999999999999999
DE2,ocgt,2021-01-19 06:00:00,0.9999999999999999
DE2,ocgt,2021-01-19 09:00:00,0.9999999999999999
DE2,ocgt,2021-01-19 12:00:00,0.9999999999999999
DE2,ocgt,2021-01-19 15:00:00,0.9999999999999999
DE2,ocgt,2021-01-19 18:00:00,0.9999999999999999
DE2,ocgt,2021-01-19 21:00:00,0.9999999999999999
DE2,ocgt,2021-01-20 00:00:00,0.9999999999999999
DE2,ocgt,2021-01-20 03:00:00,0.9999999999999999
DE2,ocgt,2021-01-20 06:00:00,0.9999999999999999
DE2,ocgt,2021-01-20 09:00:00,0.9999999999999999
DE2,ocgt,2021-01-20 12:00:00,0.9999999999999999
DE2,ocgt,2021-01-20 15:00:00,0.9999999999999999
DE2,ocgt,2021-01-20 18:00:00,0.9999999999999999
DE2,ocgt,2021-01-20 21:00:00,0.9999999999999999
DE2,ocgt,2021-01-21 00:00:00,0.9999999999999999
DE2,ocgt,2021-01-21 03:00:00,0.9999999999999999
DE2,ocgt,2021-01-21 06:00:00,0.9999999999999999
DE2,ocgt,2021-01-21 09:00:00,0.9999999999999999
DE2,ocgt,2021-01-21 12:00:00,0.9999999999999999
DE2,ocgt,2021-01-21 15:00:00,0.9999999999999999
DE2,ocgt,2021-01-21 18:00:00,0.9999999999999999
DE2,ocgt,2021-01-21 21:00:00,0.9999999999999999
DE2,ocgt,2021-01-22 00:00:00,0.9999999999999999
DE2,ocgt,2021-01-22 03:00:00,0.9999999999999999
DE2,ocgt,2021-01-22 06:00:00,0.9999999999999999
DE2,ocgt,2021-01-22 09:00:00,0.9999999999999999
DE2,ocgt,2021-01-22 12:00:00,0.9999999999999999
DE2,ocgt,2021-01-22 15:00:00,0.9999999999999999
DE2,ocgt,2021-01-22 18:00:00,0.9999999999999999
DE2,ocgt,2021-01-22 21:00:00,0.9999999999999999
DE2,ocgt,2021-01-23 00:00:00,0.9999999999999999
DE2,ocgt,2021-01-23 03:00:00,0.9999999999999999
DE2,ocgt,2021-01-23 06:00:00,0.9999999999999999
DE2,ocgt,2021-01-23 09:00:00,0.9999999999999999
DE2,ocgt,2021-01-23 12:00:00,0.9999999999999999
DE2,ocgt,2021-01-23 15:00:00,0.9999999999999999
DE2,ocgt,2021-01-23 18:00:00,0.9999999999999999
DE2,ocgt,2021-01-23 21:00:00,0.9999999999999999
DE2,ocgt,2021-01-24 00:00:00,0.9999999999999999
DE2,ocgt,2021-01-24 03:00:00,0.9999999999999999
DE2,ocgt,2021-01-24 06:00:00,0.9999999999999999
DE2,ocgt,2021-01-24 09:00:00,0.9999999999999999
DE2,ocgt,2021-01-24 12:00:00,0.9999999999999999
DE2,ocgt,2021-01-24 15:00:00,0.9999999999999999
DE2,ocgt,2021-01-24 18:00:00,0.9999999999999999
DE2,ocgt,2021-01-24 21:00:00,0.9999999999999999
DE2,ocgt,2021-01-25 00:00:00,0.9999999999999999
DE2,ocgt,2021-01-25 03:00:00,0.9999999999999999
DE2,ocgt,2021-01-25 06:00:00,0.9999999999999999
DE2,ocgt,2021-01-25 09:00:00,0.9999999999999999
DE2,ocgt,2021-01-25 12:00:00,0.9999999999999999
DE2,ocgt,2021-01-25 15:00:00,0.9999999999999999
DE2,ocgt,2021-01-25 18:00:00,0.9999999999999999
DE2,ocgt,2021-01-25 21:00:00,0.9999999999999999
DE2,ocgt,2021-01-26 00:00:00,0.9999999999999999
DE2,ocgt,2021-01-26 03:00:00,0.9999999999999999
DE2,ocgt,2021-01-26 06:00:00,0.9999999999999999
DE2,ocgt,2021-01-26 09:00:00,0.9999999999999999
DE2,ocgt,2021-01-26 12:00:00,0.9999999999999999
DE2,ocgt,2021-01-26 15:00:00,0.9999999999999999
DE2,ocgt,2021-01-26 18:00:00,0.9999999999999999
DE2,ocgt,2021-01-26 21:00:00,0.9999999999999999
DE2,ocgt,2021-01-27 00:00:00,0.9999999999999999
DE2,ocgt,2021-01-27 03:00:00,0.9999999999999999
DE2,ocgt,2021-01-27 06:00:00,0.9999999999999999
DE2,ocgt,2021-01-27 09:00:00,0.9999999999999999
DE2,ocgt,2021-01-27 12:00:00,0.9999999999999999
DE2,ocgt,2021-01-27 15:00:00,0.9999999999999999
DE2,ocgt,2021-01-27 18:00:00,0.9999999999999999
DE2,ocgt,2021-01-27 21:00:00,0.9999999999999999
DE2,ocgt,2021-01-28 00:00:00,0.9999999999999999
DE2,ocgt,2021-01-28 03:00:00,0.9999999999999999
DE2,ocgt,2021-01-28 06:00:00,0.9999999999999999
DE2,ocgt,2021-01-28 09:00:00,0.9999999999999999
DE2,ocgt,2021-01-28 12:00:00,0.9999999999999999
DE2,ocgt,2021-01-28 15:00:00,0.9999999999999999
DE2,ocgt,2021-01-28 18:00:00,0.9999999999999999
DE2,ocgt,2021-01-28 21:00:00,0.9999999999999999
DE2,ocgt,2021-01-29 00:00:00,0.9999999999999999
DE2,ocgt,2021-01-29 03:00:00,0.9999999999999999
DE2,ocgt,2021-01-29 06:00:00,0.9999999999999999
DE2,ocgt,2021-01-29 09:00:00,0.9999999999999999
DE2,ocgt,2021-01-29 12:00:00,0.9999999999999999
DE2,ocgt,2021-01-29 15:00:00,0.9999999999999999
DE2,ocgt,2021-01-29 18:00:00,0.9999999999999999
DE2,ocgt,2021-01-29 21:00:00,0.9999999999999999
DE2,ocgt,2021-01-30 00:00:00,0.9999999999999999
DE2,ocgt,2021-01-30 03:00:00,0.9999999999999999
DE2,ocgt,2021-01-30 06:00:00,0.9999999999999999
DE2,ocgt,2021-01-30 09:00:00,0.9999999999999999
DE2,ocgt,2021-01-30 12:00:00,0.9999999999999999
DE2,ocgt,2021-01-30 15:00:00,0.9999999999999999
DE2,ocgt,2021-01-30 18:00:00,0.9999999999999999
DE2,ocgt,2021-01-30 21:00:00,0.9999999999999999
DE2,ocgt,2021-01-31 00:00:00,0.9999999999999999
DE2,ocgt,2021-01-31 03:00:00,0.9999999999999999
DE2,ocgt,2021-01-31 06:00:00,0.9999999999999999
DE2,ocgt,2021-01-31 09:00:00,0.9999999999999999
DE2,ocgt,2021-01-31 12:00:00,0.9999999999999999
DE2,ocgt,2021-01-31 15:00:00,0.9999999999999999
DE2,ocgt,2021-01-31 18:00:00,0.9999999999999999
DE2,ocgt,2021-01-31 21:00:00,0.9999999999999999
DE2,ocgt,2021-02-01 00:00:00,0.9999999999999999
DE2,ocgt,2021-02-01 03:00:00,0.9999999999999999
DE2,ocgt,2021-02-01 06:00:00,0.9999999999999999
DE2,ocgt,2021-02-01 09:00:00,0.9999999999999999
DE2,ocgt,2021-02-01 12:00:00,0.9999999999999999
DE2,ocgt,2021-02-01 15:00:00,0.9999999999999999
DE2,ocgt,2021-02-01 18:00:00,0.9999999999999999
DE2,ocgt,2021-02-01 21:00:00,0.9999999999999999
DE2,ocgt,2021-02-02 00:00:00,0.9999999999999999
DE2,ocgt,2021-02-02 03:00:00,0.9999999999999999
DE2,ocgt,2021-02-02 06:00:00,0.9999999999999999
DE2,ocgt,2021-02-02 09:00:00,0.9999999999999999
DE2,ocgt,2021-02-02 12:00:00,0.9999999999999999
DE2,ocgt,2021-02-02 15:00:00,0.9999999999999999
DE2,ocgt,2021-02-02 18:00:00,0.9999999999999999
DE2,ocgt,2021-02-02 21:00:00,0.9999999999999999
DE2,ocgt,2021-02-03 00:00:00,0.9999999999999999
DE2,ocgt,2021-02-03 03:00:00,0.9999999999999999
DE2,ocgt,2021-02-03 06:00:00,0.9999999999999999
DE2,ocgt,2021-02-03 09:00:00,0.9999999999999999
DE2,ocgt,2021-02-03 12:00:00,0.9999999999999999
DE2,ocgt,2021-02-03 15:00:00,0.9999999999999999
DE2,ocgt,2021-02-03 18:00:00,0.9999999999999999
DE2,ocgt,2021-02-03 21:00:00,0.9999999999999999
DE2,ocgt,2021-02-04 00:00:00,0.9999999999999999
DE2,ocgt,2021-02-04 03:00:00,0.9999999999999999
DE2,ocgt,2021-02-04 06:00:00,0.9999999999999999
DE2,ocgt,2021-02-04 09:00:00,0.9999999999999999
DE2,ocgt,2021-02-04 12:00:00,0.9999999999999999
DE2,ocgt,2021-02-04 15:00:00,0.9999999999999999
DE2,ocgt,2021-02-04 18:00:00,0.9999999999999999
DE2,ocgt,2021-02-04 21:00:00,0.9999999999999999
DE2,ocgt,2021-02-05 00:00:00,0.9999999999999999
DE2,ocgt,2021-02-05 03:00:00,0.9999999999999999
DE2,ocgt,2021-02-05 06:00:00,0.9999999999999999
DE2,ocgt,2021-02-05 09:00:00,0.9999999999999999
DE2,ocgt,2021-02-05 12:00:00,0.9999999999999999
DE2,ocgt,2021-02-05 15:00:00,0.9999999999999999
DE2,ocgt,2021-02-05 18:00:00,0.9999999999999999
DE2,ocgt,2021-02-05 21:00:00,0.9999999999999999
DE2,ocgt,2021-02-06 00:00:00,0.9999999999999999
DE2,ocgt,2021-02-06 03:00:00,0.9999999999999999
DE2,ocgt,2021-02-06 06:00:00,0.9999999999999999
DE2,ocgt,2021-02-06 09:00:00,0.9999999999999999
DE2,ocgt,2021-02-06 12:00:00,0.9999999999999999
DE2,ocgt,2021-02-06 15:00:00,0.9999999999999999
DE2,ocgt,2021-02-06 18:00:00,0.9999999999999999
DE2,ocgt,2021-02-06 21:00:00,0.9999999999999999
DE2,ocgt,2021-02-07 00:00:00,0.9999999999999999
DE2,ocgt,2021-02-07 03:00:00,0.9999999999999999
DE2,ocgt,2021-02-07 06:00:00,0.9999999999999999
DE2,ocgt,2021-02-07 09:00:00,0.9999999999999999
DE2,ocgt,2021-02-07 12:00:00,0.9999999999999999
DE2,ocgt,2021-02-07 15:00:00,0.9999999999999999
DE2,ocgt,2021-02-07 18:00:00,0.9999999999999999
DE2,ocgt,2021-02-07 21:00:00,0.9999999999999999
DE2,ocgt,2021-02-08 00:00:00,0.9999999999999999
DE2,ocgt,2021-02-08 03:00:00,0.9999999999999999
DE2,ocgt,2021-02-08 06:00:00,0.9999999999999999
DE2,ocgt,2021-02-08 09:00:00,0.9999999999999999
DE2,ocgt,2021-02-08 12:00:00,0.9999999999999999
DE2,ocgt,2021-02-08 15:00:00,0.9999999999999999
DE2,ocgt,2021-02-08 18:00:00,0.9999999999999999
DE2,ocgt,2021-02-08 21:00:00,0.9999999999999999
DE2,ocgt,2021-02-09 00:00:00,0.9999999999999999
DE2,ocgt,2021-02-09 03:00:00,0.9999999999999999
DE2,ocgt,2021-02-09 06:00:00,0.9999999999999999
DE2,ocgt,2021-02-09 09:00:00,0.9999999999999999
DE2,ocgt,2021-02-09 12:00:00,0.9999999999999999
DE2,ocgt,2021-02-09 15:00:00,0.9999999999999999
DE2,ocgt,2021-02-09 18:00:00,0.9999999999999999
DE2,ocgt,2021-02-09 21:00:00,0.9999999999999999
DE2,ocgt,2021-02-10 00:00:00,0.9999999999999999
DE2,ocgt,2021-02-10 03:00:00,0.9999999999999999
DE2,ocgt,2021-02-10 06:00:00,0.9999999999999999
DE2,ocgt,2021-02-10 09:00:00,0.9999999999999999
DE2,ocgt,2021-02-10 12:00:00,0.9999999999999999
DE2,ocgt,2021-02-10 15:00:00,0.9999999999999999
DE2,ocgt,2021-02-10 18:00:00,0.9999999999999999
DE2,ocgt,2021-02-10 21:00:00,0.9999999999999999
DE2,ocgt,2021-02-11 00:00:00,0.9999999999999999
DE2,ocgt,2021-02-11 03:00:00,0.9999999999999999
DE2,ocgt,2021-02-11 06:00:00,0.9999999999999999
DE2,ocgt,2021-02-11 09:00:00,0.9999999999999999
DE2,ocgt,2021-02-11 12:00:00,0.9999999999999999
DE2,ocgt,2021-02-11 15:00:00,0.9999999999999999
DE2,ocgt,2021-02-11 18:00:00,0.9999999999999999
DE2,ocgt,2021-02-11 21:00:00,0.9999999999999999
DE2,ocgt,2021-02-12 00:00:00,0.9999999999999999
DE2,ocgt,2021-02-12 03:00:00,0.9999999999999999
DE2,ocgt,2021-02-12 06:00:00,0.9999999999999999
DE2,ocgt,2021-02-12 09:00:00,0.9999999999999999
DE2,ocgt,2021-02-12 12:00:00,0.9999999999999999
DE2,ocgt,2021-02-12 15:00:00,0.9999999999999999
DE2,ocgt,2021-02-12 18:00:00,0.9999999999999999
DE2,ocgt,2021-02-12 21:00:00,0.9999999999999999
DE2,ocgt,2021-02-13 00:00:00,0.9999999999999999
DE2,ocgt,2021-02-13 03:00:00,0.9999999999999999
DE2,ocgt,2021-02-13 06:00:00,0.9999999999999999
DE2,ocgt,2021-02-13 09:00:00,0.9999999999999999
DE2,ocgt,2021-02-13 12:00:00,0.9999999999999999
DE2,ocgt,2021-02-13 15:00:00,0.9999999999999999
DE2,ocgt,2021-02-13 18:00:00,0.9999999999999999
DE2,ocgt,2021-02-13 21:00:00,0.9999999999999999
DE2,ocgt,2021-02-14 00:00:00,0.9999999999999999
DE2,ocgt,2021-02-14 03:00:00,0.9999999999999999
DE2,ocgt,2021-02-14 06:00:00,0.9999999999999999
DE2,ocgt,2021-02-14 09:00:00,0.9999999999999999
DE2,ocgt,2021-02-14 12:00:00,0.9999999999999999
DE2,ocgt,2021-02-14 15:00:00,0.9999999999999999
DE2,ocgt,2021-02-14 18:00:00,0.9999999999999999
DE2,ocgt,2021-02-14 21:00:00,0.9999999999999999
DE2,oil,2021-01-18 00:00:00,1.0
DE2,oil,2021-01-18 03:00:00,1.0
DE2,oil,2021-01-18 06:00:00,1.0
DE2,oil,2021-01-18 09:00:00,1.0
DE2,oil,2021-01-18 12:00:00,1.0
DE2,oil,2021-01-18 15:00:00,1.0
DE2,oil,2021-01-18 18:00:00,1.0
DE2,oil,2021-01-18 21:00:00,1.0
DE2,oil,2021-01-19 00:00:00,1.0
DE2,oil,2021-01-19 03:00:00,1.0
DE2,oil,2021-01-19 06:00:00,1.0
DE2,oil,2021-01-19 09:00:00,1.0
DE2,oil,2021-01-19 12:00:00,1.0
DE2,oil,2021-01-19 15:00:00,1.0
DE2,oil,2021-01-19 18:00:00,1.0
DE2,oil,2021-01-19 21:00:00,1.0
DE2,oil,2021-01-20 00:00:00,1.0
DE2,oil,2021-01-20 03:00:00,1.0
DE2,oil,2021-01-20 06:00:00,1.0
DE2,oil,2021-01-20 09:00:00,1.0
DE2,oil,2021-01-20 12:00:00,1.0
DE2,oil,2021-01-20 15:00:00,1.0
DE2,oil,2021-01-20 18:00:00,1.0
DE2,oil,2021-01-20 21:00:00,1.0
DE2,oil,2021-01-21 00:00:00,1.0
DE2,oil,2021-01-21 03:00:00,1.0
DE2,oil,2021-01-21 06:00:00,1.0
DE2,oil,2021-01-21 09:00:00,1.0
DE2,oil,2021-01-21 12:00:00,1.0
DE2,oil,2021-01-21 15:00:00,1.0
DE2,oil,2021-01-21 18:00:00,1.0
DE2,oil,2021-01-21 21:00:00,1.0
DE2,oil,2021-01-22 00:00:00,1.0
DE2,oil,2021-01-22 03:00:00,1.0
DE2,oil,2021-01-22 06:00:00,1.0
DE2,oil,2021-01-22 09:00:00,1.0
DE2,oil,2021-01-22 12:00:00,1.0
DE2,oil,2021-01-22 15:00:00,1.0
DE2,oil,2021-01-22 18:00:00,1.0
DE2,oil,2021-01-22 21:00:00,1.0
DE2,oil,2021-01-23 00:00:00,1.0
DE2,oil,2021-01-23 03:00:00,1.0
DE2,oil,2021-01-23 06:00:00,1.0
DE2,oil,2021-01-23 09:00:00,1.0
DE2,oil,2021-01-23 12:00:00,1.0
DE2,oil,2021-01-23 15:00:00,1.0
DE2,oil,2021-01-23 18:00:00,1.0
DE2,oil,2021-01-23 21:00:00,1.0
DE2,oil,2021-01-24 00:00:00,1.0
DE2,oil,2021-01-24 03:00:00,1.0
DE2,oil,2021-01-24 06:00:00,1.0
DE2,oil,2021-01-24 09:00:00,1.0
DE2,oil,2021-01-24 12:00:00,1.0
DE2,oil,2021-01-24 15:00:00,1.0
DE2,oil,2021-01-24 18:00:00,1.0
DE2,oil,2021-01-24 21:00:00,1.0
DE2,oil,2021-01-25 00:00:00,1.0
DE2,oil,2021-01-25 03:00:00,1.0
DE2,oil,2021-01-25 06:00:00,1.0
DE2,oil,2021-01-25 09:00:00,1.0
DE2,oil,2021-01-25 12:00:00,1.0
DE2,oil,2021-01-25 15:00:00,1.0
DE2,oil,2021-01-25 18:00:00,1.0
DE2,oil,2021-01-25 21:00:00,1.0
DE2,oil,2021-01-26 00:00:00,1.0
DE2,oil,2021-01-26 03:00:00,1.0
DE2,oil,2021-01-26 06:00:00,1.0
DE2,oil,2021-01-26 09:00:00,1.0
DE2,oil,2021-01-26 12:00:00,1.0
DE2,oil,2021-01-26 15:00:00,1.0
DE2,oil,2021-01-26 18:00:00,1.0
DE2,oil,2021-01-26 21:00:00,1.0
DE2,oil,2021-01-27 00:00:00,1.0
DE2,oil,2021-01-27 03:00:00,1.0
DE2,oil,2021-01-27 06:00:00,1.0
DE2,oil,2021-01-27 09:00:00,1.0
DE2,oil,2021-01-27 12:00:00,1.0
DE2,oil,2021-01-27 15:00:00,1.0
DE2,oil,2021-01-27 18:00:00,1.0
DE2,oil,2021-01-27 21:00:00,1.0
DE2,oil,2021-01-28 00:00:00,1.0
DE2,oil,2021-01-28 03:00:00,1.0
DE2,oil,2021-01-28 06:00:00,1.0
DE2,oil,2021-01-28 09:00:00,1.0
DE2,oil,2021-01-28 12:00:00,1.0
DE2,oil,2021-01-28 15:00:00,1.0
DE2,oil,2021-01-28 18:00:00,1.0
DE2,oil,2021-01-28 21:00:00,1.0
DE2,oil,2021-01-29 00:00:00,1.0
DE2,oil,2021-01-29 03:00:00,1.0
DE2,oil,2021-01-29 06:00:00,1.0
DE2,oil,2021-01-29 09:00:00,1.0
DE2,oil,2021-01-29 12:00:00,1.0
DE2,oil,2021-01-29 15:00:00,1.0
DE2,oil,2021-01-29 18:00:00,1.0
DE2,oil,2021-01-29 21:00:00,1.0
DE2,oil,2021-01-30 00:00:00,1.0
DE2,oil,2021-01-30 03:00:00,1.0
DE2,oil,2021-01-30 06:00:00,1.0
DE2,oil,2021-01-30 09:00:00,1.0
DE2,oil,2021-01-30 12:00:00,1.0
DE2,oil,2021-01-30 15:00:00,1.0
DE2,oil,2021-01-30 18:00:00,1.0
DE2,oil,2021-01-30 21:00:00,1.0
DE2,oil,2021-01-31 00:00:00,1.0
DE2,oil,2021-01-31 03:00:00,1.0
DE2,oil,2021-01-31 06:00:00,1.0
DE2,oil,2021-01-31 09:00:00,1.0
DE2,oil,2021-01-31 12:00:00,1.0
DE2,oil,2021-01-31 15:00:00,1.0
DE2,oil,2021-01-31 18:00:00,1.0
DE2,oil,2021-01-31 21:00:00,1.0
DE2,oil,2021-02-01 00:00:00,1.0
DE2,oil,2021-02-01 03:00:00,1.0
DE2,oil,2021-02-01 06:00:00,1.0
DE2,oil,2021-02-01 09:00:00,1.0
DE2,oil,2021-02-01 12:00:00,1.0
DE2,oil,2021-02-01 15:00:00,1.0
DE2,oil,2021-02-01 18:00:00,1.0
DE2,oil,2021-02-01 21:00:00,1.0
DE2,oil,2021-02-02 00:00:00,1.0
DE2,oil,2021-02-02 03:00:00,1.0
DE2,oil,2021-02-02 06:00:00,1.0
DE2,oil,2021-02-02 09:00:00,1.0
DE2,oil,2021-02-02 12:00:00,1.0
DE2,oil,2021-02-02 15:00:00,1.0
DE2,oil,2021-02-02 18:00:00,1.0
DE2,oil,2021-02-02 21:00:00,1.0
DE2,oil,2021-02-03 00:00:00,1.0
DE2,oil,2021-02-03 03:00:00,1.0
DE2,oil,2021-02-03 06:00:00,1.0
DE2,oil,2021-02-03 09:00:00,1.0
DE2,oil,2021-02-03 12:00:00,1.0
DE2,oil,2021-02-03 15:00:00,1.0
DE2,oil,2021-02-03 18:00:00,1.0
DE2,oil,2021-02-03 21:00:00,1.0
DE2,oil,2021-02-04 00:00:00,1.0
DE2,oil,2021-02-04 03:00:00,1.0
DE2,oil,2021-02-04 06:00:00,1.0
DE2,oil,2021-02-04 09:00:00,1.0
DE2,oil,2021-02-04 12:00:00,1.0
DE2,oil,2021-02-04 15:00:00,1.0
DE2,oil,2021-02-04 18:00:00,1.0
DE2,oil,2021-02-04 21:00:00,1.0
DE2,oil,2021-02-05 00:00:00,1.0
DE2,oil,2021-02-05 03:00:00,1.0
DE2,oil,2021-02-05 06:00:00,1.0
DE2,oil,2021-02-05 09:00:00,1.0
DE2,oil,2021-02-05 12:00:00,1.0
DE2,oil,2021-02-05 15:00:00,1.0
DE2,oil,2021-02-05 18:00:00,1.0
DE2,oil,2021-02-05 21:00:00,1.0
DE2,oil,2021-02-06 00:00:00,1.0
DE2,oil,2021-02-06 03:00:00,1.0
DE2,oil,2021-02-06 06:00:00,1.0
DE2,oil,2021-02-06 09:00:00,1.0
DE2,oil,2021-02-06 12:00:00,1.0
DE2,oil,2021-02-06 15:00:00,1.0
DE2,oil,2021-02-06 18:00:00,1.0
DE2,oil,2021-02-06 21:00:00,1.0
DE2,oil,2021-02-07 00:00:00,1.0
DE2,oil,2021-02-07 03:00:00,1.0
DE2,oil,2021-02-07 06:00:00,1.0
DE2,oil,2021-02-07 09:00:00,1.0
DE2,oil,2021-02-07 12:00:00,1.0
DE2,oil,2021-02-07 15:00:00,1.0
DE2,oil,2021-02-07 18:00:00,1.0
DE2,oil,2021-02-07 21:00:00,1.0
DE2,oil,2021-02-08 00:00:00,1.0
DE2,oil,2021-02-08 03:00:00,1.0
DE2,oil,2021-02-08 06:00:00,1.0
DE2,oil,2021-02-08 09:00:00,1.0
DE2,oil,2021-02-08 12:00:00,1.0
DE2,oil,2021-02-08 15:00:00,1.0
DE2,oil,2021-02-08 18:00:00,1.0
DE2,oil,2021-02-08 21:00:00,1.0
DE2,oil,2021-02-09 00:00:00,1.0
DE2,oil,2021-02-09 03:00:00,1.0
DE2,oil,2021-02-09 06:00:00,1.0
DE2,oil,2021-02-09 09:00:00,1.0
DE2,oil,2021-02-09 12:00:00,1.0
DE2,oil,2021-02-09 15:00:00,1.0
DE2,oil,2021-02-09 18:00:00,1.0
DE2,oil,2021-02-09 21:00:00,1.0
DE2,oil,2021-02-10 00:00:00,1.0
DE2,oil,2021-02-10 03:00:00,1.0
DE2,oil,2021-02-10 06:00:00,1.0
DE2,oil,2021-02-10 09:00:00,1.0
DE2,oil,2021-02-10 12:00:00,1.0
DE2,oil,2021-02-10 15:00:00,1.0
DE2,oil,2021-02-10 18:00:00,1.0
DE2,oil,2021-02-10 21:00:00,1.0
DE2,oil,2021-02-11 00:00:00,1.0
DE2,oil,2021-02-11 03:00:00,1.0
DE2,oil,2021-02-11 06:00:00,1.0
DE2,oil,2021-02-11 09:00:00,1.0
DE2,oil,2021-02-11 12:00:00,1.0
DE2,oil,2021-02-11 15:00:00,1.0
DE2,oil,2021-02-11 18:00:00,1.0
DE2,oil,2021-02-11 21:00:00,1.0
DE2,oil,2021-02-12 00:00:00,1.0
DE2,oil,2021-02-12 03:00:00,1.0
DE2,oil,2021-02-12 06:00:00,1.0
DE2,oil,2021-02-12 09:00:00,1.0
DE2,oil,2021-02-12 12:00:00,1.0
DE2,oil,2021-02-12 15:00:00,1.0
DE2,oil,2021-02-12 18:00:00,1.0
DE2,oil,2021-02-12 21:00:00,1.0
DE2,oil,2021-02-13 00:00:00,1.0
DE2,oil,2021-02-13 03:00:00,1.0
DE2,oil,2021-02-13 06:00:00,1.0
DE2,oil,2021-02-13 09:00:00,1.0
DE2,oil,2021-02-13 12:00:00,1.0
DE2,oil,2021-02-13 15:00:00,1.0
DE2,oil,2021-02-13 18:00:00,1.0
DE2,oil,2021-02-13 21:00:00,1.0
DE2,oil,2021-02-14 00:00:00,1.0
DE2,oil,2021-02-14 03:00:00,1.0
DE2,oil,2021-02-14 06:00:00,1.0
DE2,oil,2021-02-14 09:00:00,1.0
DE2,oil,2021-02-14 12:00:00,1.0
DE2,oil,2021-02-14 15:00:00,1.0
DE2,oil,2021-02-14 18:00:00,1.0
DE2,oil,2021-02-14 21:00:00,1.0
DE2,onwind,2021-01-18 00:00:00,0.2587439855473266
DE2,onwind,2021-01-18 03:00:00,0.2394450782647503
DE2,onwind,2021-01-18 06:00:00,0.2557724608206684
DE2,onwind,2021-01-18 09:00:00,0.4023435967293736
DE2,onwind,2021-01-18 12:00:00,0.5816471483367
DE2,onwind,2021-01-18 15:00:00,0.5093578846020931
DE2,onwind,2021-01-18 18:00:00,0.5479296870537299
DE2,onwind,2021-01-18 21:00:00,0.5386631281153376
DE2,onwind,2021-01-19 00:00:00,0.6654423040627252
DE2,onwind,2021-01-19 03:00:00,0.8672602782927571
DE2,onwind,2021-01-19 06:00:00,0.9771541574143852
DE2,onwind,2021-01-19 09:00:00,0.9967426013744206
DE2,onwind,2021-01-19 12:00:00,0.9802672648795809
DE2,onwind,2021-01-19 15:00:00,0.916199041594416
DE2,onwind,2021-01-19 18:00:00,0.8754957819920565
DE2,onwind,2021-01-19 21:00:00,0.7650816383217435
DE2,onwind,2021-01-20 00:00:00,0.8579118172663085
DE2,onwind,2021-01-20 03:00:00,0.8886329146929295
DE2,onwind,2021-01-20 06:00:00,0.92259722392364
DE2,onwind,2021-01-20 09:00:00,0.8248949040738524
DE2,onwind,2021-01-20 12:00:00,0.7756340936006699
DE2,onwind,2021-01-20 15:00:00,0.8843180012870034
DE2,onwind,2021-01-20 18:00:00,0.959728873730277
DE2,onwind,2021-01-20 21:00:00,0.9930050801354832
DE2,onwind,2021-01-21 00:00:00,0.9991029846338916
DE2,onwind,2021-01-21 03:00:00,0.9999999685828748
DE2,onwind,2021-01-21 06:00:00,0.9826358503067416
DE2,onwind,2021-01-21 09:00:00,0.7643664852670672
DE2,onwind,2021-01-21 12:00:00,0.8572353249080299
DE2,onwind,2021-01-21 15:00:00,0.8533357844526764
DE2,onwind,2021-01-21 18:00:00,0.8273829272085703
DE2,onwind,2021-01-21 21:00:00,0.9793016765395696
DE2,onwind,2021-01-22 00:00:00,0.9727616547889996
DE2,onwind,2021-01-22 03:00:00,0.7054431018215395
DE2,onwind,2021-01-22 06:00:00,0.2306578639182405
DE2,onwind,2021-01-22 09:00:00,0.1917666914893454
DE2,onwind,2021-01-22 12:00:00,0.16505701417936333
DE2,onwind,2021-01-22 15:00:00,0.0685021299397124
DE2,onwind,2021-01-22 18:00:00,0.0699493621668653
DE2,onwind,2021-01-22 21:00:00,0.06956624142179461
DE2,onwind,2021-01-23 00:00:00,0.1265622228323972
DE2,onwind,2021-01-23 03:00:00,0.2475638381883514
DE2,onwind,2021-01-23 06:00:00,0.3625323486963784
DE2,onwind,2021-01-23 09:00:00,0.2522009288584041
DE2,onwind,2021-01-23 12:00:00,0.1244463704019934
DE2,onwind,2021-01-23 15:00:00,0.0798912365586574
DE2,onwind,2021-01-23 18:00:00,0.1455418031244656
DE2,onwind,2021-01-23 21:00:00,0.0898916365556369
DE2,onwind,2021-01-24 00:00:00,0.3418847161890758
DE2,onwind,2021-01-24 03:00:00,0.5433988799533803
DE2,onwind,2021-01-24 06:00:00,0.6555481300098267
DE2,onwind,2021-01-24 09:00:00,0.5317866923475948
DE2,onwind,2021-01-24 12:00:00,0.2921229919003594
DE2,onwind,2021-01-24 15:00:00,0.1362057139010311
DE2,onwind,2021-01-24 18:00:00,0.1246784135651077
DE2,onwind,2021-01-24 21:00:00,0.1581735497376876
DE2,onwind,2021-01-25 00:00:00,0.1183374790682908
DE2,onwind,2021-01-25 03:00:00,0.0439243303372202
DE2,onwind,2021-01-25 06:00:00,0.0
DE2,onwind,2021-01-25 09:00:00,0.0117138248823025
DE2,onwind,2021-01-25 12:00:00,0.0684006954961827
DE2,onwind,2021-01-25 15:00:00,0.09300112085051848
DE2,onwind,2021-01-25 18:00:00,0.2038257064682554
DE2,onwind,2021-01-25 21:00:00,0.33947891755378296
DE2,onwind,2021-01-26 00:00:00,0.4224287113470893
DE2,onwind,2021-01-26 03:00:00,0.429856304679896
DE2,onwind,2021-01-26 06:00:00,0.3341123444355945
DE2,onwind,2021-01-26 09:00:00,0.2184384115467563
DE2,onwind,2021-01-26 12:00:00,0.1227287843631413
DE2,onwind,2021-01-26 15:00:00,0.0678967040299637
DE2,onwind,2021-01-26 18:00:00,0.0561259014549172
DE2,onwind,2021-01-26 21:00:00,0.0454599698939869
DE2,onwind,2021-01-27 00:00:00,0.0667962597623965
DE2,onwind,2021-01-27 03:00:00,0.0951935277549773
DE2,onwind,2021-01-27 06:00:00,0.1097164900352998
DE2,onwind,2021-01-27 09:00:00,0.0956225890691013
DE2,onwind,2021-01-27 12:00:00,0.0579975480088521
DE2,onwind,2021-01-27 15:00:00,0.0459920954537233
DE2,onwind,2021-01-27 18:00:00,0.04903058383693551
DE2,onwind,2021-01-27 21:00:00,0.0432475374624292
DE2,onwind,2021-01-28 00:00:00,0.0352027328072816
DE2,onwind,2021-01-28 03:00:00,0.0281085598198175
DE2,onwind,2021-01-28 06:00:00,0.0410962704663002
DE2,onwind,2021-01-28 09:00:00,0.064225542959235
DE2,onwind,2021-01-28 12:00:00,0.0870755743260519
DE2,onwind,2021-01-28 15:00:00,0.0864279820199887
DE2,onwind,2021-01-28 18:00:00,0.0716078050130998
DE2,onwind,2021-01-28 21:00:00,0.039286555841391
DE2,onwind,2021-01-29 00:00:00,0.0396241942270932
DE2,onwind,2021-01-29 03:00:00,0.0869382345760951
DE2,onwind,2021-01-29 06:00:00,0.1527389796663016
DE2,onwind,2021-01-29 09:00:00,0.1892053515101673
DE2,onwind,2021-01-29 12:00:00,0.1801957720284269
DE2,onwind,2021-01-29 15:00:00,0.1331586865317629
DE2,onwind,2021-01-29 18:00:00,0.1434078294656781
DE2,onwind,2021-01-29 21:00:00,0.1553277896187105
DE2,onwind,2021-01-30 00:00:00,0.1076081434593781
DE2,onwind,2021-01-30 03:00:00,0.044921197964130695
DE2,onwind,2021-01-30 06:00:00,0.0280517285797237
DE2,onwind,2021-01-30 09:00:00,0.0270195541503031
DE2,onwind,2021-01-30 12:00:00,0.04138086970555391
DE2,onwind,2021-01-30 15:00:00,0.0630919298010388
DE2,onwind,2021-01-30 18:00:00,0.0767686204540285
DE2,onwind,2021-01-30 21:00:00,0.0612047211703166
DE2,onwind,2021-01-31 00:00:00,0.0480744892371983
DE2,onwind,2021-01-31 03:00:00,0.0408645516159924
DE2,onwind,2021-01-31 06:00:00,0.0352810281747321
DE2,onwind,2021-01-31 09:00:00,0.0159034647434862
DE2,onwind,2021-01-31 12:00:00,0.0152828620276775
DE2,onwind,2021-01-31 15:00:00,0.0335225956764013
DE2,onwind,2021-01-31 18:00:00,0.0671490601785069
DE2,onwind,2021-01-31 21:00:00,0.0632382265046079
DE2,onwind,2021-02-01 00:00:00,0.0647020148529768
DE2,onwind,2021-02-01 03:00:00,0.0473481064333377
DE2,onwind,2021-02-01 06:00:00,0.0300293621619488
DE2,onwind,2021-02-01 09:00:00,0.0112216356532546
DE2,onwind,2021-02-01 12:00:00,0.0032105744591744
DE2,onwind,2021-02-01 15:00:00,0.0084391306345208
DE2,onwind,2021-02-01 18:00:00,0.017994250077820295
DE2,onwind,2021-02-01 21:00:00,0.0167744938105043
DE2,onwind,2021-02-02 00:00:00,0.0240624587123106
DE2,onwind,2021-02-02 03:00:00,0.0214809510233269
DE2,onwind,2021-02-02 06:00:00,0.0349297145981604
DE2,onwind,2021-02-02 09:00:00,0.0755177231641071
DE2,onwind,2021-02-02 12:00:00,0.0847434070818042
DE2,onwind,2021-02-02 15:00:00,0.0864930221166558
DE2,onwind,2021-02-02 18:00:00,0.0829128146198732
DE2,onwind,2021-02-02 21:00:00,0.1030941645949797
DE2,onwind,2021-02-03 00:00:00,0.1165716804160731
DE2,onwind,2021-02-03 03:00:00,0.1056715409593404
DE2,onwind,2021-02-03 06:00:00,0.0777897557090518
DE2,onwind,2021-02-03 09:00:00,0.0682733140660966
DE2,onwind,2021-02-03 12:00:00,0.1328171510475016
DE2,onwind,2021-02-03 15:00:00,0.1469598911280433
DE2,onwind,2021-02-03 18:00:00,0.1070296313693834
DE2,onwind,2021-02-03 21:00:00,0.1402366314813466
DE2,onwind,2021-02-04 00:00:00,0.1469536607458035
DE2,onwind,2021-02-04 03:00:00,0.1180977732374188
DE2,onwind,2021-02-04 06:00:00,0.0613031180477271
DE2,onwind,2021-02-04 09:00:00,0.036696170835167
DE2,onwind,2021-02-04 12:00:00,0.0134528314783963
DE2,onwind,2021-02-04 15:00:00,0.0
DE2,onwind,2021-02-04 18:00:00,0.0177558708075952
DE2,onwind,2021-02-04 21:00:00,0.0308854266852451
DE2,onwind,2021-02-05 00:00:00,0.0280368828789762
DE2,onwind,2021-02-05 03:00:00,0.0322049800658804
DE2,onwind,2021-02-05 06:00:00,0.0325337911682127
DE2,onwind,2021-02-05 09:00:00,0.0156935261738779
DE2,onwind,2021-02-05 12:00:00,0.0086544837855411
DE2,onwind,2021-02-05 15:00:00,0.0
DE2,onwind,2021-02-05 18:00:00,0.0042644277195677
DE2,onwind,2021-02-05 21:00:00,0.0073310258603059
DE2,onwind,2021-02-06 00:00:00,0.012877286219935
DE2,onwind,2021-02-06 03:00:00,0.0254577599579553
DE2,onwind,2021-02-06 06:00:00,0.0557900991923547
DE2,onwind,2021-02-06 09:00:00,0.0871793555171893
DE2,onwind,2021-02-06 12:00:00,0.1272114119480823
DE2,onwind,2021-02-06 15:00:00,0.2314978110509338
DE2,onwind,2021-02-06 18:00:00,0.3338666614379762
DE2,onwind,2021-02-06 21:00:00,0.4085919879628103
DE2,onwind,2021-02-07 00:00:00,0.478138416937654
DE2,onwind,2021-02-07 03:00:00,0.5019286612353936
DE2,onwind,2021-02-07 06:00:00,0.46568506571033225
DE2,onwind,2021-02-07 09:00:00,0.3971766629100383
DE2,onwind,2021-02-07 12:00:00,0.33478112822062855
DE2,onwind,2021-02-07 15:00:00,0.3518000419447434
DE2,onwind,2021-02-07 18:00:00,0.3984112881805598
DE2,onwind,2021-02-07 21:00:00,0.3822960395929965
DE2,onwind,2021-02-08 00:00:00,0.3963527082890635
DE2,onwind,2021-02-08 03:00:00,0.3719538383389782
DE2,onwind,2021-02-08 06:00:00,0.2607704915010477
DE2,onwind,2021-02-08 09:00:00,0.2148301138394259
DE2,onwind,2021-02-08 12:00:00,0.18040634022790064
DE2,onwind,2021-02-08 15:00:00,0.1459896689681937
DE2,onwind,2021-02-08 18:00:00,0.1270704770230785
DE2,onwind,2021-02-08 21:00:00,0.0756690632107451
DE2,onwind,2021-02-09 00:00:00,0.0660409542411859
DE2,onwind,2021-02-09 03:00:00,0.0631065248652679
DE2,onwind,2021-02-09 06:00:00,0.0306944000184666
DE2,onwind,2021-02-09 09:00:00,0.0151609587339052
DE2,onwind,2021-02-09 12:00:00,0.015178753052803
DE2,onwind,2021-02-09 15:00:00,0.0586272708589287
DE2,onwind,2021-02-09 18:00:00,0.1149543508660256
DE2,onwind,2021-02-09 21:00:00,0.0974523356756466
DE2,onwind,2021-02-10 00:00:00,0.128763207303262
DE2,onwind,2021-02-10 03:00:00,0.1793437495496446
DE2,onwind,2021-02-10 06:00:00,0.2211266162656688
DE2,onwind,2021-02-10 09:00:00,0.1976358872414013
DE2,onwind,2021-02-10 12:00:00,0.2361966327710959
DE2,onwind,2021-02-10 15:00:00,0.22040730686258658
DE2,onwind,2021-02-10 18:00:00,0.18049953508518451
DE2,onwind,2021-02-10 21:00:00,0.1355661243716191
DE2,onwind,2021-02-11 00:00:00,0.0863490511926829
DE2,onwind,2021-02-11 03:00:00,0.067693161061349
DE2,onwind,2021-02-11 06:00:00,0.0327619617168539
DE2,onwind,2021-02-11 09:00:00,0.0441078798289403
DE2,onwind,2021-02-11 12:00:00,0.0340350333449211
DE2,onwind,2021-02-11 15:00:00,0.0450182640503304
DE2,onwind,2021-02-11 18:00:00,0.1308374269783271
DE2,onwind,2021-02-11 21:00:00,0.1249355872680353
DE2,onwind,2021-02-12 00:00:00,0.1318939576091417
DE2,onwind,2021-02-12 03:00:00,0.2017536331516163
DE2,onwind,2021-02-12 06:00:00,0.2485038055898915
DE2,onwind,2021-02-12 09:00:00,0.305468616712496
DE2,onwind,2021-02-12 12:00:00,0.4107393173391294
DE2,onwind,2021-02-12 15:00:00,0.490951662449931
DE2,onwind,2021-02-12 18:00:00,0.5548616460516622
DE2,onwind,2021-02-12 21:00:00,0.5700746287279953
DE2,onwind,2021-02-13 00:00:00,0.50904572085951
DE2,onwind,2021-02-13 03:00:00,0.478400216222925
DE2,onwind,2021-02-13 06:00:00,0.4184528313027728
DE2,onwind,2021-02-13 09:00:00,0.2209073959171109
DE2,onwind,2021-02-13 12:00:00,0.2212806662986675
DE2,onwind,2021-02-13 15:00:00,0.3031064134047712
DE2,onwind,2021-02-13 18:00:00,0.3805913506888817
DE2,onwind,2021-02-13 21:00:00,0.4067461320547225
DE2,onwind,2021-02-14 00:00:00,0.4935821797065241
DE2,onwind,2021-02-14 03:00:00,0.5216603765825742
DE2,onwind,2021-02-14 06:00:00,0.5808724575382905
DE2,onwind,2021-02-14 09:00:00,0.5043436346783478
DE2,onwind,2021-02-14 12:00:00,0.472336471548
DE2,onwind,2021-02-14 15:00:00,0.6932207647205507
DE2,onwind,2021-02-14 18:00:00,0.8310143616505745
DE2,onwind,2021-02-14 21:00:00,0.8017142468436033
DE2,solar,2021-01-18 00:00:00,0.0
DE2,solar,2021-01-18 03:00:00,0.0
DE2,solar,2021-01-18 06:00:00,0.01717416398673
DE2,solar,2021-01-18 09:00:00,0.1530054116500216
DE2,solar,2021-01-18 12:00:00,0.1198856352563409
DE2,solar,2021-01-18 15:00:00,0.0120892289810428
DE2,solar,2021-01-18 18:00:00,0.0
DE2,solar,2021-01-18 21:00:00,0.0
DE2,solar,2021-01-19 00:00:00,0.0
DE2,solar,2021-01-19 03:00:00,0.0
DE2,solar,2021-01-19 06:00:00,0.0053841460019869
DE2,solar,2021-01-19 09:00:00,0.0371843177762476
DE2,solar,2021-01-19 12:00:00,0.0336521941737861
DE2,solar,2021-01-19 15:00:00,0.0021005953504352
DE2,solar,2021-01-19 18:00:00,0.0
DE2,solar,2021-01-19 21:00:00,0.0
DE2,solar,2021-01-20 00:00:00,0.0
DE2,solar,2021-01-20 03:00:00,0.0
DE2,solar,2021-01-20 06:00:00,0.0233641532122174
DE2,solar,2021-01-20 09:00:00,0.32469027697774
DE2,solar,2021-01-20 12:00:00,0.2053080649423033
DE2,solar,2021-01-20 15:00:00,0.0067794958626407
DE2,solar,2021-01-20 18:00:00,0.0
DE2,solar,2021-01-20 21:00:00,0.0
DE2,solar,2021-01-21 00:00:00,0.0
DE2,solar,2021-01-21 03:00:00,0.0
DE2,solar,2021-01-21 06:00:00,0.0285613861721031
DE2,solar,2021-01-21 09:00:00,0.3210257794614522
DE2,solar,2021-01-21 12:00:00,0.2468578654632433
DE2,solar,2021-01-21 15:00:00,0.0106336568781196
DE2,solar,2021-01-21 18:00:00,0.0
DE2,solar,2021-01-21 21:00:00,0.0
DE2,solar,2021-01-22 00:00:00,0.0
DE2,solar,2021-01-22 03:00:00,0.0
DE2,solar,2021-01-22 06:00:00,0.0108731007560719
DE2,solar,2021-01-22 09:00:00,0.1645996632532582
DE2,solar,2021-01-22 12:00:00,0.2572812815113582
DE2,solar,2021-01-22 15:00:00,0.0203067573578093
DE2,solar,2021-01-22 18:00:00,0.0
DE2,solar,2021-01-22 21:00:00,0.0
DE2,solar,2021-01-23 00:00:00,0.0
DE2,solar,2021-01-23 03:00:00,0.0
DE2,solar,2021-01-23 06:00:00,0.0314405355146272
DE2,solar,2021-01-23 09:00:00,0.2821001299509176
DE2,solar,2021-01-23 12:00:00,0.23584968627363453
DE2,solar,2021-01-23 15:00:00,0.0074793940724356
DE2,solar,2021-01-23 18:00:00,0.0
DE2,solar,2021-01-23 21:00:00,0.0
DE2,solar,2021-01-24 00:00:00,0.0
DE2,solar,2021-01-24 03:00:00,0.0
DE2,solar,2021-01-24 06:00:00,0.0144698712575941
DE2,solar,2021-01-24 09:00:00,0.1115838349321897
DE2,solar,2021-01-24 12:00:00,0.1617256148598927
DE2,solar,2021-01-24 15:00:00,0.0142018398783396
DE2,solar,2021-01-24 18:00:00,0.0
DE2,solar,2021-01-24 21:00:00,0.0
DE2,solar,2021-01-25 00:00:00,0.0
DE2,solar,2021-01-25 03:00:00,0.0
DE2,solar,2021-01-25 06:00:00,0.0276531323343121
DE2,solar,2021-01-25 09:00:00,0.1965647857162124
DE2,solar,2021-01-25 12:00:00,0.2102290496731542
DE2,solar,2021-01-25 15:00:00,0.0139184493696991
DE2,solar,2021-01-25 18:00:00,0.0
DE2,solar,2021-01-25 21:00:00,0.0
DE2,solar,2021-01-26 00:00:00,0.0
DE2,solar,2021-01-26 03:00:00,0.0
DE2,solar,2021-01-26 06:00:00,0.0071117625178389
DE2,solar,2021-01-26 09:00:00,0.0583408263463162
DE2,solar,2021-01-26 12:00:00,0.0496267750612781
DE2,solar,2021-01-26 15:00:00,0.0
DE2,solar,2021-01-26 18:00:00,0.0
DE2,solar,2021-01-26 21:00:00,0.0
DE2,solar,2021-01-27 00:00:00,0.0
DE2,solar,2021-01-27 03:00:00,0.0
DE2,solar,2021-01-27 06:00:00,0.0025315950718873
DE2,solar,2021-01-27 09:00:00,0.0113745500098422
DE2,solar,2021-01-27 12:00:00,0.0109524115309687
DE2,solar,2021-01-27 15:00:00,0.0019638904321101
DE2,solar,2021-01-27 18:00:00,0.0
DE2,solar,2021-01-27 21:00:00,0.0
DE2,solar,2021-01-28 00:00:00,0.0
DE2,solar,2021-01-28 03:00:00,0.0
DE2,solar,2021-01-28 06:00:00,0.0
DE2,solar,2021-01-28 09:00:00,0.007129985443627201
DE2,solar,2021-01-28 12:00:00,0.0087313363005567
DE2,solar,2021-01-28 15:00:00,0.0
DE2,solar,2021-01-28 18:00:00,0.0
DE2,solar,2021-01-28 21:00:00,0.0
DE2,solar,2021-01-29 00:00:00,0.0
DE2,solar,2021-01-29 03:00:00,0.0
DE2,solar,2021-01-29 06:00:00,0.0023844945214637
DE2,solar,2021-01-29 09:00:00,0.0162217895904861
DE2,solar,2021-01-29 12:00:00,0.0226019913978293
DE2,solar,2021-01-29 15:00:00,0.0018844231387155
DE2,solar,2021-01-29 18:00:00,0.0
DE2,solar,2021-01-29 21:00:00,0.0
DE2,solar,2021-01-30 00:00:00,0.0
DE2,solar,2021-01-30 03:00:00,0.0
DE2,solar,2021-01-30 06:00:00,0.002997443223315
DE2,solar,2021-01-30 09:00:00,0.022888202127034803
DE2,solar,2021-01-30 12:00:00,0.0204953351502765
DE2,solar,2021-01-30 15:00:00,0.0
DE2,solar,2021-01-30 18:00:00,0.0
DE2,solar,2021-01-30 21:00:00,0.0
DE2,solar,2021-01-31 00:00:00,0.0
DE2,solar,2021-01-31 03:00:00,0.0
DE2,solar,2021-01-31 06:00:00,0.0082170335374495
DE2,solar,2021-01-31 09:00:00,0.0603661086867556
DE2,solar,2021-01-31 12:00:00,0.05034359359733
DE2,solar,2021-01-31 15:00:00,0.0042273932570146
DE2,solar,2021-01-31 18:00:00,0.0
DE2,solar,2021-01-31 21:00:00,0.0
DE2,solar,2021-02-01 00:00:00,0.0
DE2,solar,2021-02-01 03:00:00,0.0
DE2,solar,2021-02-01 06:00:00,0.0041542935727204
DE2,solar,2021-02-01 09:00:00,0.0189105170453196
DE2,solar,2021-02-01 12:00:00,0.013527023736186002
DE2,solar,2021-02-01 15:00:00,0.0
DE2,solar,2021-02-01 18:00:00,0.0
DE2,solar,2021-02-01 21:00:00,0.0
DE2,solar,2021-02-02 00:00:00,0.0
DE2,solar,2021-02-02 03:00:00,0.0
DE2,solar,2021-02-02 06:00:00,0.0025193434334019
DE2,solar,2021-02-02 09:00:00,0.01487974962552
DE2,solar,2021-02-02 12:00:00,0.0118998598423657
DE2,solar,2021-02-02 15:00:00,0.0
DE2,solar,2021-02-02 18:00:00,0.0
DE2,solar,2021-02-02 21:00:00,0.0
DE2,solar,2021-02-03 00:00:00,0.0
DE2,solar,2021-02-03 03:00:00,0.0
DE2,solar,2021-02-03 06:00:00,0.001910409329334
DE2,solar,2021-02-03 09:00:00,0.0084963204284524
DE2,solar,2021-02-03 12:00:00,0.0138164958197534
DE2,solar,2021-02-03 15:00:00,0.0032298540269101
DE2,solar,2021-02-03 18:00:00,0.0
DE2,solar,2021-02-03 21:00:00,0.0
DE2,solar,2021-02-04 00:00:00,0.0
DE2,solar,2021-02-04 03:00:00,0.0
DE2,solar,2021-02-04 06:00:00,0.0082477209386502
DE2,solar,2021-02-04 09:00:00,0.0511540132471512
DE2,solar,2021-02-04 12:00:00,0.0508093748487019
DE2,solar,2021-02-04 15:00:00,0.0052131882984049
DE2,solar,2021-02-04 18:00:00,0.0
DE2,solar,2021-02-04 21:00:00,0.0
DE2,solar,2021-02-05 00:00:00,0.0
DE2,solar,2021-02-05 03:00:00,0.0
DE2,solar,2021-02-05 06:00:00,0.0025673218878562
DE2,solar,2021-02-05 09:00:00,0.0216348459467322
DE2,solar,2021-02-05 12:00:00,0.0252680777389406
DE2,solar,2021-02-05 15:00:00,0.0030051666763392004
DE2,solar,2021-02-05 18:00:00,0.0
DE2,solar,2021-02-05 21:00:00,0.0
DE2,solar,2021-02-06 00:00:00,0.0
DE2,solar,2021-02-06 03:00:00,0.0
DE2,solar,2021-02-06 06:00:00,0.0025166868723922
DE2,solar,2021-02-06 09:00:00,0.0197634239421142
DE2,solar,2021-02-06 12:00:00,0.0183085506044937
DE2,solar,2021-02-06 15:00:00,0.0
DE2,solar,2021-02-06 18:00:00,0.0
DE2,solar,2021-02-06 21:00:00,0.0
DE2,solar,2021-02-07 00:00:00,0.0
DE2,solar,2021-02-07 03:00:00,0.0
DE2,solar,2021-02-07 06:00:00,0.0
DE2,solar,2021-02-07 09:00:00,0.0345118455617832
DE2,solar,2021-02-07 12:00:00,0.0575058377229722
DE2,solar,2021-02-07 15:00:00,0.0117805990382534
DE2,solar,2021-02-07 18:00:00,0.0
DE2,solar,2021-02-07 21:00:00,0.0
DE2,solar,2021-02-08 00:00:00,0.0
DE2,solar,2021-02-08 03:00:00,0.0
DE2,solar,2021-02-08 06:00:00,0.0158187414599178
DE2,solar,2021-02-08 09:00:00,0.070332914005527
DE2,solar,2021-02-08 12:00:00,0.0565166332403164
DE2,solar,2021-02-08 15:00:00,0.0062280888613893
DE2,solar,2021-02-08 18:00:00,0.0
DE2,solar,2021-02-08 21:00:00,0.0
DE2,solar,2021-02-09 00:00:00,0.0
DE2,solar,2021-02-09 03:00:00,0.0
DE2,solar,2021-02-09 06:00:00,0.0505217228690489
DE2,solar,2021-02-09 09:00:00,0.2723495165709885
DE2,solar,2021-02-09 12:00:00,0.1869516997743497
DE2,solar,2021-02-09 15:00:00,0.0248448845516124
DE2,solar,2021-02-09 18:00:00,0.0
DE2,solar,2021-02-09 21:00:00,0.0
DE2,solar,2021-02-10 00:00:00,0.0
DE2,solar,2021-02-10 03:00:00,0.0
DE2,solar,2021-02-10 06:00:00,0.0662001336510293
DE2,solar,2021-02-10 09:00:00,0.3634503385835647
DE2,solar,2021-02-10 12:00:00,0.248207828342852
DE2,solar,2021-02-10 15:00:00,0.0269189670868358
DE2,solar,2021-02-10 18:00:00,0.0
DE2,solar,2021-02-10 21:00:00,0.0
DE2,solar,2021-02-11 00:00:00,0.0
DE2,solar,2021-02-11 03:00:00,0.0
DE2,solar,2021-02-11 06:00:00,0.0735748278366711
DE2,solar,2021-02-11 09:00:00,0.39244673511450934
DE2,solar,2021-02-11 12:00:00,0.3499211026189623
DE2,solar,2021-02-11 15:00:00,0.0576963384854894
DE2,solar,2021-02-11 18:00:00,0.0
DE2,solar,2021-02-11 21:00:00,0.0
DE2,solar,2021-02-12 00:00:00,0.0
DE2,solar,2021-02-12 03:00:00,0.0
DE2,solar,2021-02-12 06:00:00,0.0869204546664591
DE2,solar,2021-02-12 09:00:00,0.4261789691608653
DE2,solar,2021-02-12 12:00:00,0.320168349807211
DE2,solar,2021-02-12 15:00:00,0.05449984484579029
DE2,solar,2021-02-12 18:00:00,0.0
DE2,solar,2021-02-12 21:00:00,0.0
DE2,solar,2021-02-13 00:00:00,0.0
DE2,solar,2021-02-13 03:00:00,0.0
DE2,solar,2021-02-13 06:00:00,0.1059956127620314
DE2,solar,2021-02-13 09:00:00,0.5736389082946634
DE2,solar,2021-02-13 12:00:00,0.5230957829785244
DE2,solar,2021-02-13 15:00:00,0.08568742350185381
DE2,solar,2021-02-13 18:00:00,0.0
DE2,solar,2021-02-13 21:00:00,0.0
DE2,solar,2021-02-14 00:00:00,0.0
DE2,solar,2021-02-14 03:00:00,0.0
DE2,solar,2021-02-14 06:00:00,0.0974102665374655
DE2,solar,2021-02-14 09:00:00,0.511092156511974
DE2,solar,2021-02-14 12:00:00,0.4502856708807492
DE2,solar,2021-02-14 15:00:00,0.05067979175089
DE2,solar,2021-02-14 18:00:00,0.0
DE2,solar,2021-02-14 21:00:00,0.0
DE2,waste,2021-01-18 00:00:00,1.0
DE2,waste,2021-01-18 03:00:00,1.0
DE2,waste,2021-01-18 06:00:00,1.0
DE2,waste,2021-01-18 09:00:00,1.0
DE2,waste,2021-01-18 12:00:00,1.0
DE2,waste,2021-01-18 15:00:00,1.0
DE2,waste,2021-01-18 18:00:00,1.0
DE2,waste,2021-01-18 21:00:00,1.0
DE2,waste,2021-01-19 00:00:00,1.0
DE2,waste,2021-01-19 03:00:00,1.0
DE2,waste,2021-01-19 06:00:00,1.0
DE2,waste,2021-01-19 09:00:00,1.0
DE2,waste,2021-01-19 12:00:00,1.0
DE2,waste,2021-01-19 15:00:00,1.0
DE2,waste,2021-01-19 18:00:00,1.0
DE2,waste,2021-01-19 21:00:00,1.0
DE2,waste,2021-01-20 00:00:00,1.0
DE2,waste,2021-01-20 03:00:00,1.0
DE2,waste,2021-01-20 06:00:00,1.0
DE2,waste,2021-01-20 09:00:00,1.0
DE2,waste,2021-01-20 12:00:00,1.0
DE2,waste,2021-01-20 15:00:00,1.0
DE2,waste,2021-01-20 18:00:00,1.0
DE2,waste,2021-01-20 21:00:00,1.0
DE2,waste,2021-01-21 00:00:00,1.0
DE2,waste,2021-01-21 03:00:00,1.0
DE2,waste,2021-01-21 06:00:00,1.0
DE2,waste,2021-01-21 09:00:00,1.0
DE2,waste,2021-01-21 12:00:00,1.0
DE2,waste,2021-01-21 15:00:00,1.0
DE2,waste,2021-01-21 18:00:00,1.0
DE2,waste,2021-01-21 21:00:00,1.0
DE2,waste,2021-01-22 00:00:00,1.0
DE2,waste,2021-01-22 03:00:00,1.0
DE2,waste,2021-01-22 06:00:00,1.0
DE2,waste,2021-01-22 09:00:00,1.0
DE2,waste,2021-01-22 12:00:00,1.0
DE2,waste,2021-01-22 15:00:00,1.0
DE2,waste,2021-01-22 18:00:00,1.0
DE2,waste,2021-01-22 21:00:00,1.0
DE2,waste,2021-01-23 00:00:00,1.0
DE2,waste,2021-01-23 03:00:00,1.0
DE2,waste,2021-01-23 06:00:00,1.0
DE2,waste,2021-01-23 09:00:00,1.0
DE2,waste,2021-01-23 12:00:00,1.0
DE2,waste,2021-01-23 15:00:00,1.0
DE2,waste,2021-01-23 18:00:00,1.0
DE2,waste,2021-01-23 21:00:00,1.0
DE2,waste,2021-01-24 00:00:00,1.0
DE2,waste,2021-01-24 03:00:00,1.0
DE2,waste,2021-01-24 06:00:00,1.0
DE2,waste,2021-01-24 09:00:00,1.0
DE2,waste,2021-01-24 12:00:00,1.0
DE2,waste,2021-01-24 15:00:00,1.0
DE2,waste,2021-01-24 18:00:00,1.0
DE2,waste,2021-01-24 21:00:00,1.0
DE2,waste,2021-01-25 00:00:00,1.0
DE2,waste,2021-01-25 03:00:00,1.0
DE2,waste,2021-01-25 06:00:00,1.0
DE2,waste,2021-01-25 09:00:00,1.0
DE2,waste,2021-01-25 12:00:00,1.0
DE2,waste,2021-01-25 15:00:00,1.0
DE2,waste,2021-01-25 18:00:00,1.0
DE2,waste,2021-01-25 21:00:00,1.0
DE2,waste,2021-01-26 00:00:00,1.0
DE2,waste,2021-01-26 03:00:00,1.0
DE2,waste,2021-01-26 06:00:00,1.0
DE2,waste,2021-01-26 09:00:00,1.0
DE2,waste,2021-01-26 12:00:00,1.0
DE2,waste,2021-01-26 15:00:00,1.0
DE2,waste,2021-01-26 18:00:00,1.0
DE2,waste,2021-01-26 21:00:00,1.0
DE2,waste,2021-01-27 00:00:00,1.0
DE2,waste,2021-01-27 03:00:00,1.0
DE2,waste,2021-01-27 06:00:00,1.0
DE2,waste,2021-01-27 09:00:00,1.0
DE2,waste,2021-01-27 12:00:00,1.0
DE2,waste,2021-01-27 15:00:00,1.0
DE2,waste,2021-01-27 18:00:00,1.0
DE2,waste,2021-01-27 21:00:00,1.0
DE2,waste,2021-01-28 00:00:00,1.0
DE2,waste,2021-01-28 03:00:00,1.0
DE2,waste,2021-01-28 06:00:00,1.0
DE2,waste,2021-01-28 09:00:00,1.0
DE2,waste,2021-01-28 12:00:00,1.0
DE2,waste,2021-01-28 15:00:00,1.0
DE2,waste,2021-01-28 18:00:00,1.0
DE2,waste,2021-01-28 21:00:00,1.0
DE2,waste,2021-01-29 00:00:00,1.0
DE2,waste,2021-01-29 03:00:00,1.0
DE2,waste,2021-01-29 06:00:00,1.0
DE2,waste,2021-01-29 09:00:00,1.0
DE2,waste,2021-01-29 12:00:00,1.0
DE2,waste,2021-01-29 15:00:00,1.0
DE2,waste,2021-01-29 18:00:00,1.0
DE2,waste,2021-01-29 21:00:00,1.0
DE2,waste,2021-01-30 00:00:00,1.0
DE2,waste,2021-01-30 03:00:00,1.0
DE2,waste,2021-01-30 06:00:00,1.0
DE2,waste,2021-01-30 09:00:00,1.0
DE2,waste,2021-01-30 12:00:00,1.0
DE2,waste,2021-01-30 15:00:00,1.0
DE2,waste,2021-01-30 18:00:00,1.0
DE2,waste,2021-01-30 21:00:00,1.0
DE2,waste,2021-01-31 00:00:00,1.0
DE2,waste,2021-01-31 03:00:00,1.0
DE2,waste,2021-01-31 06:00:00,1.0
DE2,waste,2021-01-31 09:00:00,1.0
DE2,waste,2021-01-31 12:00:00,1.0
DE2,waste,2021-01-31 15:00:00,1.0
DE2,waste,2021-01-31 18:00:00,1.0
DE2,waste,2021-01-31 21:00:00,1.0
DE2,waste,2021-02-01 00:00:00,1.0
DE2,waste,2021-02-01 03:00:00,1.0
DE2,waste,2021-02-01 06:00:00,1.0
DE2,waste,2021-02-01 09:00:00,1.0
DE2,waste,2021-02-01 12:00:00,1.0
DE2,waste,2021-02-01 15:00:00,1.0
DE2,waste,2021-02-01 18:00:00,1.0
DE2,waste,2021-02-01 21:00:00,1.0
DE2,waste,2021-02-02 00:00:00,1.0
DE2,waste,2021-02-02 03:00:00,1.0
DE2,waste,2021-02-02 06:00:00,1.0
DE2,waste,2021-02-02 09:00:00,1.0
DE2,waste,2021-02-02 12:00:00,1.0
DE2,waste,2021-02-02 15:00:00,1.0
DE2,waste,2021-02-02 18:00:00,1.0
DE2,waste,2021-02-02 21:00:00,1.0
DE2,waste,2021-02-03 00:00:00,1.0
DE2,waste,2021-02-03 03:00:00,1.0
DE2,waste,2021-02-03 06:00:00,1.0
DE2,waste,2021-02-03 09:00:00,1.0
DE2,waste,2021-02-03 12:00:00,1.0
DE2,waste,2021-02-03 15:00:00,1.0
DE2,waste,2021-02-03 18:00:00,1.0
DE2,waste,2021-02-03 21:00:00,1.0
DE2,waste,2021-02-04 00:00:00,1.0
DE2,waste,2021-02-04 03:00:00,1.0
DE2,waste,2021-02-04 06:00:00,1.0
DE2,waste,2021-02-04 09:00:00,1.0
DE2,waste,2021-02-04 12:00:00,1.0
DE2,waste,2021-02-04 15:00:00,1.0
DE2,waste,2021-02-04 18:00:00,1.0
DE2,waste,2021-02-04 21:00:00,1.0
DE2,waste,2021-02-05 00:00:00,1.0
DE2,waste,2021-02-05 03:00:00,1.0
DE2,waste,2021-02-05 06:00:00,1.0
DE2,waste,2021-02-05 09:00:00,1.0
DE2,waste,2021-02-05 12:00:00,1.0
DE2,waste,2021-02-05 15:00:00,1.0
DE2,waste,2021-02-05 18:00:00,1.0
DE2,waste,2021-02-05 21:00:00,1.0
DE2,waste,2021-02-06 00:00:00,1.0
DE2,waste,2021-02-06 03:00:00,1.0
DE2,waste,2021-02-06 06:00:00,1.0
DE2,waste,2021-02-06 09:00:00,1.0
DE2,waste,2021-02-06 12:00:00,1.0
DE2,waste,2021-02-06 15:00:00,1.0
DE2,waste,2021-02-06 18:00:00,1.0
DE2,waste,2021-02-06 21:00:00,1.0
DE2,waste,2021-02-07 00:00:00,1.0
DE2,waste,2021-02-07 03:00:00,1.0
DE2,waste,2021-02-07 06:00:00,1.0
DE2,waste,2021-02-07 09:00:00,1.0
DE2,waste,2021-02-07 12:00:00,1.0
DE2,waste,2021-02-07 15:00:00,1.0
DE2,waste,2021-02-07 18:00:00,1.0
DE2,waste,2021-02-07 21:00:00,1.0
DE2,waste,2021-02-08 00:00:00,1.0
DE2,waste,2021-02-08 03:00:00,1.0
DE2,waste,2021-02-08 06:00:00,1.0
DE2,waste,2021-02-08 09:00:00,1.0
DE2,waste,2021-02-08 12:00:00,1.0
DE2,waste,2021-02-08 15:00:00,1.0
DE2,waste,2021-02-08 18:00:00,1.0
DE2,waste,2021-02-08 21:00:00,1.0
DE2,waste,2021-02-09 00:00:00,1.0
DE2,waste,2021-02-09 03:00:00,1.0
DE2,waste,2021-02-09 06:00:00,1.0
DE2,waste,2021-02-09 09:00:00,1.0
DE2,waste,2021-02-09 12:00:00,1.0
DE2,waste,2021-02-09 15:00:00,1.0
DE2,waste,2021-02-09 18:00:00,1.0
DE2,waste,2021-02-09 21:00:00,1.0
DE2,waste,2021-02-10 00:00:00,1.0
DE2,waste,2021-02-10 03:00:00,1.0
DE2,waste,2021-02-10 06:00:00,1.0
DE2,waste,2021-02-10 09:00:00,1.0
DE2,waste,2021-02-10 12:00:00,1.0
DE2,waste,2021-02-10 15:00:00,1.0
DE2,waste,2021-02-10 18:00:00,1.0
DE2,waste,2021-02-10 21:00:00,1.0
DE2,waste,2021-02-11 00:00:00,1.0
DE2,waste,2021-02-11 03:00:00,1.0
DE2,waste,2021-02-11 06:00:00,1.0
DE2,waste,2021-02-11 09:00:00,1.0
DE2,waste,2021-02-11 12:00:00,1.0
DE2,waste,2021-02-11 15:00:00,1.0
DE2,waste,2021-02-11 18:00:00,1.0
DE2,waste,2021-02-11 21:00:00,1.0
DE2,waste,2021-02-12 00:00:00,1.0
DE2,waste,2021-02-12 03:00:00,1.0
DE2,waste,2021-02-12 06:00:00,1.0
DE2,waste,2021-02-12 09:00:00,1.0
DE2,waste,2021-02-12 12:00:00,1.0
DE2,waste,2021-02-12 15:00:00,1.0
DE2,waste,2021-02-12 18:00:00,1.0
DE2,waste,2021-02-12 21:00:00,1.0
DE2,waste,2021-02-13 00:00:00,1.0
DE2,waste,2021-02-13 03:00:00,1.0
DE2,waste,2021-02-13 06:00:00,1.0
DE2,waste,2021-02-13 09:00:00,1.0
DE2,waste,2021-02-13 12:00:00,1.0
DE2,waste,2021-02-13 15:00:00,1.0
DE2,waste,2021-02-13 18:00:00,1.0
DE2,waste,2021-02-13 21:00:00,1.0
DE2,waste,2021-02-14 00:00:00,1.0
DE2,waste,2021-02-14 03:00:00,1.0
DE2,waste,2021-02-14 06:00:00,1.0
DE2,waste,2021-02-14 09:00:00,1.0
DE2,waste,2021-02-14 12:00:00,1.0
DE2,waste,2021-02-14 15:00:00,1.0
DE2,waste,2021-02-14 18:00:00,1.0
DE2,waste,2021-02-14 21:00:00,1.0
DE3,biomass,2021-01-18 00:00:00,1.0
DE3,biomass,2021-01-18 03:00:00,1.0
DE3,biomass,2021-01-18 06:00:00,1.0
DE3,biomass,2021-01-18 09:00:00,1.0
DE3,biomass,2021-01-18 12:00:00,1.0
DE3,biomass,2021-01-18 15:00:00,1.0
DE3,biomass,2021-01-18 18:00:00,1.0
DE3,biomass,2021-01-18 21:00:00,1.0
DE3,biomass,2021-01-19 00:00:00,1.0
DE3,biomass,2021-01-19 03:00:00,1.0
DE3,biomass,2021-01-19 06:00:00,1.0
DE3,biomass,2021-01-19 09:00:00,1.0
DE3,biomass,2021-01-19 12:00:00,1.0
DE3,biomass,2021-01-19 15:00:00,1.0
DE3,biomass,2021-01-19 18:00:00,1.0
DE3,biomass,2021-01-19 21:00:00,1.0
DE3,biomass,2021-01-20 00:00:00,1.0
DE3,biomass,2021-01-20 03:00:00,1.0
DE3,biomass,2021-01-20 06:00:00,1.0
DE3,biomass,2021-01-20 09:00:00,1.0
DE3,biomass,2021-01-20 12:00:00,1.0
DE3,biomass,2021-01-20 15:00:00,1.0
DE3,biomass,2021-01-20 18:00:00,1.0
DE3,biomass,2021-01-20 21:00:00,1.0
DE3,biomass,2021-01-21 00:00:00,1.0
DE3,biomass,2021-01-21 03:00:00,1.0
DE3,biomass,2021-01-21 06:00:00,1.0
DE3,biomass,2021-01-21 09:00:00,1.0
DE3,biomass,2021-01-21 12:00:00,1.0
DE3,biomass,2021-01-21 15:00:00,1.0
DE3,biomass,2021-01-21 18:00:00,1.0
DE3,biomass,2021-01-21 21:00:00,1.0
DE3,biomass,2021-01-22 00:00:00,1.0
DE3,biomass,2021-01-22 03:00:00,1.0
DE3,biomass,2021-01-22 06:00:00,1.0
DE3,biomass,2021-01-22 09:00:00,1.0
DE3,biomass,2021-01-22 12:00:00,1.0
DE3,biomass,2021-01-22 15:00:00,1.0
DE3,biomass,2021-01-22 18:00:00,1.0
DE3,biomass,2021-01-22 21:00:00,1.0
DE3,biomass,2021-01-23 00:00:00,1.0
DE3,biomass,2021-01-23 03:00:00,1.0
DE3,biomass,2021-01-23 06:00:00,1.0
DE3,biomass,2021-01-23 09:00:00,1.0
DE3,biomass,2021-01-23 12:00:00,1.0
DE3,biomass,2021-01-23 15:00:00,1.0
DE3,biomass,2021-01-23 18:00:00,1.0
DE3,biomass,2021-01-23 21:00:00,1.0
DE3,biomass,2021-01-24 00:00:00,1.0
DE3,biomass,2021-01-24 03:00:00,1.0
DE3,biomass,2021-01-24 06:00:00,1.0
DE3,biomass,2021-01-24 09:00:00,1.0
DE3,biomass,2021-01-24 12:00:00,1.0
DE3,biomass,2021-01-24 15:00:00,1.0
DE3,biomass,2021-01-24 18:00:00,1.0
DE3,biomass,2021-01-24 21:00:00,1.0
DE3,biomass,2021-01-25 00:00:00,1.0
DE3,biomass,2021-01-25 03:00:00,1.0
DE3,biomass,2021-01-25 06:00:00,1.0
DE3,biomass,2021-01-25 09:00:00,1.0
DE3,biomass,2021-01-25 12:00:00,1.0
DE3,biomass,2021-01-25 15:00:00,1.0
DE3,biomass,2021-01-25 18:00:00,1.0
DE3,biomass,2021-01-25 21:00:00,1.0
DE3,biomass,2021-01-26 00:00:00,1.0
DE3,biomass,2021-01-26 03:00:00,1.0
DE3,biomass,2021-01-26 06:00:00,1.0
DE3,biomass,2021-01-26 09:00:00,1.0
DE3,biomass,2021-01-26 12:00:00,1.0
DE3,biomass,2021-01-26 15:00:00,1.0
DE3,biomass,2021-01-26 18:00:00,1.0
DE3,biomass,2021-01-26 21:00:00,1.0
DE3,biomass,2021-01-27 00:00:00,1.0
DE3,biomass,2021-01-27 03:00:00,1.0
DE3,biomass,2021-01-27 06:00:00,1.0
DE3,biomass,2021-01-27 09:00:00,1.0
DE3,biomass,2021-01-27 12:00:00,1.0
DE3,biomass,2021-01-27 15:00:00,1.0
DE3,biomass,2021-01-27 18:00:00,1.0
DE3,biomass,2021-01-27 21:00:00,1.0
DE3,biomass,2021-01-28 00:00:00,1.0
DE3,biomass,2021-01-28 03:00:00,1.0
DE3,biomass,2021-01-28 06:00:00,1.0
DE3,biomass,2021-01-28 09:00:00,1.0
DE3,biomass,2021-01-28 12:00:00,1.0
DE3,biomass,2021-01-28 15:00:00,1.0
DE3,biomass,2021-01-28 18:00:00,1.0
DE3,biomass,2021-01-28 21:00:00,1.0
DE3,biomass,2021-01-29 00:00:00,1.0
DE3,biomass,2021-01-29 03:00:00,1.0
DE3,biomass,2021-01-29 06:00:00,1.0
DE3,biomass,2021-01-29 09:00:00,1.0
DE3,biomass,2021-01-29 12:00:00,1.0
DE3,biomass,2021-01-29 15:00:00,1.0
DE3,biomass,2021-01-29 18:00:00,1.0
DE3,biomass,2021-01-29 21:00:00,1.0
DE3,biomass,2021-01-30 00:00:00,1.0
DE3,biomass,2021-01-30 03:00:00,1.0
DE3,biomass,2021-01-30 06:00:00,1.0
DE3,biomass,2021-01-30 09:00:00,1.0
DE3,biomass,2021-01-30 12:00:00,1.0
DE3,biomass,2021-01-30 15:00:00,1.0
DE3,biomass,2021-01-30 18:00:00,1.0
DE3,biomass,2021-01-30 21:00:00,1.0
DE3,biomass,2021-01-31 00:00:00,1.0
DE3,biomass,2021-01-31 03:00:00,1.0
DE3,biomass,2021-01-31 06:00:00,1.0
DE3,biomass,2021-01-31 09:00:00,1.0
DE3,biomass,2021-01-31 12:00:00,1.0
DE3,biomass,2021-01-31 15:00:00,1.0
DE3,biomass,2021-01-31 18:00:00,1.0
DE3,biomass,2021-01-31 21:00:00,1.0
DE3,biomass,2021-02-01 00:00:00,1.0
DE3,biomass,2021-02-01 03:00:00,1.0
DE3,biomass,2021-02-01 06:00:00,1.0
DE3,biomass,2021-02-01 09:00:00,1.0
DE3,biomass,2021-02-01 12:00:00,1.0
DE3,biomass,2021-02-01 15:00:00,1.0
DE3,biomass,2021-02-01 18:00:00,1.0
DE3,biomass,2021-02-01 21:00:00,1.0
DE3,biomass,2021-02-02 00:00:00,1.0
DE3,biomass,2021-02-02 03:00:00,1.0
DE3,biomass,2021-02-02 06:00:00,1.0
DE3,biomass,2021-02-02 09:00:00,1.0
DE3,biomass,2021-02-02 12:00:00,1.0
DE3,biomass,2021-02-02 15:00:00,1.0
DE3,biomass,2021-02-02 18:00:00,1.0
DE3,biomass,2021-02-02 21:00:00,1.0
DE3,biomass,2021-02-03 00:00:00,1.0
DE3,biomass,2021-02-03 03:00:00,1.0
DE3,biomass,2021-02-03 06:00:00,1.0
DE3,biomass,2021-02-03 09:00:00,1.0
DE3,biomass,2021-02-03 12:00:00,1.0
DE3,biomass,2021-02-03 15:00:00,1.0
DE3,biomass,2021-02-03 18:00:00,1.0
DE3,biomass,2021-02-03 21:00:00,1.0
DE3,biomass,2021-02-04 00:00:00,1.0
DE3,biomass,2021-02-04 03:00:00,1.0
DE3,biomass,2021-02-04 06:00:00,1.0
DE3,biomass,2021-02-04 09:00:00,1.0
DE3,biomass,2021-02-04 12:00:00,1.0
DE3,biomass,2021-02-04 15:00:00,1.0
DE3,biomass,2021-02-04 18:00:00,1.0
DE3,biomass,2021-02-04 21:00:00,1.0
DE3,biomass,2021-02-05 00:00:00,1.0
DE3,biomass,2021-02-05 03:00:00,1.0
DE3,biomass,2021-02-05 06:00:00,1.0
DE3,biomass,2021-02-05 09:00:00,1.0
DE3,biomass,2021-02-05 12:00:00,1.0
DE3,biomass,2021-02-05 15:00:00,1.0
DE3,biomass,2021-02-05 18:00:00,1.0
DE3,biomass,2021-02-05 21:00:00,1.0
DE3,biomass,2021-02-06 00:00:00,1.0
DE3,biomass,2021-02-06 03:00:00,1.0
DE3,biomass,2021-02-06 06:00:00,1.0
DE3,biomass,2021-02-06 09:00:00,1.0
DE3,biomass,2021-02-06 12:00:00,1.0
DE3,biomass,2021-02-06 15:00:00,1.0
DE3,biomass,2021-02-06 18:00:00,1.0
DE3,biomass,2021-02-06 21:00:00,1.0
DE3,biomass,2021-02-07 00:00:00,1.0
DE3,biomass,2021-02-07 03:00:00,1.0
DE3,biomass,2021-02-07 06:00:00,1.0
DE3,biomass,2021-02-07 09:00:00,1.0
DE3,biomass,2021-02-07 12:00:00,1.0
DE3,biomass,2021-02-07 15:00:00,1.0
DE3,biomass,2021-02-07 18:00:00,1.0
DE3,biomass,2021-02-07 21:00:00,1.0
DE3,biomass,2021-02-08 00:00:00,1.0
DE3,biomass,2021-02-08 03:00:00,1.0
DE3,biomass,2021-02-08 06:00:00,1.0
DE3,biomass,2021-02-08 09:00:00,1.0
DE3,biomass,2021-02-08 12:00:00,1.0
DE3,biomass,2021-02-08 15:00:00,1.0
DE3,biomass,2021-02-08 18:00:00,1.0
DE3,biomass,2021-02-08 21:00:00,1.0
DE3,biomass,2021-02-09 00:00:00,1.0
DE3,biomass,2021-02-09 03:00:00,1.0
DE3,biomass,2021-02-09 06:00:00,1.0
DE3,biomass,2021-02-09 09:00:00,1.0
DE3,biomass,2021-02-09 12:00:00,1.0
DE3,biomass,2021-02-09 15:00:00,1.0
DE3,biomass,2021-02-09 18:00:00,1.0
DE3,biomass,2021-02-09 21:00:00,1.0
DE3,biomass,2021-02-10 00:00:00,1.0
DE3,biomass,2021-02-10 03:00:00,1.0
DE3,biomass,2021-02-10 06:00:00,1.0
DE3,biomass,2021-02-10 09:00:00,1.0
DE3,biomass,2021-02-10 12:00:00,1.0
DE3,biomass,2021-02-10 15:00:00,1.0
DE3,biomass,2021-02-10 18:00:00,1.0
DE3,biomass,2021-02-10 21:00:00,1.0
DE3,biomass,2021-02-11 00:00:00,1.0
DE3,biomass,2021-02-11 03:00:00,1.0
DE3,biomass,2021-02-11 06:00:00,1.0
DE3,biomass,2021-02-11 09:00:00,1.0
DE3,biomass,2021-02-11 12:00:00,1.0
DE3,biomass,2021-02-11 15:00:00,1.0
DE3,biomass,2021-02-11 18:00:00,1.0
DE3,biomass,2021-02-11 21:00:00,1.0
DE3,biomass,2021-02-12 00:00:00,1.0
DE3,biomass,2021-02-12 03:00:00,1.0
DE3,biomass,2021-02-12 06:00:00,1.0
DE3,biomass,2021-02-12 09:00:00,1.0
DE3,biomass,2021-02-12 12:00:00,1.0
DE3,biomass,2021-02-12 15:00:00,1.0
DE3,biomass,2021-02-12 18:00:00,1.0
DE3,biomass,2021-02-12 21:00:00,1.0
DE3,biomass,2021-02-13 00:00:00,1.0
DE3,biomass,2021-02-13 03:00:00,1.0
DE3,biomass,2021-02-13 06:00:00,1.0
DE3,biomass,2021-02-13 09:00:00,1.0
DE3,biomass,2021-02-13 12:00:00,1.0
DE3,biomass,2021-02-13 15:00:00,1.0
DE3,biomass,2021-02-13 18:00:00,1.0
DE3,biomass,2021-02-13 21:00:00,1.0
DE3,biomass,2021-02-14 00:00:00,1.0
DE3,biomass,2021-02-14 03:00:00,1.0
DE3,biomass,2021-02-14 06:00:00,1.0
DE3,biomass,2021-02-14 09:00:00,1.0
DE3,biomass,2021-02-14 12:00:00,1.0
DE3,biomass,2021-02-14 15:00:00,1.0
DE3,biomass,2021-02-14 18:00:00,1.0
DE3,biomass,2021-02-14 21:00:00,1.0
DE3,ccgt,2021-01-18 00:00:00,1.0
DE3,ccgt,2021-01-18 03:00:00,1.0
DE3,ccgt,2021-01-18 06:00:00,1.0
DE3,ccgt,2021-01-18 09:00:00,1.0
DE3,ccgt,2021-01-18 12:00:00,1.0
DE3,ccgt,2021-01-18 15:00:00,1.0
DE3,ccgt,2021-01-18 18:00:00,1.0
DE3,ccgt,2021-01-18 21:00:00,1.0
DE3,ccgt,2021-01-19 00:00:00,1.0
DE3,ccgt,2021-01-19 03:00:00,1.0
DE3,ccgt,2021-01-19 06:00:00,1.0
DE3,ccgt,2021-01-19 09:00:00,1.0
DE3,ccgt,2021-01-19 12:00:00,1.0
DE3,ccgt,2021-01-19 15:00:00,1.0
DE3,ccgt,2021-01-19 18:00:00,1.0
DE3,ccgt,2021-01-19 21:00:00,1.0
DE3,ccgt,2021-01-20 00:00:00,1.0
DE3,ccgt,2021-01-20 03:00:00,1.0
DE3,ccgt,2021-01-20 06:00:00,1.0
DE3,ccgt,2021-01-20 09:00:00,1.0
DE3,ccgt,2021-01-20 12:00:00,1.0
DE3,ccgt,2021-01-20 15:00:00,1.0
DE3,ccgt,2021-01-20 18:00:00,1.0
DE3,ccgt,2021-01-20 21:00:00,1.0
DE3,ccgt,2021-01-21 00:00:00,1.0
DE3,ccgt,2021-01-21 03:00:00,1.0
DE3,ccgt,2021-01-21 06:00:00,1.0
DE3,ccgt,2021-01-21 09:00:00,1.0
DE3,ccgt,2021-01-21 12:00:00,1.0
DE3,ccgt,2021-01-21 15:00:00,1.0
DE3,ccgt,2021-01-21 18:00:00,1.0
DE3,ccgt,2021-01-21 21:00:00,1.0
DE3,ccgt,2021-01-22 00:00:00,1.0
DE3,ccgt,2021-01-22 03:00:00,1.0
DE3,ccgt,2021-01-22 06:00:00,1.0
DE3,ccgt,2021-01-22 09:00:00,1.0
DE3,ccgt,2021-01-22 12:00:00,1.0
DE3,ccgt,2021-01-22 15:00:00,1.0
DE3,ccgt,2021-01-22 18:00:00,1.0
DE3,ccgt,2021-01-22 21:00:00,1.0
DE3,ccgt,2021-01-23 00:00:00,1.0
DE3,ccgt,2021-01-23 03:00:00,1.0
DE3,ccgt,2021-01-23 06:00:00,1.0
DE3,ccgt,2021-01-23 09:00:00,1.0
DE3,ccgt,2021-01-23 12:00:00,1.0
DE3,ccgt,2021-01-23 15:00:00,1.0
DE3,ccgt,2021-01-23 18:00:00,1.0
DE3,ccgt,2021-01-23 21:00:00,1.0
DE3,ccgt,2021-01-24 00:00:00,1.0
DE3,ccgt,2021-01-24 03:00:00,1.0
DE3,ccgt,2021-01-24 06:00:00,1.0
DE3,ccgt,2021-01-24 09:00:00,1.0
DE3,ccgt,2021-01-24 12:00:00,1.0
DE3,ccgt,2021-01-24 15:00:00,1.0
DE3,ccgt,2021-01-24 18:00:00,1.0
DE3,ccgt,2021-01-24 21:00:00,1.0
DE3,ccgt,2021-01-25 00:00:00,1.0
DE3,ccgt,2021-01-25 03:00:00,1.0
DE3,ccgt,2021-01-25 06:00:00,1.0
DE3,ccgt,2021-01-25 09:00:00,1.0
DE3,ccgt,2021-01-25 12:00:00,1.0
DE3,ccgt,2021-01-25 15:00:00,1.0
DE3,ccgt,2021-01-25 18:00:00,1.0
DE3,ccgt,2021-01-25 21:00:00,1.0
DE3,ccgt,2021-01-26 00:00:00,1.0
DE3,ccgt,2021-01-26 03:00:00,1.0
DE3,ccgt,2021-01-26 06:00:00,1.0
DE3,ccgt,2021-01-26 09:00:00,1.0
DE3,ccgt,2021-01-26 12:00:00,1.0
DE3,ccgt,2021-01-26 15:00:00,1.0
DE3,ccgt,2021-01-26 18:00:00,1.0
DE3,ccgt,2021-01-26 21:00:00,1.0
DE3,ccgt,2021-01-27 00:00:00,1.0
DE3,ccgt,2021-01-27 03:00:00,1.0
DE3,ccgt,2021-01-27 06:00:00,1.0
DE3,ccgt,2021-01-27 09:00:00,1.0
DE3,ccgt,2021-01-27 12:00:00,1.0
DE3,ccgt,2021-01-27 15:00:00,1.0
DE3,ccgt,2021-01-27 18:00:00,1.0
DE3,ccgt,2021-01-27 21:00:00,1.0
DE3,ccgt,2021-01-28 00:00:00,1.0
DE3,ccgt,2021-01-28 03:00:00,1.0
DE3,ccgt,2021-01-28 06:00:00,1.0
DE3,ccgt,2021-01-28 09:00:00,1.0
DE3,ccgt,2021-01-28 12:00:00,1.0
DE3,ccgt,2021-01-28 15:00:00,1.0
DE3,ccgt,2021-01-28 18:00:00,1.0
DE3,ccgt,2021-01-28 21:00:00,1.0
DE3,ccgt,2021-01-29 00:00:00,1.0
DE3,ccgt,2021-01-29 03:00:00,1.0
DE3,ccgt,2021-01-29 06:00:00,1.0
DE3,ccgt,2021-01-29 09:00:00,1.0
DE3,ccgt,2021-01-29 12:00:00,1.0
DE3,ccgt,2021-01-29 15:00:00,1.0
DE3,ccgt,2021-01-29 18:00:00,1.0
DE3,ccgt,2021-01-29 21:00:00,1.0
DE3,ccgt,2021-01-30 00:00:00,1.0
DE3,ccgt,2021-01-30 03:00:00,1.0
DE3,ccgt,2021-01-30 06:00:00,1.0
DE3,ccgt,2021-01-30 09:00:00,1.0
DE3,ccgt,2021-01-30 12:00:00,1.0
DE3,ccgt,2021-01-30 15:00:00,1.0
DE3,ccgt,2021-01-30 18:00:00,1.0
DE3,ccgt,2021-01-30 21:00:00,1.0
DE3,ccgt,2021-01-31 00:00:00,1.0
DE3,ccgt,2021-01-31 03:00:00,1.0
DE3,ccgt,2021-01-31 06:00:00,1.0
DE3,ccgt,2021-01-31 09:00:00,1.0
DE3,ccgt,2021-01-31 12:00:00,1.0
DE3,ccgt,2021-01-31 15:00:00,1.0
DE3,ccgt,2021-01-31 18:00:00,1.0
DE3,ccgt,2021-01-31 21:00:00,1.0
DE3,ccgt,2021-02-01 00:00:00,1.0
DE3,ccgt,2021-02-01 03:00:00,1.0
DE3,ccgt,2021-02-01 06:00:00,1.0
DE3,ccgt,2021-02-01 09:00:00,1.0
DE3,ccgt,2021-02-01 12:00:00,1.0
DE3,ccgt,2021-02-01 15:00:00,1.0
DE3,ccgt,2021-02-01 18:00:00,1.0
DE3,ccgt,2021-02-01 21:00:00,1.0
DE3,ccgt,2021-02-02 00:00:00,1.0
DE3,ccgt,2021-02-02 03:00:00,1.0
DE3,ccgt,2021-02-02 06:00:00,1.0
DE3,ccgt,2021-02-02 09:00:00,1.0
DE3,ccgt,2021-02-02 12:00:00,1.0
DE3,ccgt,2021-02-02 15:00:00,1.0
DE3,ccgt,2021-02-02 18:00:00,1.0
DE3,ccgt,2021-02-02 21:00:00,1.0
DE3,ccgt,2021-02-03 00:00:00,1.0
DE3,ccgt,2021-02-03 03:00:00,1.0
DE3,ccgt,2021-02-03 06:00:00,1.0
DE3,ccgt,2021-02-03 09:00:00,1.0
DE3,ccgt,2021-02-03 12:00:00,1.0
DE3,ccgt,2021-02-03 15:00:00,1.0
DE3,ccgt,2021-02-03 18:00:00,1.0
DE3,ccgt,2021-02-03 21:00:00,1.0
DE3,ccgt,2021-02-04 00:00:00,1.0
DE3,ccgt,2021-02-04 03:00:00,1.0
DE3,ccgt,2021-02-04 06:00:00,1.0
DE3,ccgt,2021-02-04 09:00:00,1.0
DE3,ccgt,2021-02-04 12:00:00,1.0
DE3,ccgt,2021-02-04 15:00:00,1.0
DE3,ccgt,2021-02-04 18:00:00,1.0
DE3,ccgt,2021-02-04 21:00:00,1.0
DE3,ccgt,2021-02-05 00:00:00,1.0
DE3,ccgt,2021-02-05 03:00:00,1.0
DE3,ccgt,2021-02-05 06:00:00,1.0
DE3,ccgt,2021-02-05 09:00:00,1.0
DE3,ccgt,2021-02-05 12:00:00,1.0
DE3,ccgt,2021-02-05 15:00:00,1.0
DE3,ccgt,2021-02-05 18:00:00,1.0
DE3,ccgt,2021-02-05 21:00:00,1.0
DE3,ccgt,2021-02-06 00:00:00,1.0
DE3,ccgt,2021-02-06 03:00:00,1.0
DE3,ccgt,2021-02-06 06:00:00,1.0
DE3,ccgt,2021-02-06 09:00:00,1.0
DE3,ccgt,2021-02-06 12:00:00,1.0
DE3,ccgt,2021-02-06 15:00:00,1.0
DE3,ccgt,2021-02-06 18:00:00,1.0
DE3,ccgt,2021-02-06 21:00:00,1.0
DE3,ccgt,2021-02-07 00:00:00,1.0
DE3,ccgt,2021-02-07 03:00:00,1.0
DE3,ccgt,2021-02-07 06:00:00,1.0
DE3,ccgt,2021-02-07 09:00:00,1.0
DE3,ccgt,2021-02-07 12:00:00,1.0
DE3,ccgt,2021-02-07 15:00:00,1.0
DE3,ccgt,2021-02-07 18:00:00,1.0
DE3,ccgt,2021-02-07 21:00:00,1.0
DE3,ccgt,2021-02-08 00:00:00,1.0
DE3,ccgt,2021-02-08 03:00:00,1.0
DE3,ccgt,2021-02-08 06:00:00,1.0
DE3,ccgt,2021-02-08 09:00:00,1.0
DE3,ccgt,2021-02-08 12:00:00,1.0
DE3,ccgt,2021-02-08 15:00:00,1.0
DE3,ccgt,2021-02-08 18:00:00,1.0
DE3,ccgt,2021-02-08 21:00:00,1.0
DE3,ccgt,2021-02-09 00:00:00,1.0
DE3,ccgt,2021-02-09 03:00:00,1.0
DE3,ccgt,2021-02-09 06:00:00,1.0
DE3,ccgt,2021-02-09 09:00:00,1.0
DE3,ccgt,2021-02-09 12:00:00,1.0
DE3,ccgt,2021-02-09 15:00:00,1.0
DE3,ccgt,2021-02-09 18:00:00,1.0
DE3,ccgt,2021-02-09 21:00:00,1.0
DE3,ccgt,2021-02-10 00:00:00,1.0
DE3,ccgt,2021-02-10 03:00:00,1.0
DE3,ccgt,2021-02-10 06:00:00,1.0
DE3,ccgt,2021-02-10 09:00:00,1.0
DE3,ccgt,2021-02-10 12:00:00,1.0
DE3,ccgt,2021-02-10 15:00:00,1.0
DE3,ccgt,2021-02-10 18:00:00,1.0
DE3,ccgt,2021-02-10 21:00:00,1.0
DE3,ccgt,2021-02-11 00:00:00,1.0
DE3,ccgt,2021-02-11 03:00:00,1.0
DE3,ccgt,2021-02-11 06:00:00,1.0
DE3,ccgt,2021-02-11 09:00:00,1.0
DE3,ccgt,2021-02-11 12:00:00,1.0
DE3,ccgt,2021-02-11 15:00:00,1.0
DE3,ccgt,2021-02-11 18:00:00,1.0
DE3,ccgt,2021-02-11 21:00:00,1.0
DE3,ccgt,2021-02-12 00:00:00,1.0
DE3,ccgt,2021-02-12 03:00:00,1.0
DE3,ccgt,2021-02-12 06:00:00,1.0
DE3,ccgt,2021-02-12 09:00:00,1.0
DE3,ccgt,2021-02-12 12:00:00,1.0
DE3,ccgt,2021-02-12 15:00:00,1.0
DE3,ccgt,2021-02-12 18:00:00,1.0
DE3,ccgt,2021-02-12 21:00:00,1.0
DE3,ccgt,2021-02-13 00:00:00,1.0
DE3,ccgt,2021-02-13 03:00:00,1.0
DE3,ccgt,2021-02-13 06:00:00,1.0
DE3,ccgt,2021-02-13 09:00:00,1.0
DE3,ccgt,2021-02-13 12:00:00,1.0
DE3,ccgt,2021-02-13 15:00:00,1.0
DE3,ccgt,2021-02-13 18:00:00,1.0
DE3,ccgt,2021-02-13 21:00:00,1.0
DE3,ccgt,2021-02-14 00:00:00,1.0
DE3,ccgt,2021-02-14 03:00:00,1.0
DE3,ccgt,2021-02-14 06:00:00,1.0
DE3,ccgt,2021-02-14 09:00:00,1.0
DE3,ccgt,2021-02-14 12:00:00,1.0
DE3,ccgt,2021-02-14 15:00:00,1.0
DE3,ccgt,2021-02-14 18:00:00,1.0
DE3,ccgt,2021-02-14 21:00:00,1.0
DE3,lignite,2021-01-18 00:00:00,0.0
DE3,lignite,2021-01-18 03:00:00,0.0
DE3,lignite,2021-01-18 06:00:00,0.0
DE3,lignite,2021-01-18 09:00:00,0.0
DE3,lignite,2021-01-18 12:00:00,0.0
DE3,lignite,2021-01-18 15:00:00,0.0
DE3,lignite,2021-01-18 18:00:00,0.0
DE3,lignite,2021-01-18 21:00:00,0.0
DE3,lignite,2021-01-19 00:00:00,0.0
DE3,lignite,2021-01-19 03:00:00,0.0
DE3,lignite,2021-01-19 06:00:00,0.0
DE3,lignite,2021-01-19 09:00:00,0.0
DE3,lignite,2021-01-19 12:00:00,0.0
DE3,lignite,2021-01-19 15:00:00,0.0
DE3,lignite,2021-01-19 18:00:00,0.0
DE3,lignite,2021-01-19 21:00:00,0.0
DE3,lignite,2021-01-20 00:00:00,0.0
DE3,lignite,2021-01-20 03:00:00,0.0
DE3,lignite,2021-01-20 06:00:00,0.0
DE3,lignite,2021-01-20 09:00:00,0.0
DE3,lignite,2021-01-20 12:00:00,0.0
DE3,lignite,2021-01-20 15:00:00,0.0
DE3,lignite,2021-01-20 18:00:00,0.0
DE3,lignite,2021-01-20 21:00:00,0.0
DE3,lignite,2021-01-21 00:00:00,0.0
DE3,lignite,2021-01-21 03:00:00,0.0
DE3,lignite,2021-01-21 06:00:00,0.0
DE3,lignite,2021-01-21 09:00:00,0.0
DE3,lignite,2021-01-21 12:00:00,0.0
DE3,lignite,2021-01-21 15:00:00,0.0
DE3,lignite,2021-01-21 18:00:00,0.0
DE3,lignite,2021-01-21 21:00:00,0.0
DE3,lignite,2021-01-22 00:00:00,0.0
DE3,lignite,2021-01-22 03:00:00,0.0
DE3,lignite,2021-01-22 06:00:00,0.0
DE3,lignite,2021-01-22 09:00:00,0.0
DE3,lignite,2021-01-22 12:00:00,0.0
DE3,lignite,2021-01-22 15:00:00,0.0
DE3,lignite,2021-01-22 18:00:00,0.0
DE3,lignite,2021-01-22 21:00:00,0.0
DE3,lignite,2021-01-23 00:00:00,0.0
DE3,lignite,2021-01-23 03:00:00,0.0
DE3,lignite,2021-01-23 06:00:00,0.0
DE3,lignite,2021-01-23 09:00:00,0.0
DE3,lignite,2021-01-23 12:00:00,0.0
DE3,lignite,2021-01-23 15:00:00,0.0
DE3,lignite,2021-01-23 18:00:00,0.0
DE3,lignite,2021-01-23 21:00:00,0.0
DE3,lignite,2021-01-24 00:00:00,0.0
DE3,lignite,2021-01-24 03:00:00,0.0
DE3,lignite,2021-01-24 06:00:00,0.0
DE3,lignite,2021-01-24 09:00:00,0.0
DE3,lignite,2021-01-24 12:00:00,0.0
DE3,lignite,2021-01-24 15:00:00,0.0
DE3,lignite,2021-01-24 18:00:00,0.0
DE3,lignite,2021-01-24 21:00:00,0.0
DE3,lignite,2021-01-25 00:00:00,0.0
DE3,lignite,2021-01-25 03:00:00,0.0
DE3,lignite,2021-01-25 06:00:00,0.0
DE3,lignite,2021-01-25 09:00:00,0.0
DE3,lignite,2021-01-25 12:00:00,0.0
DE3,lignite,2021-01-25 15:00:00,0.0
DE3,lignite,2021-01-25 18:00:00,0.0
DE3,lignite,2021-01-25 21:00:00,0.0
DE3,lignite,2021-01-26 00:00:00,0.0
DE3,lignite,2021-01-26 03:00:00,0.0
DE3,lignite,2021-01-26 06:00:00,0.0
DE3,lignite,2021-01-26 09:00:00,0.0
DE3,lignite,2021-01-26 12:00:00,0.0
DE3,lignite,2021-01-26 15:00:00,0.0
DE3,lignite,2021-01-26 18:00:00,0.0
DE3,lignite,2021-01-26 21:00:00,0.0
DE3,lignite,2021-01-27 00:00:00,0.0
DE3,lignite,2021-01-27 03:00:00,0.0
DE3,lignite,2021-01-27 06:00:00,0.0
DE3,lignite,2021-01-27 09:00:00,0.0
DE3,lignite,2021-01-27 12:00:00,0.0
DE3,lignite,2021-01-27 15:00:00,0.0
DE3,lignite,2021-01-27 18:00:00,0.0
DE3,lignite,2021-01-27 21:00:00,0.0
DE3,lignite,2021-01-28 00:00:00,0.0
DE3,lignite,2021-01-28 03:00:00,0.0
DE3,lignite,2021-01-28 06:00:00,0.0
DE3,lignite,2021-01-28 09:00:00,0.0
DE3,lignite,2021-01-28 12:00:00,0.0
DE3,lignite,2021-01-28 15:00:00,0.0
DE3,lignite,2021-01-28 18:00:00,0.0
DE3,lignite,2021-01-28 21:00:00,0.0
DE3,lignite,2021-01-29 00:00:00,0.0
DE3,lignite,2021-01-29 03:00:00,0.0
DE3,lignite,2021-01-29 06:00:00,0.0
DE3,lignite,2021-01-29 09:00:00,0.0
DE3,lignite,2021-01-29 12:00:00,0.0
DE3,lignite,2021-01-29 15:00:00,0.0
DE3,lignite,2021-01-29 18:00:00,0.0
DE3,lignite,2021-01-29 21:00:00,0.0
DE3,lignite,2021-01-30 00:00:00,0.0
DE3,lignite,2021-01-30 03:00:00,0.0
DE3,lignite,2021-01-30 06:00:00,0.0
DE3,lignite,2021-01-30 09:00:00,0.0
DE3,lignite,2021-01-30 12:00:00,0.0
DE3,lignite,2021-01-30 15:00:00,0.0
DE3,lignite,2021-01-30 18:00:00,0.0
DE3,lignite,2021-01-30 21:00:00,0.0
DE3,lignite,2021-01-31 00:00:00,0.0
DE3,lignite,2021-01-31 03:00:00,0.0
DE3,lignite,2021-01-31 06:00:00,0.0
DE3,lignite,2021-01-31 09:00:00,0.0
DE3,lignite,2021-01-31 12:00:00,0.0
DE3,lignite,2021-01-31 15:00:00,0.0
DE3,lignite,2021-01-31 18:00:00,0.0
DE3,lignite,2021-01-31 21:00:00,0.0
DE3,lignite,2021-02-01 00:00:00,0.0
DE3,lignite,2021-02-01 03:00:00,0.0
DE3,lignite,2021-02-01 06:00:00,0.0
DE3,lignite,2021-02-01 09:00:00,0.0
DE3,lignite,2021-02-01 12:00:00,0.0
DE3,lignite,2021-02-01 15:00:00,0.0
DE3,lignite,2021-02-01 18:00:00,0.0
DE3,lignite,2021-02-01 21:00:00,0.0
DE3,lignite,2021-02-02 00:00:00,0.0
DE3,lignite,2021-02-02 03:00:00,0.0
DE3,lignite,2021-02-02 06:00:00,0.0
DE3,lignite,2021-02-02 09:00:00,0.0
DE3,lignite,2021-02-02 12:00:00,0.0
DE3,lignite,2021-02-02 15:00:00,0.0
DE3,lignite,2021-02-02 18:00:00,0.0
DE3,lignite,2021-02-02 21:00:00,0.0
DE3,lignite,2021-02-03 00:00:00,0.0
DE3,lignite,2021-02-03 03:00:00,0.0
DE3,lignite,2021-02-03 06:00:00,0.0
DE3,lignite,2021-02-03 09:00:00,0.0
DE3,lignite,2021-02-03 12:00:00,0.0
DE3,lignite,2021-02-03 15:00:00,0.0
DE3,lignite,2021-02-03 18:00:00,0.0
DE3,lignite,2021-02-03 21:00:00,0.0
DE3,lignite,2021-02-04 00:00:00,0.0
DE3,lignite,2021-02-04 03:00:00,0.0
DE3,lignite,2021-02-04 06:00:00,0.0
DE3,lignite,2021-02-04 09:00:00,0.0
DE3,lignite,2021-02-04 12:00:00,0.0
DE3,lignite,2021-02-04 15:00:00,0.0
DE3,lignite,2021-02-04 18:00:00,0.0
DE3,lignite,2021-02-04 21:00:00,0.0
DE3,lignite,2021-02-05 00:00:00,0.0
DE3,lignite,2021-02-05 03:00:00,0.0
DE3,lignite,2021-02-05 06:00:00,0.0
DE3,lignite,2021-02-05 09:00:00,0.0
DE3,lignite,2021-02-05 12:00:00,0.0
DE3,lignite,2021-02-05 15:00:00,0.0
DE3,lignite,2021-02-05 18:00:00,0.0
DE3,lignite,2021-02-05 21:00:00,0.0
DE3,lignite,2021-02-06 00:00:00,0.0
DE3,lignite,2021-02-06 03:00:00,0.0
DE3,lignite,2021-02-06 06:00:00,0.0
DE3,lignite,2021-02-06 09:00:00,0.0
DE3,lignite,2021-02-06 12:00:00,0.0
DE3,lignite,2021-02-06 15:00:00,0.0
DE3,lignite,2021-02-06 18:00:00,0.0
DE3,lignite,2021-02-06 21:00:00,0.0
DE3,lignite,2021-02-07 00:00:00,0.0
DE3,lignite,2021-02-07 03:00:00,0.0
DE3,lignite,2021-02-07 06:00:00,0.0
DE3,lignite,2021-02-07 09:00:00,0.0
DE3,lignite,2021-02-07 12:00:00,0.0
DE3,lignite,2021-02-07 15:00:00,0.0
DE3,lignite,2021-02-07 18:00:00,0.0
DE3,lignite,2021-02-07 21:00:00,0.0
DE3,lignite,2021-02-08 00:00:00,0.0
DE3,lignite,2021-02-08 03:00:00,0.0
DE3,lignite,2021-02-08 06:00:00,0.0
DE3,lignite,2021-02-08 09:00:00,0.0
DE3,lignite,2021-02-08 12:00:00,0.0
DE3,lignite,2021-02-08 15:00:00,0.0
DE3,lignite,2021-02-08 18:00:00,0.0
DE3,lignite,2021-02-08 21:00:00,0.0
DE3,lignite,2021-02-09 00:00:00,0.0
DE3,lignite,2021-02-09 03:00:00,0.0
DE3,lignite,2021-02-09 06:00:00,0.0
DE3,lignite,2021-02-09 09:00:00,0.0
DE3,lignite,2021-02-09 12:00:00,0.0
DE3,lignite,2021-02-09 15:00:00,0.0
DE3,lignite,2021-02-09 18:00:00,0.0
DE3,lignite,2021-02-09 21:00:00,0.0
DE3,lignite,2021-02-10 00:00:00,0.0
DE3,lignite,2021-02-10 03:00:00,0.0
DE3,lignite,2021-02-10 06:00:00,0.0
DE3,lignite,2021-02-10 09:00:00,0.0
DE3,lignite,2021-02-10 12:00:00,0.0
DE3,lignite,2021-02-10 15:00:00,0.0
DE3,lignite,2021-02-10 18:00:00,0.0
DE3,lignite,2021-02-10 21:00:00,0.0
DE3,lignite,2021-02-11 00:00:00,0.0
DE3,lignite,2021-02-11 03:00:00,0.0
DE3,lignite,2021-02-11 06:00:00,0.0
DE3,lignite,2021-02-11 09:00:00,0.0
DE3,lignite,2021-02-11 12:00:00,0.0
DE3,lignite,2021-02-11 15:00:00,0.0
DE3,lignite,2021-02-11 18:00:00,0.0
DE3,lignite,2021-02-11 21:00:00,0.0
DE3,lignite,2021-02-12 00:00:00,0.0
DE3,lignite,2021-02-12 03:00:00,0.0
DE3,lignite,2021-02-12 06:00:00,0.0
DE3,lignite,2021-02-12 09:00:00,0.0
DE3,lignite,2021-02-12 12:00:00,0.0
DE3,lignite,2021-02-12 15:00:00,0.0
DE3,lignite,2021-02-12 18:00:00,0.0
DE3,lignite,2021-02-12 21:00:00,0.0
DE3,lignite,2021-02-13 00:00:00,0.0
DE3,lignite,2021-02-13 03:00:00,0.0
DE3,lignite,2021-02-13 06:00:00,0.0
DE3,lignite,2021-02-13 09:00:00,0.0
DE3,lignite,2021-02-13 12:00:00,0.0
DE3,lignite,2021-02-13 15:00:00,0.0
DE3,lignite,2021-02-13 18:00:00,0.0
DE3,lignite,2021-02-13 21:00:00,0.0
DE3,lignite,2021-02-14 00:00:00,0.0
DE3,lignite,2021-02-14 03:00:00,0.0
DE3,lignite,2021-02-14 06:00:00,0.0
DE3,lignite,2021-02-14 09:00:00,0.0
DE3,lignite,2021-02-14 12:00:00,0.0
DE3,lignite,2021-02-14 15:00:00,0.0
DE3,lignite,2021-02-14 18:00:00,0.0
DE3,lignite,2021-02-14 21:00:00,0.0
DE3,ocgt,2021-01-18 00:00:00,0.9999999999999994
DE3,ocgt,2021-01-18 03:00:00,0.9999999999999994
DE3,ocgt,2021-01-18 06:00:00,0.9999999999999994
DE3,ocgt,2021-01-18 09:00:00,0.9999999999999994
DE3,ocgt,2021-01-18 12:00:00,0.9999999999999994
DE3,ocgt,2021-01-18 15:00:00,0.9999999999999994
DE3,ocgt,2021-01-18 18:00:00,0.9999999999999994
DE3,ocgt,2021-01-18 21:00:00,0.9999999999999994
DE3,ocgt,2021-01-19 00:00:00,0.9999999999999994
DE3,ocgt,2021-01-19 03:00:00,0.9999999999999994
DE3,ocgt,2021-01-19 06:00:00,0.9999999999999994
DE3,ocgt,2021-01-19 09:00:00,0.9999999999999994
DE3,ocgt,2021-01-19 12:00:00,0.9999999999999994
DE3,ocgt,2021-01-19 15:00:00,0.9999999999999994
DE3,ocgt,2021-01-19 18:00:00,0.9999999999999994
DE3,ocgt,2021-01-19 21:00:00,0.9999999999999994
DE3,ocgt,2021-01-20 00:00:00,0.9999999999999994
DE3,ocgt,2021-01-20 03:00:00,0.9999999999999994
DE3,ocgt,2021-01-20 06:00:00,0.9999999999999994
DE3,ocgt,2021-01-20 09:00:00,0.9999999999999994
DE3,ocgt,2021-01-20 12:00:00,0.9999999999999994
DE3,ocgt,2021-01-20 15:00:00,0.9999999999999994
DE3,ocgt,2021-01-20 18:00:00,0.9999999999999994
DE3,ocgt,2021-01-20 21:00:00,0.9999999999999994
DE3,ocgt,2021-01-21 00:00:00,0.9999999999999994
DE3,ocgt,2021-01-21 03:00:00,0.9999999999999994
DE3,ocgt,2021-01-21 06:00:00,0.9999999999999994
DE3,ocgt,2021-01-21 09:00:00,0.9999999999999994
DE3,ocgt,2021-01-21 12:00:00,0.9999999999999994
DE3,ocgt,2021-01-21 15:00:00,0.9999999999999994
DE3,ocgt,2021-01-21 18:00:00,0.9999999999999994
DE3,ocgt,2021-01-21 21:00:00,0.9999999999999994
DE3,ocgt,2021-01-22 00:00:00,0.9999999999999994
DE3,ocgt,2021-01-22 03:00:00,0.9999999999999994
DE3,ocgt,2021-01-22 06:00:00,0.9999999999999994
DE3,ocgt,2021-01-22 09:00:00,0.9999999999999994
DE3,ocgt,2021-01-22 12:00:00,0.9999999999999994
DE3,ocgt,2021-01-22 15:00:00,0.9999999999999994
DE3,ocgt,2021-01-22 18:00:00,0.9999999999999994
DE3,ocgt,2021-01-22 21:00:00,0.9999999999999994
DE3,ocgt,2021-01-23 00:00:00,0.9999999999999994
DE3,ocgt,2021-01-23 03:00:00,0.9999999999999994
DE3,ocgt,2021-01-23 06:00:00,0.9999999999999994
DE3,ocgt,2021-01-23 09:00:00,0.9999999999999994
DE3,ocgt,2021-01-23 12:00:00,0.9999999999999994
DE3,ocgt,2021-01-23 15:00:00,0.9999999999999994
DE3,ocgt,2021-01-23 18:00:00,0.9999999999999994
DE3,ocgt,2021-01-23 21:00:00,0.9999999999999994
DE3,ocgt,2021-01-24 00:00:00,0.9999999999999994
DE3,ocgt,2021-01-24 03:00:00,0.9999999999999994
DE3,ocgt,2021-01-24 06:00:00,0.9999999999999994
DE3,ocgt,2021-01-24 09:00:00,0.9999999999999994
DE3,ocgt,2021-01-24 12:00:00,0.9999999999999994
DE3,ocgt,2021-01-24 15:00:00,0.9999999999999994
DE3,ocgt,2021-01-24 18:00:00,0.9999999999999994
DE3,ocgt,2021-01-24 21:00:00,0.9999999999999994
DE3,ocgt,2021-01-25 00:00:00,0.9999999999999994
DE3,ocgt,2021-01-25 03:00:00,0.9999999999999994
DE3,ocgt,2021-01-25 06:00:00,0.9999999999999994
DE3,ocgt,2021-01-25 09:00:00,0.9999999999999994
DE3,ocgt,2021-01-25 12:00:00,0.9999999999999994
DE3,ocgt,2021-01-25 15:00:00,0.9999999999999994
DE3,ocgt,2021-01-25 18:00:00,0.9999999999999994
DE3,ocgt,2021-01-25 21:00:00,0.9999999999999994
DE3,ocgt,2021-01-26 00:00:00,0.9999999999999994
DE3,ocgt,2021-01-26 03:00:00,0.9999999999999994
DE3,ocgt,2021-01-26 06:00:00,0.9999999999999994
DE3,ocgt,2021-01-26 09:00:00,0.9999999999999994
DE3,ocgt,2021-01-26 12:00:00,0.9999999999999994
DE3,ocgt,2021-01-26 15:00:00,0.9999999999999994
DE3,ocgt,2021-01-26 18:00:00,0.9999999999999994
DE3,ocgt,2021-01-26 21:00:00,0.9999999999999994
DE3,ocgt,2021-01-27 00:00:00,0.9999999999999994
DE3,ocgt,2021-01-27 03:00:00,0.9999999999999994
DE3,ocgt,2021-01-27 06:00:00,0.9999999999999994
DE3,ocgt,2021-01-27 09:00:00,0.9999999999999994
DE3,ocgt,2021-01-27 12:00:00,0.9999999999999994
DE3,ocgt,2021-01-27 15:00:00,0.9999999999999994
DE3,ocgt,2021-01-27 18:00:00,0.9999999999999994
DE3,ocgt,2021-01-27 21:00:00,0.9999999999999994
DE3,ocgt,2021-01-28 00:00:00,0.9999999999999994
DE3,ocgt,2021-01-28 03:00:00,0.9999999999999994
DE3,ocgt,2021-01-28 06:00:00,0.9999999999999994
DE3,ocgt,2021-01-28 09:00:00,0.9999999999999994
DE3,ocgt,2021-01-28 12:00:00,0.9999999999999994
DE3,ocgt,2021-01-28 15:00:00,0.9999999999999994
DE3,ocgt,2021-01-28 18:00:00,0.9999999999999994
DE3,ocgt,2021-01-28 21:00:00,0.9999999999999994
DE3,ocgt,2021-01-29 00:00:00,0.9999999999999994
DE3,ocgt,2021-01-29 03:00:00,0.9999999999999994
DE3,ocgt,2021-01-29 06:00:00,0.9999999999999994
DE3,ocgt,2021-01-29 09:00:00,0.9999999999999994
DE3,ocgt,2021-01-29 12:00:00,0.9999999999999994
DE3,ocgt,2021-01-29 15:00:00,0.9999999999999994
DE3,ocgt,2021-01-29 18:00:00,0.9999999999999994
DE3,ocgt,2021-01-29 21:00:00,0.9999999999999994
DE3,ocgt,2021-01-30 00:00:00,0.9999999999999994
DE3,ocgt,2021-01-30 03:00:00,0.9999999999999994
DE3,ocgt,2021-01-30 06:00:00,0.9999999999999994
DE3,ocgt,2021-01-30 09:00:00,0.9999999999999994
DE3,ocgt,2021-01-30 12:00:00,0.9999999999999994
DE3,ocgt,2021-01-30 15:00:00,0.9999999999999994
DE3,ocgt,2021-01-30 18:00:00,0.9999999999999994
DE3,ocgt,2021-01-30 21:00:00,0.9999999999999994
DE3,ocgt,2021-01-31 00:00:00,0.9999999999999994
DE3,ocgt,2021-01-31 03:00:00,0.9999999999999994
DE3,ocgt,2021-01-31 06:00:00,0.9999999999999994
DE3,ocgt,2021-01-31 09:00:00,0.9999999999999994
DE3,ocgt,2021-01-31 12:00:00,0.9999999999999994
DE3,ocgt,2021-01-31 15:00:00,0.9999999999999994
DE3,ocgt,2021-01-31 18:00:00,0.9999999999999994
DE3,ocgt,2021-01-31 21:00:00,0.9999999999999994
DE3,ocgt,2021-02-01 00:00:00,0.9999999999999994
DE3,ocgt,2021-02-01 03:00:00,0.9999999999999994
DE3,ocgt,2021-02-01 06:00:00,0.9999999999999994
DE3,ocgt,2021-02-01 09:00:00,0.9999999999999994
DE3,ocgt,2021-02-01 12:00:00,0.9999999999999994
DE3,ocgt,2021-02-01 15:00:00,0.9999999999999994
DE3,ocgt,2021-02-01 18:00:00,0.9999999999999994
DE3,ocgt,2021-02-01 21:00:00,0.9999999999999994
DE3,ocgt,2021-02-02 00:00:00,0.9999999999999994
DE3,ocgt,2021-02-02 03:00:00,0.9999999999999994
DE3,ocgt,2021-02-02 06:00:00,0.9999999999999994
DE3,ocgt,2021-02-02 09:00:00,0.9999999999999994
DE3,ocgt,2021-02-02 12:00:00,0.9999999999999994
DE3,ocgt,2021-02-02 15:00:00,0.9999999999999994
DE3,ocgt,2021-02-02 18:00:00,0.9999999999999994
DE3,ocgt,2021-02-02 21:00:00,0.9999999999999994
DE3,ocgt,2021-02-03 00:00:00,0.9999999999999994
DE3,ocgt,2021-02-03 03:00:00,0.9999999999999994
DE3,ocgt,2021-02-03 06:00:00,0.9999999999999994
DE3,ocgt,2021-02-03 09:00:00,0.9999999999999994
DE3,ocgt,2021-02-03 12:00:00,0.9999999999999994
DE3,ocgt,2021-02-03 15:00:00,0.9999999999999994
DE3,ocgt,2021-02-03 18:00:00,0.9999999999999994
DE3,ocgt,2021-02-03 21:00:00,0.9999999999999994
DE3,ocgt,2021-02-04 00:00:00,0.9999999999999994
DE3,ocgt,2021-02-04 03:00:00,0.9999999999999994
DE3,ocgt,2021-02-04 06:00:00,0.9999999999999994
DE3,ocgt,2021-02-04 09:00:00,0.9999999999999994
DE3,ocgt,2021-02-04 12:00:00,0.9999999999999994
DE3,ocgt,2021-02-04 15:00:00,0.9999999999999994
DE3,ocgt,2021-02-04 18:00:00,0.9999999999999994
DE3,ocgt,2021-02-04 21:00:00,0.9999999999999994
DE3,ocgt,2021-02-05 00:00:00,0.9999999999999994
DE3,ocgt,2021-02-05 03:00:00,0.9999999999999994
DE3,ocgt,2021-02-05 06:00:00,0.9999999999999994
DE3,ocgt,2021-02-05 09:00:00,0.9999999999999994
DE3,ocgt,2021-02-05 12:00:00,0.9999999999999994
DE3,ocgt,2021-02-05 15:00:00,0.9999999999999994
DE3,ocgt,2021-02-05 18:00:00,0.9999999999999994
DE3,ocgt,2021-02-05 21:00:00,0.9999999999999994
DE3,ocgt,2021-02-06 00:00:00,0.9999999999999994
DE3,ocgt,2021-02-06 03:00:00,0.9999999999999994
DE3,ocgt,2021-02-06 06:00:00,0.9999999999999994
DE3,ocgt,2021-02-06 09:00:00,0.9999999999999994
DE3,ocgt,2021-02-06 12:00:00,0.9999999999999994
DE3,ocgt,2021-02-06 15:00:00,0.9999999999999994
DE3,ocgt,2021-02-06 18:00:00,0.9999999999999994
DE3,ocgt,2021-02-06 21:00:00,0.9999999999999994
DE3,ocgt,2021-02-07 00:00:00,0.9999999999999994
DE3,ocgt,2021-02-07 03:00:00,0.9999999999999994
DE3,ocgt,2021-02-07 06:00:00,0.9999999999999994
DE3,ocgt,2021-02-07 09:00:00,0.9999999999999994
DE3,ocgt,2021-02-07 12:00:00,0.9999999999999994
DE3,ocgt,2021-02-07 15:00:00,0.9999999999999994
DE3,ocgt,2021-02-07 18:00:00,0.9999999999999994
DE3,ocgt,2021-02-07 21:00:00,0.9999999999999994
DE3,ocgt,2021-02-08 00:00:00,0.9999999999999994
DE3,ocgt,2021-02-08 03:00:00,0.9999999999999994
DE3,ocgt,2021-02-08 06:00:00,0.9999999999999994
DE3,ocgt,2021-02-08 09:00:00,0.9999999999999994
DE3,ocgt,2021-02-08 12:00:00,0.9999999999999994
DE3,ocgt,2021-02-08 15:00:00,0.9999999999999994
DE3,ocgt,2021-02-08 18:00:00,0.9999999999999994
DE3,ocgt,2021-02-08 21:00:00,0.9999999999999994
DE3,ocgt,2021-02-09 00:00:00,0.9999999999999994
DE3,ocgt,2021-02-09 03:00:00,0.9999999999999994
DE3,ocgt,2021-02-09 06:00:00,0.9999999999999994
DE3,ocgt,2021-02-09 09:00:00,0.9999999999999994
DE3,ocgt,2021-02-09 12:00:00,0.9999999999999994
DE3,ocgt,2021-02-09 15:00:00,0.9999999999999994
DE3,ocgt,2021-02-09 18:00:00,0.9999999999999994
DE3,ocgt,2021-02-09 21:00:00,0.9999999999999994
DE3,ocgt,2021-02-10 00:00:00,0.9999999999999994
DE3,ocgt,2021-02-10 03:00:00,0.9999999999999994
DE3,ocgt,2021-02-10 06:00:00,0.9999999999999994
DE3,ocgt,2021-02-10 09:00:00,0.9999999999999994
DE3,ocgt,2021-02-10 12:00:00,0.9999999999999994
DE3,ocgt,2021-02-10 15:00:00,0.9999999999999994
DE3,ocgt,2021-02-10 18:00:00,0.9999999999999994
DE3,ocgt,2021-02-10 21:00:00,0.9999999999999994
DE3,ocgt,2021-02-11 00:00:00,0.9999999999999994
DE3,ocgt,2021-02-11 03:00:00,0.9999999999999994
DE3,ocgt,2021-02-11 06:00:00,0.9999999999999994
DE3,ocgt,2021-02-11 09:00:00,0.9999999999999994
DE3,ocgt,2021-02-11 12:00:00,0.9999999999999994
DE3,ocgt,2021-02-11 15:00:00,0.9999999999999994
DE3,ocgt,2021-02-11 18:00:00,0.9999999999999994
DE3,ocgt,2021-02-11 21:00:00,0.9999999999999994
DE3,ocgt,2021-02-12 00:00:00,0.9999999999999994
DE3,ocgt,2021-02-12 03:00:00,0.9999999999999994
DE3,ocgt,2021-02-12 06:00:00,0.9999999999999994
DE3,ocgt,2021-02-12 09:00:00,0.9999999999999994
DE3,ocgt,2021-02-12 12:00:00,0.9999999999999994
DE3,ocgt,2021-02-12 15:00:00,0.9999999999999994
DE3,ocgt,2021-02-12 18:00:00,0.9999999999999994
DE3,ocgt,2021-02-12 21:00:00,0.9999999999999994
DE3,ocgt,2021-02-13 00:00:00,0.9999999999999994
DE3,ocgt,2021-02-13 03:00:00,0.9999999999999994
DE3,ocgt,2021-02-13 06:00:00,0.9999999999999994
DE3,ocgt,2021-02-13 09:00:00,0.9999999999999994
DE3,ocgt,2021-02-13 12:00:00,0.9999999999999994
DE3,ocgt,2021-02-13 15:00:00,0.9999999999999994
DE3,ocgt,2021-02-13 18:00:00,0.9999999999999994
DE3,ocgt,2021-02-13 21:00:00,0.9999999999999994
DE3,ocgt,2021-02-14 00:00:00,0.9999999999999994
DE3,ocgt,2021-02-14 03:00:00,0.9999999999999994
DE3,ocgt,2021-02-14 06:00:00,0.9999999999999994
DE3,ocgt,2021-02-14 09:00:00,0.9999999999999994
DE3,ocgt,2021-02-14 12:00:00,0.9999999999999994
DE3,ocgt,2021-02-14 15:00:00,0.9999999999999994
DE3,ocgt,2021-02-14 18:00:00,0.9999999999999994
DE3,ocgt,2021-02-14 21:00:00,0.9999999999999994
DE3,oil,2021-01-18 00:00:00,1.0
DE3,oil,2021-01-18 03:00:00,1.0
DE3,oil,2021-01-18 06:00:00,1.0
DE3,oil,2021-01-18 09:00:00,1.0
DE3,oil,2021-01-18 12:00:00,1.0
DE3,oil,2021-01-18 15:00:00,1.0
DE3,oil,2021-01-18 18:00:00,1.0
DE3,oil,2021-01-18 21:00:00,1.0
DE3,oil,2021-01-19 00:00:00,1.0
DE3,oil,2021-01-19 03:00:00,1.0
DE3,oil,2021-01-19 06:00:00,1.0
DE3,oil,2021-01-19 09:00:00,1.0
DE3,oil,2021-01-19 12:00:00,1.0
DE3,oil,2021-01-19 15:00:00,1.0
DE3,oil,2021-01-19 18:00:00,1.0
DE3,oil,2021-01-19 21:00:00,1.0
DE3,oil,2021-01-20 00:00:00,1.0
DE3,oil,2021-01-20 03:00:00,1.0
DE3,oil,2021-01-20 06:00:00,1.0
DE3,oil,2021-01-20 09:00:00,1.0
DE3,oil,2021-01-20 12:00:00,1.0
DE3,oil,2021-01-20 15:00:00,1.0
DE3,oil,2021-01-20 18:00:00,1.0
DE3,oil,2021-01-20 21:00:00,1.0
DE3,oil,2021-01-21 00:00:00,1.0
DE3,oil,2021-01-21 03:00:00,1.0
DE3,oil,2021-01-21 06:00:00,1.0
DE3,oil,2021-01-21 09:00:00,1.0
DE3,oil,2021-01-21 12:00:00,1.0
DE3,oil,2021-01-21 15:00:00,1.0
DE3,oil,2021-01-21 18:00:00,1.0
DE3,oil,2021-01-21 21:00:00,1.0
DE3,oil,2021-01-22 00:00:00,1.0
DE3,oil,2021-01-22 03:00:00,1.0
DE3,oil,2021-01-22 06:00:00,1.0
DE3,oil,2021-01-22 09:00:00,1.0
DE3,oil,2021-01-22 12:00:00,1.0
DE3,oil,2021-01-22 15:00:00,1.0
DE3,oil,2021-01-22 18:00:00,1.0
DE3,oil,2021-01-22 21:00:00,1.0
DE3,oil,2021-01-23 00:00:00,1.0
DE3,oil,2021-01-23 03:00:00,1.0
DE3,oil,2021-01-23 06:00:00,1.0
DE3,oil,2021-01-23 09:00:00,1.0
DE3,oil,2021-01-23 12:00:00,1.0
DE3,oil,2021-01-23 15:00:00,1.0
DE3,oil,2021-01-23 18:00:00,1.0
DE3,oil,2021-01-23 21:00:00,1.0
DE3,oil,2021-01-24 00:00:00,1.0
DE3,oil,2021-01-24 03:00:00,1.0
DE3,oil,2021-01-24 06:00:00,1.0
DE3,oil,2021-01-24 09:00:00,1.0
DE3,oil,2021-01-24 12:00:00,1.0
DE3,oil,2021-01-24 15:00:00,1.0
DE3,oil,2021-01-24 18:00:00,1.0
DE3,oil,2021-01-24 21:00:00,1.0
DE3,oil,2021-01-25 00:00:00,1.0
DE3,oil,2021-01-25 03:00:00,1.0
DE3,oil,2021-01-25 06:00:00,1.0
DE3,oil,2021-01-25 09:00:00,1.0
DE3,oil,2021-01-25 12:00:00,1.0
DE3,oil,2021-01-25 15:00:00,1.0
DE3,oil,2021-01-25 18:00:00,1.0
DE3,oil,2021-01-25 21:00:00,1.0
DE3,oil,2021-01-26 00:00:00,1.0
DE3,oil,2021-01-26 03:00:00,1.0
DE3,oil,2021-01-26 06:00:00,1.0
DE3,oil,2021-01-26 09:00:00,1.0
DE3,oil,2021-01-26 12:00:00,1.0
DE3,oil,2021-01-26 15:00:00,1.0
DE3,oil,2021-01-26 18:00:00,1.0
DE3,oil,2021-01-26 21:00:00,1.0
DE3,oil,2021-01-27 00:00:00,1.0
DE3,oil,2021-01-27 03:00:00,1.0
DE3,oil,2021-01-27 06:00:00,1.0
DE3,oil,2021-01-27 09:00:00,1.0
DE3,oil,2021-01-27 12:00:00,1.0
DE3,oil,2021-01-27 15:00:00,1.0
DE3,oil,2021-01-27 18:00:00,1.0
DE3,oil,2021-01-27 21:00:00,1.0
DE3,oil,2021-01-28 00:00:00,1.0
DE3,oil,2021-01-28 03:00:00,1.0
DE3,oil,2021-01-28 06:00:00,1.0
DE3,oil,2021-01-28 09:00:00,1.0
DE3,oil,2021-01-28 12:00:00,1.0
DE3,oil,2021-01-28 15:00:00,1.0
DE3,oil,2021-01-28 18:00:00,1.0
DE3,oil,2021-01-28 21:00:00,1.0
DE3,oil,2021-01-29 00:00:00,1.0
DE3,oil,2021-01-29 03:00:00,1.0
DE3,oil,2021-01-29 06:00:00,1.0
DE3,oil,2021-01-29 09:00:00,1.0
DE3,oil,2021-01-29 12:00:00,1.0
DE3,oil,2021-01-29 15:00:00,1.0
DE3,oil,2021-01-29 18:00:00,1.0
DE3,oil,2021-01-29 21:00:00,1.0
DE3,oil,2021-01-30 00:00:00,1.0
DE3,oil,2021-01-30 03:00:00,1.0
DE3,oil,2021-01-30 06:00:00,1.0
DE3,oil,2021-01-30 09:00:00,1.0
DE3,oil,2021-01-30 12:00:00,1.0
DE3,oil,2021-01-30 15:00:00,1.0
DE3,oil,2021-01-30 18:00:00,1.0
DE3,oil,2021-01-30 21:00:00,1.0
DE3,oil,2021-01-31 00:00:00,1.0
DE3,oil,2021-01-31 03:00:00,1.0
DE3,oil,2021-01-31 06:00:00,1.0
DE3,oil,2021-01-31 09:00:00,1.0
DE3,oil,2021-01-31 12:00:00,1.0
DE3,oil,2021-01-31 15:00:00,1.0
DE3,oil,2021-01-31 18:00:00,1.0
DE3,oil,2021-01-31 21:00:00,1.0
DE3,oil,2021-02-01 00:00:00,1.0
DE3,oil,2021-02-01 03:00:00,1.0
DE3,oil,2021-02-01 06:00:00,1.0
DE3,oil,2021-02-01 09:00:00,1.0
DE3,oil,2021-02-01 12:00:00,1.0
DE3,oil,2021-02-01 15:00:00,1.0
DE3,oil,2021-02-01 18:00:00,1.0
DE3,oil,2021-02-01 21:00:00,1.0
DE3,oil,2021-02-02 00:00:00,1.0
DE3,oil,2021-02-02 03:00:00,1.0
DE3,oil,2021-02-02 06:00:00,1.0
DE3,oil,2021-02-02 09:00:00,1.0
DE3,oil,2021-02-02 12:00:00,1.0
DE3,oil,2021-02-02 15:00:00,1.0
DE3,oil,2021-02-02 18:00:00,1.0
DE3,oil,2021-02-02 21:00:00,1.0
DE3,oil,2021-02-03 00:00:00,1.0
DE3,oil,2021-02-03 03:00:00,1.0
DE3,oil,2021-02-03 06:00:00,1.0
DE3,oil,2021-02-03 09:00:00,1.0
DE3,oil,2021-02-03 12:00:00,1.0
DE3,oil,2021-02-03 15:00:00,1.0
DE3,oil,2021-02-03 18:00:00,1.0
DE3,oil,2021-02-03 21:00:00,1.0
DE3,oil,2021-02-04 00:00:00,1.0
DE3,oil,2021-02-04 03:00:00,1.0
DE3,oil,2021-02-04 06:00:00,1.0
DE3,oil,2021-02-04 09:00:00,1.0
DE3,oil,2021-02-04 12:00:00,1.0
DE3,oil,2021-02-04 15:00:00,1.0
DE3,oil,2021-02-04 18:00:00,1.0
DE3,oil,2021-02-04 21:00:00,1.0
DE3,oil,2021-02-05 00:00:00,1.0
DE3,oil,2021-02-05 03:00:00,1.0
DE3,oil,2021-02-05 06:00:00,1.0
DE3,oil,2021-02-05 09:00:00,1.0
DE3,oil,2021-02-05 12:00:00,1.0
DE3,oil,2021-02-05 15:00:00,1.0
DE3,oil,2021-02-05 18:00:00,1.0
DE3,oil,2021-02-05 21:00:00,1.0
DE3,oil,2021-02-06 00:00:00,1.0
DE3,oil,2021-02-06 03:00:00,1.0
DE3,oil,2021-02-06 06:00:00,1.0
DE3,oil,2021-02-06 09:00:00,1.0
DE3,oil,2021-02-06 12:00:00,1.0
DE3,oil,2021-02-06 15:00:00,1.0
DE3,oil,2021-02-06 18:00:00,1.0
DE3,oil,2021-02-06 21:00:00,1.0
DE3,oil,2021-02-07 00:00:00,1.0
DE3,oil,2021-02-07 03:00:00,1.0
DE3,oil,2021-02-07 06:00:00,1.0
DE3,oil,2021-02-07 09:00:00,1.0
DE3,oil,2021-02-07 12:00:00,1.0
DE3,oil,2021-02-07 15:00:00,1.0
DE3,oil,2021-02-07 18:00:00,1.0
DE3,oil,2021-02-07 21:00:00,1.0
DE3,oil,2021-02-08 00:00:00,1.0
DE3,oil,2021-02-08 03:00:00,1.0
DE3,oil,2021-02-08 06:00:00,1.0
DE3,oil,2021-02-08 09:00:00,1.0
DE3,oil,2021-02-08 12:00:00,1.0
DE3,oil,2021-02-08 15:00:00,1.0
DE3,oil,2021-02-08 18:00:00,1.0
DE3,oil,2021-02-08 21:00:00,1.0
DE3,oil,2021-02-09 00:00:00,1.0
DE3,oil,2021-02-09 03:00:00,1.0
DE3,oil,2021-02-09 06:00:00,1.0
DE3,oil,2021-02-09 09:00:00,1.0
DE3,oil,2021-02-09 12:00:00,1.0
DE3,oil,2021-02-09 15:00:00,1.0
DE3,oil,2021-02-09 18:00:00,1.0
DE3,oil,2021-02-09 21:00:00,1.0
DE3,oil,2021-02-10 00:00:00,1.0
DE3,oil,2021-02-10 03:00:00,1.0
DE3,oil,2021-02-10 06:00:00,1.0
DE3,oil,2021-02-10 09:00:00,1.0
DE3,oil,2021-02-10 12:00:00,1.0
DE3,oil,2021-02-10 15:00:00,1.0
DE3,oil,2021-02-10 18:00:00,1.0
DE3,oil,2021-02-10 21:00:00,1.0
DE3,oil,2021-02-11 00:00:00,1.0
DE3,oil,2021-02-11 03:00:00,1.0
DE3,oil,2021-02-11 06:00:00,1.0
DE3,oil,2021-02-11 09:00:00,1.0
DE3,oil,2021-02-11 12:00:00,1.0
DE3,oil,2021-02-11 15:00:00,1.0
DE3,oil,2021-02-11 18:00:00,1.0
DE3,oil,2021-02-11 21:00:00,1.0
DE3,oil,2021-02-12 00:00:00,1.0
DE3,oil,2021-02-12 03:00:00,1.0
DE3,oil,2021-02-12 06:00:00,1.0
DE3,oil,2021-02-12 09:00:00,1.0
DE3,oil,2021-02-12 12:00:00,1.0
DE3,oil,2021-02-12 15:00:00,1.0
DE3,oil,2021-02-12 18:00:00,1.0
DE3,oil,2021-02-12 21:00:00,1.0
DE3,oil,2021-02-13 00:00:00,1.0
DE3,oil,2021-02-13 03:00:00,1.0
DE3,oil,2021-02-13 06:00:00,1.0
DE3,oil,2021-02-13 09:00:00,1.0
DE3,oil,2021-02-13 12:00:00,1.0
DE3,oil,2021-02-13 15:00:00,1.0
DE3,oil,2021-02-13 18:00:00,1.0
DE3,oil,2021-02-13 21:00:00,1.0
DE3,oil,2021-02-14 00:00:00,1.0
DE3,oil,2021-02-14 03:00:00,1.0
DE3,oil,2021-02-14 06:00:00,1.0
DE3,oil,2021-02-14 09:00:00,1.0
DE3,oil,2021-02-14 12:00:00,1.0
DE3,oil,2021-02-14 15:00:00,1.0
DE3,oil,2021-02-14 18:00:00,1.0
DE3,oil,2021-02-14 21:00:00,1.0
DE3,onwind,2021-01-18 00:00:00,0.096446350497076
DE3,onwind,2021-01-18 03:00:00,0.183837273200321
DE3,onwind,2021-01-18 06:00:00,0.22992757534541497
DE3,onwind,2021-01-18 09:00:00,0.2806083309960843
DE3,onwind,2021-01-18 12:00:00,0.45406216384766807
DE3,onwind,2021-01-18 15:00:00,0.5181861893766176
DE3,onwind,2021-01-18 18:00:00,0.5676801077103294
DE3,onwind,2021-01-18 21:00:00,0.540038881097547
DE3,onwind,2021-01-19 00:00:00,0.46818018321327565
DE3,onwind,2021-01-19 03:00:00,0.550735478552403
DE3,onwind,2021-01-19 06:00:00,0.7476333937879819
DE3,onwind,2021-01-19 09:00:00,0.8476447462029304
DE3,onwind,2021-01-19 12:00:00,0.8712753909385528
DE3,onwind,2021-01-19 15:00:00,0.7976458174320094
DE3,onwind,2021-01-19 18:00:00,0.810853889873806
DE3,onwind,2021-01-19 21:00:00,0.8263907930937608
DE3,onwind,2021-01-20 00:00:00,0.7872644563957868
DE3,onwind,2021-01-20 03:00:00,0.8092281292344409
DE3,onwind,2021-01-20 06:00:00,0.8129869641774631
DE3,onwind,2021-01-20 09:00:00,0.7964702396563776
DE3,onwind,2021-01-20 12:00:00,0.7136178022934421
DE3,onwind,2021-01-20 15:00:00,0.7166257866918698
DE3,onwind,2021-01-20 18:00:00,0.7714479712941295
DE3,onwind,2021-01-20 21:00:00,0.856715811068479
DE3,onwind,2021-01-21 00:00:00,0.9409845349248642
DE3,onwind,2021-01-21 03:00:00,0.9827543179558467
DE3,onwind,2021-01-21 06:00:00,0.9992072026139354
DE3,onwind,2021-01-21 09:00:00,0.9050194968360784
DE3,onwind,2021-01-21 12:00:00,0.6903361158110476
DE3,onwind,2021-01-21 15:00:00,0.8209667922573233
DE3,onwind,2021-01-21 18:00:00,0.7200350192966884
DE3,onwind,2021-01-21 21:00:00,0.8860842472639758
DE3,onwind,2021-01-22 00:00:00,0.9983425327298433
DE3,onwind,2021-01-22 03:00:00,0.9992217889970392
DE3,onwind,2021-01-22 06:00:00,0.7022569394159502
DE3,onwind,2021-01-22 09:00:00,0.220011742146359
DE3,onwind,2021-01-22 12:00:00,0.1855735116666707
DE3,onwind,2021-01-22 15:00:00,0.12107447261044268
DE3,onwind,2021-01-22 18:00:00,0.0951901863872538
DE3,onwind,2021-01-22 21:00:00,0.05866129092139799
DE3,onwind,2021-01-23 00:00:00,0.0416732024501804
DE3,onwind,2021-01-23 03:00:00,0.014685646329755199
DE3,onwind,2021-01-23 06:00:00,0.0402595125949011
DE3,onwind,2021-01-23 09:00:00,0.0502963393424076
DE3,onwind,2021-01-23 12:00:00,0.0516904612458456
DE3,onwind,2021-01-23 15:00:00,0.072708180861068
DE3,onwind,2021-01-23 18:00:00,0.0821306539963174
DE3,onwind,2021-01-23 21:00:00,0.106847529750382
DE3,onwind,2021-01-24 00:00:00,0.11135441505719229
DE3,onwind,2021-01-24 03:00:00,0.0953520992755911
DE3,onwind,2021-01-24 06:00:00,0.072626970348126
DE3,onwind,2021-01-24 09:00:00,0.0652776640763739
DE3,onwind,2021-01-24 12:00:00,0.11143855772137802
DE3,onwind,2021-01-24 15:00:00,0.1187857337643709
DE3,onwind,2021-01-24 18:00:00,0.1266250360289468
DE3,onwind,2021-01-24 21:00:00,0.1026420682188572
DE3,onwind,2021-01-25 00:00:00,0.0893369529352827
DE3,onwind,2021-01-25 03:00:00,0.0409721034911468
DE3,onwind,2021-01-25 06:00:00,0.0314322329043502
DE3,onwind,2021-01-25 09:00:00,0.0317878412345488
DE3,onwind,2021-01-25 12:00:00,0.0372248965826873
DE3,onwind,2021-01-25 15:00:00,0.0471509548439083
DE3,onwind,2021-01-25 18:00:00,0.10482105326503
DE3,onwind,2021-01-25 21:00:00,0.1386464427587123
DE3,onwind,2021-01-26 00:00:00,0.1506352045821763
DE3,onwind,2021-01-26 03:00:00,0.1299466499551958
DE3,onwind,2021-01-26 06:00:00,0.0864810185705363
DE3,onwind,2021-01-26 09:00:00,0.0603650847096463
DE3,onwind,2021-01-26 12:00:00,0.0610697591139775
DE3,onwind,2021-01-26 15:00:00,0.05829851630808851
DE3,onwind,2021-01-26 18:00:00,0.0577212033910837
DE3,onwind,2021-01-26 21:00:00,0.0427189073488856
DE3,onwind,2021-01-27 00:00:00,0.0347956607382951
DE3,onwind,2021-01-27 03:00:00,0.0343008047191076
DE3,onwind,2021-01-27 06:00:00,0.0295327593380673
DE3,onwind,2021-01-27 09:00:00,0.038100952313334
DE3,onwind,2021-01-27 12:00:00,0.0534234039702658
DE3,onwind,2021-01-27 15:00:00,0.0411897792156173
DE3,onwind,2021-01-27 18:00:00,0.043401868451792
DE3,onwind,2021-01-27 21:00:00,0.05447919264085689
DE3,onwind,2021-01-28 00:00:00,0.06096550024340419
DE3,onwind,2021-01-28 03:00:00,0.0477666952366224
DE3,onwind,2021-01-28 06:00:00,0.0181571403654451
DE3,onwind,2021-01-28 09:00:00,0.0071689446447165
DE3,onwind,2021-01-28 12:00:00,0.0039696375476926
DE3,onwind,2021-01-28 15:00:00,0.0070097030203205
DE3,onwind,2021-01-28 18:00:00,0.0104401159970297
DE3,onwind,2021-01-28 21:00:00,0.0044874115318534
DE3,onwind,2021-01-29 00:00:00,0.0113551910380087
DE3,onwind,2021-01-29 03:00:00,0.0284187564344242
DE3,onwind,2021-01-29 06:00:00,0.062477290740107695
DE3,onwind,2021-01-29 09:00:00,0.0677383299754225
DE3,onwind,2021-01-29 12:00:00,0.0701957899197697
DE3,onwind,2021-01-29 15:00:00,0.0971019898687605
DE3,onwind,2021-01-29 18:00:00,0.090321699976481
DE3,onwind,2021-01-29 21:00:00,0.0926617961252418
DE3,onwind,2021-01-30 00:00:00,0.0785052647941131
DE3,onwind,2021-01-30 03:00:00,0.038476800467878
DE3,onwind,2021-01-30 06:00:00,0.0159234522915198
DE3,onwind,2021-01-30 09:00:00,0.0061001056552305
DE3,onwind,2021-01-30 12:00:00,0.0054574407639033
DE3,onwind,2021-01-30 15:00:00,0.0105800916936688
DE3,onwind,2021-01-30 18:00:00,0.014416979110373502
DE3,onwind,2021-01-30 21:00:00,0.0120643814888907
DE3,onwind,2021-01-31 00:00:00,0.0075849347683122
DE3,onwind,2021-01-31 03:00:00,0.006579648308412
DE3,onwind,2021-01-31 06:00:00,0.0079948861100835
DE3,onwind,2021-01-31 09:00:00,0.0026263445248639
DE3,onwind,2021-01-31 12:00:00,0.0
DE3,onwind,2021-01-31 15:00:00,0.015039765050765
DE3,onwind,2021-01-31 18:00:00,0.028896521394891503
DE3,onwind,2021-01-31 21:00:00,0.0431081704307993
DE3,onwind,2021-02-01 00:00:00,0.05418743257402199
DE3,onwind,2021-02-01 03:00:00,0.05441435149198439
DE3,onwind,2021-02-01 06:00:00,0.053263770457132195
DE3,onwind,2021-02-01 09:00:00,0.031072334538183
DE3,onwind,2021-02-01 12:00:00,0.0112854943611519
DE3,onwind,2021-02-01 15:00:00,0.0095522535160616
DE3,onwind,2021-02-01 18:00:00,0.0071907581988077
DE3,onwind,2021-02-01 21:00:00,0.0164908219779957
DE3,onwind,2021-02-02 00:00:00,0.0258999958709391
DE3,onwind,2021-02-02 03:00:00,0.025586190187594
DE3,onwind,2021-02-02 06:00:00,0.0167122307691167
DE3,onwind,2021-02-02 09:00:00,0.0078176649957034
DE3,onwind,2021-02-02 12:00:00,0.0157225150613716
DE3,onwind,2021-02-02 15:00:00,0.03347867730677
DE3,onwind,2021-02-02 18:00:00,0.0390762196927691
DE3,onwind,2021-02-02 21:00:00,0.048622823722535
DE3,onwind,2021-02-03 00:00:00,0.058260000405098496
DE3,onwind,2021-02-03 03:00:00,0.0627087926629063
DE3,onwind,2021-02-03 06:00:00,0.0624641282367599
DE3,onwind,2021-02-03 09:00:00,0.0445374436885745
DE3,onwind,2021-02-03 12:00:00,0.038645587386416
DE3,onwind,2021-02-03 15:00:00,0.09069239167349
DE3,onwind,2021-02-03 18:00:00,0.106536308378799
DE3,onwind,2021-02-03 21:00:00,0.0805412257084568
DE3,onwind,2021-02-04 00:00:00,0.0706669985596258
DE3,onwind,2021-02-04 03:00:00,0.0820950255542436
DE3,onwind,2021-02-04 06:00:00,0.059675929421103904
DE3,onwind,2021-02-04 09:00:00,0.0414797829451185
DE3,onwind,2021-02-04 12:00:00,0.026595874457317904
DE3,onwind,2021-02-04 15:00:00,0.007359022505981799
DE3,onwind,2021-02-04 18:00:00,0.0052942701811738
DE3,onwind,2021-02-04 21:00:00,0.0096073349820551
DE3,onwind,2021-02-05 00:00:00,0.0152392532532449
DE3,onwind,2021-02-05 03:00:00,0.0199462053105941
DE3,onwind,2021-02-05 06:00:00,0.0300057760493985
DE3,onwind,2021-02-05 09:00:00,0.0261866072857104
DE3,onwind,2021-02-05 12:00:00,0.0225323537420147
DE3,onwind,2021-02-05 15:00:00,0.031298468818542
DE3,onwind,2021-02-05 18:00:00,0.0335163034729217
DE3,onwind,2021-02-05 21:00:00,0.0339105574684869
DE3,onwind,2021-02-06 00:00:00,0.0448410033285455
DE3,onwind,2021-02-06 03:00:00,0.0498314338065175
DE3,onwind,2021-02-06 06:00:00,0.0732933398754299
DE3,onwind,2021-02-06 09:00:00,0.1079226579088379
DE3,onwind,2021-02-06 12:00:00,0.1726335566689471
DE3,onwind,2021-02-06 15:00:00,0.271917222315505
DE3,onwind,2021-02-06 18:00:00,0.3819460557889077
DE3,onwind,2021-02-06 21:00:00,0.43811880733095726
DE3,onwind,2021-02-07 00:00:00,0.5123620200855867
DE3,onwind,2021-02-07 03:00:00,0.6231291983384695
DE3,onwind,2021-02-07 06:00:00,0.6970140255126007
DE3,onwind,2021-02-07 09:00:00,0.6402244249654729
DE3,onwind,2021-02-07 12:00:00,0.6390362030160615
DE3,onwind,2021-02-07 15:00:00,0.7311797362763414
DE3,onwind,2021-02-07 18:00:00,0.7523617782134596
DE3,onwind,2021-02-07 21:00:00,0.5152532501280128
DE3,onwind,2021-02-08 00:00:00,0.454390541566087
DE3,onwind,2021-02-08 03:00:00,0.3927502717125255
DE3,onwind,2021-02-08 06:00:00,0.3469080755397416
DE3,onwind,2021-02-08 09:00:00,0.2455091003677341
DE3,onwind,2021-02-08 12:00:00,0.1735280534495149
DE3,onwind,2021-02-08 15:00:00,0.113520007154143
DE3,onwind,2021-02-08 18:00:00,0.0726926473105536
DE3,onwind,2021-02-08 21:00:00,0.0345104006016786
DE3,onwind,2021-02-09 00:00:00,0.011785864238678
DE3,onwind,2021-02-09 03:00:00,0.0221255604483868
DE3,onwind,2021-02-09 06:00:00,0.0086728982676983
DE3,onwind,2021-02-09 09:00:00,0.0011083043182786
DE3,onwind,2021-02-09 12:00:00,0.0028886361350693
DE3,onwind,2021-02-09 15:00:00,0.0036845510848194994
DE3,onwind,2021-02-09 18:00:00,0.0061789759635766
DE3,onwind,2021-02-09 21:00:00,0.0037228682078935
DE3,onwind,2021-02-10 00:00:00,0.0188924986752855
DE3,onwind,2021-02-10 03:00:00,0.0366719309180089
DE3,onwind,2021-02-10 06:00:00,0.0370242105166897
DE3,onwind,2021-02-10 09:00:00,0.030442434250115398
DE3,onwind,2021-02-10 12:00:00,0.0534025454060398
DE3,onwind,2021-02-10 15:00:00,0.0641916184552889
DE3,onwind,2021-02-10 18:00:00,0.12370174003473522
DE3,onwind,2021-02-10 21:00:00,0.1488589273446178
DE3,onwind,2021-02-11 00:00:00,0.1548233961569896
DE3,onwind,2021-02-11 03:00:00,0.13154829097522
DE3,onwind,2021-02-11 06:00:00,0.0948610967436967
DE3,onwind,2021-02-11 09:00:00,0.0616777357650714
DE3,onwind,2021-02-11 12:00:00,0.0519001626477185
DE3,onwind,2021-02-11 15:00:00,0.0316275299832257
DE3,onwind,2021-02-11 18:00:00,0.0505487320154277
DE3,onwind,2021-02-11 21:00:00,0.0463570842859096
DE3,onwind,2021-02-12 00:00:00,0.0350384933165627
DE3,onwind,2021-02-12 03:00:00,0.0395590925390876
DE3,onwind,2021-02-12 06:00:00,0.0493576637974847
DE3,onwind,2021-02-12 09:00:00,0.0620602409015392
DE3,onwind,2021-02-12 12:00:00,0.1423779740483972
DE3,onwind,2021-02-12 15:00:00,0.1305510693364769
DE3,onwind,2021-02-12 18:00:00,0.1674347437297303
DE3,onwind,2021-02-12 21:00:00,0.12256253133035762
DE3,onwind,2021-02-13 00:00:00,0.071296063566982
DE3,onwind,2021-02-13 03:00:00,0.043965042147309
DE3,onwind,2021-02-13 06:00:00,0.0206891957940182
DE3,onwind,2021-02-13 09:00:00,0.0034929242272946004
DE3,onwind,2021-02-13 12:00:00,0.002711139953317
DE3,onwind,2021-02-13 15:00:00,0.0103399955709896
DE3,onwind,2021-02-13 18:00:00,0.0328011718171006
DE3,onwind,2021-02-13 21:00:00,0.0222709980831286
DE3,onwind,2021-02-14 00:00:00,0.0217974681667365
DE3,onwind,2021-02-14 03:00:00,0.028761176181530096
DE3,onwind,2021-02-14 06:00:00,0.0396378624306861
DE3,onwind,2021-02-14 09:00:00,0.0258481758389719
DE3,onwind,2021-02-14 12:00:00,0.0131087171259582
DE3,onwind,2021-02-14 15:00:00,0.0545775074154374
DE3,onwind,2021-02-14 18:00:00,0.19626105479591
DE3,onwind,2021-02-14 21:00:00,0.2918707417204099
DE3,solar,2021-01-18 00:00:00,0.0
DE3,solar,2021-01-18 03:00:00,0.0
DE3,solar,2021-01-18 06:00:00,0.0166993065450087
DE3,solar,2021-01-18 09:00:00,0.1381221222329699
DE3,solar,2021-01-18 12:00:00,0.0690444371342721
DE3,solar,2021-01-18 15:00:00,1.5533896007404673e-05
DE3,solar,2021-01-18 18:00:00,0.0
DE3,solar,2021-01-18 21:00:00,0.0
DE3,solar,2021-01-19 00:00:00,0.0
DE3,solar,2021-01-19 03:00:00,0.0
DE3,solar,2021-01-19 06:00:00,0.005713683921206
DE3,solar,2021-01-19 09:00:00,0.0550103369048649
DE3,solar,2021-01-19 12:00:00,0.0456951642617692
DE3,solar,2021-01-19 15:00:00,7.028208750338539e-06
DE3,solar,2021-01-19 18:00:00,0.0
DE3,solar,2021-01-19 21:00:00,0.0
DE3,solar,2021-01-20 00:00:00,0.0
DE3,solar,2021-01-20 03:00:00,0.0
DE3,solar,2021-01-20 06:00:00,0.0162774733494685
DE3,solar,2021-01-20 09:00:00,0.1843780088841164
DE3,solar,2021-01-20 12:00:00,0.2550980266313172
DE3,solar,2021-01-20 15:00:00,0.0014955845539282
DE3,solar,2021-01-20 18:00:00,0.0
DE3,solar,2021-01-20 21:00:00,0.0
DE3,solar,2021-01-21 00:00:00,0.0
DE3,solar,2021-01-21 03:00:00,0.0
DE3,solar,2021-01-21 06:00:00,0.0458231929366739
DE3,solar,2021-01-21 09:00:00,0.1446720739560887
DE3,solar,2021-01-21 12:00:00,0.2081882430954805
DE3,solar,2021-01-21 15:00:00,0.0025596631055371
DE3,solar,2021-01-21 18:00:00,0.0
DE3,solar,2021-01-21 21:00:00,0.0
DE3,solar,2021-01-22 00:00:00,0.0
DE3,solar,2021-01-22 03:00:00,0.0
DE3,solar,2021-01-22 06:00:00,0.0232812500225137
DE3,solar,2021-01-22 09:00:00,0.1064354170159346
DE3,solar,2021-01-22 12:00:00,0.1092128455816868
DE3,solar,2021-01-22 15:00:00,0.0034627083390641
DE3,solar,2021-01-22 18:00:00,0.0
DE3,solar,2021-01-22 21:00:00,0.0
DE3,solar,2021-01-23 00:00:00,0.0
DE3,solar,2021-01-23 03:00:00,0.0
DE3,solar,2021-01-23 06:00:00,0.0233070967495353
DE3,solar,2021-01-23 09:00:00,0.2383050104786071
DE3,solar,2021-01-23 12:00:00,0.1890732665388786
DE3,solar,2021-01-23 15:00:00,0.0025742952554903
DE3,solar,2021-01-23 18:00:00,0.0
DE3,solar,2021-01-23 21:00:00,0.0
DE3,solar,2021-01-24 00:00:00,0.0
DE3,solar,2021-01-24 03:00:00,0.0
DE3,solar,2021-01-24 06:00:00,0.0176668338722444
DE3,solar,2021-01-24 09:00:00,0.1163155375261871
DE3,solar,2021-01-24 12:00:00,0.0789075402172864
DE3,solar,2021-01-24 15:00:00,0.0008033015289874
DE3,solar,2021-01-24 18:00:00,0.0
DE3,solar,2021-01-24 21:00:00,0.0
DE3,solar,2021-01-25 00:00:00,0.0
DE3,solar,2021-01-25 03:00:00,0.0
DE3,solar,2021-01-25 06:00:00,0.04630505096445531
DE3,solar,2021-01-25 09:00:00,0.316114605080984
DE3,solar,2021-01-25 12:00:00,0.2308886097023885
DE3,solar,2021-01-25 15:00:00,0.0
DE3,solar,2021-01-25 18:00:00,0.0
DE3,solar,2021-01-25 21:00:00,0.0
DE3,solar,2021-01-26 00:00:00,0.0
DE3,solar,2021-01-26 03:00:00,0.0
DE3,solar,2021-01-26 06:00:00,0.0089869803716547
DE3,solar,2021-01-26 09:00:00,0.0371596186559647
DE3,solar,2021-01-26 12:00:00,0.0292430132032374
DE3,solar,2021-01-26 15:00:00,0.0
DE3,solar,2021-01-26 18:00:00,0.0
DE3,solar,2021-01-26 21:00:00,0.0
DE3,solar,2021-01-27 00:00:00,0.0
DE3,solar,2021-01-27 03:00:00,0.0
DE3,solar,2021-01-27 06:00:00,0.0054107313347286
DE3,solar,2021-01-27 09:00:00,0.0435489797935208
DE3,solar,2021-01-27 12:00:00,0.0192559703629277
DE3,solar,2021-01-27 15:00:00,0.0
DE3,solar,2021-01-27 18:00:00,0.0
DE3,solar,2021-01-27 21:00:00,0.0
DE3,solar,2021-01-28 00:00:00,0.0
DE3,solar,2021-01-28 03:00:00,0.0
DE3,solar,2021-01-28 06:00:00,0.0018563412710968
DE3,solar,2021-01-28 09:00:00,0.013191439764588699
DE3,solar,2021-01-28 12:00:00,0.0129234104474666
DE3,solar,2021-01-28 15:00:00,0.0
DE3,solar,2021-01-28 18:00:00,0.0
DE3,solar,2021-01-28 21:00:00,0.0
DE3,solar,2021-01-29 00:00:00,0.0
DE3,solar,2021-01-29 03:00:00,0.0
DE3,solar,2021-01-29 06:00:00,0.0028542496307186
DE3,solar,2021-01-29 09:00:00,0.0140187101553468
DE3,solar,2021-01-29 12:00:00,0.0105910235120892
DE3,solar,2021-01-29 15:00:00,0.0
DE3,solar,2021-01-29 18:00:00,0.0
DE3,solar,2021-01-29 21:00:00,0.0
DE3,solar,2021-01-30 00:00:00,0.0
DE3,solar,2021-01-30 03:00:00,0.0
DE3,solar,2021-01-30 06:00:00,0.0046100149145786
DE3,solar,2021-01-30 09:00:00,0.0205555242052612
DE3,solar,2021-01-30 12:00:00,0.0161497997565749
DE3,solar,2021-01-30 15:00:00,0.0
DE3,solar,2021-01-30 18:00:00,0.0
DE3,solar,2021-01-30 21:00:00,0.0
DE3,solar,2021-01-31 00:00:00,0.0
DE3,solar,2021-01-31 03:00:00,0.0
DE3,solar,2021-01-31 06:00:00,0.0108168245652418
DE3,solar,2021-01-31 09:00:00,0.0626972725137224
DE3,solar,2021-01-31 12:00:00,0.0502780036813872
DE3,solar,2021-01-31 15:00:00,0.0026573868952733
DE3,solar,2021-01-31 18:00:00,0.0
DE3,solar,2021-01-31 21:00:00,0.0
DE3,solar,2021-02-01 00:00:00,0.0
DE3,solar,2021-02-01 03:00:00,0.0
DE3,solar,2021-02-01 06:00:00,0.0036243198603034
DE3,solar,2021-02-01 09:00:00,0.0171281780758533
DE3,solar,2021-02-01 12:00:00,0.012830744830227
DE3,solar,2021-02-01 15:00:00,0.0
DE3,solar,2021-02-01 18:00:00,0.0
DE3,solar,2021-02-01 21:00:00,0.0
DE3,solar,2021-02-02 00:00:00,0.0
DE3,solar,2021-02-02 03:00:00,0.0
DE3,solar,2021-02-02 06:00:00,0.0026508487416342
DE3,solar,2021-02-02 09:00:00,0.0114051631846303
DE3,solar,2021-02-02 12:00:00,0.00918129931332
DE3,solar,2021-02-02 15:00:00,0.0
DE3,solar,2021-02-02 18:00:00,0.0
DE3,solar,2021-02-02 21:00:00,0.0
DE3,solar,2021-02-03 00:00:00,0.0
DE3,solar,2021-02-03 03:00:00,0.0
DE3,solar,2021-02-03 06:00:00,0.0023417239963541
DE3,solar,2021-02-03 09:00:00,0.0125237750881988
DE3,solar,2021-02-03 12:00:00,0.008687815025107
DE3,solar,2021-02-03 15:00:00,0.0
DE3,solar,2021-02-03 18:00:00,0.0
DE3,solar,2021-02-03 21:00:00,0.0
DE3,solar,2021-02-04 00:00:00,0.0
DE3,solar,2021-02-04 03:00:00,0.0
DE3,solar,2021-02-04 06:00:00,0.0064512945914756
DE3,solar,2021-02-04 09:00:00,0.0237196121011333
DE3,solar,2021-02-04 12:00:00,0.0148521473540433
DE3,solar,2021-02-04 15:00:00,0.0
DE3,solar,2021-02-04 18:00:00,0.0
DE3,solar,2021-02-04 21:00:00,0.0
DE3,solar,2021-02-05 00:00:00,0.0
DE3,solar,2021-02-05 03:00:00,0.0
DE3,solar,2021-02-05 06:00:00,0.0025026909330229
DE3,solar,2021-02-05 09:00:00,0.0130208197302188
DE3,solar,2021-02-05 12:00:00,0.0082065244765528
DE3,solar,2021-02-05 15:00:00,0.0
DE3,solar,2021-02-05 18:00:00,0.0
DE3,solar,2021-02-05 21:00:00,0.0
DE3,solar,2021-02-06 00:00:00,0.0
DE3,solar,2021-02-06 03:00:00,0.0
DE3,solar,2021-02-06 06:00:00,0.0024806021029526
DE3,solar,2021-02-06 09:00:00,0.0164239268012108
DE3,solar,2021-02-06 12:00:00,0.0217894160897933
DE3,solar,2021-02-06 15:00:00,0.0
DE3,solar,2021-02-06 18:00:00,0.0
DE3,solar,2021-02-06 21:00:00,0.0
DE3,solar,2021-02-07 00:00:00,0.0
DE3,solar,2021-02-07 03:00:00,0.0
DE3,solar,2021-02-07 06:00:00,0.0
DE3,solar,2021-02-07 09:00:00,0.0284669027127865
DE3,solar,2021-02-07 12:00:00,0.0226146732181592
DE3,solar,2021-02-07 15:00:00,0.0
DE3,solar,2021-02-07 18:00:00,0.0
DE3,solar,2021-02-07 21:00:00,0.0
DE3,solar,2021-02-08 00:00:00,0.0
DE3,solar,2021-02-08 03:00:00,0.0
DE3,solar,2021-02-08 06:00:00,0.0112415198488399
DE3,solar,2021-02-08 09:00:00,0.054793907502167796
DE3,solar,2021-02-08 12:00:00,0.0561486711064079
DE3,solar,2021-02-08 15:00:00,0.006700932946887
DE3,solar,2021-02-08 18:00:00,0.0
DE3,solar,2021-02-08 21:00:00,0.0
DE3,solar,2021-02-09 00:00:00,0.0
DE3,solar,2021-02-09 03:00:00,0.0
DE3,solar,2021-02-09 06:00:00,0.0516339680487797
DE3,solar,2021-02-09 09:00:00,0.1502800104879275
DE3,solar,2021-02-09 12:00:00,0.1002684810286838
DE3,solar,2021-02-09 15:00:00,0.0143952126283562
DE3,solar,2021-02-09 18:00:00,0.0
DE3,solar,2021-02-09 21:00:00,0.0
DE3,solar,2021-02-10 00:00:00,0.0
DE3,solar,2021-02-10 03:00:00,0.0
DE3,solar,2021-02-10 06:00:00,0.0368544565880529
DE3,solar,2021-02-10 09:00:00,0.1078172485378346
DE3,solar,2021-02-10 12:00:00,0.0894604555538549
DE3,solar,2021-02-10 15:00:00,0.010753263047727299
DE3,solar,2021-02-10 18:00:00,0.0
DE3,solar,2021-02-10 21:00:00,0.0
DE3,solar,2021-02-11 00:00:00,0.0
DE3,solar,2021-02-11 03:00:00,0.0
DE3,solar,2021-02-11 06:00:00,0.0493714159331936
DE3,solar,2021-02-11 09:00:00,0.1251335096789222
DE3,solar,2021-02-11 12:00:00,0.0805455913783132
DE3,solar,2021-02-11 15:00:00,0.0134601498692816
DE3,solar,2021-02-11 18:00:00,0.0
DE3,solar,2021-02-11 21:00:00,0.0
DE3,solar,2021-02-12 00:00:00,0.0
DE3,solar,2021-02-12 03:00:00,0.0
DE3,solar,2021-02-12 06:00:00,0.0796264512396455
DE3,solar,2021-02-12 09:00:00,0.2666214603517012
DE3,solar,2021-02-12 12:00:00,0.2197372062342655
DE3,solar,2021-02-12 15:00:00,0.035533577358999806
DE3,solar,2021-02-12 18:00:00,0.0
DE3,solar,2021-02-12 21:00:00,0.0
DE3,solar,2021-02-13 00:00:00,0.0
DE3,solar,2021-02-13 03:00:00,0.0
DE3,solar,2021-02-13 06:00:00,0.1308962935015652
DE3,solar,2021-02-13 09:00:00,0.4385343936624153
DE3,solar,2021-02-13 12:00:00,0.3080695485606326
DE3,solar,2021-02-13 15:00:00,0.0520639568767835
DE3,solar,2021-02-13 18:00:00,0.0
DE3,solar,2021-02-13 21:00:00,0.0
DE3,solar,2021-02-14 00:00:00,0.0
DE3,solar,2021-02-14 03:00:00,0.0
DE3,solar,2021-02-14 06:00:00,0.1448084863527579
DE3,solar,2021-02-14 09:00:00,0.5081381486499505
DE3,solar,2021-02-14 12:00:00,0.396506131640387
DE3,solar,2021-02-14 15:00:00,0.0564270157116104
DE3,solar,2021-02-14 18:00:00,0.0
DE3,solar,2021-02-14 21:00:00,0.0
DE3,waste,2021-01-18 00:00:00,1.0
DE3,waste,2021-01-18 03:00:00,1.0
DE3,waste,2021-01-18 06:00:00,1.0
DE3,waste,2021-01-18 09:00:00,1.0
DE3,waste,2021-01-18 12:00:00,1.0
DE3,waste,2021-01-18 15:00:00,1.0
DE3,waste,2021-01-18 18:00:00,1.0
DE3,waste,2021-01-18 21:00:00,1.0
DE3,waste,2021-01-19 00:00:00,1.0
DE3,waste,2021-01-19 03:00:00,1.0
DE3,waste,2021-01-19 06:00:00,1.0
DE3,waste,2021-01-19 09:00:00,1.0
DE3,waste,2021-01-19 12:00:00,1.0
DE3,waste,2021-01-19 15:00:00,1.0
DE3,waste,2021-01-19 18:00:00,1.0
DE3,waste,2021-01-19 21:00:00,1.0
DE3,waste,2021-01-20 00:00:00,1.0
DE3,waste,2021-01-20 03:00:00,1.0
DE3,waste,2021-01-20 06:00:00,1.0
DE3,waste,2021-01-20 09:00:00,1.0
DE3,waste,2021-01-20 12:00:00,1.0
DE3,waste,2021-01-20 15:00:00,1.0
DE3,waste,2021-01-20 18:00:00,1.0
DE3,waste,2021-01-20 21:00:00,1.0
DE3,waste,2021-01-21 00:00:00,1.0
DE3,waste,2021-01-21 03:00:00,1.0
DE3,waste,2021-01-21 06:00:00,1.0
DE3,waste,2021-01-21 09:00:00,1.0
DE3,waste,2021-01-21 12:00:00,1.0
DE3,waste,2021-01-21 15:00:00,1.0
DE3,waste,2021-01-21 18:00:00,1.0
DE3,waste,2021-01-21 21:00:00,1.0
DE3,waste,2021-01-22 00:00:00,1.0
DE3,waste,2021-01-22 03:00:00,1.0
DE3,waste,2021-01-22 06:00:00,1.0
DE3,waste,2021-01-22 09:00:00,1.0
DE3,waste,2021-01-22 12:00:00,1.0
DE3,waste,2021-01-22 15:00:00,1.0
DE3,waste,2021-01-22 18:00:00,1.0
DE3,waste,2021-01-22 21:00:00,1.0
DE3,waste,2021-01-23 00:00:00,1.0
DE3,waste,2021-01-23 03:00:00,1.0
DE3,waste,2021-01-23 06:00:00,1.0
DE3,waste,2021-01-23 09:00:00,1.0
DE3,waste,2021-01-23 12:00:00,1.0
DE3,waste,2021-01-23 15:00:00,1.0
DE3,waste,2021-01-23 18:00:00,1.0
DE3,waste,2021-01-23 21:00:00,1.0
DE3,waste,2021-01-24 00:00:00,1.0
DE3,waste,2021-01-24 03:00:00,1.0
DE3,waste,2021-01-24 06:00:00,1.0
DE3,waste,2021-01-24 09:00:00,1.0
DE3,waste,2021-01-24 12:00:00,1.0
DE3,waste,2021-01-24 15:00:00,1.0
DE3,waste,2021-01-24 18:00:00,1.0
DE3,waste,2021-01-24 21:00:00,1.0
DE3,waste,2021-01-25 00:00:00,1.0
DE3,waste,2021-01-25 03:00:00,1.0
DE3,waste,2021-01-25 06:00:00,1.0
DE3,waste,2021-01-25 09:00:00,1.0
DE3,waste,2021-01-25 12:00:00,1.0
DE3,waste,2021-01-25 15:00:00,1.0
DE3,waste,2021-01-25 18:00:00,1.0
DE3,waste,2021-01-25 21:00:00,1.0
DE3,waste,2021-01-26 00:00:00,1.0
DE3,waste,2021-01-26 03:00:00,1.0
DE3,waste,2021-01-26 06:00:00,1.0
DE3,waste,2021-01-26 09:00:00,1.0
DE3,waste,2021-01-26 12:00:00,1.0
DE3,waste,2021-01-26 15:00:00,1.0
DE3,waste,2021-01-26 18:00:00,1.0
DE3,waste,2021-01-26 21:00:00,1.0
DE3,waste,2021-01-27 00:00:00,1.0
DE3,waste,2021-01-27 03:00:00,1.0
DE3,waste,2021-01-27 06:00:00,1.0
DE3,waste,2021-01-27 09:00:00,1.0
DE3,waste,2021-01-27 12:00:00,1.0
DE3,waste,2021-01-27 15:00:00,1.0
DE3,waste,2021-01-27 18:00:00,1.0
DE3,waste,2021-01-27 21:00:00,1.0
DE3,waste,2021-01-28 00:00:00,1.0
DE3,waste,2021-01-28 03:00:00,1.0
DE3,waste,2021-01-28 06:00:00,1.0
DE3,waste,2021-01-28 09:00:00,1.0
DE3,waste,2021-01-28 12:00:00,1.0
DE3,waste,2021-01-28 15:00:00,1.0
DE3,waste,2021-01-28 18:00:00,1.0
DE3,waste,2021-01-28 21:00:00,1.0
DE3,waste,2021-01-29 00:00:00,1.0
DE3,waste,2021-01-29 03:00:00,1.0
DE3,waste,2021-01-29 06:00:00,1.0
DE3,waste,2021-01-29 09:00:00,1.0
DE3,waste,2021-01-29 12:00:00,1.0
DE3,waste,2021-01-29 15:00:00,1.0
DE3,waste,2021-01-29 18:00:00,1.0
DE3,waste,2021-01-29 21:00:00,1.0
DE3,waste,2021-01-30 00:00:00,1.0
DE3,waste,2021-01-30 03:00:00,1.0
DE3,waste,2021-01-30 06:00:00,1.0
DE3,waste,2021-01-30 09:00:00,1.0
DE3,waste,2021-01-30 12:00:00,1.0
DE3,waste,2021-01-30 15:00:00,1.0
DE3,waste,2021-01-30 18:00:00,1.0
DE3,waste,2021-01-30 21:00:00,1.0
DE3,waste,2021-01-31 00:00:00,1.0
DE3,waste,2021-01-31 03:00:00,1.0
DE3,waste,2021-01-31 06:00:00,1.0
DE3,waste,2021-01-31 09:00:00,1.0
DE3,waste,2021-01-31 12:00:00,1.0
DE3,waste,2021-01-31 15:00:00,1.0
DE3,waste,2021-01-31 18:00:00,1.0
DE3,waste,2021-01-31 21:00:00,1.0
DE3,waste,2021-02-01 00:00:00,1.0
DE3,waste,2021-02-01 03:00:00,1.0
DE3,waste,2021-02-01 06:00:00,1.0
DE3,waste,2021-02-01 09:00:00,1.0
DE3,waste,2021-02-01 12:00:00,1.0
DE3,waste,2021-02-01 15:00:00,1.0
DE3,waste,2021-02-01 18:00:00,1.0
DE3,waste,2021-02-01 21:00:00,1.0
DE3,waste,2021-02-02 00:00:00,1.0
DE3,waste,2021-02-02 03:00:00,1.0
DE3,waste,2021-02-02 06:00:00,1.0
DE3,waste,2021-02-02 09:00:00,1.0
DE3,waste,2021-02-02 12:00:00,1.0
DE3,waste,2021-02-02 15:00:00,1.0
DE3,waste,2021-02-02 18:00:00,1.0
DE3,waste,2021-02-02 21:00:00,1.0
DE3,waste,2021-02-03 00:00:00,1.0
DE3,waste,2021-02-03 03:00:00,1.0
DE3,waste,2021-02-03 06:00:00,1.0
DE3,waste,2021-02-03 09:00:00,1.0
DE3,waste,2021-02-03 12:00:00,1.0
DE3,waste,2021-02-03 15:00:00,1.0
DE3,waste,2021-02-03 18:00:00,1.0
DE3,waste,2021-02-03 21:00:00,1.0
DE3,waste,2021-02-04 00:00:00,1.0
DE3,waste,2021-02-04 03:00:00,1.0
DE3,waste,2021-02-04 06:00:00,1.0
DE3,waste,2021-02-04 09:00:00,1.0
DE3,waste,2021-02-04 12:00:00,1.0
DE3,waste,2021-02-04 15:00:00,1.0
DE3,waste,2021-02-04 18:00:00,1.0
DE3,waste,2021-02-04 21:00:00,1.0
DE3,waste,2021-02-05 00:00:00,1.0
DE3,waste,2021-02-05 03:00:00,1.0
DE3,waste,2021-02-05 06:00:00,1.0
DE3,waste,2021-02-05 09:00:00,1.0
DE3,waste,2021-02-05 12:00:00,1.0
DE3,waste,2021-02-05 15:00:00,1.0
DE3,waste,2021-02-05 18:00:00,1.0
DE3,waste,2021-02-05 21:00:00,1.0
DE3,waste,2021-02-06 00:00:00,1.0
DE3,waste,2021-02-06 03:00:00,1.0
DE3,waste,2021-02-06 06:00:00,1.0
DE3,waste,2021-02-06 09:00:00,1.0
DE3,waste,2021-02-06 12:00:00,1.0
DE3,waste,2021-02-06 15:00:00,1.0
DE3,waste,2021-02-06 18:00:00,1.0
DE3,waste,2021-02-06 21:00:00,1.0
DE3,waste,2021-02-07 00:00:00,1.0
DE3,waste,2021-02-07 03:00:00,1.0
DE3,waste,2021-02-07 06:00:00,1.0
DE3,waste,2021-02-07 09:00:00,1.0
DE3,waste,2021-02-07 12:00:00,1.0
DE3,waste,2021-02-07 15:00:00,1.0
DE3,waste,2021-02-07 18:00:00,1.0
DE3,waste,2021-02-07 21:00:00,1.0
DE3,waste,2021-02-08 00:00:00,1.0
DE3,waste,2021-02-08 03:00:00,1.0
DE3,waste,2021-02-08 06:00:00,1.0
DE3,waste,2021-02-08 09:00:00,1.0
DE3,waste,2021-02-08 12:00:00,1.0
DE3,waste,2021-02-08 15:00:00,1.0
DE3,waste,2021-02-08 18:00:00,1.0
DE3,waste,2021-02-08 21:00:00,1.0
DE3,waste,2021-02-09 00:00:00,1.0
DE3,waste,2021-02-09 03:00:00,1.0
DE3,waste,2021-02-09 06:00:00,1.0
DE3,waste,2021-02-09 09:00:00,1.0
DE3,waste,2021-02-09 12:00:00,1.0
DE3,waste,2021-02-09 15:00:00,1.0
DE3,waste,2021-02-09 18:00:00,1.0
DE3,waste,2021-02-09 21:00:00,1.0
DE3,waste,2021-02-10 00:00:00,1.0
DE3,waste,2021-02-10 03:00:00,1.0
DE3,waste,2021-02-10 06:00:00,1.0
DE3,waste,2021-02-10 09:00:00,1.0
DE3,waste,2021-02-10 12:00:00,1.0
DE3,waste,2021-02-10 15:00:00,1.0
DE3,waste,2021-02-10 18:00:00,1.0
DE3,waste,2021-02-10 21:00:00,1.0
DE3,waste,2021-02-11 00:00:00,1.0
DE3,waste,2021-02-11 03:00:00,1.0
DE3,waste,2021-02-11 06:00:00,1.0
DE3,waste,2021-02-11 09:00:00,1.0
DE3,waste,2021-02-11 12:00:00,1.0
DE3,waste,2021-02-11 15:00:00,1.0
DE3,waste,2021-02-11 18:00:00,1.0
DE3,waste,2021-02-11 21:00:00,1.0
DE3,waste,2021-02-12 00:00:00,1.0
DE3,waste,2021-02-12 03:00:00,1.0
DE3,waste,2021-02-12 06:00:00,1.0
DE3,waste,2021-02-12 09:00:00,1.0
DE3,waste,2021-02-12 12:00:00,1.0
DE3,waste,2021-02-12 15:00:00,1.0
DE3,waste,2021-02-12 18:00:00,1.0
DE3,waste,2021-02-12 21:00:00,1.0
DE3,waste,2021-02-13 00:00:00,1.0
DE3,waste,2021-02-13 03:00:00,1.0
DE3,waste,2021-02-13 06:00:00,1.0
DE3,waste,2021-02-13 09:00:00,1.0
DE3,waste,2021-02-13 12:00:00,1.0
DE3,waste,2021-02-13 15:00:00,1.0
DE3,waste,2021-02-13 18:00:00,1.0
DE3,waste,2021-02-13 21:00:00,1.0
DE3,waste,2021-02-14 00:00:00,1.0
DE3,waste,2021-02-14 03:00:00,1.0
DE3,waste,2021-02-14 06:00:00,1.0
DE3,waste,2021-02-14 09:00:00,1.0
DE3,waste,2021-02-14 12:00:00,1.0
DE3,waste,2021-02-14 15:00:00,1.0
DE3,waste,2021-02-14 18:00:00,1.0
DE3,waste,2021-02-14 21:00:00,1.0
DE4,biomass,2021-01-18 00:00:00,1.0
DE4,biomass,2021-01-18 03:00:00,1.0
DE4,biomass,2021-01-18 06:00:00,1.0
DE4,biomass,2021-01-18 09:00:00,1.0
DE4,biomass,2021-01-18 12:00:00,1.0
DE4,biomass,2021-01-18 15:00:00,1.0
DE4,biomass,2021-01-18 18:00:00,1.0
DE4,biomass,2021-01-18 21:00:00,1.0
DE4,biomass,2021-01-19 00:00:00,1.0
DE4,biomass,2021-01-19 03:00:00,1.0
DE4,biomass,2021-01-19 06:00:00,1.0
DE4,biomass,2021-01-19 09:00:00,1.0
DE4,biomass,2021-01-19 12:00:00,1.0
DE4,biomass,2021-01-19 15:00:00,1.0
DE4,biomass,2021-01-19 18:00:00,1.0
DE4,biomass,2021-01-19 21:00:00,1.0
DE4,biomass,2021-01-20 00:00:00,1.0
DE4,biomass,2021-01-20 03:00:00,1.0
DE4,biomass,2021-01-20 06:00:00,1.0
DE4,biomass,2021-01-20 09:00:00,1.0
DE4,biomass,2021-01-20 12:00:00,1.0
DE4,biomass,2021-01-20 15:00:00,1.0
DE4,biomass,2021-01-20 18:00:00,1.0
DE4,biomass,2021-01-20 21:00:00,1.0
DE4,biomass,2021-01-21 00:00:00,1.0
DE4,biomass,2021-01-21 03:00:00,1.0
DE4,biomass,2021-01-21 06:00:00,1.0
DE4,biomass,2021-01-21 09:00:00,1.0
DE4,biomass,2021-01-21 12:00:00,1.0
DE4,biomass,2021-01-21 15:00:00,1.0
DE4,biomass,2021-01-21 18:00:00,1.0
DE4,biomass,2021-01-21 21:00:00,1.0
DE4,biomass,2021-01-22 00:00:00,1.0
DE4,biomass,2021-01-22 03:00:00,1.0
DE4,biomass,2021-01-22 06:00:00,1.0
DE4,biomass,2021-01-22 09:00:00,1.0
DE4,biomass,2021-01-22 12:00:00,1.0
DE4,biomass,2021-01-22 15:00:00,1.0
DE4,biomass,2021-01-22 18:00:00,1.0
DE4,biomass,2021-01-22 21:00:00,1.0
DE4,biomass,2021-01-23 00:00:00,1.0
DE4,biomass,2021-01-23 03:00:00,1.0
DE4,biomass,2021-01-23 06:00:00,1.0
DE4,biomass,2021-01-23 09:00:00,1.0
DE4,biomass,2021-01-23 12:00:00,1.0
DE4,biomass,2021-01-23 15:00:00,1.0
DE4,biomass,2021-01-23 18:00:00,1.0
DE4,biomass,2021-01-23 21:00:00,1.0
DE4,biomass,2021-01-24 00:00:00,1.0
DE4,biomass,2021-01-24 03:00:00,1.0
DE4,biomass,2021-01-24 06:00:00,1.0
DE4,biomass,2021-01-24 09:00:00,1.0
DE4,biomass,2021-01-24 12:00:00,1.0
DE4,biomass,2021-01-24 15:00:00,1.0
DE4,biomass,2021-01-24 18:00:00,1.0
DE4,biomass,2021-01-24 21:00:00,1.0
DE4,biomass,2021-01-25 00:00:00,1.0
DE4,biomass,2021-01-25 03:00:00,1.0
DE4,biomass,2021-01-25 06:00:00,1.0
DE4,biomass,2021-01-25 09:00:00,1.0
DE4,biomass,2021-01-25 12:00:00,1.0
DE4,biomass,2021-01-25 15:00:00,1.0
DE4,biomass,2021-01-25 18:00:00,1.0
DE4,biomass,2021-01-25 21:00:00,1.0
DE4,biomass,2021-01-26 00:00:00,1.0
DE4,biomass,2021-01-26 03:00:00,1.0
DE4,biomass,2021-01-26 06:00:00,1.0
DE4,biomass,2021-01-26 09:00:00,1.0
DE4,biomass,2021-01-26 12:00:00,1.0
DE4,biomass,2021-01-26 15:00:00,1.0
DE4,biomass,2021-01-26 18:00:00,1.0
DE4,biomass,2021-01-26 21:00:00,1.0
DE4,biomass,2021-01-27 00:00:00,1.0
DE4,biomass,2021-01-27 03:00:00,1.0
DE4,biomass,2021-01-27 06:00:00,1.0
DE4,biomass,2021-01-27 09:00:00,1.0
DE4,biomass,2021-01-27 12:00:00,1.0
DE4,biomass,2021-01-27 15:00:00,1.0
DE4,biomass,2021-01-27 18:00:00,1.0
DE4,biomass,2021-01-27 21:00:00,1.0
DE4,biomass,2021-01-28 00:00:00,1.0
DE4,biomass,2021-01-28 03:00:00,1.0
DE4,biomass,2021-01-28 06:00:00,1.0
DE4,biomass,2021-01-28 09:00:00,1.0
DE4,biomass,2021-01-28 12:00:00,1.0
DE4,biomass,2021-01-28 15:00:00,1.0
DE4,biomass,2021-01-28 18:00:00,1.0
DE4,biomass,2021-01-28 21:00:00,1.0
DE4,biomass,2021-01-29 00:00:00,1.0
DE4,biomass,2021-01-29 03:00:00,1.0
DE4,biomass,2021-01-29 06:00:00,1.0
DE4,biomass,2021-01-29 09:00:00,1.0
DE4,biomass,2021-01-29 12:00:00,1.0
DE4,biomass,2021-01-29 15:00:00,1.0
DE4,biomass,2021-01-29 18:00:00,1.0
DE4,biomass,2021-01-29 21:00:00,1.0
DE4,biomass,2021-01-30 00:00:00,1.0
DE4,biomass,2021-01-30 03:00:00,1.0
DE4,biomass,2021-01-30 06:00:00,1.0
DE4,biomass,2021-01-30 09:00:00,1.0
DE4,biomass,2021-01-30 12:00:00,1.0
DE4,biomass,2021-01-30 15:00:00,1.0
DE4,biomass,2021-01-30 18:00:00,1.0
DE4,biomass,2021-01-30 21:00:00,1.0
DE4,biomass,2021-01-31 00:00:00,1.0
DE4,biomass,2021-01-31 03:00:00,1.0
DE4,biomass,2021-01-31 06:00:00,1.0
DE4,biomass,2021-01-31 09:00:00,1.0
DE4,biomass,2021-01-31 12:00:00,1.0
DE4,biomass,2021-01-31 15:00:00,1.0
DE4,biomass,2021-01-31 18:00:00,1.0
DE4,biomass,2021-01-31 21:00:00,1.0
DE4,biomass,2021-02-01 00:00:00,1.0
DE4,biomass,2021-02-01 03:00:00,1.0
DE4,biomass,2021-02-01 06:00:00,1.0
DE4,biomass,2021-02-01 09:00:00,1.0
DE4,biomass,2021-02-01 12:00:00,1.0
DE4,biomass,2021-02-01 15:00:00,1.0
DE4,biomass,2021-02-01 18:00:00,1.0
DE4,biomass,2021-02-01 21:00:00,1.0
DE4,biomass,2021-02-02 00:00:00,1.0
DE4,biomass,2021-02-02 03:00:00,1.0
DE4,biomass,2021-02-02 06:00:00,1.0
DE4,biomass,2021-02-02 09:00:00,1.0
DE4,biomass,2021-02-02 12:00:00,1.0
DE4,biomass,2021-02-02 15:00:00,1.0
DE4,biomass,2021-02-02 18:00:00,1.0
DE4,biomass,2021-02-02 21:00:00,1.0
DE4,biomass,2021-02-03 00:00:00,1.0
DE4,biomass,2021-02-03 03:00:00,1.0
DE4,biomass,2021-02-03 06:00:00,1.0
DE4,biomass,2021-02-03 09:00:00,1.0
DE4,biomass,2021-02-03 12:00:00,1.0
DE4,biomass,2021-02-03 15:00:00,1.0
DE4,biomass,2021-02-03 18:00:00,1.0
DE4,biomass,2021-02-03 21:00:00,1.0
DE4,biomass,2021-02-04 00:00:00,1.0
DE4,biomass,2021-02-04 03:00:00,1.0
DE4,biomass,2021-02-04 06:00:00,1.0
DE4,biomass,2021-02-04 09:00:00,1.0
DE4,biomass,2021-02-04 12:00:00,1.0
DE4,biomass,2021-02-04 15:00:00,1.0
DE4,biomass,2021-02-04 18:00:00,1.0
DE4,biomass,2021-02-04 21:00:00,1.0
DE4,biomass,2021-02-05 00:00:00,1.0
DE4,biomass,2021-02-05 03:00:00,1.0
DE4,biomass,2021-02-05 06:00:00,1.0
DE4,biomass,2021-02-05 09:00:00,1.0
DE4,biomass,2021-02-05 12:00:00,1.0
DE4,biomass,2021-02-05 15:00:00,1.0
DE4,biomass,2021-02-05 18:00:00,1.0
DE4,biomass,2021-02-05 21:00:00,1.0
DE4,biomass,2021-02-06 00:00:00,1.0
DE4,biomass,2021-02-06 03:00:00,1.0
DE4,biomass,2021-02-06 06:00:00,1.0
DE4,biomass,2021-02-06 09:00:00,1.0
DE4,biomass,2021-02-06 12:00:00,1.0
DE4,biomass,2021-02-06 15:00:00,1.0
DE4,biomass,2021-02-06 18:00:00,1.0
DE4,biomass,2021-02-06 21:00:00,1.0
DE4,biomass,2021-02-07 00:00:00,1.0
DE4,biomass,2021-02-07 03:00:00,1.0
DE4,biomass,2021-02-07 06:00:00,1.0
DE4,biomass,2021-02-07 09:00:00,1.0
DE4,biomass,2021-02-07 12:00:00,1.0
DE4,biomass,2021-02-07 15:00:00,1.0
DE4,biomass,2021-02-07 18:00:00,1.0
DE4,biomass,2021-02-07 21:00:00,1.0
DE4,biomass,2021-02-08 00:00:00,1.0
DE4,biomass,2021-02-08 03:00:00,1.0
DE4,biomass,2021-02-08 06:00:00,1.0
DE4,biomass,2021-02-08 09:00:00,1.0
DE4,biomass,2021-02-08 12:00:00,1.0
DE4,biomass,2021-02-08 15:00:00,1.0
DE4,biomass,2021-02-08 18:00:00,1.0
DE4,biomass,2021-02-08 21:00:00,1.0
DE4,biomass,2021-02-09 00:00:00,1.0
DE4,biomass,2021-02-09 03:00:00,1.0
DE4,biomass,2021-02-09 06:00:00,1.0
DE4,biomass,2021-02-09 09:00:00,1.0
DE4,biomass,2021-02-09 12:00:00,1.0
DE4,biomass,2021-02-09 15:00:00,1.0
DE4,biomass,2021-02-09 18:00:00,1.0
DE4,biomass,2021-02-09 21:00:00,1.0
DE4,biomass,2021-02-10 00:00:00,1.0
DE4,biomass,2021-02-10 03:00:00,1.0
DE4,biomass,2021-02-10 06:00:00,1.0
DE4,biomass,2021-02-10 09:00:00,1.0
DE4,biomass,2021-02-10 12:00:00,1.0
DE4,biomass,2021-02-10 15:00:00,1.0
DE4,biomass,2021-02-10 18:00:00,1.0
DE4,biomass,2021-02-10 21:00:00,1.0
DE4,biomass,2021-02-11 00:00:00,1.0
DE4,biomass,2021-02-11 03:00:00,1.0
DE4,biomass,2021-02-11 06:00:00,1.0
DE4,biomass,2021-02-11 09:00:00,1.0
DE4,biomass,2021-02-11 12:00:00,1.0
DE4,biomass,2021-02-11 15:00:00,1.0
DE4,biomass,2021-02-11 18:00:00,1.0
DE4,biomass,2021-02-11 21:00:00,1.0
DE4,biomass,2021-02-12 00:00:00,1.0
DE4,biomass,2021-02-12 03:00:00,1.0
DE4,biomass,2021-02-12 06:00:00,1.0
DE4,biomass,2021-02-12 09:00:00,1.0
DE4,biomass,2021-02-12 12:00:00,1.0
DE4,biomass,2021-02-12 15:00:00,1.0
DE4,biomass,2021-02-12 18:00:00,1.0
DE4,biomass,2021-02-12 21:00:00,1.0
DE4,biomass,2021-02-13 00:00:00,1.0
DE4,biomass,2021-02-13 03:00:00,1.0
DE4,biomass,2021-02-13 06:00:00,1.0
DE4,biomass,2021-02-13 09:00:00,1.0
DE4,biomass,2021-02-13 12:00:00,1.0
DE4,biomass,2021-02-13 15:00:00,1.0
DE4,biomass,2021-02-13 18:00:00,1.0
DE4,biomass,2021-02-13 21:00:00,1.0
DE4,biomass,2021-02-14 00:00:00,1.0
DE4,biomass,2021-02-14 03:00:00,1.0
DE4,biomass,2021-02-14 06:00:00,1.0
DE4,biomass,2021-02-14 09:00:00,1.0
DE4,biomass,2021-02-14 12:00:00,1.0
DE4,biomass,2021-02-14 15:00:00,1.0
DE4,biomass,2021-02-14 18:00:00,1.0
DE4,biomass,2021-02-14 21:00:00,1.0
DE4,ccgt,2021-01-18 00:00:00,1.0
DE4,ccgt,2021-01-18 03:00:00,1.0
DE4,ccgt,2021-01-18 06:00:00,1.0
DE4,ccgt,2021-01-18 09:00:00,1.0
DE4,ccgt,2021-01-18 12:00:00,1.0
DE4,ccgt,2021-01-18 15:00:00,1.0
DE4,ccgt,2021-01-18 18:00:00,1.0
DE4,ccgt,2021-01-18 21:00:00,1.0
DE4,ccgt,2021-01-19 00:00:00,1.0
DE4,ccgt,2021-01-19 03:00:00,1.0
DE4,ccgt,2021-01-19 06:00:00,1.0
DE4,ccgt,2021-01-19 09:00:00,1.0
DE4,ccgt,2021-01-19 12:00:00,1.0
DE4,ccgt,2021-01-19 15:00:00,1.0
DE4,ccgt,2021-01-19 18:00:00,1.0
DE4,ccgt,2021-01-19 21:00:00,1.0
DE4,ccgt,2021-01-20 00:00:00,1.0
DE4,ccgt,2021-01-20 03:00:00,1.0
DE4,ccgt,2021-01-20 06:00:00,1.0
DE4,ccgt,2021-01-20 09:00:00,1.0
DE4,ccgt,2021-01-20 12:00:00,1.0
DE4,ccgt,2021-01-20 15:00:00,1.0
DE4,ccgt,2021-01-20 18:00:00,1.0
DE4,ccgt,2021-01-20 21:00:00,1.0
DE4,ccgt,2021-01-21 00:00:00,1.0
DE4,ccgt,2021-01-21 03:00:00,1.0
DE4,ccgt,2021-01-21 06:00:00,1.0
DE4,ccgt,2021-01-21 09:00:00,1.0
DE4,ccgt,2021-01-21 12:00:00,1.0
DE4,ccgt,2021-01-21 15:00:00,1.0
DE4,ccgt,2021-01-21 18:00:00,1.0
DE4,ccgt,2021-01-21 21:00:00,1.0
DE4,ccgt,2021-01-22 00:00:00,1.0
DE4,ccgt,2021-01-22 03:00:00,1.0
DE4,ccgt,2021-01-22 06:00:00,1.0
DE4,ccgt,2021-01-22 09:00:00,1.0
DE4,ccgt,2021-01-22 12:00:00,1.0
DE4,ccgt,2021-01-22 15:00:00,1.0
DE4,ccgt,2021-01-22 18:00:00,1.0
DE4,ccgt,2021-01-22 21:00:00,1.0
DE4,ccgt,2021-01-23 00:00:00,1.0
DE4,ccgt,2021-01-23 03:00:00,1.0
DE4,ccgt,2021-01-23 06:00:00,1.0
DE4,ccgt,2021-01-23 09:00:00,1.0
DE4,ccgt,2021-01-23 12:00:00,1.0
DE4,ccgt,2021-01-23 15:00:00,1.0
DE4,ccgt,2021-01-23 18:00:00,1.0
DE4,ccgt,2021-01-23 21:00:00,1.0
DE4,ccgt,2021-01-24 00:00:00,1.0
DE4,ccgt,2021-01-24 03:00:00,1.0
DE4,ccgt,2021-01-24 06:00:00,1.0
DE4,ccgt,2021-01-24 09:00:00,1.0
DE4,ccgt,2021-01-24 12:00:00,1.0
DE4,ccgt,2021-01-24 15:00:00,1.0
DE4,ccgt,2021-01-24 18:00:00,1.0
DE4,ccgt,2021-01-24 21:00:00,1.0
DE4,ccgt,2021-01-25 00:00:00,1.0
DE4,ccgt,2021-01-25 03:00:00,1.0
DE4,ccgt,2021-01-25 06:00:00,1.0
DE4,ccgt,2021-01-25 09:00:00,1.0
DE4,ccgt,2021-01-25 12:00:00,1.0
DE4,ccgt,2021-01-25 15:00:00,1.0
DE4,ccgt,2021-01-25 18:00:00,1.0
DE4,ccgt,2021-01-25 21:00:00,1.0
DE4,ccgt,2021-01-26 00:00:00,1.0
DE4,ccgt,2021-01-26 03:00:00,1.0
DE4,ccgt,2021-01-26 06:00:00,1.0
DE4,ccgt,2021-01-26 09:00:00,1.0
DE4,ccgt,2021-01-26 12:00:00,1.0
DE4,ccgt,2021-01-26 15:00:00,1.0
DE4,ccgt,2021-01-26 18:00:00,1.0
DE4,ccgt,2021-01-26 21:00:00,1.0
DE4,ccgt,2021-01-27 00:00:00,1.0
DE4,ccgt,2021-01-27 03:00:00,1.0
DE4,ccgt,2021-01-27 06:00:00,1.0
DE4,ccgt,2021-01-27 09:00:00,1.0
DE4,ccgt,2021-01-27 12:00:00,1.0
DE4,ccgt,2021-01-27 15:00:00,1.0
DE4,ccgt,2021-01-27 18:00:00,1.0
DE4,ccgt,2021-01-27 21:00:00,1.0
DE4,ccgt,2021-01-28 00:00:00,1.0
DE4,ccgt,2021-01-28 03:00:00,1.0
DE4,ccgt,2021-01-28 06:00:00,1.0
DE4,ccgt,2021-01-28 09:00:00,1.0
DE4,ccgt,2021-01-28 12:00:00,1.0
DE4,ccgt,2021-01-28 15:00:00,1.0
DE4,ccgt,2021-01-28 18:00:00,1.0
DE4,ccgt,2021-01-28 21:00:00,1.0
DE4,ccgt,2021-01-29 00:00:00,1.0
DE4,ccgt,2021-01-29 03:00:00,1.0
DE4,ccgt,2021-01-29 06:00:00,1.0
DE4,ccgt,2021-01-29 09:00:00,1.0
DE4,ccgt,2021-01-29 12:00:00,1.0
DE4,ccgt,2021-01-29 15:00:00,1.0
DE4,ccgt,2021-01-29 18:00:00,1.0
DE4,ccgt,2021-01-29 21:00:00,1.0
DE4,ccgt,2021-01-30 00:00:00,1.0
DE4,ccgt,2021-01-30 03:00:00,1.0
DE4,ccgt,2021-01-30 06:00:00,1.0
DE4,ccgt,2021-01-30 09:00:00,1.0
DE4,ccgt,2021-01-30 12:00:00,1.0
DE4,ccgt,2021-01-30 15:00:00,1.0
DE4,ccgt,2021-01-30 18:00:00,1.0
DE4,ccgt,2021-01-30 21:00:00,1.0
DE4,ccgt,2021-01-31 00:00:00,1.0
DE4,ccgt,2021-01-31 03:00:00,1.0
DE4,ccgt,2021-01-31 06:00:00,1.0
DE4,ccgt,2021-01-31 09:00:00,1.0
DE4,ccgt,2021-01-31 12:00:00,1.0
DE4,ccgt,2021-01-31 15:00:00,1.0
DE4,ccgt,2021-01-31 18:00:00,1.0
DE4,ccgt,2021-01-31 21:00:00,1.0
DE4,ccgt,2021-02-01 00:00:00,1.0
DE4,ccgt,2021-02-01 03:00:00,1.0
DE4,ccgt,2021-02-01 06:00:00,1.0
DE4,ccgt,2021-02-01 09:00:00,1.0
DE4,ccgt,2021-02-01 12:00:00,1.0
DE4,ccgt,2021-02-01 15:00:00,1.0
DE4,ccgt,2021-02-01 18:00:00,1.0
DE4,ccgt,2021-02-01 21:00:00,1.0
DE4,ccgt,2021-02-02 00:00:00,1.0
DE4,ccgt,2021-02-02 03:00:00,1.0
DE4,ccgt,2021-02-02 06:00:00,1.0
DE4,ccgt,2021-02-02 09:00:00,1.0
DE4,ccgt,2021-02-02 12:00:00,1.0
DE4,ccgt,2021-02-02 15:00:00,1.0
DE4,ccgt,2021-02-02 18:00:00,1.0
DE4,ccgt,2021-02-02 21:00:00,1.0
DE4,ccgt,2021-02-03 00:00:00,1.0
DE4,ccgt,2021-02-03 03:00:00,1.0
DE4,ccgt,2021-02-03 06:00:00,1.0
DE4,ccgt,2021-02-03 09:00:00,1.0
DE4,ccgt,2021-02-03 12:00:00,1.0
DE4,ccgt,2021-02-03 15:00:00,1.0
DE4,ccgt,2021-02-03 18:00:00,1.0
DE4,ccgt,2021-02-03 21:00:00,1.0
DE4,ccgt,2021-02-04 00:00:00,1.0
DE4,ccgt,2021-02-04 03:00:00,1.0
DE4,ccgt,2021-02-04 06:00:00,1.0
DE4,ccgt,2021-02-04 09:00:00,1.0
DE4,ccgt,2021-02-04 12:00:00,1.0
DE4,ccgt,2021-02-04 15:00:00,1.0
DE4,ccgt,2021-02-04 18:00:00,1.0
DE4,ccgt,2021-02-04 21:00:00,1.0
DE4,ccgt,2021-02-05 00:00:00,1.0
DE4,ccgt,2021-02-05 03:00:00,1.0
DE4,ccgt,2021-02-05 06:00:00,1.0
DE4,ccgt,2021-02-05 09:00:00,1.0
DE4,ccgt,2021-02-05 12:00:00,1.0
DE4,ccgt,2021-02-05 15:00:00,1.0
DE4,ccgt,2021-02-05 18:00:00,1.0
DE4,ccgt,2021-02-05 21:00:00,1.0
DE4,ccgt,2021-02-06 00:00:00,1.0
DE4,ccgt,2021-02-06 03:00:00,1.0
DE4,ccgt,2021-02-06 06:00:00,1.0
DE4,ccgt,2021-02-06 09:00:00,1.0
DE4,ccgt,2021-02-06 12:00:00,1.0
DE4,ccgt,2021-02-06 15:00:00,1.0
DE4,ccgt,2021-02-06 18:00:00,1.0
DE4,ccgt,2021-02-06 21:00:00,1.0
DE4,ccgt,2021-02-07 00:00:00,1.0
DE4,ccgt,2021-02-07 03:00:00,1.0
DE4,ccgt,2021-02-07 06:00:00,1.0
DE4,ccgt,2021-02-07 09:00:00,1.0
DE4,ccgt,2021-02-07 12:00:00,1.0
DE4,ccgt,2021-02-07 15:00:00,1.0
DE4,ccgt,2021-02-07 18:00:00,1.0
DE4,ccgt,2021-02-07 21:00:00,1.0
DE4,ccgt,2021-02-08 00:00:00,1.0
DE4,ccgt,2021-02-08 03:00:00,1.0
DE4,ccgt,2021-02-08 06:00:00,1.0
DE4,ccgt,2021-02-08 09:00:00,1.0
DE4,ccgt,2021-02-08 12:00:00,1.0
DE4,ccgt,2021-02-08 15:00:00,1.0
DE4,ccgt,2021-02-08 18:00:00,1.0
DE4,ccgt,2021-02-08 21:00:00,1.0
DE4,ccgt,2021-02-09 00:00:00,1.0
DE4,ccgt,2021-02-09 03:00:00,1.0
DE4,ccgt,2021-02-09 06:00:00,1.0
DE4,ccgt,2021-02-09 09:00:00,1.0
DE4,ccgt,2021-02-09 12:00:00,1.0
DE4,ccgt,2021-02-09 15:00:00,1.0
DE4,ccgt,2021-02-09 18:00:00,1.0
DE4,ccgt,2021-02-09 21:00:00,1.0
DE4,ccgt,2021-02-10 00:00:00,1.0
DE4,ccgt,2021-02-10 03:00:00,1.0
DE4,ccgt,2021-02-10 06:00:00,1.0
DE4,ccgt,2021-02-10 09:00:00,1.0
DE4,ccgt,2021-02-10 12:00:00,1.0
DE4,ccgt,2021-02-10 15:00:00,1.0
DE4,ccgt,2021-02-10 18:00:00,1.0
DE4,ccgt,2021-02-10 21:00:00,1.0
DE4,ccgt,2021-02-11 00:00:00,1.0
DE4,ccgt,2021-02-11 03:00:00,1.0
DE4,ccgt,2021-02-11 06:00:00,1.0
DE4,ccgt,2021-02-11 09:00:00,1.0
DE4,ccgt,2021-02-11 12:00:00,1.0
DE4,ccgt,2021-02-11 15:00:00,1.0
DE4,ccgt,2021-02-11 18:00:00,1.0
DE4,ccgt,2021-02-11 21:00:00,1.0
DE4,ccgt,2021-02-12 00:00:00,1.0
DE4,ccgt,2021-02-12 03:00:00,1.0
DE4,ccgt,2021-02-12 06:00:00,1.0
DE4,ccgt,2021-02-12 09:00:00,1.0
DE4,ccgt,2021-02-12 12:00:00,1.0
DE4,ccgt,2021-02-12 15:00:00,1.0
DE4,ccgt,2021-02-12 18:00:00,1.0
DE4,ccgt,2021-02-12 21:00:00,1.0
DE4,ccgt,2021-02-13 00:00:00,1.0
DE4,ccgt,2021-02-13 03:00:00,1.0
DE4,ccgt,2021-02-13 06:00:00,1.0
DE4,ccgt,2021-02-13 09:00:00,1.0
DE4,ccgt,2021-02-13 12:00:00,1.0
DE4,ccgt,2021-02-13 15:00:00,1.0
DE4,ccgt,2021-02-13 18:00:00,1.0
DE4,ccgt,2021-02-13 21:00:00,1.0
DE4,ccgt,2021-02-14 00:00:00,1.0
DE4,ccgt,2021-02-14 03:00:00,1.0
DE4,ccgt,2021-02-14 06:00:00,1.0
DE4,ccgt,2021-02-14 09:00:00,1.0
DE4,ccgt,2021-02-14 12:00:00,1.0
DE4,ccgt,2021-02-14 15:00:00,1.0
DE4,ccgt,2021-02-14 18:00:00,1.0
DE4,ccgt,2021-02-14 21:00:00,1.0
DE4,coal,2021-01-18 00:00:00,0.0
DE4,coal,2021-01-18 03:00:00,0.0
DE4,coal,2021-01-18 06:00:00,0.0
DE4,coal,2021-01-18 09:00:00,0.0
DE4,coal,2021-01-18 12:00:00,0.0
DE4,coal,2021-01-18 15:00:00,0.0
DE4,coal,2021-01-18 18:00:00,0.0
DE4,coal,2021-01-18 21:00:00,0.0
DE4,coal,2021-01-19 00:00:00,0.0
DE4,coal,2021-01-19 03:00:00,0.0
DE4,coal,2021-01-19 06:00:00,0.0
DE4,coal,2021-01-19 09:00:00,0.0
DE4,coal,2021-01-19 12:00:00,0.0
DE4,coal,2021-01-19 15:00:00,0.0
DE4,coal,2021-01-19 18:00:00,0.0
DE4,coal,2021-01-19 21:00:00,0.0
DE4,coal,2021-01-20 00:00:00,0.0
DE4,coal,2021-01-20 03:00:00,0.0
DE4,coal,2021-01-20 06:00:00,0.0
DE4,coal,2021-01-20 09:00:00,0.0
DE4,coal,2021-01-20 12:00:00,0.0
DE4,coal,2021-01-20 15:00:00,0.0
DE4,coal,2021-01-20 18:00:00,0.0
DE4,coal,2021-01-20 21:00:00,0.0
DE4,coal,2021-01-21 00:00:00,0.0
DE4,coal,2021-01-21 03:00:00,0.0
DE4,coal,2021-01-21 06:00:00,0.0
DE4,coal,2021-01-21 09:00:00,0.0
DE4,coal,2021-01-21 12:00:00,0.0
DE4,coal,2021-01-21 15:00:00,0.0
DE4,coal,2021-01-21 18:00:00,0.0
DE4,coal,2021-01-21 21:00:00,0.0
DE4,coal,2021-01-22 00:00:00,0.0
DE4,coal,2021-01-22 03:00:00,0.0
DE4,coal,2021-01-22 06:00:00,0.0
DE4,coal,2021-01-22 09:00:00,0.0
DE4,coal,2021-01-22 12:00:00,0.0
DE4,coal,2021-01-22 15:00:00,0.0
DE4,coal,2021-01-22 18:00:00,0.0
DE4,coal,2021-01-22 21:00:00,0.0
DE4,coal,2021-01-23 00:00:00,0.0
DE4,coal,2021-01-23 03:00:00,0.0
DE4,coal,2021-01-23 06:00:00,0.0
DE4,coal,2021-01-23 09:00:00,0.0
DE4,coal,2021-01-23 12:00:00,0.0
DE4,coal,2021-01-23 15:00:00,0.0
DE4,coal,2021-01-23 18:00:00,0.0
DE4,coal,2021-01-23 21:00:00,0.0
DE4,coal,2021-01-24 00:00:00,0.0
DE4,coal,2021-01-24 03:00:00,0.0
DE4,coal,2021-01-24 06:00:00,0.0
DE4,coal,2021-01-24 09:00:00,0.0
DE4,coal,2021-01-24 12:00:00,0.0
DE4,coal,2021-01-24 15:00:00,0.0
DE4,coal,2021-01-24 18:00:00,0.0
DE4,coal,2021-01-24 21:00:00,0.0
DE4,coal,2021-01-25 00:00:00,0.0
DE4,coal,2021-01-25 03:00:00,0.0
DE4,coal,2021-01-25 06:00:00,0.0
DE4,coal,2021-01-25 09:00:00,0.0
DE4,coal,2021-01-25 12:00:00,0.0
DE4,coal,2021-01-25 15:00:00,0.0
DE4,coal,2021-01-25 18:00:00,0.0
DE4,coal,2021-01-25 21:00:00,0.0
DE4,coal,2021-01-26 00:00:00,0.0
DE4,coal,2021-01-26 03:00:00,0.0
DE4,coal,2021-01-26 06:00:00,0.0
DE4,coal,2021-01-26 09:00:00,0.0
DE4,coal,2021-01-26 12:00:00,0.0
DE4,coal,2021-01-26 15:00:00,0.0
DE4,coal,2021-01-26 18:00:00,0.0
DE4,coal,2021-01-26 21:00:00,0.0
DE4,coal,2021-01-27 00:00:00,0.0
DE4,coal,2021-01-27 03:00:00,0.0
DE4,coal,2021-01-27 06:00:00,0.0
DE4,coal,2021-01-27 09:00:00,0.0
DE4,coal,2021-01-27 12:00:00,0.0
DE4,coal,2021-01-27 15:00:00,0.0
DE4,coal,2021-01-27 18:00:00,0.0
DE4,coal,2021-01-27 21:00:00,0.0
DE4,coal,2021-01-28 00:00:00,0.0
DE4,coal,2021-01-28 03:00:00,0.0
DE4,coal,2021-01-28 06:00:00,0.0
DE4,coal,2021-01-28 09:00:00,0.0
DE4,coal,2021-01-28 12:00:00,0.0
DE4,coal,2021-01-28 15:00:00,0.0
DE4,coal,2021-01-28 18:00:00,0.0
DE4,coal,2021-01-28 21:00:00,0.0
DE4,coal,2021-01-29 00:00:00,0.0
DE4,coal,2021-01-29 03:00:00,0.0
DE4,coal,2021-01-29 06:00:00,0.0
DE4,coal,2021-01-29 09:00:00,0.0
DE4,coal,2021-01-29 12:00:00,0.0
DE4,coal,2021-01-29 15:00:00,0.0
DE4,coal,2021-01-29 18:00:00,0.0
DE4,coal,2021-01-29 21:00:00,0.0
DE4,coal,2021-01-30 00:00:00,0.0
DE4,coal,2021-01-30 03:00:00,0.0
DE4,coal,2021-01-30 06:00:00,0.0
DE4,coal,2021-01-30 09:00:00,0.0
DE4,coal,2021-01-30 12:00:00,0.0
DE4,coal,2021-01-30 15:00:00,0.0
DE4,coal,2021-01-30 18:00:00,0.0
DE4,coal,2021-01-30 21:00:00,0.0
DE4,coal,2021-01-31 00:00:00,0.0
DE4,coal,2021-01-31 03:00:00,0.0
DE4,coal,2021-01-31 06:00:00,0.0
DE4,coal,2021-01-31 09:00:00,0.0
DE4,coal,2021-01-31 12:00:00,0.0
DE4,coal,2021-01-31 15:00:00,0.0
DE4,coal,2021-01-31 18:00:00,0.0
DE4,coal,2021-01-31 21:00:00,0.0
DE4,coal,2021-02-01 00:00:00,0.0
DE4,coal,2021-02-01 03:00:00,0.0
DE4,coal,2021-02-01 06:00:00,0.0
DE4,coal,2021-02-01 09:00:00,0.0
DE4,coal,2021-02-01 12:00:00,0.0
DE4,coal,2021-02-01 15:00:00,0.0
DE4,coal,2021-02-01 18:00:00,0.0
DE4,coal,2021-02-01 21:00:00,0.0
DE4,coal,2021-02-02 00:00:00,0.0
DE4,coal,2021-02-02 03:00:00,0.0
DE4,coal,2021-02-02 06:00:00,0.0
DE4,coal,2021-02-02 09:00:00,0.0
DE4,coal,2021-02-02 12:00:00,0.0
DE4,coal,2021-02-02 15:00:00,0.0
DE4,coal,2021-02-02 18:00:00,0.0
DE4,coal,2021-02-02 21:00:00,0.0
DE4,coal,2021-02-03 00:00:00,0.0
DE4,coal,2021-02-03 03:00:00,0.0
DE4,coal,2021-02-03 06:00:00,0.0
DE4,coal,2021-02-03 09:00:00,0.0
DE4,coal,2021-02-03 12:00:00,0.0
DE4,coal,2021-02-03 15:00:00,0.0
DE4,coal,2021-02-03 18:00:00,0.0
DE4,coal,2021-02-03 21:00:00,0.0
DE4,coal,2021-02-04 00:00:00,0.0
DE4,coal,2021-02-04 03:00:00,0.0
DE4,coal,2021-02-04 06:00:00,0.0
DE4,coal,2021-02-04 09:00:00,0.0
DE4,coal,2021-02-04 12:00:00,0.0
DE4,coal,2021-02-04 15:00:00,0.0
DE4,coal,2021-02-04 18:00:00,0.0
DE4,coal,2021-02-04 21:00:00,0.0
DE4,coal,2021-02-05 00:00:00,0.0
DE4,coal,2021-02-05 03:00:00,0.0
DE4,coal,2021-02-05 06:00:00,0.0
DE4,coal,2021-02-05 09:00:00,0.0
DE4,coal,2021-02-05 12:00:00,0.0
DE4,coal,2021-02-05 15:00:00,0.0
DE4,coal,2021-02-05 18:00:00,0.0
DE4,coal,2021-02-05 21:00:00,0.0
DE4,coal,2021-02-06 00:00:00,0.0
DE4,coal,2021-02-06 03:00:00,0.0
DE4,coal,2021-02-06 06:00:00,0.0
DE4,coal,2021-02-06 09:00:00,0.0
DE4,coal,2021-02-06 12:00:00,0.0
DE4,coal,2021-02-06 15:00:00,0.0
DE4,coal,2021-02-06 18:00:00,0.0
DE4,coal,2021-02-06 21:00:00,0.0
DE4,coal,2021-02-07 00:00:00,0.0
DE4,coal,2021-02-07 03:00:00,0.0
DE4,coal,2021-02-07 06:00:00,0.0
DE4,coal,2021-02-07 09:00:00,0.0
DE4,coal,2021-02-07 12:00:00,0.0
DE4,coal,2021-02-07 15:00:00,0.0
DE4,coal,2021-02-07 18:00:00,0.0
DE4,coal,2021-02-07 21:00:00,0.0
DE4,coal,2021-02-08 00:00:00,0.0
DE4,coal,2021-02-08 03:00:00,0.0
DE4,coal,2021-02-08 06:00:00,0.0
DE4,coal,2021-02-08 09:00:00,0.0
DE4,coal,2021-02-08 12:00:00,0.0
DE4,coal,2021-02-08 15:00:00,0.0
DE4,coal,2021-02-08 18:00:00,0.0
DE4,coal,2021-02-08 21:00:00,0.0
DE4,coal,2021-02-09 00:00:00,0.0
DE4,coal,2021-02-09 03:00:00,0.0
DE4,coal,2021-02-09 06:00:00,0.0
DE4,coal,2021-02-09 09:00:00,0.0
DE4,coal,2021-02-09 12:00:00,0.0
DE4,coal,2021-02-09 15:00:00,0.0
DE4,coal,2021-02-09 18:00:00,0.0
DE4,coal,2021-02-09 21:00:00,0.0
DE4,coal,2021-02-10 00:00:00,0.0
DE4,coal,2021-02-10 03:00:00,0.0
DE4,coal,2021-02-10 06:00:00,0.0
DE4,coal,2021-02-10 09:00:00,0.0
DE4,coal,2021-02-10 12:00:00,0.0
DE4,coal,2021-02-10 15:00:00,0.0
DE4,coal,2021-02-10 18:00:00,0.0
DE4,coal,2021-02-10 21:00:00,0.0
DE4,coal,2021-02-11 00:00:00,0.0
DE4,coal,2021-02-11 03:00:00,0.0
DE4,coal,2021-02-11 06:00:00,0.0
DE4,coal,2021-02-11 09:00:00,0.0
DE4,coal,2021-02-11 12:00:00,0.0
DE4,coal,2021-02-11 15:00:00,0.0
DE4,coal,2021-02-11 18:00:00,0.0
DE4,coal,2021-02-11 21:00:00,0.0
DE4,coal,2021-02-12 00:00:00,0.0
DE4,coal,2021-02-12 03:00:00,0.0
DE4,coal,2021-02-12 06:00:00,0.0
DE4,coal,2021-02-12 09:00:00,0.0
DE4,coal,2021-02-12 12:00:00,0.0
DE4,coal,2021-02-12 15:00:00,0.0
DE4,coal,2021-02-12 18:00:00,0.0
DE4,coal,2021-02-12 21:00:00,0.0
DE4,coal,2021-02-13 00:00:00,0.0
DE4,coal,2021-02-13 03:00:00,0.0
DE4,coal,2021-02-13 06:00:00,0.0
DE4,coal,2021-02-13 09:00:00,0.0
DE4,coal,2021-02-13 12:00:00,0.0
DE4,coal,2021-02-13 15:00:00,0.0
DE4,coal,2021-02-13 18:00:00,0.0
DE4,coal,2021-02-13 21:00:00,0.0
DE4,coal,2021-02-14 00:00:00,0.0
DE4,coal,2021-02-14 03:00:00,0.0
DE4,coal,2021-02-14 06:00:00,0.0
DE4,coal,2021-02-14 09:00:00,0.0
DE4,coal,2021-02-14 12:00:00,0.0
DE4,coal,2021-02-14 15:00:00,0.0
DE4,coal,2021-02-14 18:00:00,0.0
DE4,coal,2021-02-14 21:00:00,0.0
DE4,geothermal,2021-01-18 00:00:00,1.0
DE4,geothermal,2021-01-18 03:00:00,1.0
DE4,geothermal,2021-01-18 06:00:00,1.0
DE4,geothermal,2021-01-18 09:00:00,1.0
DE4,geothermal,2021-01-18 12:00:00,1.0
DE4,geothermal,2021-01-18 15:00:00,1.0
DE4,geothermal,2021-01-18 18:00:00,1.0
DE4,geothermal,2021-01-18 21:00:00,1.0
DE4,geothermal,2021-01-19 00:00:00,1.0
DE4,geothermal,2021-01-19 03:00:00,1.0
DE4,geothermal,2021-01-19 06:00:00,1.0
DE4,geothermal,2021-01-19 09:00:00,1.0
DE4,geothermal,2021-01-19 12:00:00,1.0
DE4,geothermal,2021-01-19 15:00:00,1.0
DE4,geothermal,2021-01-19 18:00:00,1.0
DE4,geothermal,2021-01-19 21:00:00,1.0
DE4,geothermal,2021-01-20 00:00:00,1.0
DE4,geothermal,2021-01-20 03:00:00,1.0
DE4,geothermal,2021-01-20 06:00:00,1.0
DE4,geothermal,2021-01-20 09:00:00,1.0
DE4,geothermal,2021-01-20 12:00:00,1.0
DE4,geothermal,2021-01-20 15:00:00,1.0
DE4,geothermal,2021-01-20 18:00:00,1.0
DE4,geothermal,2021-01-20 21:00:00,1.0
DE4,geothermal,2021-01-21 00:00:00,1.0
DE4,geothermal,2021-01-21 03:00:00,1.0
DE4,geothermal,2021-01-21 06:00:00,1.0
DE4,geothermal,2021-01-21 09:00:00,1.0
DE4,geothermal,2021-01-21 12:00:00,1.0
DE4,geothermal,2021-01-21 15:00:00,1.0
DE4,geothermal,2021-01-21 18:00:00,1.0
DE4,geothermal,2021-01-21 21:00:00,1.0
DE4,geothermal,2021-01-22 00:00:00,1.0
DE4,geothermal,2021-01-22 03:00:00,1.0
DE4,geothermal,2021-01-22 06:00:00,1.0
DE4,geothermal,2021-01-22 09:00:00,1.0
DE4,geothermal,2021-01-22 12:00:00,1.0
DE4,geothermal,2021-01-22 15:00:00,1.0
DE4,geothermal,2021-01-22 18:00:00,1.0
DE4,geothermal,2021-01-22 21:00:00,1.0
DE4,geothermal,2021-01-23 00:00:00,1.0
DE4,geothermal,2021-01-23 03:00:00,1.0
DE4,geothermal,2021-01-23 06:00:00,1.0
DE4,geothermal,2021-01-23 09:00:00,1.0
DE4,geothermal,2021-01-23 12:00:00,1.0
DE4,geothermal,2021-01-23 15:00:00,1.0
DE4,geothermal,2021-01-23 18:00:00,1.0
DE4,geothermal,2021-01-23 21:00:00,1.0
DE4,geothermal,2021-01-24 00:00:00,1.0
DE4,geothermal,2021-01-24 03:00:00,1.0
DE4,geothermal,2021-01-24 06:00:00,1.0
DE4,geothermal,2021-01-24 09:00:00,1.0
DE4,geothermal,2021-01-24 12:00:00,1.0
DE4,geothermal,2021-01-24 15:00:00,1.0
DE4,geothermal,2021-01-24 18:00:00,1.0
DE4,geothermal,2021-01-24 21:00:00,1.0
DE4,geothermal,2021-01-25 00:00:00,1.0
DE4,geothermal,2021-01-25 03:00:00,1.0
DE4,geothermal,2021-01-25 06:00:00,1.0
DE4,geothermal,2021-01-25 09:00:00,1.0
DE4,geothermal,2021-01-25 12:00:00,1.0
DE4,geothermal,2021-01-25 15:00:00,1.0
DE4,geothermal,2021-01-25 18:00:00,1.0
DE4,geothermal,2021-01-25 21:00:00,1.0
DE4,geothermal,2021-01-26 00:00:00,1.0
DE4,geothermal,2021-01-26 03:00:00,1.0
DE4,geothermal,2021-01-26 06:00:00,1.0
DE4,geothermal,2021-01-26 09:00:00,1.0
DE4,geothermal,2021-01-26 12:00:00,1.0
DE4,geothermal,2021-01-26 15:00:00,1.0
DE4,geothermal,2021-01-26 18:00:00,1.0
DE4,geothermal,2021-01-26 21:00:00,1.0
DE4,geothermal,2021-01-27 00:00:00,1.0
DE4,geothermal,2021-01-27 03:00:00,1.0
DE4,geothermal,2021-01-27 06:00:00,1.0
DE4,geothermal,2021-01-27 09:00:00,1.0
DE4,geothermal,2021-01-27 12:00:00,1.0
DE4,geothermal,2021-01-27 15:00:00,1.0
DE4,geothermal,2021-01-27 18:00:00,1.0
DE4,geothermal,2021-01-27 21:00:00,1.0
DE4,geothermal,2021-01-28 00:00:00,1.0
DE4,geothermal,2021-01-28 03:00:00,1.0
DE4,geothermal,2021-01-28 06:00:00,1.0
DE4,geothermal,2021-01-28 09:00:00,1.0
DE4,geothermal,2021-01-28 12:00:00,1.0
DE4,geothermal,2021-01-28 15:00:00,1.0
DE4,geothermal,2021-01-28 18:00:00,1.0
DE4,geothermal,2021-01-28 21:00:00,1.0
DE4,geothermal,2021-01-29 00:00:00,1.0
DE4,geothermal,2021-01-29 03:00:00,1.0
DE4,geothermal,2021-01-29 06:00:00,1.0
DE4,geothermal,2021-01-29 09:00:00,1.0
DE4,geothermal,2021-01-29 12:00:00,1.0
DE4,geothermal,2021-01-29 15:00:00,1.0
DE4,geothermal,2021-01-29 18:00:00,1.0
DE4,geothermal,2021-01-29 21:00:00,1.0
DE4,geothermal,2021-01-30 00:00:00,1.0
DE4,geothermal,2021-01-30 03:00:00,1.0
DE4,geothermal,2021-01-30 06:00:00,1.0
DE4,geothermal,2021-01-30 09:00:00,1.0
DE4,geothermal,2021-01-30 12:00:00,1.0
DE4,geothermal,2021-01-30 15:00:00,1.0
DE4,geothermal,2021-01-30 18:00:00,1.0
DE4,geothermal,2021-01-30 21:00:00,1.0
DE4,geothermal,2021-01-31 00:00:00,1.0
DE4,geothermal,2021-01-31 03:00:00,1.0
DE4,geothermal,2021-01-31 06:00:00,1.0
DE4,geothermal,2021-01-31 09:00:00,1.0
DE4,geothermal,2021-01-31 12:00:00,1.0
DE4,geothermal,2021-01-31 15:00:00,1.0
DE4,geothermal,2021-01-31 18:00:00,1.0
DE4,geothermal,2021-01-31 21:00:00,1.0
DE4,geothermal,2021-02-01 00:00:00,1.0
DE4,geothermal,2021-02-01 03:00:00,1.0
DE4,geothermal,2021-02-01 06:00:00,1.0
DE4,geothermal,2021-02-01 09:00:00,1.0
DE4,geothermal,2021-02-01 12:00:00,1.0
DE4,geothermal,2021-02-01 15:00:00,1.0
DE4,geothermal,2021-02-01 18:00:00,1.0
DE4,geothermal,2021-02-01 21:00:00,1.0
DE4,geothermal,2021-02-02 00:00:00,1.0
DE4,geothermal,2021-02-02 03:00:00,1.0
DE4,geothermal,2021-02-02 06:00:00,1.0
DE4,geothermal,2021-02-02 09:00:00,1.0
DE4,geothermal,2021-02-02 12:00:00,1.0
DE4,geothermal,2021-02-02 15:00:00,1.0
DE4,geothermal,2021-02-02 18:00:00,1.0
DE4,geothermal,2021-02-02 21:00:00,1.0
DE4,geothermal,2021-02-03 00:00:00,1.0
DE4,geothermal,2021-02-03 03:00:00,1.0
DE4,geothermal,2021-02-03 06:00:00,1.0
DE4,geothermal,2021-02-03 09:00:00,1.0
DE4,geothermal,2021-02-03 12:00:00,1.0
DE4,geothermal,2021-02-03 15:00:00,1.0
DE4,geothermal,2021-02-03 18:00:00,1.0
DE4,geothermal,2021-02-03 21:00:00,1.0
DE4,geothermal,2021-02-04 00:00:00,1.0
DE4,geothermal,2021-02-04 03:00:00,1.0
DE4,geothermal,2021-02-04 06:00:00,1.0
DE4,geothermal,2021-02-04 09:00:00,1.0
DE4,geothermal,2021-02-04 12:00:00,1.0
DE4,geothermal,2021-02-04 15:00:00,1.0
DE4,geothermal,2021-02-04 18:00:00,1.0
DE4,geothermal,2021-02-04 21:00:00,1.0
DE4,geothermal,2021-02-05 00:00:00,1.0
DE4,geothermal,2021-02-05 03:00:00,1.0
DE4,geothermal,2021-02-05 06:00:00,1.0
DE4,geothermal,2021-02-05 09:00:00,1.0
DE4,geothermal,2021-02-05 12:00:00,1.0
DE4,geothermal,2021-02-05 15:00:00,1.0
DE4,geothermal,2021-02-05 18:00:00,1.0
DE4,geothermal,2021-02-05 21:00:00,1.0
DE4,geothermal,2021-02-06 00:00:00,1.0
DE4,geothermal,2021-02-06 03:00:00,1.0
DE4,geothermal,2021-02-06 06:00:00,1.0
DE4,geothermal,2021-02-06 09:00:00,1.0
DE4,geothermal,2021-02-06 12:00:00,1.0
DE4,geothermal,2021-02-06 15:00:00,1.0
DE4,geothermal,2021-02-06 18:00:00,1.0
DE4,geothermal,2021-02-06 21:00:00,1.0
DE4,geothermal,2021-02-07 00:00:00,1.0
DE4,geothermal,2021-02-07 03:00:00,1.0
DE4,geothermal,2021-02-07 06:00:00,1.0
DE4,geothermal,2021-02-07 09:00:00,1.0
DE4,geothermal,2021-02-07 12:00:00,1.0
DE4,geothermal,2021-02-07 15:00:00,1.0
DE4,geothermal,2021-02-07 18:00:00,1.0
DE4,geothermal,2021-02-07 21:00:00,1.0
DE4,geothermal,2021-02-08 00:00:00,1.0
DE4,geothermal,2021-02-08 03:00:00,1.0
DE4,geothermal,2021-02-08 06:00:00,1.0
DE4,geothermal,2021-02-08 09:00:00,1.0
DE4,geothermal,2021-02-08 12:00:00,1.0
DE4,geothermal,2021-02-08 15:00:00,1.0
DE4,geothermal,2021-02-08 18:00:00,1.0
DE4,geothermal,2021-02-08 21:00:00,1.0
DE4,geothermal,2021-02-09 00:00:00,1.0
DE4,geothermal,2021-02-09 03:00:00,1.0
DE4,geothermal,2021-02-09 06:00:00,1.0
DE4,geothermal,2021-02-09 09:00:00,1.0
DE4,geothermal,2021-02-09 12:00:00,1.0
DE4,geothermal,2021-02-09 15:00:00,1.0
DE4,geothermal,2021-02-09 18:00:00,1.0
DE4,geothermal,2021-02-09 21:00:00,1.0
DE4,geothermal,2021-02-10 00:00:00,1.0
DE4,geothermal,2021-02-10 03:00:00,1.0
DE4,geothermal,2021-02-10 06:00:00,1.0
DE4,geothermal,2021-02-10 09:00:00,1.0
DE4,geothermal,2021-02-10 12:00:00,1.0
DE4,geothermal,2021-02-10 15:00:00,1.0
DE4,geothermal,2021-02-10 18:00:00,1.0
DE4,geothermal,2021-02-10 21:00:00,1.0
DE4,geothermal,2021-02-11 00:00:00,1.0
DE4,geothermal,2021-02-11 03:00:00,1.0
DE4,geothermal,2021-02-11 06:00:00,1.0
DE4,geothermal,2021-02-11 09:00:00,1.0
DE4,geothermal,2021-02-11 12:00:00,1.0
DE4,geothermal,2021-02-11 15:00:00,1.0
DE4,geothermal,2021-02-11 18:00:00,1.0
DE4,geothermal,2021-02-11 21:00:00,1.0
DE4,geothermal,2021-02-12 00:00:00,1.0
DE4,geothermal,2021-02-12 03:00:00,1.0
DE4,geothermal,2021-02-12 06:00:00,1.0
DE4,geothermal,2021-02-12 09:00:00,1.0
DE4,geothermal,2021-02-12 12:00:00,1.0
DE4,geothermal,2021-02-12 15:00:00,1.0
DE4,geothermal,2021-02-12 18:00:00,1.0
DE4,geothermal,2021-02-12 21:00:00,1.0
DE4,geothermal,2021-02-13 00:00:00,1.0
DE4,geothermal,2021-02-13 03:00:00,1.0
DE4,geothermal,2021-02-13 06:00:00,1.0
DE4,geothermal,2021-02-13 09:00:00,1.0
DE4,geothermal,2021-02-13 12:00:00,1.0
DE4,geothermal,2021-02-13 15:00:00,1.0
DE4,geothermal,2021-02-13 18:00:00,1.0
DE4,geothermal,2021-02-13 21:00:00,1.0
DE4,geothermal,2021-02-14 00:00:00,1.0
DE4,geothermal,2021-02-14 03:00:00,1.0
DE4,geothermal,2021-02-14 06:00:00,1.0
DE4,geothermal,2021-02-14 09:00:00,1.0
DE4,geothermal,2021-02-14 12:00:00,1.0
DE4,geothermal,2021-02-14 15:00:00,1.0
DE4,geothermal,2021-02-14 18:00:00,1.0
DE4,geothermal,2021-02-14 21:00:00,1.0
DE4,ocgt,2021-01-18 00:00:00,0.9999999999999993
DE4,ocgt,2021-01-18 03:00:00,0.9999999999999993
DE4,ocgt,2021-01-18 06:00:00,0.9999999999999993
DE4,ocgt,2021-01-18 09:00:00,0.9999999999999993
DE4,ocgt,2021-01-18 12:00:00,0.9999999999999993
DE4,ocgt,2021-01-18 15:00:00,0.9999999999999993
DE4,ocgt,2021-01-18 18:00:00,0.9999999999999993
DE4,ocgt,2021-01-18 21:00:00,0.9999999999999993
DE4,ocgt,2021-01-19 00:00:00,0.9999999999999993
DE4,ocgt,2021-01-19 03:00:00,0.9999999999999993
DE4,ocgt,2021-01-19 06:00:00,0.9999999999999993
DE4,ocgt,2021-01-19 09:00:00,0.9999999999999993
DE4,ocgt,2021-01-19 12:00:00,0.9999999999999993
DE4,ocgt,2021-01-19 15:00:00,0.9999999999999993
DE4,ocgt,2021-01-19 18:00:00,0.9999999999999993
DE4,ocgt,2021-01-19 21:00:00,0.9999999999999993
DE4,ocgt,2021-01-20 00:00:00,0.9999999999999993
DE4,ocgt,2021-01-20 03:00:00,0.9999999999999993
DE4,ocgt,2021-01-20 06:00:00,0.9999999999999993
DE4,ocgt,2021-01-20 09:00:00,0.9999999999999993
DE4,ocgt,2021-01-20 12:00:00,0.9999999999999993
DE4,ocgt,2021-01-20 15:00:00,0.9999999999999993
DE4,ocgt,2021-01-20 18:00:00,0.9999999999999993
DE4,ocgt,2021-01-20 21:00:00,0.9999999999999993
DE4,ocgt,2021-01-21 00:00:00,0.9999999999999993
DE4,ocgt,2021-01-21 03:00:00,0.9999999999999993
DE4,ocgt,2021-01-21 06:00:00,0.9999999999999993
DE4,ocgt,2021-01-21 09:00:00,0.9999999999999993
DE4,ocgt,2021-01-21 12:00:00,0.9999999999999993
DE4,ocgt,2021-01-21 15:00:00,0.9999999999999993
DE4,ocgt,2021-01-21 18:00:00,0.9999999999999993
DE4,ocgt,2021-01-21 21:00:00,0.9999999999999993
DE4,ocgt,2021-01-22 00:00:00,0.9999999999999993
DE4,ocgt,2021-01-22 03:00:00,0.9999999999999993
DE4,ocgt,2021-01-22 06:00:00,0.9999999999999993
DE4,ocgt,2021-01-22 09:00:00,0.9999999999999993
DE4,ocgt,2021-01-22 12:00:00,0.9999999999999993
DE4,ocgt,2021-01-22 15:00:00,0.9999999999999993
DE4,ocgt,2021-01-22 18:00:00,0.9999999999999993
DE4,ocgt,2021-01-22 21:00:00,0.9999999999999993
DE4,ocgt,2021-01-23 00:00:00,0.9999999999999993
DE4,ocgt,2021-01-23 03:00:00,0.9999999999999993
DE4,ocgt,2021-01-23 06:00:00,0.9999999999999993
DE4,ocgt,2021-01-23 09:00:00,0.9999999999999993
DE4,ocgt,2021-01-23 12:00:00,0.9999999999999993
DE4,ocgt,2021-01-23 15:00:00,0.9999999999999993
DE4,ocgt,2021-01-23 18:00:00,0.9999999999999993
DE4,ocgt,2021-01-23 21:00:00,0.9999999999999993
DE4,ocgt,2021-01-24 00:00:00,0.9999999999999993
DE4,ocgt,2021-01-24 03:00:00,0.9999999999999993
DE4,ocgt,2021-01-24 06:00:00,0.9999999999999993
DE4,ocgt,2021-01-24 09:00:00,0.9999999999999993
DE4,ocgt,2021-01-24 12:00:00,0.9999999999999993
DE4,ocgt,2021-01-24 15:00:00,0.9999999999999993
DE4,ocgt,2021-01-24 18:00:00,0.9999999999999993
DE4,ocgt,2021-01-24 21:00:00,0.9999999999999993
DE4,ocgt,2021-01-25 00:00:00,0.9999999999999993
DE4,ocgt,2021-01-25 03:00:00,0.9999999999999993
DE4,ocgt,2021-01-25 06:00:00,0.9999999999999993
DE4,ocgt,2021-01-25 09:00:00,0.9999999999999993
DE4,ocgt,2021-01-25 12:00:00,0.9999999999999993
DE4,ocgt,2021-01-25 15:00:00,0.9999999999999993
DE4,ocgt,2021-01-25 18:00:00,0.9999999999999993
DE4,ocgt,2021-01-25 21:00:00,0.9999999999999993
DE4,ocgt,2021-01-26 00:00:00,0.9999999999999993
DE4,ocgt,2021-01-26 03:00:00,0.9999999999999993
DE4,ocgt,2021-01-26 06:00:00,0.9999999999999993
DE4,ocgt,2021-01-26 09:00:00,0.9999999999999993
DE4,ocgt,2021-01-26 12:00:00,0.9999999999999993
DE4,ocgt,2021-01-26 15:00:00,0.9999999999999993
DE4,ocgt,2021-01-26 18:00:00,0.9999999999999993
DE4,ocgt,2021-01-26 21:00:00,0.9999999999999993
DE4,ocgt,2021-01-27 00:00:00,0.9999999999999993
DE4,ocgt,2021-01-27 03:00:00,0.9999999999999993
DE4,ocgt,2021-01-27 06:00:00,0.9999999999999993
DE4,ocgt,2021-01-27 09:00:00,0.9999999999999993
DE4,ocgt,2021-01-27 12:00:00,0.9999999999999993
DE4,ocgt,2021-01-27 15:00:00,0.9999999999999993
DE4,ocgt,2021-01-27 18:00:00,0.9999999999999993
DE4,ocgt,2021-01-27 21:00:00,0.9999999999999993
DE4,ocgt,2021-01-28 00:00:00,0.9999999999999993
DE4,ocgt,2021-01-28 03:00:00,0.9999999999999993
DE4,ocgt,2021-01-28 06:00:00,0.9999999999999993
DE4,ocgt,2021-01-28 09:00:00,0.9999999999999993
DE4,ocgt,2021-01-28 12:00:00,0.9999999999999993
DE4,ocgt,2021-01-28 15:00:00,0.9999999999999993
DE4,ocgt,2021-01-28 18:00:00,0.9999999999999993
DE4,ocgt,2021-01-28 21:00:00,0.9999999999999993
DE4,ocgt,2021-01-29 00:00:00,0.9999999999999993
DE4,ocgt,2021-01-29 03:00:00,0.9999999999999993
DE4,ocgt,2021-01-29 06:00:00,0.9999999999999993
DE4,ocgt,2021-01-29 09:00:00,0.9999999999999993
DE4,ocgt,2021-01-29 12:00:00,0.9999999999999993
DE4,ocgt,2021-01-29 15:00:00,0.9999999999999993
DE4,ocgt,2021-01-29 18:00:00,0.9999999999999993
DE4,ocgt,2021-01-29 21:00:00,0.9999999999999993
DE4,ocgt,2021-01-30 00:00:00,0.9999999999999993
DE4,ocgt,2021-01-30 03:00:00,0.9999999999999993
DE4,ocgt,2021-01-30 06:00:00,0.9999999999999993
DE4,ocgt,2021-01-30 09:00:00,0.9999999999999993
DE4,ocgt,2021-01-30 12:00:00,0.9999999999999993
DE4,ocgt,2021-01-30 15:00:00,0.9999999999999993
DE4,ocgt,2021-01-30 18:00:00,0.9999999999999993
DE4,ocgt,2021-01-30 21:00:00,0.9999999999999993
DE4,ocgt,2021-01-31 00:00:00,0.9999999999999993
DE4,ocgt,2021-01-31 03:00:00,0.9999999999999993
DE4,ocgt,2021-01-31 06:00:00,0.9999999999999993
DE4,ocgt,2021-01-31 09:00:00,0.9999999999999993
DE4,ocgt,2021-01-31 12:00:00,0.9999999999999993
DE4,ocgt,2021-01-31 15:00:00,0.9999999999999993
DE4,ocgt,2021-01-31 18:00:00,0.9999999999999993
DE4,ocgt,2021-01-31 21:00:00,0.9999999999999993
DE4,ocgt,2021-02-01 00:00:00,0.9999999999999993
DE4,ocgt,2021-02-01 03:00:00,0.9999999999999993
DE4,ocgt,2021-02-01 06:00:00,0.9999999999999993
DE4,ocgt,2021-02-01 09:00:00,0.9999999999999993
DE4,ocgt,2021-02-01 12:00:00,0.9999999999999993
DE4,ocgt,2021-02-01 15:00:00,0.9999999999999993
DE4,ocgt,2021-02-01 18:00:00,0.9999999999999993
DE4,ocgt,2021-02-01 21:00:00,0.9999999999999993
DE4,ocgt,2021-02-02 00:00:00,0.9999999999999993
DE4,ocgt,2021-02-02 03:00:00,0.9999999999999993
DE4,ocgt,2021-02-02 06:00:00,0.9999999999999993
DE4,ocgt,2021-02-02 09:00:00,0.9999999999999993
DE4,ocgt,2021-02-02 12:00:00,0.9999999999999993
DE4,ocgt,2021-02-02 15:00:00,0.9999999999999993
DE4,ocgt,2021-02-02 18:00:00,0.9999999999999993
DE4,ocgt,2021-02-02 21:00:00,0.9999999999999993
DE4,ocgt,2021-02-03 00:00:00,0.9999999999999993
DE4,ocgt,2021-02-03 03:00:00,0.9999999999999993
DE4,ocgt,2021-02-03 06:00:00,0.9999999999999993
DE4,ocgt,2021-02-03 09:00:00,0.9999999999999993
DE4,ocgt,2021-02-03 12:00:00,0.9999999999999993
DE4,ocgt,2021-02-03 15:00:00,0.9999999999999993
DE4,ocgt,2021-02-03 18:00:00,0.9999999999999993
DE4,ocgt,2021-02-03 21:00:00,0.9999999999999993
DE4,ocgt,2021-02-04 00:00:00,0.9999999999999993
DE4,ocgt,2021-02-04 03:00:00,0.9999999999999993
DE4,ocgt,2021-02-04 06:00:00,0.9999999999999993
DE4,ocgt,2021-02-04 09:00:00,0.9999999999999993
DE4,ocgt,2021-02-04 12:00:00,0.9999999999999993
DE4,ocgt,2021-02-04 15:00:00,0.9999999999999993
DE4,ocgt,2021-02-04 18:00:00,0.9999999999999993
DE4,ocgt,2021-02-04 21:00:00,0.9999999999999993
DE4,ocgt,2021-02-05 00:00:00,0.9999999999999993
DE4,ocgt,2021-02-05 03:00:00,0.9999999999999993
DE4,ocgt,2021-02-05 06:00:00,0.9999999999999993
DE4,ocgt,2021-02-05 09:00:00,0.9999999999999993
DE4,ocgt,2021-02-05 12:00:00,0.9999999999999993
DE4,ocgt,2021-02-05 15:00:00,0.9999999999999993
DE4,ocgt,2021-02-05 18:00:00,0.9999999999999993
DE4,ocgt,2021-02-05 21:00:00,0.9999999999999993
DE4,ocgt,2021-02-06 00:00:00,0.9999999999999993
DE4,ocgt,2021-02-06 03:00:00,0.9999999999999993
DE4,ocgt,2021-02-06 06:00:00,0.9999999999999993
DE4,ocgt,2021-02-06 09:00:00,0.9999999999999993
DE4,ocgt,2021-02-06 12:00:00,0.9999999999999993
DE4,ocgt,2021-02-06 15:00:00,0.9999999999999993
DE4,ocgt,2021-02-06 18:00:00,0.9999999999999993
DE4,ocgt,2021-02-06 21:00:00,0.9999999999999993
DE4,ocgt,2021-02-07 00:00:00,0.9999999999999993
DE4,ocgt,2021-02-07 03:00:00,0.9999999999999993
DE4,ocgt,2021-02-07 06:00:00,0.9999999999999993
DE4,ocgt,2021-02-07 09:00:00,0.9999999999999993
DE4,ocgt,2021-02-07 12:00:00,0.9999999999999993
DE4,ocgt,2021-02-07 15:00:00,0.9999999999999993
DE4,ocgt,2021-02-07 18:00:00,0.9999999999999993
DE4,ocgt,2021-02-07 21:00:00,0.9999999999999993
DE4,ocgt,2021-02-08 00:00:00,0.9999999999999993
DE4,ocgt,2021-02-08 03:00:00,0.9999999999999993
DE4,ocgt,2021-02-08 06:00:00,0.9999999999999993
DE4,ocgt,2021-02-08 09:00:00,0.9999999999999993
DE4,ocgt,2021-02-08 12:00:00,0.9999999999999993
DE4,ocgt,2021-02-08 15:00:00,0.9999999999999993
DE4,ocgt,2021-02-08 18:00:00,0.9999999999999993
DE4,ocgt,2021-02-08 21:00:00,0.9999999999999993
DE4,ocgt,2021-02-09 00:00:00,0.9999999999999993
DE4,ocgt,2021-02-09 03:00:00,0.9999999999999993
DE4,ocgt,2021-02-09 06:00:00,0.9999999999999993
DE4,ocgt,2021-02-09 09:00:00,0.9999999999999993
DE4,ocgt,2021-02-09 12:00:00,0.9999999999999993
DE4,ocgt,2021-02-09 15:00:00,0.9999999999999993
DE4,ocgt,2021-02-09 18:00:00,0.9999999999999993
DE4,ocgt,2021-02-09 21:00:00,0.9999999999999993
DE4,ocgt,2021-02-10 00:00:00,0.9999999999999993
DE4,ocgt,2021-02-10 03:00:00,0.9999999999999993
DE4,ocgt,2021-02-10 06:00:00,0.9999999999999993
DE4,ocgt,2021-02-10 09:00:00,0.9999999999999993
DE4,ocgt,2021-02-10 12:00:00,0.9999999999999993
DE4,ocgt,2021-02-10 15:00:00,0.9999999999999993
DE4,ocgt,2021-02-10 18:00:00,0.9999999999999993
DE4,ocgt,2021-02-10 21:00:00,0.9999999999999993
DE4,ocgt,2021-02-11 00:00:00,0.9999999999999993
DE4,ocgt,2021-02-11 03:00:00,0.9999999999999993
DE4,ocgt,2021-02-11 06:00:00,0.9999999999999993
DE4,ocgt,2021-02-11 09:00:00,0.9999999999999993
DE4,ocgt,2021-02-11 12:00:00,0.9999999999999993
DE4,ocgt,2021-02-11 15:00:00,0.9999999999999993
DE4,ocgt,2021-02-11 18:00:00,0.9999999999999993
DE4,ocgt,2021-02-11 21:00:00,0.9999999999999993
DE4,ocgt,2021-02-12 00:00:00,0.9999999999999993
DE4,ocgt,2021-02-12 03:00:00,0.9999999999999993
DE4,ocgt,2021-02-12 06:00:00,0.9999999999999993
DE4,ocgt,2021-02-12 09:00:00,0.9999999999999993
DE4,ocgt,2021-02-12 12:00:00,0.9999999999999993
DE4,ocgt,2021-02-12 15:00:00,0.9999999999999993
DE4,ocgt,2021-02-12 18:00:00,0.9999999999999993
DE4,ocgt,2021-02-12 21:00:00,0.9999999999999993
DE4,ocgt,2021-02-13 00:00:00,0.9999999999999993
DE4,ocgt,2021-02-13 03:00:00,0.9999999999999993
DE4,ocgt,2021-02-13 06:00:00,0.9999999999999993
DE4,ocgt,2021-02-13 09:00:00,0.9999999999999993
DE4,ocgt,2021-02-13 12:00:00,0.9999999999999993
DE4,ocgt,2021-02-13 15:00:00,0.9999999999999993
DE4,ocgt,2021-02-13 18:00:00,0.9999999999999993
DE4,ocgt,2021-02-13 21:00:00,0.9999999999999993
DE4,ocgt,2021-02-14 00:00:00,0.9999999999999993
DE4,ocgt,2021-02-14 03:00:00,0.9999999999999993
DE4,ocgt,2021-02-14 06:00:00,0.9999999999999993
DE4,ocgt,2021-02-14 09:00:00,0.9999999999999993
DE4,ocgt,2021-02-14 12:00:00,0.9999999999999993
DE4,ocgt,2021-02-14 15:00:00,0.9999999999999993
DE4,ocgt,2021-02-14 18:00:00,0.9999999999999993
DE4,ocgt,2021-02-14 21:00:00,0.9999999999999993
DE4,oil,2021-01-18 00:00:00,1.0
DE4,oil,2021-01-18 03:00:00,1.0
DE4,oil,2021-01-18 06:00:00,1.0
DE4,oil,2021-01-18 09:00:00,1.0
DE4,oil,2021-01-18 12:00:00,1.0
DE4,oil,2021-01-18 15:00:00,1.0
DE4,oil,2021-01-18 18:00:00,1.0
DE4,oil,2021-01-18 21:00:00,1.0
DE4,oil,2021-01-19 00:00:00,1.0
DE4,oil,2021-01-19 03:00:00,1.0
DE4,oil,2021-01-19 06:00:00,1.0
DE4,oil,2021-01-19 09:00:00,1.0
DE4,oil,2021-01-19 12:00:00,1.0
DE4,oil,2021-01-19 15:00:00,1.0
DE4,oil,2021-01-19 18:00:00,1.0
DE4,oil,2021-01-19 21:00:00,1.0
DE4,oil,2021-01-20 00:00:00,1.0
DE4,oil,2021-01-20 03:00:00,1.0
DE4,oil,2021-01-20 06:00:00,1.0
DE4,oil,2021-01-20 09:00:00,1.0
DE4,oil,2021-01-20 12:00:00,1.0
DE4,oil,2021-01-20 15:00:00,1.0
DE4,oil,2021-01-20 18:00:00,1.0
DE4,oil,2021-01-20 21:00:00,1.0
DE4,oil,2021-01-21 00:00:00,1.0
DE4,oil,2021-01-21 03:00:00,1.0
DE4,oil,2021-01-21 06:00:00,1.0
DE4,oil,2021-01-21 09:00:00,1.0
DE4,oil,2021-01-21 12:00:00,1.0
DE4,oil,2021-01-21 15:00:00,1.0
DE4,oil,2021-01-21 18:00:00,1.0
DE4,oil,2021-01-21 21:00:00,1.0
DE4,oil,2021-01-22 00:00:00,1.0
DE4,oil,2021-01-22 03:00:00,1.0
DE4,oil,2021-01-22 06:00:00,1.0
DE4,oil,2021-01-22 09:00:00,1.0
DE4,oil,2021-01-22 12:00:00,1.0
DE4,oil,2021-01-22 15:00:00,1.0
DE4,oil,2021-01-22 18:00:00,1.0
DE4,oil,2021-01-22 21:00:00,1.0
DE4,oil,2021-01-23 00:00:00,1.0
DE4,oil,2021-01-23 03:00:00,1.0
DE4,oil,2021-01-23 06:00:00,1.0
DE4,oil,2021-01-23 09:00:00,1.0
DE4,oil,2021-01-23 12:00:00,1.0
DE4,oil,2021-01-23 15:00:00,1.0
DE4,oil,2021-01-23 18:00:00,1.0
DE4,oil,2021-01-23 21:00:00,1.0
DE4,oil,2021-01-24 00:00:00,1.0
DE4,oil,2021-01-24 03:00:00,1.0
DE4,oil,2021-01-24 06:00:00,1.0
DE4,oil,2021-01-24 09:00:00,1.0
DE4,oil,2021-01-24 12:00:00,1.0
DE4,oil,2021-01-24 15:00:00,1.0
DE4,oil,2021-01-24 18:00:00,1.0
DE4,oil,2021-01-24 21:00:00,1.0
DE4,oil,2021-01-25 00:00:00,1.0
DE4,oil,2021-01-25 03:00:00,1.0
DE4,oil,2021-01-25 06:00:00,1.0
DE4,oil,2021-01-25 09:00:00,1.0
DE4,oil,2021-01-25 12:00:00,1.0
DE4,oil,2021-01-25 15:00:00,1.0
DE4,oil,2021-01-25 18:00:00,1.0
DE4,oil,2021-01-25 21:00:00,1.0
DE4,oil,2021-01-26 00:00:00,1.0
DE4,oil,2021-01-26 03:00:00,1.0
DE4,oil,2021-01-26 06:00:00,1.0
DE4,oil,2021-01-26 09:00:00,1.0
DE4,oil,2021-01-26 12:00:00,1.0
DE4,oil,2021-01-26 15:00:00,1.0
DE4,oil,2021-01-26 18:00:00,1.0
DE4,oil,2021-01-26 21:00:00,1.0
DE4,oil,2021-01-27 00:00:00,1.0
DE4,oil,2021-01-27 03:00:00,1.0
DE4,oil,2021-01-27 06:00:00,1.0
DE4,oil,2021-01-27 09:00:00,1.0
DE4,oil,2021-01-27 12:00:00,1.0
DE4,oil,2021-01-27 15:00:00,1.0
DE4,oil,2021-01-27 18:00:00,1.0
DE4,oil,2021-01-27 21:00:00,1.0
DE4,oil,2021-01-28 00:00:00,1.0
DE4,oil,2021-01-28 03:00:00,1.0
DE4,oil,2021-01-28 06:00:00,1.0
DE4,oil,2021-01-28 09:00:00,1.0
DE4,oil,2021-01-28 12:00:00,1.0
DE4,oil,2021-01-28 15:00:00,1.0
DE4,oil,2021-01-28 18:00:00,1.0
DE4,oil,2021-01-28 21:00:00,1.0
DE4,oil,2021-01-29 00:00:00,1.0
DE4,oil,2021-01-29 03:00:00,1.0
DE4,oil,2021-01-29 06:00:00,1.0
DE4,oil,2021-01-29 09:00:00,1.0
DE4,oil,2021-01-29 12:00:00,1.0
DE4,oil,2021-01-29 15:00:00,1.0
DE4,oil,2021-01-29 18:00:00,1.0
DE4,oil,2021-01-29 21:00:00,1.0
DE4,oil,2021-01-30 00:00:00,1.0
DE4,oil,2021-01-30 03:00:00,1.0
DE4,oil,2021-01-30 06:00:00,1.0
DE4,oil,2021-01-30 09:00:00,1.0
DE4,oil,2021-01-30 12:00:00,1.0
DE4,oil,2021-01-30 15:00:00,1.0
DE4,oil,2021-01-30 18:00:00,1.0
DE4,oil,2021-01-30 21:00:00,1.0
DE4,oil,2021-01-31 00:00:00,1.0
DE4,oil,2021-01-31 03:00:00,1.0
DE4,oil,2021-01-31 06:00:00,1.0
DE4,oil,2021-01-31 09:00:00,1.0
DE4,oil,2021-01-31 12:00:00,1.0
DE4,oil,2021-01-31 15:00:00,1.0
DE4,oil,2021-01-31 18:00:00,1.0
DE4,oil,2021-01-31 21:00:00,1.0
DE4,oil,2021-02-01 00:00:00,1.0
DE4,oil,2021-02-01 03:00:00,1.0
DE4,oil,2021-02-01 06:00:00,1.0
DE4,oil,2021-02-01 09:00:00,1.0
DE4,oil,2021-02-01 12:00:00,1.0
DE4,oil,2021-02-01 15:00:00,1.0
DE4,oil,2021-02-01 18:00:00,1.0
DE4,oil,2021-02-01 21:00:00,1.0
DE4,oil,2021-02-02 00:00:00,1.0
DE4,oil,2021-02-02 03:00:00,1.0
DE4,oil,2021-02-02 06:00:00,1.0
DE4,oil,2021-02-02 09:00:00,1.0
DE4,oil,2021-02-02 12:00:00,1.0
DE4,oil,2021-02-02 15:00:00,1.0
DE4,oil,2021-02-02 18:00:00,1.0
DE4,oil,2021-02-02 21:00:00,1.0
DE4,oil,2021-02-03 00:00:00,1.0
DE4,oil,2021-02-03 03:00:00,1.0
DE4,oil,2021-02-03 06:00:00,1.0
DE4,oil,2021-02-03 09:00:00,1.0
DE4,oil,2021-02-03 12:00:00,1.0
DE4,oil,2021-02-03 15:00:00,1.0
DE4,oil,2021-02-03 18:00:00,1.0
DE4,oil,2021-02-03 21:00:00,1.0
DE4,oil,2021-02-04 00:00:00,1.0
DE4,oil,2021-02-04 03:00:00,1.0
DE4,oil,2021-02-04 06:00:00,1.0
DE4,oil,2021-02-04 09:00:00,1.0
DE4,oil,2021-02-04 12:00:00,1.0
DE4,oil,2021-02-04 15:00:00,1.0
DE4,oil,2021-02-04 18:00:00,1.0
DE4,oil,2021-02-04 21:00:00,1.0
DE4,oil,2021-02-05 00:00:00,1.0
DE4,oil,2021-02-05 03:00:00,1.0
DE4,oil,2021-02-05 06:00:00,1.0
DE4,oil,2021-02-05 09:00:00,1.0
DE4,oil,2021-02-05 12:00:00,1.0
DE4,oil,2021-02-05 15:00:00,1.0
DE4,oil,2021-02-05 18:00:00,1.0
DE4,oil,2021-02-05 21:00:00,1.0
DE4,oil,2021-02-06 00:00:00,1.0
DE4,oil,2021-02-06 03:00:00,1.0
DE4,oil,2021-02-06 06:00:00,1.0
DE4,oil,2021-02-06 09:00:00,1.0
DE4,oil,2021-02-06 12:00:00,1.0
DE4,oil,2021-02-06 15:00:00,1.0
DE4,oil,2021-02-06 18:00:00,1.0
DE4,oil,2021-02-06 21:00:00,1.0
DE4,oil,2021-02-07 00:00:00,1.0
DE4,oil,2021-02-07 03:00:00,1.0
DE4,oil,2021-02-07 06:00:00,1.0
DE4,oil,2021-02-07 09:00:00,1.0
DE4,oil,2021-02-07 12:00:00,1.0
DE4,oil,2021-02-07 15:00:00,1.0
DE4,oil,2021-02-07 18:00:00,1.0
DE4,oil,2021-02-07 21:00:00,1.0
DE4,oil,2021-02-08 00:00:00,1.0
DE4,oil,2021-02-08 03:00:00,1.0
DE4,oil,2021-02-08 06:00:00,1.0
DE4,oil,2021-02-08 09:00:00,1.0
DE4,oil,2021-02-08 12:00:00,1.0
DE4,oil,2021-02-08 15:00:00,1.0
DE4,oil,2021-02-08 18:00:00,1.0
DE4,oil,2021-02-08 21:00:00,1.0
DE4,oil,2021-02-09 00:00:00,1.0
DE4,oil,2021-02-09 03:00:00,1.0
DE4,oil,2021-02-09 06:00:00,1.0
DE4,oil,2021-02-09 09:00:00,1.0
DE4,oil,2021-02-09 12:00:00,1.0
DE4,oil,2021-02-09 15:00:00,1.0
DE4,oil,2021-02-09 18:00:00,1.0
DE4,oil,2021-02-09 21:00:00,1.0
DE4,oil,2021-02-10 00:00:00,1.0
DE4,oil,2021-02-10 03:00:00,1.0
DE4,oil,2021-02-10 06:00:00,1.0
DE4,oil,2021-02-10 09:00:00,1.0
DE4,oil,2021-02-10 12:00:00,1.0
DE4,oil,2021-02-10 15:00:00,1.0
DE4,oil,2021-02-10 18:00:00,1.0
DE4,oil,2021-02-10 21:00:00,1.0
DE4,oil,2021-02-11 00:00:00,1.0
DE4,oil,2021-02-11 03:00:00,1.0
DE4,oil,2021-02-11 06:00:00,1.0
DE4,oil,2021-02-11 09:00:00,1.0
DE4,oil,2021-02-11 12:00:00,1.0
DE4,oil,2021-02-11 15:00:00,1.0
DE4,oil,2021-02-11 18:00:00,1.0
DE4,oil,2021-02-11 21:00:00,1.0
DE4,oil,2021-02-12 00:00:00,1.0
DE4,oil,2021-02-12 03:00:00,1.0
DE4,oil,2021-02-12 06:00:00,1.0
DE4,oil,2021-02-12 09:00:00,1.0
DE4,oil,2021-02-12 12:00:00,1.0
DE4,oil,2021-02-12 15:00:00,1.0
DE4,oil,2021-02-12 18:00:00,1.0
DE4,oil,2021-02-12 21:00:00,1.0
DE4,oil,2021-02-13 00:00:00,1.0
DE4,oil,2021-02-13 03:00:00,1.0
DE4,oil,2021-02-13 06:00:00,1.0
DE4,oil,2021-02-13 09:00:00,1.0
DE4,oil,2021-02-13 12:00:00,1.0
DE4,oil,2021-02-13 15:00:00,1.0
DE4,oil,2021-02-13 18:00:00,1.0
DE4,oil,2021-02-13 21:00:00,1.0
DE4,oil,2021-02-14 00:00:00,1.0
DE4,oil,2021-02-14 03:00:00,1.0
DE4,oil,2021-02-14 06:00:00,1.0
DE4,oil,2021-02-14 09:00:00,1.0
DE4,oil,2021-02-14 12:00:00,1.0
DE4,oil,2021-02-14 15:00:00,1.0
DE4,oil,2021-02-14 18:00:00,1.0
DE4,oil,2021-02-14 21:00:00,1.0
DE4,onwind,2021-01-18 00:00:00,0.1821859235116845
DE4,onwind,2021-01-18 03:00:00,0.348375675455218
DE4,onwind,2021-01-18 06:00:00,0.4129215424571815
DE4,onwind,2021-01-18 09:00:00,0.3923850958953399
DE4,onwind,2021-01-18 12:00:00,0.3911271010715409
DE4,onwind,2021-01-18 15:00:00,0.3075534565524536
DE4,onwind,2021-01-18 18:00:00,0.3786647614183883
DE4,onwind,2021-01-18 21:00:00,0.373176921921375
DE4,onwind,2021-01-19 00:00:00,0.3636571062253914
DE4,onwind,2021-01-19 03:00:00,0.2676414020188672
DE4,onwind,2021-01-19 06:00:00,0.212395466042348
DE4,onwind,2021-01-19 09:00:00,0.168776150589076
DE4,onwind,2021-01-19 12:00:00,0.3587880289281009
DE4,onwind,2021-01-19 15:00:00,0.6822157315703056
DE4,onwind,2021-01-19 18:00:00,0.571647219331621
DE4,onwind,2021-01-19 21:00:00,0.3351999723221661
DE4,onwind,2021-01-20 00:00:00,0.2667614231881985
DE4,onwind,2021-01-20 03:00:00,0.2108105849856982
DE4,onwind,2021-01-20 06:00:00,0.1717626914444742
DE4,onwind,2021-01-20 09:00:00,0.1029057699653696
DE4,onwind,2021-01-20 12:00:00,0.065914770355546
DE4,onwind,2021-01-20 15:00:00,0.1873644943909709
DE4,onwind,2021-01-20 18:00:00,0.2303338782874313
DE4,onwind,2021-01-20 21:00:00,0.1754268504546798
DE4,onwind,2021-01-21 00:00:00,0.1481538653692056
DE4,onwind,2021-01-21 03:00:00,0.1659134879978571
DE4,onwind,2021-01-21 06:00:00,0.275942994713837
DE4,onwind,2021-01-21 09:00:00,0.2153320124130131
DE4,onwind,2021-01-21 12:00:00,0.1595641293571456
DE4,onwind,2021-01-21 15:00:00,0.1415316560446094
DE4,onwind,2021-01-21 18:00:00,0.1050204733345054
DE4,onwind,2021-01-21 21:00:00,0.2137305643113879
DE4,onwind,2021-01-22 00:00:00,0.1331442490800875
DE4,onwind,2021-01-22 03:00:00,0.24719661506768836
DE4,onwind,2021-01-22 06:00:00,0.2905800460079814
DE4,onwind,2021-01-22 09:00:00,0.2251127506479307
DE4,onwind,2021-01-22 12:00:00,0.1527509777560958
DE4,onwind,2021-01-22 15:00:00,0.2037729203855093
DE4,onwind,2021-01-22 18:00:00,0.1621102929936541
DE4,onwind,2021-01-22 21:00:00,0.151551403085051
DE4,onwind,2021-01-23 00:00:00,0.2853905138287778
DE4,onwind,2021-01-23 03:00:00,0.6290538621999215
DE4,onwind,2021-01-23 06:00:00,0.6907504597574999
DE4,onwind,2021-01-23 09:00:00,0.3215931592563097
DE4,onwind,2021-01-23 12:00:00,0.0444567866563518
DE4,onwind,2021-01-23 15:00:00,0.0043967092500058
DE4,onwind,2021-01-23 18:00:00,0.0760031493912445
DE4,onwind,2021-01-23 21:00:00,0.097544106198737
DE4,onwind,2021-01-24 00:00:00,0.100390443651481
DE4,onwind,2021-01-24 03:00:00,0.3420491915805791
DE4,onwind,2021-01-24 06:00:00,0.6723109975926097
DE4,onwind,2021-01-24 09:00:00,0.7280807557050147
DE4,onwind,2021-01-24 12:00:00,0.8746766110092651
DE4,onwind,2021-01-24 15:00:00,0.6051999275860246
DE4,onwind,2021-01-24 18:00:00,0.3611932973155152
DE4,onwind,2021-01-24 21:00:00,0.1296601282261787
DE4,onwind,2021-01-25 00:00:00,0.0217894423369189
DE4,onwind,2021-01-25 03:00:00,0.0
DE4,onwind,2021-01-25 06:00:00,0.015038733333820902
DE4,onwind,2021-01-25 09:00:00,0.0201586069161284
DE4,onwind,2021-01-25 12:00:00,0.0445724321537541
DE4,onwind,2021-01-25 15:00:00,0.0584030823120247
DE4,onwind,2021-01-25 18:00:00,0.0636888713780118
DE4,onwind,2021-01-25 21:00:00,0.0933878270313553
DE4,onwind,2021-01-26 00:00:00,0.1054649116145974
DE4,onwind,2021-01-26 03:00:00,0.1421531213790402
DE4,onwind,2021-01-26 06:00:00,0.2091183788985128
DE4,onwind,2021-01-26 09:00:00,0.2359325563484155
DE4,onwind,2021-01-26 12:00:00,0.2763797686743701
DE4,onwind,2021-01-26 15:00:00,0.2262374495268128
DE4,onwind,2021-01-26 18:00:00,0.1461701362230523
DE4,onwind,2021-01-26 21:00:00,0.080916347959638
DE4,onwind,2021-01-27 00:00:00,0.0539443625986827
DE4,onwind,2021-01-27 03:00:00,0.0331359684969538
DE4,onwind,2021-01-27 06:00:00,0.0165337303369565
DE4,onwind,2021-01-27 09:00:00,0.0047075594624161
DE4,onwind,2021-01-27 12:00:00,0.0111979126353135
DE4,onwind,2021-01-27 15:00:00,0.0218430896855323
DE4,onwind,2021-01-27 18:00:00,0.029299716428928698
DE4,onwind,2021-01-27 21:00:00,0.0397485611295792
DE4,onwind,2021-01-28 00:00:00,0.0448008618975325
DE4,onwind,2021-01-28 03:00:00,0.0390395399119285
DE4,onwind,2021-01-28 06:00:00,0.0273165006558454
DE4,onwind,2021-01-28 09:00:00,0.0525176300111791
DE4,onwind,2021-01-28 12:00:00,0.0924348110132721
DE4,onwind,2021-01-28 15:00:00,0.1370658182792338
DE4,onwind,2021-01-28 18:00:00,0.1631260488201057
DE4,onwind,2021-01-28 21:00:00,0.1468507650416481
DE4,onwind,2021-01-29 00:00:00,0.1009140618434704
DE4,onwind,2021-01-29 03:00:00,0.0888552256209063
DE4,onwind,2021-01-29 06:00:00,0.1275633935975225
DE4,onwind,2021-01-29 09:00:00,0.1807013521522665
DE4,onwind,2021-01-29 12:00:00,0.1957199335741759
DE4,onwind,2021-01-29 15:00:00,0.1841502618448947
DE4,onwind,2021-01-29 18:00:00,0.1644606164503157
DE4,onwind,2021-01-29 21:00:00,0.1534663043268689
DE4,onwind,2021-01-30 00:00:00,0.1631896889383884
DE4,onwind,2021-01-30 03:00:00,0.183463921107044
DE4,onwind,2021-01-30 06:00:00,0.1577948540776748
DE4,onwind,2021-01-30 09:00:00,0.0909508546904592
DE4,onwind,2021-01-30 12:00:00,0.020115690812743
DE4,onwind,2021-01-30 15:00:00,0.0085227476049259
DE4,onwind,2021-01-30 18:00:00,0.0201628962619429
DE4,onwind,2021-01-30 21:00:00,0.0244849908613703
DE4,onwind,2021-01-31 00:00:00,0.0265572280168768
DE4,onwind,2021-01-31 03:00:00,0.0269735644308673
DE4,onwind,2021-01-31 06:00:00,0.0198354831382486
DE4,onwind,2021-01-31 09:00:00,0.0109081844496803
DE4,onwind,2021-01-31 12:00:00,0.0041829149113706
DE4,onwind,2021-01-31 15:00:00,0.0066178650450422
DE4,onwind,2021-01-31 18:00:00,0.0126305919205168
DE4,onwind,2021-01-31 21:00:00,0.0137054121741556
DE4,onwind,2021-02-01 00:00:00,0.0179125311407019
DE4,onwind,2021-02-01 03:00:00,0.0161442327907149
DE4,onwind,2021-02-01 06:00:00,0.0142695131512026
DE4,onwind,2021-02-01 09:00:00,0.0060082364052142
DE4,onwind,2021-02-01 12:00:00,0.0075338000599098
DE4,onwind,2021-02-01 15:00:00,0.021288115650058
DE4,onwind,2021-02-01 18:00:00,0.0397976648308863
DE4,onwind,2021-02-01 21:00:00,0.0369018211520169
DE4,onwind,2021-02-02 00:00:00,0.0554601594219409
DE4,onwind,2021-02-02 03:00:00,0.0494369723957363
DE4,onwind,2021-02-02 06:00:00,0.0344390990851928
DE4,onwind,2021-02-02 09:00:00,0.0203860802404536
DE4,onwind,2021-02-02 12:00:00,0.045006201170726
DE4,onwind,2021-02-02 15:00:00,0.0933031504847744
DE4,onwind,2021-02-02 18:00:00,0.0923004048184719
DE4,onwind,2021-02-02 21:00:00,0.1143489992529924
DE4,onwind,2021-02-03 00:00:00,0.0793152549409348
DE4,onwind,2021-02-03 03:00:00,0.0601288204857222
DE4,onwind,2021-02-03 06:00:00,0.0401658351597118
DE4,onwind,2021-02-03 09:00:00,0.0212873911605326
DE4,onwind,2021-02-03 12:00:00,0.0521760930600441
DE4,onwind,2021-02-03 15:00:00,0.1376393061059118
DE4,onwind,2021-02-03 18:00:00,0.1691113799662338
DE4,onwind,2021-02-03 21:00:00,0.1860319605762519
DE4,onwind,2021-02-04 00:00:00,0.1938657280486803
DE4,onwind,2021-02-04 03:00:00,0.1616418344626071
DE4,onwind,2021-02-04 06:00:00,0.0819739743382578
DE4,onwind,2021-02-04 09:00:00,0.0346378910657412
DE4,onwind,2021-02-04 12:00:00,0.0142436130967684
DE4,onwind,2021-02-04 15:00:00,0.0
DE4,onwind,2021-02-04 18:00:00,0.0029891249702699
DE4,onwind,2021-02-04 21:00:00,0.0125807722948804
DE4,onwind,2021-02-05 00:00:00,0.0080206800495522
DE4,onwind,2021-02-05 03:00:00,0.0102089141182266
DE4,onwind,2021-02-05 06:00:00,0.0043035765160177
DE4,onwind,2021-02-05 09:00:00,0.0
DE4,onwind,2021-02-05 12:00:00,0.0
DE4,onwind,2021-02-05 15:00:00,0.0
DE4,onwind,2021-02-05 18:00:00,0.0
DE4,onwind,2021-02-05 21:00:00,0.005499314366088
DE4,onwind,2021-02-06 00:00:00,0.0122835316232736
DE4,onwind,2021-02-06 03:00:00,0.018732754935968
DE4,onwind,2021-02-06 06:00:00,0.0228329777857773
DE4,onwind,2021-02-06 09:00:00,0.0156438166820717
DE4,onwind,2021-02-06 12:00:00,0.0209207398629542
DE4,onwind,2021-02-06 15:00:00,0.0750203485473885
DE4,onwind,2021-02-06 18:00:00,0.1673181665845021
DE4,onwind,2021-02-06 21:00:00,0.2017719652588104
DE4,onwind,2021-02-07 00:00:00,0.1498923318430725
DE4,onwind,2021-02-07 03:00:00,0.1003536685949781
DE4,onwind,2021-02-07 06:00:00,0.0855136831669815
DE4,onwind,2021-02-07 09:00:00,0.054346625204312
DE4,onwind,2021-02-07 12:00:00,0.0367770584046821
DE4,onwind,2021-02-07 15:00:00,0.0768838874909207
DE4,onwind,2021-02-07 18:00:00,0.1436927983843691
DE4,onwind,2021-02-07 21:00:00,0.1975817803622921
DE4,onwind,2021-02-08 00:00:00,0.118323120462779
DE4,onwind,2021-02-08 03:00:00,0.0506457128684285
DE4,onwind,2021-02-08 06:00:00,0.0200115576386322
DE4,onwind,2021-02-08 09:00:00,0.0073779682412147
DE4,onwind,2021-02-08 12:00:00,0.014901671813410202
DE4,onwind,2021-02-08 15:00:00,0.0023638729375785
DE4,onwind,2021-02-08 18:00:00,0.0235751340364731
DE4,onwind,2021-02-08 21:00:00,0.0605366287801972
DE4,onwind,2021-02-09 00:00:00,0.049702740826819
DE4,onwind,2021-02-09 03:00:00,0.0088332930606051
DE4,onwind,2021-02-09 06:00:00,3.781296172976598e-05
DE4,onwind,2021-02-09 09:00:00,0.0009531659174276
DE4,onwind,2021-02-09 12:00:00,0.0168733500353978
DE4,onwind,2021-02-09 15:00:00,0.0143140979022451
DE4,onwind,2021-02-09 18:00:00,0.0048337936783387
DE4,onwind,2021-02-09 21:00:00,0.0103792529447549
DE4,onwind,2021-02-10 00:00:00,0.0294918826113495
DE4,onwind,2021-02-10 03:00:00,0.0391992785107742
DE4,onwind,2021-02-10 06:00:00,0.0593713944890328
DE4,onwind,2021-02-10 09:00:00,0.0459710539670846
DE4,onwind,2021-02-10 12:00:00,0.0620717498928394
DE4,onwind,2021-02-10 15:00:00,0.1040882842667553
DE4,onwind,2021-02-10 18:00:00,0.129958099173246
DE4,onwind,2021-02-10 21:00:00,0.1124247120908299
DE4,onwind,2021-02-11 00:00:00,0.0946741626920108
DE4,onwind,2021-02-11 03:00:00,0.0786617411585225
DE4,onwind,2021-02-11 06:00:00,0.0483951974825723
DE4,onwind,2021-02-11 09:00:00,0.0109623939744032
DE4,onwind,2021-02-11 12:00:00,0.0159352491861734
DE4,onwind,2021-02-11 15:00:00,0.021978822969255
DE4,onwind,2021-02-11 18:00:00,0.0242407634758546
DE4,onwind,2021-02-11 21:00:00,0.03341958467264
DE4,onwind,2021-02-12 00:00:00,0.0688411279400222
DE4,onwind,2021-02-12 03:00:00,0.0965410261465195
DE4,onwind,2021-02-12 06:00:00,0.1233016153859594
DE4,onwind,2021-02-12 09:00:00,0.1871111809554917
DE4,onwind,2021-02-12 12:00:00,0.3630518617153337
DE4,onwind,2021-02-12 15:00:00,0.3816324155465393
DE4,onwind,2021-02-12 18:00:00,0.4154979513201386
DE4,onwind,2021-02-12 21:00:00,0.4112002297841794
DE4,onwind,2021-02-13 00:00:00,0.3592668419943616
DE4,onwind,2021-02-13 03:00:00,0.277467578795719
DE4,onwind,2021-02-13 06:00:00,0.2213088912504272
DE4,onwind,2021-02-13 09:00:00,0.2612896274216647
DE4,onwind,2021-02-13 12:00:00,0.3944589912754597
DE4,onwind,2021-02-13 15:00:00,0.256666691742728
DE4,onwind,2021-02-13 18:00:00,0.187232191201622
DE4,onwind,2021-02-13 21:00:00,0.1045756710410382
DE4,onwind,2021-02-14 00:00:00,0.0861176353752721
DE4,onwind,2021-02-14 03:00:00,0.0647967728937845
DE4,onwind,2021-02-14 06:00:00,0.0544788953898225
DE4,onwind,2021-02-14 09:00:00,0.0182639991662335
DE4,onwind,2021-02-14 12:00:00,0.0193882456954156
DE4,onwind,2021-02-14 15:00:00,0.0397911146445545
DE4,onwind,2021-02-14 18:00:00,0.0934031663331241
DE4,onwind,2021-02-14 21:00:00,0.1534154084751194
DE4,solar,2021-01-18 00:00:00,0.0
DE4,solar,2021-01-18 03:00:00,0.0
DE4,solar,2021-01-18 06:00:00,0.0210692926864487
DE4,solar,2021-01-18 09:00:00,0.0591352006397494
DE4,solar,2021-01-18 12:00:00,0.0334769217716475
DE4,solar,2021-01-18 15:00:00,0.0004759047667125
DE4,solar,2021-01-18 18:00:00,0.0
DE4,solar,2021-01-18 21:00:00,0.0
DE4,solar,2021-01-19 00:00:00,0.0
DE4,solar,2021-01-19 03:00:00,0.0
DE4,solar,2021-01-19 06:00:00,0.0319367089444136
DE4,solar,2021-01-19 09:00:00,0.1575430922404721
DE4,solar,2021-01-19 12:00:00,0.0784953043423041
DE4,solar,2021-01-19 15:00:00,0.0003973858285852
DE4,solar,2021-01-19 18:00:00,0.0
DE4,solar,2021-01-19 21:00:00,0.0
DE4,solar,2021-01-20 00:00:00,0.0
DE4,solar,2021-01-20 03:00:00,0.0
DE4,solar,2021-01-20 06:00:00,0.032803012306406
DE4,solar,2021-01-20 09:00:00,0.2263174478624564
DE4,solar,2021-01-20 12:00:00,0.1775076792999418
DE4,solar,2021-01-20 15:00:00,0.0044839069894042
DE4,solar,2021-01-20 18:00:00,0.0
DE4,solar,2021-01-20 21:00:00,0.0
DE4,solar,2021-01-21 00:00:00,0.0
DE4,solar,2021-01-21 03:00:00,0.0
DE4,solar,2021-01-21 06:00:00,0.0465232027115599
DE4,solar,2021-01-21 09:00:00,0.2144877904477089
DE4,solar,2021-01-21 12:00:00,0.1602470600728156
DE4,solar,2021-01-21 15:00:00,0.0118487203106287
DE4,solar,2021-01-21 18:00:00,0.0
DE4,solar,2021-01-21 21:00:00,0.0
DE4,solar,2021-01-22 00:00:00,0.0
DE4,solar,2021-01-22 03:00:00,0.0
DE4,solar,2021-01-22 06:00:00,0.0625532685915713
DE4,solar,2021-01-22 09:00:00,0.2716303893247176
DE4,solar,2021-01-22 12:00:00,0.2443637354253417
DE4,solar,2021-01-22 15:00:00,0.0090723535935973
DE4,solar,2021-01-22 18:00:00,0.0
DE4,solar,2021-01-22 21:00:00,0.0
DE4,solar,2021-01-23 00:00:00,0.0
DE4,solar,2021-01-23 03:00:00,0.0
DE4,solar,2021-01-23 06:00:00,0.0168675179477396
DE4,solar,2021-01-23 09:00:00,0.1589548608252712
DE4,solar,2021-01-23 12:00:00,0.1209964875282591
DE4,solar,2021-01-23 15:00:00,0.007307877238698099
DE4,solar,2021-01-23 18:00:00,0.0
DE4,solar,2021-01-23 21:00:00,0.0
DE4,solar,2021-01-24 00:00:00,0.0
DE4,solar,2021-01-24 03:00:00,0.0
DE4,solar,2021-01-24 06:00:00,0.0635149732365753
DE4,solar,2021-01-24 09:00:00,0.2568185742902187
DE4,solar,2021-01-24 12:00:00,0.1401098749686932
DE4,solar,2021-01-24 15:00:00,0.008912798322698
DE4,solar,2021-01-24 18:00:00,0.0
DE4,solar,2021-01-24 21:00:00,0.0
DE4,solar,2021-01-25 00:00:00,0.0
DE4,solar,2021-01-25 03:00:00,0.0
DE4,solar,2021-01-25 06:00:00,0.0354020665569375
DE4,solar,2021-01-25 09:00:00,0.1185068011956127
DE4,solar,2021-01-25 12:00:00,0.0874530851759213
DE4,solar,2021-01-25 15:00:00,0.0
DE4,solar,2021-01-25 18:00:00,0.0
DE4,solar,2021-01-25 21:00:00,0.0
DE4,solar,2021-01-26 00:00:00,0.0
DE4,solar,2021-01-26 03:00:00,0.0
DE4,solar,2021-01-26 06:00:00,0.0078577509285032
DE4,solar,2021-01-26 09:00:00,0.022586355182436204
DE4,solar,2021-01-26 12:00:00,0.0104097342183939
DE4,solar,2021-01-26 15:00:00,0.0
DE4,solar,2021-01-26 18:00:00,0.0
DE4,solar,2021-01-26 21:00:00,0.0
DE4,solar,2021-01-27 00:00:00,0.0
DE4,solar,2021-01-27 03:00:00,0.0
DE4,solar,2021-01-27 06:00:00,0.0046737101532806
DE4,solar,2021-01-27 09:00:00,0.0267996174548421
DE4,solar,2021-01-27 12:00:00,0.0205042888901217
DE4,solar,2021-01-27 15:00:00,0.0
DE4,solar,2021-01-27 18:00:00,0.0
DE4,solar,2021-01-27 21:00:00,0.0
DE4,solar,2021-01-28 00:00:00,0.0
DE4,solar,2021-01-28 03:00:00,0.0
DE4,solar,2021-01-28 06:00:00,0.0018183801101040002
DE4,solar,2021-01-28 09:00:00,0.007202479025138699
DE4,solar,2021-01-28 12:00:00,0.0058983816917082
DE4,solar,2021-01-28 15:00:00,0.0
DE4,solar,2021-01-28 18:00:00,0.0
DE4,solar,2021-01-28 21:00:00,0.0
DE4,solar,2021-01-29 00:00:00,0.0
DE4,solar,2021-01-29 03:00:00,0.0
DE4,solar,2021-01-29 06:00:00,0.003190087924014
DE4,solar,2021-01-29 09:00:00,0.0367384736904109
DE4,solar,2021-01-29 12:00:00,0.0311364956466107
DE4,solar,2021-01-29 15:00:00,0.0018200825909525003
DE4,solar,2021-01-29 18:00:00,0.0
DE4,solar,2021-01-29 21:00:00,0.0
DE4,solar,2021-01-30 00:00:00,0.0
DE4,solar,2021-01-30 03:00:00,0.0
DE4,solar,2021-01-30 06:00:00,0.0082632703571042
DE4,solar,2021-01-30 09:00:00,0.0487224308551255
DE4,solar,2021-01-30 12:00:00,0.019338199785147205
DE4,solar,2021-01-30 15:00:00,0.0
DE4,solar,2021-01-30 18:00:00,0.0
DE4,solar,2021-01-30 21:00:00,0.0
DE4,solar,2021-01-31 00:00:00,0.0
DE4,solar,2021-01-31 03:00:00,0.0
DE4,solar,2021-01-31 06:00:00,0.0103825588280943
DE4,solar,2021-01-31 09:00:00,0.0399419283503084
DE4,solar,2021-01-31 12:00:00,0.0384682179958813
DE4,solar,2021-01-31 15:00:00,0.0020546833938679
DE4,solar,2021-01-31 18:00:00,0.0
DE4,solar,2021-01-31 21:00:00,0.0
DE4,solar,2021-02-01 00:00:00,0.0
DE4,solar,2021-02-01 03:00:00,0.0
DE4,solar,2021-02-01 06:00:00,0.012753763671860598
DE4,solar,2021-02-01 09:00:00,0.04623331134902291
DE4,solar,2021-02-01 12:00:00,0.0368270684576998
DE4,solar,2021-02-01 15:00:00,0.0020670743963659
DE4,solar,2021-02-01 18:00:00,0.0
DE4,solar,2021-02-01 21:00:00,0.0
DE4,solar,2021-02-02 00:00:00,0.0
DE4,solar,2021-02-02 03:00:00,0.0
DE4,solar,2021-02-02 06:00:00,0.0120932334412196
DE4,solar,2021-02-02 09:00:00,0.0426690636493952
DE4,solar,2021-02-02 12:00:00,0.0181766676602401
DE4,solar,2021-02-02 15:00:00,0.0
DE4,solar,2021-02-02 18:00:00,0.0
DE4,solar,2021-02-02 21:00:00,0.0
DE4,solar,2021-02-03 00:00:00,0.0
DE4,solar,2021-02-03 03:00:00,0.0
DE4,solar,2021-02-03 06:00:00,0.0032614395453299
DE4,solar,2021-02-03 09:00:00,0.0179666598809332
DE4,solar,2021-02-03 12:00:00,0.0094825685930462
DE4,solar,2021-02-03 15:00:00,0.0
DE4,solar,2021-02-03 18:00:00,0.0
DE4,solar,2021-02-03 21:00:00,0.0
DE4,solar,2021-02-04 00:00:00,0.0
DE4,solar,2021-02-04 03:00:00,0.0
DE4,solar,2021-02-04 06:00:00,0.0190575229491285
DE4,solar,2021-02-04 09:00:00,0.0852690151981148
DE4,solar,2021-02-04 12:00:00,0.0736213601920984
DE4,solar,2021-02-04 15:00:00,0.004741417221107801
DE4,solar,2021-02-04 18:00:00,0.0
DE4,solar,2021-02-04 21:00:00,0.0
DE4,solar,2021-02-05 00:00:00,0.0
DE4,solar,2021-02-05 03:00:00,0.0
DE4,solar,2021-02-05 06:00:00,0.0137492807762726
DE4,solar,2021-02-05 09:00:00,0.0442959506823812
DE4,solar,2021-02-05 12:00:00,0.0374798302312753
DE4,solar,2021-02-05 15:00:00,0.0019877847027854
DE4,solar,2021-02-05 18:00:00,0.0
DE4,solar,2021-02-05 21:00:00,0.0
DE4,solar,2021-02-06 00:00:00,0.0
DE4,solar,2021-02-06 03:00:00,0.0
DE4,solar,2021-02-06 06:00:00,0.0128424531352006
DE4,solar,2021-02-06 09:00:00,0.0516410761938135
DE4,solar,2021-02-06 12:00:00,0.023754144180573
DE4,solar,2021-02-06 15:00:00,0.0
DE4,solar,2021-02-06 18:00:00,0.0
DE4,solar,2021-02-06 21:00:00,0.0
DE4,solar,2021-02-07 00:00:00,0.0
DE4,solar,2021-02-07 03:00:00,0.0
DE4,solar,2021-02-07 06:00:00,0.0135605280515627
DE4,solar,2021-02-07 09:00:00,0.10587308909107751
DE4,solar,2021-02-07 12:00:00,0.0988662359760799
DE4,solar,2021-02-07 15:00:00,0.0
DE4,solar,2021-02-07 18:00:00,0.0
DE4,solar,2021-02-07 21:00:00,0.0
DE4,solar,2021-02-08 00:00:00,0.0
DE4,solar,2021-02-08 03:00:00,0.0
DE4,solar,2021-02-08 06:00:00,0.0767344812898367
DE4,solar,2021-02-08 09:00:00,0.2579857191577557
DE4,solar,2021-02-08 12:00:00,0.2118678449555717
DE4,solar,2021-02-08 15:00:00,0.032567052697053
DE4,solar,2021-02-08 18:00:00,0.0
DE4,solar,2021-02-08 21:00:00,0.0
DE4,solar,2021-02-09 00:00:00,0.0
DE4,solar,2021-02-09 03:00:00,0.0
DE4,solar,2021-02-09 06:00:00,0.0638802277481619
DE4,solar,2021-02-09 09:00:00,0.11254573010372869
DE4,solar,2021-02-09 12:00:00,0.0644155114230863
DE4,solar,2021-02-09 15:00:00,0.0077841209301859
DE4,solar,2021-02-09 18:00:00,0.0
DE4,solar,2021-02-09 21:00:00,0.0
DE4,solar,2021-02-10 00:00:00,0.0
DE4,solar,2021-02-10 03:00:00,0.0
DE4,solar,2021-02-10 06:00:00,0.0361721567776287
DE4,solar,2021-02-10 09:00:00,0.1734935470638043
DE4,solar,2021-02-10 12:00:00,0.1122132514664515
DE4,solar,2021-02-10 15:00:00,0.0129957256943014
DE4,solar,2021-02-10 18:00:00,0.0
DE4,solar,2021-02-10 21:00:00,0.0
DE4,solar,2021-02-11 00:00:00,0.0
DE4,solar,2021-02-11 03:00:00,0.0
DE4,solar,2021-02-11 06:00:00,0.0976036620276079
DE4,solar,2021-02-11 09:00:00,0.2929905204662973
DE4,solar,2021-02-11 12:00:00,0.2028600338695231
DE4,solar,2021-02-11 15:00:00,0.0299153378892629
DE4,solar,2021-02-11 18:00:00,0.0
DE4,solar,2021-02-11 21:00:00,0.0
DE4,solar,2021-02-12 00:00:00,0.0
DE4,solar,2021-02-12 03:00:00,0.0
DE4,solar,2021-02-12 06:00:00,0.16467610603197907
DE4,solar,2021-02-12 09:00:00,0.5561565333780202
DE4,solar,2021-02-12 12:00:00,0.428903702404291
DE4,solar,2021-02-12 15:00:00,0.060785118957035505
DE4,solar,2021-02-12 18:00:00,0.0
DE4,solar,2021-02-12 21:00:00,0.0
DE4,solar,2021-02-13 00:00:00,0.0
DE4,solar,2021-02-13 03:00:00,0.0
DE4,solar,2021-02-13 06:00:00,0.1775746988900968
DE4,solar,2021-02-13 09:00:00,0.592646880911098
DE4,solar,2021-02-13 12:00:00,0.4504682688071306
DE4,solar,2021-02-13 15:00:00,0.0672944644032383
DE4,solar,2021-02-13 18:00:00,0.0
DE4,solar,2021-02-13 21:00:00,0.0
DE4,solar,2021-02-14 00:00:00,0.0
DE4,solar,2021-02-14 03:00:00,0.0
DE4,solar,2021-02-14 06:00:00,0.1878973225474358
DE4,solar,2021-02-14 09:00:00,0.6361219649109526
DE4,solar,2021-02-14 12:00:00,0.5076924863554125
DE4,solar,2021-02-14 15:00:00,0.0729580919724186
DE4,solar,2021-02-14 18:00:00,0.0
DE4,solar,2021-02-14 21:00:00,0.0
DE4,waste,2021-01-18 00:00:00,1.0
DE4,waste,2021-01-18 03:00:00,1.0
DE4,waste,2021-01-18 06:00:00,1.0
DE4,waste,2021-01-18 09:00:00,1.0
DE4,waste,2021-01-18 12:00:00,1.0
DE4,waste,2021-01-18 15:00:00,1.0
DE4,waste,2021-01-18 18:00:00,1.0
DE4,waste,2021-01-18 21:00:00,1.0
DE4,waste,2021-01-19 00:00:00,1.0
DE4,waste,2021-01-19 03:00:00,1.0
DE4,waste,2021-01-19 06:00:00,1.0
DE4,waste,2021-01-19 09:00:00,1.0
DE4,waste,2021-01-19 12:00:00,1.0
DE4,waste,2021-01-19 15:00:00,1.0
DE4,waste,2021-01-19 18:00:00,1.0
DE4,waste,2021-01-19 21:00:00,1.0
DE4,waste,2021-01-20 00:00:00,1.0
DE4,waste,2021-01-20 03:00:00,1.0
DE4,waste,2021-01-20 06:00:00,1.0
DE4,waste,2021-01-20 09:00:00,1.0
DE4,waste,2021-01-20 12:00:00,1.0
DE4,waste,2021-01-20 15:00:00,1.0
DE4,waste,2021-01-20 18:00:00,1.0
DE4,waste,2021-01-20 21:00:00,1.0
DE4,waste,2021-01-21 00:00:00,1.0
DE4,waste,2021-01-21 03:00:00,1.0
DE4,waste,2021-01-21 06:00:00,1.0
DE4,waste,2021-01-21 09:00:00,1.0
DE4,waste,2021-01-21 12:00:00,1.0
DE4,waste,2021-01-21 15:00:00,1.0
DE4,waste,2021-01-21 18:00:00,1.0
DE4,waste,2021-01-21 21:00:00,1.0
DE4,waste,2021-01-22 00:00:00,1.0
DE4,waste,2021-01-22 03:00:00,1.0
DE4,waste,2021-01-22 06:00:00,1.0
DE4,waste,2021-01-22 09:00:00,1.0
DE4,waste,2021-01-22 12:00:00,1.0
DE4,waste,2021-01-22 15:00:00,1.0
DE4,waste,2021-01-22 18:00:00,1.0
DE4,waste,2021-01-22 21:00:00,1.0
DE4,waste,2021-01-23 00:00:00,1.0
DE4,waste,2021-01-23 03:00:00,1.0
DE4,waste,2021-01-23 06:00:00,1.0
DE4,waste,2021-01-23 09:00:00,1.0
DE4,waste,2021-01-23 12:00:00,1.0
DE4,waste,2021-01-23 15:00:00,1.0
DE4,waste,2021-01-23 18:00:00,1.0
DE4,waste,2021-01-23 21:00:00,1.0
DE4,waste,2021-01-24 00:00:00,1.0
DE4,waste,2021-01-24 03:00:00,1.0
DE4,waste,2021-01-24 06:00:00,1.0
DE4,waste,2021-01-24 09:00:00,1.0
DE4,waste,2021-01-24 12:00:00,1.0
DE4,waste,2021-01-24 15:00:00,1.0
DE4,waste,2021-01-24 18:00:00,1.0
DE4,waste,2021-01-24 21:00:00,1.0
DE4,waste,2021-01-25 00:00:00,1.0
DE4,waste,2021-01-25 03:00:00,1.0
DE4,waste,2021-01-25 06:00:00,1.0
DE4,waste,2021-01-25 09:00:00,1.0
DE4,waste,2021-01-25 12:00:00,1.0
DE4,waste,2021-01-25 15:00:00,1.0
DE4,waste,2021-01-25 18:00:00,1.0
DE4,waste,2021-01-25 21:00:00,1.0
DE4,waste,2021-01-26 00:00:00,1.0
DE4,waste,2021-01-26 03:00:00,1.0
DE4,waste,2021-01-26 06:00:00,1.0
DE4,waste,2021-01-26 09:00:00,1.0
DE4,waste,2021-01-26 12:00:00,1.0
DE4,waste,2021-01-26 15:00:00,1.0
DE4,waste,2021-01-26 18:00:00,1.0
DE4,waste,2021-01-26 21:00:00,1.0
DE4,waste,2021-01-27 00:00:00,1.0
DE4,waste,2021-01-27 03:00:00,1.0
DE4,waste,2021-01-27 06:00:00,1.0
DE4,waste,2021-01-27 09:00:00,1.0
DE4,waste,2021-01-27 12:00:00,1.0
DE4,waste,2021-01-27 15:00:00,1.0
DE4,waste,2021-01-27 18:00:00,1.0
DE4,waste,2021-01-27 21:00:00,1.0
DE4,waste,2021-01-28 00:00:00,1.0
DE4,waste,2021-01-28 03:00:00,1.0
DE4,waste,2021-01-28 06:00:00,1.0
DE4,waste,2021-01-28 09:00:00,1.0
DE4,waste,2021-01-28 12:00:00,1.0
DE4,waste,2021-01-28 15:00:00,1.0
DE4,waste,2021-01-28 18:00:00,1.0
DE4,waste,2021-01-28 21:00:00,1.0
DE4,waste,2021-01-29 00:00:00,1.0
DE4,waste,2021-01-29 03:00:00,1.0
DE4,waste,2021-01-29 06:00:00,1.0
DE4,waste,2021-01-29 09:00:00,1.0
DE4,waste,2021-01-29 12:00:00,1.0
DE4,waste,2021-01-29 15:00:00,1.0
DE4,waste,2021-01-29 18:00:00,1.0
DE4,waste,2021-01-29 21:00:00,1.0
DE4,waste,2021-01-30 00:00:00,1.0
DE4,waste,2021-01-30 03:00:00,1.0
DE4,waste,2021-01-30 06:00:00,1.0
DE4,waste,2021-01-30 09:00:00,1.0
DE4,waste,2021-01-30 12:00:00,1.0
DE4,waste,2021-01-30 15:00:00,1.0
DE4,waste,2021-01-30 18:00:00,1.0
DE4,waste,2021-01-30 21:00:00,1.0
DE4,waste,2021-01-31 00:00:00,1.0
DE4,waste,2021-01-31 03:00:00,1.0
DE4,waste,2021-01-31 06:00:00,1.0
DE4,waste,2021-01-31 09:00:00,1.0
DE4,waste,2021-01-31 12:00:00,1.0
DE4,waste,2021-01-31 15:00:00,1.0
DE4,waste,2021-01-31 18:00:00,1.0
DE4,waste,2021-01-31 21:00:00,1.0
DE4,waste,2021-02-01 00:00:00,1.0
DE4,waste,2021-02-01 03:00:00,1.0
DE4,waste,2021-02-01 06:00:00,1.0
DE4,waste,2021-02-01 09:00:00,1.0
DE4,waste,2021-02-01 12:00:00,1.0
DE4,waste,2021-02-01 15:00:00,1.0
DE4,waste,2021-02-01 18:00:00,1.0
DE4,waste,2021-02-01 21:00:00,1.0
DE4,waste,2021-02-02 00:00:00,1.0
DE4,waste,2021-02-02 03:00:00,1.0
DE4,waste,2021-02-02 06:00:00,1.0
DE4,waste,2021-02-02 09:00:00,1.0
DE4,waste,2021-02-02 12:00:00,1.0
DE4,waste,2021-02-02 15:00:00,1.0
DE4,waste,2021-02-02 18:00:00,1.0
DE4,waste,2021-02-02 21:00:00,1.0
DE4,waste,2021-02-03 00:00:00,1.0
DE4,waste,2021-02-03 03:00:00,1.0
DE4,waste,2021-02-03 06:00:00,1.0
DE4,waste,2021-02-03 09:00:00,1.0
DE4,waste,2021-02-03 12:00:00,1.0
DE4,waste,2021-02-03 15:00:00,1.0
DE4,waste,2021-02-03 18:00:00,1.0
DE4,waste,2021-02-03 21:00:00,1.0
DE4,waste,2021-02-04 00:00:00,1.0
DE4,waste,2021-02-04 03:00:00,1.0
DE4,waste,2021-02-04 06:00:00,1.0
DE4,waste,2021-02-04 09:00:00,1.0
DE4,waste,2021-02-04 12:00:00,1.0
DE4,waste,2021-02-04 15:00:00,1.0
DE4,waste,2021-02-04 18:00:00,1.0
DE4,waste,2021-02-04 21:00:00,1.0
DE4,waste,2021-02-05 00:00:00,1.0
DE4,waste,2021-02-05 03:00:00,1.0
DE4,waste,2021-02-05 06:00:00,1.0
DE4,waste,2021-02-05 09:00:00,1.0
DE4,waste,2021-02-05 12:00:00,1.0
DE4,waste,2021-02-05 15:00:00,1.0
DE4,waste,2021-02-05 18:00:00,1.0
DE4,waste,2021-02-05 21:00:00,1.0
DE4,waste,2021-02-06 00:00:00,1.0
DE4,waste,2021-02-06 03:00:00,1.0
DE4,waste,2021-02-06 06:00:00,1.0
DE4,waste,2021-02-06 09:00:00,1.0
DE4,waste,2021-02-06 12:00:00,1.0
DE4,waste,2021-02-06 15:00:00,1.0
DE4,waste,2021-02-06 18:00:00,1.0
DE4,waste,2021-02-06 21:00:00,1.0
DE4,waste,2021-02-07 00:00:00,1.0
DE4,waste,2021-02-07 03:00:00,1.0
DE4,waste,2021-02-07 06:00:00,1.0
DE4,waste,2021-02-07 09:00:00,1.0
DE4,waste,2021-02-07 12:00:00,1.0
DE4,waste,2021-02-07 15:00:00,1.0
DE4,waste,2021-02-07 18:00:00,1.0
DE4,waste,2021-02-07 21:00:00,1.0
DE4,waste,2021-02-08 00:00:00,1.0
DE4,waste,2021-02-08 03:00:00,1.0
DE4,waste,2021-02-08 06:00:00,1.0
DE4,waste,2021-02-08 09:00:00,1.0
DE4,waste,2021-02-08 12:00:00,1.0
DE4,waste,2021-02-08 15:00:00,1.0
DE4,waste,2021-02-08 18:00:00,1.0
DE4,waste,2021-02-08 21:00:00,1.0
DE4,waste,2021-02-09 00:00:00,1.0
DE4,waste,2021-02-09 03:00:00,1.0
DE4,waste,2021-02-09 06:00:00,1.0
DE4,waste,2021-02-09 09:00:00,1.0
DE4,waste,2021-02-09 12:00:00,1.0
DE4,waste,2021-02-09 15:00:00,1.0
DE4,waste,2021-02-09 18:00:00,1.0
DE4,waste,2021-02-09 21:00:00,1.0
DE4,waste,2021-02-10 00:00:00,1.0
DE4,waste,2021-02-10 03:00:00,1.0
DE4,waste,2021-02-10 06:00:00,1.0
DE4,waste,2021-02-10 09:00:00,1.0
DE4,waste,2021-02-10 12:00:00,1.0
DE4,waste,2021-02-10 15:00:00,1.0
DE4,waste,2021-02-10 18:00:00,1.0
DE4,waste,2021-02-10 21:00:00,1.0
DE4,waste,2021-02-11 00:00:00,1.0
DE4,waste,2021-02-11 03:00:00,1.0
DE4,waste,2021-02-11 06:00:00,1.0
DE4,waste,2021-02-11 09:00:00,1.0
DE4,waste,2021-02-11 12:00:00,1.0
DE4,waste,2021-02-11 15:00:00,1.0
DE4,waste,2021-02-11 18:00:00,1.0
DE4,waste,2021-02-11 21:00:00,1.0
DE4,waste,2021-02-12 00:00:00,1.0
DE4,waste,2021-02-12 03:00:00,1.0
DE4,waste,2021-02-12 06:00:00,1.0
DE4,waste,2021-02-12 09:00:00,1.0
DE4,waste,2021-02-12 12:00:00,1.0
DE4,waste,2021-02-12 15:00:00,1.0
DE4,waste,2021-02-12 18:00:00,1.0
DE4,waste,2021-02-12 21:00:00,1.0
DE4,waste,2021-02-13 00:00:00,1.0
DE4,waste,2021-02-13 03:00:00,1.0
DE4,waste,2021-02-13 06:00:00,1.0
DE4,waste,2021-02-13 09:00:00,1.0
DE4,waste,2021-02-13 12:00:00,1.0
DE4,waste,2021-02-13 15:00:00,1.0
DE4,waste,2021-02-13 18:00:00,1.0
DE4,waste,2021-02-13 21:00:00,1.0
DE4,waste,2021-02-14 00:00:00,1.0
DE4,waste,2021-02-14 03:00:00,1.0
DE4,waste,2021-02-14 06:00:00,1.0
DE4,waste,2021-02-14 09:00:00,1.0
DE4,waste,2021-02-14 12:00:00,1.0
DE4,waste,2021-02-14 15:00:00,1.0
DE4,waste,2021-02-14 18:00:00,1.0
DE4,waste,2021-02-14 21:00:00,1.0
DE5,biomass,2021-01-18 00:00:00,1.0
DE5,biomass,2021-01-18 03:00:00,1.0
DE5,biomass,2021-01-18 06:00:00,1.0
DE5,biomass,2021-01-18 09:00:00,1.0
DE5,biomass,2021-01-18 12:00:00,1.0
DE5,biomass,2021-01-18 15:00:00,1.0
DE5,biomass,2021-01-18 18:00:00,1.0
DE5,biomass,2021-01-18 21:00:00,1.0
DE5,biomass,2021-01-19 00:00:00,1.0
DE5,biomass,2021-01-19 03:00:00,1.0
DE5,biomass,2021-01-19 06:00:00,1.0
DE5,biomass,2021-01-19 09:00:00,1.0
DE5,biomass,2021-01-19 12:00:00,1.0
DE5,biomass,2021-01-19 15:00:00,1.0
DE5,biomass,2021-01-19 18:00:00,1.0
DE5,biomass,2021-01-19 21:00:00,1.0
DE5,biomass,2021-01-20 00:00:00,1.0
DE5,biomass,2021-01-20 03:00:00,1.0
DE5,biomass,2021-01-20 06:00:00,1.0
DE5,biomass,2021-01-20 09:00:00,1.0
DE5,biomass,2021-01-20 12:00:00,1.0
DE5,biomass,2021-01-20 15:00:00,1.0
DE5,biomass,2021-01-20 18:00:00,1.0
DE5,biomass,2021-01-20 21:00:00,1.0
DE5,biomass,2021-01-21 00:00:00,1.0
DE5,biomass,2021-01-21 03:00:00,1.0
DE5,biomass,2021-01-21 06:00:00,1.0
DE5,biomass,2021-01-21 09:00:00,1.0
DE5,biomass,2021-01-21 12:00:00,1.0
DE5,biomass,2021-01-21 15:00:00,1.0
DE5,biomass,2021-01-21 18:00:00,1.0
DE5,biomass,2021-01-21 21:00:00,1.0
DE5,biomass,2021-01-22 00:00:00,1.0
DE5,biomass,2021-01-22 03:00:00,1.0
DE5,biomass,2021-01-22 06:00:00,1.0
DE5,biomass,2021-01-22 09:00:00,1.0
DE5,biomass,2021-01-22 12:00:00,1.0
DE5,biomass,2021-01-22 15:00:00,1.0
DE5,biomass,2021-01-22 18:00:00,1.0
DE5,biomass,2021-01-22 21:00:00,1.0
DE5,biomass,2021-01-23 00:00:00,1.0
DE5,biomass,2021-01-23 03:00:00,1.0
DE5,biomass,2021-01-23 06:00:00,1.0
DE5,biomass,2021-01-23 09:00:00,1.0
DE5,biomass,2021-01-23 12:00:00,1.0
DE5,biomass,2021-01-23 15:00:00,1.0
DE5,biomass,2021-01-23 18:00:00,1.0
DE5,biomass,2021-01-23 21:00:00,1.0
DE5,biomass,2021-01-24 00:00:00,1.0
DE5,biomass,2021-01-24 03:00:00,1.0
DE5,biomass,2021-01-24 06:00:00,1.0
DE5,biomass,2021-01-24 09:00:00,1.0
DE5,biomass,2021-01-24 12:00:00,1.0
DE5,biomass,2021-01-24 15:00:00,1.0
DE5,biomass,2021-01-24 18:00:00,1.0
DE5,biomass,2021-01-24 21:00:00,1.0
DE5,biomass,2021-01-25 00:00:00,1.0
DE5,biomass,2021-01-25 03:00:00,1.0
DE5,biomass,2021-01-25 06:00:00,1.0
DE5,biomass,2021-01-25 09:00:00,1.0
DE5,biomass,2021-01-25 12:00:00,1.0
DE5,biomass,2021-01-25 15:00:00,1.0
DE5,biomass,2021-01-25 18:00:00,1.0
DE5,biomass,2021-01-25 21:00:00,1.0
DE5,biomass,2021-01-26 00:00:00,1.0
DE5,biomass,2021-01-26 03:00:00,1.0
DE5,biomass,2021-01-26 06:00:00,1.0
DE5,biomass,2021-01-26 09:00:00,1.0
DE5,biomass,2021-01-26 12:00:00,1.0
DE5,biomass,2021-01-26 15:00:00,1.0
DE5,biomass,2021-01-26 18:00:00,1.0
DE5,biomass,2021-01-26 21:00:00,1.0
DE5,biomass,2021-01-27 00:00:00,1.0
DE5,biomass,2021-01-27 03:00:00,1.0
DE5,biomass,2021-01-27 06:00:00,1.0
DE5,biomass,2021-01-27 09:00:00,1.0
DE5,biomass,2021-01-27 12:00:00,1.0
DE5,biomass,2021-01-27 15:00:00,1.0
DE5,biomass,2021-01-27 18:00:00,1.0
DE5,biomass,2021-01-27 21:00:00,1.0
DE5,biomass,2021-01-28 00:00:00,1.0
DE5,biomass,2021-01-28 03:00:00,1.0
DE5,biomass,2021-01-28 06:00:00,1.0
DE5,biomass,2021-01-28 09:00:00,1.0
DE5,biomass,2021-01-28 12:00:00,1.0
DE5,biomass,2021-01-28 15:00:00,1.0
DE5,biomass,2021-01-28 18:00:00,1.0
DE5,biomass,2021-01-28 21:00:00,1.0
DE5,biomass,2021-01-29 00:00:00,1.0
DE5,biomass,2021-01-29 03:00:00,1.0
DE5,biomass,2021-01-29 06:00:00,1.0
DE5,biomass,2021-01-29 09:00:00,1.0
DE5,biomass,2021-01-29 12:00:00,1.0
DE5,biomass,2021-01-29 15:00:00,1.0
DE5,biomass,2021-01-29 18:00:00,1.0
DE5,biomass,2021-01-29 21:00:00,1.0
DE5,biomass,2021-01-30 00:00:00,1.0
DE5,biomass,2021-01-30 03:00:00,1.0
DE5,biomass,2021-01-30 06:00:00,1.0
DE5,biomass,2021-01-30 09:00:00,1.0
DE5,biomass,2021-01-30 12:00:00,1.0
DE5,biomass,2021-01-30 15:00:00,1.0
DE5,biomass,2021-01-30 18:00:00,1.0
DE5,biomass,2021-01-30 21:00:00,1.0
DE5,biomass,2021-01-31 00:00:00,1.0
DE5,biomass,2021-01-31 03:00:00,1.0
DE5,biomass,2021-01-31 06:00:00,1.0
DE5,biomass,2021-01-31 09:00:00,1.0
DE5,biomass,2021-01-31 12:00:00,1.0
DE5,biomass,2021-01-31 15:00:00,1.0
DE5,biomass,2021-01-31 18:00:00,1.0
DE5,biomass,2021-01-31 21:00:00,1.0
DE5,biomass,2021-02-01 00:00:00,1.0
DE5,biomass,2021-02-01 03:00:00,1.0
DE5,biomass,2021-02-01 06:00:00,1.0
DE5,biomass,2021-02-01 09:00:00,1.0
DE5,biomass,2021-02-01 12:00:00,1.0
DE5,biomass,2021-02-01 15:00:00,1.0
DE5,biomass,2021-02-01 18:00:00,1.0
DE5,biomass,2021-02-01 21:00:00,1.0
DE5,biomass,2021-02-02 00:00:00,1.0
DE5,biomass,2021-02-02 03:00:00,1.0
DE5,biomass,2021-02-02 06:00:00,1.0
DE5,biomass,2021-02-02 09:00:00,1.0
DE5,biomass,2021-02-02 12:00:00,1.0
DE5,biomass,2021-02-02 15:00:00,1.0
DE5,biomass,2021-02-02 18:00:00,1.0
DE5,biomass,2021-02-02 21:00:00,1.0
DE5,biomass,2021-02-03 00:00:00,1.0
DE5,biomass,2021-02-03 03:00:00,1.0
DE5,biomass,2021-02-03 06:00:00,1.0
DE5,biomass,2021-02-03 09:00:00,1.0
DE5,biomass,2021-02-03 12:00:00,1.0
DE5,biomass,2021-02-03 15:00:00,1.0
DE5,biomass,2021-02-03 18:00:00,1.0
DE5,biomass,2021-02-03 21:00:00,1.0
DE5,biomass,2021-02-04 00:00:00,1.0
DE5,biomass,2021-02-04 03:00:00,1.0
DE5,biomass,2021-02-04 06:00:00,1.0
DE5,biomass,2021-02-04 09:00:00,1.0
DE5,biomass,2021-02-04 12:00:00,1.0
DE5,biomass,2021-02-04 15:00:00,1.0
DE5,biomass,2021-02-04 18:00:00,1.0
DE5,biomass,2021-02-04 21:00:00,1.0
DE5,biomass,2021-02-05 00:00:00,1.0
DE5,biomass,2021-02-05 03:00:00,1.0
DE5,biomass,2021-02-05 06:00:00,1.0
DE5,biomass,2021-02-05 09:00:00,1.0
DE5,biomass,2021-02-05 12:00:00,1.0
DE5,biomass,2021-02-05 15:00:00,1.0
DE5,biomass,2021-02-05 18:00:00,1.0
DE5,biomass,2021-02-05 21:00:00,1.0
DE5,biomass,2021-02-06 00:00:00,1.0
DE5,biomass,2021-02-06 03:00:00,1.0
DE5,biomass,2021-02-06 06:00:00,1.0
DE5,biomass,2021-02-06 09:00:00,1.0
DE5,biomass,2021-02-06 12:00:00,1.0
DE5,biomass,2021-02-06 15:00:00,1.0
DE5,biomass,2021-02-06 18:00:00,1.0
DE5,biomass,2021-02-06 21:00:00,1.0
DE5,biomass,2021-02-07 00:00:00,1.0
DE5,biomass,2021-02-07 03:00:00,1.0
DE5,biomass,2021-02-07 06:00:00,1.0
DE5,biomass,2021-02-07 09:00:00,1.0
DE5,biomass,2021-02-07 12:00:00,1.0
DE5,biomass,2021-02-07 15:00:00,1.0
DE5,biomass,2021-02-07 18:00:00,1.0
DE5,biomass,2021-02-07 21:00:00,1.0
DE5,biomass,2021-02-08 00:00:00,1.0
DE5,biomass,2021-02-08 03:00:00,1.0
DE5,biomass,2021-02-08 06:00:00,1.0
DE5,biomass,2021-02-08 09:00:00,1.0
DE5,biomass,2021-02-08 12:00:00,1.0
DE5,biomass,2021-02-08 15:00:00,1.0
DE5,biomass,2021-02-08 18:00:00,1.0
DE5,biomass,2021-02-08 21:00:00,1.0
DE5,biomass,2021-02-09 00:00:00,1.0
DE5,biomass,2021-02-09 03:00:00,1.0
DE5,biomass,2021-02-09 06:00:00,1.0
DE5,biomass,2021-02-09 09:00:00,1.0
DE5,biomass,2021-02-09 12:00:00,1.0
DE5,biomass,2021-02-09 15:00:00,1.0
DE5,biomass,2021-02-09 18:00:00,1.0
DE5,biomass,2021-02-09 21:00:00,1.0
DE5,biomass,2021-02-10 00:00:00,1.0
DE5,biomass,2021-02-10 03:00:00,1.0
DE5,biomass,2021-02-10 06:00:00,1.0
DE5,biomass,2021-02-10 09:00:00,1.0
DE5,biomass,2021-02-10 12:00:00,1.0
DE5,biomass,2021-02-10 15:00:00,1.0
DE5,biomass,2021-02-10 18:00:00,1.0
DE5,biomass,2021-02-10 21:00:00,1.0
DE5,biomass,2021-02-11 00:00:00,1.0
DE5,biomass,2021-02-11 03:00:00,1.0
DE5,biomass,2021-02-11 06:00:00,1.0
DE5,biomass,2021-02-11 09:00:00,1.0
DE5,biomass,2021-02-11 12:00:00,1.0
DE5,biomass,2021-02-11 15:00:00,1.0
DE5,biomass,2021-02-11 18:00:00,1.0
DE5,biomass,2021-02-11 21:00:00,1.0
DE5,biomass,2021-02-12 00:00:00,1.0
DE5,biomass,2021-02-12 03:00:00,1.0
DE5,biomass,2021-02-12 06:00:00,1.0
DE5,biomass,2021-02-12 09:00:00,1.0
DE5,biomass,2021-02-12 12:00:00,1.0
DE5,biomass,2021-02-12 15:00:00,1.0
DE5,biomass,2021-02-12 18:00:00,1.0
DE5,biomass,2021-02-12 21:00:00,1.0
DE5,biomass,2021-02-13 00:00:00,1.0
DE5,biomass,2021-02-13 03:00:00,1.0
DE5,biomass,2021-02-13 06:00:00,1.0
DE5,biomass,2021-02-13 09:00:00,1.0
DE5,biomass,2021-02-13 12:00:00,1.0
DE5,biomass,2021-02-13 15:00:00,1.0
DE5,biomass,2021-02-13 18:00:00,1.0
DE5,biomass,2021-02-13 21:00:00,1.0
DE5,biomass,2021-02-14 00:00:00,1.0
DE5,biomass,2021-02-14 03:00:00,1.0
DE5,biomass,2021-02-14 06:00:00,1.0
DE5,biomass,2021-02-14 09:00:00,1.0
DE5,biomass,2021-02-14 12:00:00,1.0
DE5,biomass,2021-02-14 15:00:00,1.0
DE5,biomass,2021-02-14 18:00:00,1.0
DE5,biomass,2021-02-14 21:00:00,1.0
DE5,ccgt,2021-01-18 00:00:00,1.0
DE5,ccgt,2021-01-18 03:00:00,1.0
DE5,ccgt,2021-01-18 06:00:00,1.0
DE5,ccgt,2021-01-18 09:00:00,1.0
DE5,ccgt,2021-01-18 12:00:00,1.0
DE5,ccgt,2021-01-18 15:00:00,1.0
DE5,ccgt,2021-01-18 18:00:00,1.0
DE5,ccgt,2021-01-18 21:00:00,1.0
DE5,ccgt,2021-01-19 00:00:00,1.0
DE5,ccgt,2021-01-19 03:00:00,1.0
DE5,ccgt,2021-01-19 06:00:00,1.0
DE5,ccgt,2021-01-19 09:00:00,1.0
DE5,ccgt,2021-01-19 12:00:00,1.0
DE5,ccgt,2021-01-19 15:00:00,1.0
DE5,ccgt,2021-01-19 18:00:00,1.0
DE5,ccgt,2021-01-19 21:00:00,1.0
DE5,ccgt,2021-01-20 00:00:00,1.0
DE5,ccgt,2021-01-20 03:00:00,1.0
DE5,ccgt,2021-01-20 06:00:00,1.0
DE5,ccgt,2021-01-20 09:00:00,1.0
DE5,ccgt,2021-01-20 12:00:00,1.0
DE5,ccgt,2021-01-20 15:00:00,1.0
DE5,ccgt,2021-01-20 18:00:00,1.0
DE5,ccgt,2021-01-20 21:00:00,1.0
DE5,ccgt,2021-01-21 00:00:00,1.0
DE5,ccgt,2021-01-21 03:00:00,1.0
DE5,ccgt,2021-01-21 06:00:00,1.0
DE5,ccgt,2021-01-21 09:00:00,1.0
DE5,ccgt,2021-01-21 12:00:00,1.0
DE5,ccgt,2021-01-21 15:00:00,1.0
DE5,ccgt,2021-01-21 18:00:00,1.0
DE5,ccgt,2021-01-21 21:00:00,1.0
DE5,ccgt,2021-01-22 00:00:00,1.0
DE5,ccgt,2021-01-22 03:00:00,1.0
DE5,ccgt,2021-01-22 06:00:00,1.0
DE5,ccgt,2021-01-22 09:00:00,1.0
DE5,ccgt,2021-01-22 12:00:00,1.0
DE5,ccgt,2021-01-22 15:00:00,1.0
DE5,ccgt,2021-01-22 18:00:00,1.0
DE5,ccgt,2021-01-22 21:00:00,1.0
DE5,ccgt,2021-01-23 00:00:00,1.0
DE5,ccgt,2021-01-23 03:00:00,1.0
DE5,ccgt,2021-01-23 06:00:00,1.0
DE5,ccgt,2021-01-23 09:00:00,1.0
DE5,ccgt,2021-01-23 12:00:00,1.0
DE5,ccgt,2021-01-23 15:00:00,1.0
DE5,ccgt,2021-01-23 18:00:00,1.0
DE5,ccgt,2021-01-23 21:00:00,1.0
DE5,ccgt,2021-01-24 00:00:00,1.0
DE5,ccgt,2021-01-24 03:00:00,1.0
DE5,ccgt,2021-01-24 06:00:00,1.0
DE5,ccgt,2021-01-24 09:00:00,1.0
DE5,ccgt,2021-01-24 12:00:00,1.0
DE5,ccgt,2021-01-24 15:00:00,1.0
DE5,ccgt,2021-01-24 18:00:00,1.0
DE5,ccgt,2021-01-24 21:00:00,1.0
DE5,ccgt,2021-01-25 00:00:00,1.0
DE5,ccgt,2021-01-25 03:00:00,1.0
DE5,ccgt,2021-01-25 06:00:00,1.0
DE5,ccgt,2021-01-25 09:00:00,1.0
DE5,ccgt,2021-01-25 12:00:00,1.0
DE5,ccgt,2021-01-25 15:00:00,1.0
DE5,ccgt,2021-01-25 18:00:00,1.0
DE5,ccgt,2021-01-25 21:00:00,1.0
DE5,ccgt,2021-01-26 00:00:00,1.0
DE5,ccgt,2021-01-26 03:00:00,1.0
DE5,ccgt,2021-01-26 06:00:00,1.0
DE5,ccgt,2021-01-26 09:00:00,1.0
DE5,ccgt,2021-01-26 12:00:00,1.0
DE5,ccgt,2021-01-26 15:00:00,1.0
DE5,ccgt,2021-01-26 18:00:00,1.0
DE5,ccgt,2021-01-26 21:00:00,1.0
DE5,ccgt,2021-01-27 00:00:00,1.0
DE5,ccgt,2021-01-27 03:00:00,1.0
DE5,ccgt,2021-01-27 06:00:00,1.0
DE5,ccgt,2021-01-27 09:00:00,1.0
DE5,ccgt,2021-01-27 12:00:00,1.0
DE5,ccgt,2021-01-27 15:00:00,1.0
DE5,ccgt,2021-01-27 18:00:00,1.0
DE5,ccgt,2021-01-27 21:00:00,1.0
DE5,ccgt,2021-01-28 00:00:00,1.0
DE5,ccgt,2021-01-28 03:00:00,1.0
DE5,ccgt,2021-01-28 06:00:00,1.0
DE5,ccgt,2021-01-28 09:00:00,1.0
DE5,ccgt,2021-01-28 12:00:00,1.0
DE5,ccgt,2021-01-28 15:00:00,1.0
DE5,ccgt,2021-01-28 18:00:00,1.0
DE5,ccgt,2021-01-28 21:00:00,1.0
DE5,ccgt,2021-01-29 00:00:00,1.0
DE5,ccgt,2021-01-29 03:00:00,1.0
DE5,ccgt,2021-01-29 06:00:00,1.0
DE5,ccgt,2021-01-29 09:00:00,1.0
DE5,ccgt,2021-01-29 12:00:00,1.0
DE5,ccgt,2021-01-29 15:00:00,1.0
DE5,ccgt,2021-01-29 18:00:00,1.0
DE5,ccgt,2021-01-29 21:00:00,1.0
DE5,ccgt,2021-01-30 00:00:00,1.0
DE5,ccgt,2021-01-30 03:00:00,1.0
DE5,ccgt,2021-01-30 06:00:00,1.0
DE5,ccgt,2021-01-30 09:00:00,1.0
DE5,ccgt,2021-01-30 12:00:00,1.0
DE5,ccgt,2021-01-30 15:00:00,1.0
DE5,ccgt,2021-01-30 18:00:00,1.0
DE5,ccgt,2021-01-30 21:00:00,1.0
DE5,ccgt,2021-01-31 00:00:00,1.0
DE5,ccgt,2021-01-31 03:00:00,1.0
DE5,ccgt,2021-01-31 06:00:00,1.0
DE5,ccgt,2021-01-31 09:00:00,1.0
DE5,ccgt,2021-01-31 12:00:00,1.0
DE5,ccgt,2021-01-31 15:00:00,1.0
DE5,ccgt,2021-01-31 18:00:00,1.0
DE5,ccgt,2021-01-31 21:00:00,1.0
DE5,ccgt,2021-02-01 00:00:00,1.0
DE5,ccgt,2021-02-01 03:00:00,1.0
DE5,ccgt,2021-02-01 06:00:00,1.0
DE5,ccgt,2021-02-01 09:00:00,1.0
DE5,ccgt,2021-02-01 12:00:00,1.0
DE5,ccgt,2021-02-01 15:00:00,1.0
DE5,ccgt,2021-02-01 18:00:00,1.0
DE5,ccgt,2021-02-01 21:00:00,1.0
DE5,ccgt,2021-02-02 00:00:00,1.0
DE5,ccgt,2021-02-02 03:00:00,1.0
DE5,ccgt,2021-02-02 06:00:00,1.0
DE5,ccgt,2021-02-02 09:00:00,1.0
DE5,ccgt,2021-02-02 12:00:00,1.0
DE5,ccgt,2021-02-02 15:00:00,1.0
DE5,ccgt,2021-02-02 18:00:00,1.0
DE5,ccgt,2021-02-02 21:00:00,1.0
DE5,ccgt,2021-02-03 00:00:00,1.0
DE5,ccgt,2021-02-03 03:00:00,1.0
DE5,ccgt,2021-02-03 06:00:00,1.0
DE5,ccgt,2021-02-03 09:00:00,1.0
DE5,ccgt,2021-02-03 12:00:00,1.0
DE5,ccgt,2021-02-03 15:00:00,1.0
DE5,ccgt,2021-02-03 18:00:00,1.0
DE5,ccgt,2021-02-03 21:00:00,1.0
DE5,ccgt,2021-02-04 00:00:00,1.0
DE5,ccgt,2021-02-04 03:00:00,1.0
DE5,ccgt,2021-02-04 06:00:00,1.0
DE5,ccgt,2021-02-04 09:00:00,1.0
DE5,ccgt,2021-02-04 12:00:00,1.0
DE5,ccgt,2021-02-04 15:00:00,1.0
DE5,ccgt,2021-02-04 18:00:00,1.0
DE5,ccgt,2021-02-04 21:00:00,1.0
DE5,ccgt,2021-02-05 00:00:00,1.0
DE5,ccgt,2021-02-05 03:00:00,1.0
DE5,ccgt,2021-02-05 06:00:00,1.0
DE5,ccgt,2021-02-05 09:00:00,1.0
DE5,ccgt,2021-02-05 12:00:00,1.0
DE5,ccgt,2021-02-05 15:00:00,1.0
DE5,ccgt,2021-02-05 18:00:00,1.0
DE5,ccgt,2021-02-05 21:00:00,1.0
DE5,ccgt,2021-02-06 00:00:00,1.0
DE5,ccgt,2021-02-06 03:00:00,1.0
DE5,ccgt,2021-02-06 06:00:00,1.0
DE5,ccgt,2021-02-06 09:00:00,1.0
DE5,ccgt,2021-02-06 12:00:00,1.0
DE5,ccgt,2021-02-06 15:00:00,1.0
DE5,ccgt,2021-02-06 18:00:00,1.0
DE5,ccgt,2021-02-06 21:00:00,1.0
DE5,ccgt,2021-02-07 00:00:00,1.0
DE5,ccgt,2021-02-07 03:00:00,1.0
DE5,ccgt,2021-02-07 06:00:00,1.0
DE5,ccgt,2021-02-07 09:00:00,1.0
DE5,ccgt,2021-02-07 12:00:00,1.0
DE5,ccgt,2021-02-07 15:00:00,1.0
DE5,ccgt,2021-02-07 18:00:00,1.0
DE5,ccgt,2021-02-07 21:00:00,1.0
DE5,ccgt,2021-02-08 00:00:00,1.0
DE5,ccgt,2021-02-08 03:00:00,1.0
DE5,ccgt,2021-02-08 06:00:00,1.0
DE5,ccgt,2021-02-08 09:00:00,1.0
DE5,ccgt,2021-02-08 12:00:00,1.0
DE5,ccgt,2021-02-08 15:00:00,1.0
DE5,ccgt,2021-02-08 18:00:00,1.0
DE5,ccgt,2021-02-08 21:00:00,1.0
DE5,ccgt,2021-02-09 00:00:00,1.0
DE5,ccgt,2021-02-09 03:00:00,1.0
DE5,ccgt,2021-02-09 06:00:00,1.0
DE5,ccgt,2021-02-09 09:00:00,1.0
DE5,ccgt,2021-02-09 12:00:00,1.0
DE5,ccgt,2021-02-09 15:00:00,1.0
DE5,ccgt,2021-02-09 18:00:00,1.0
DE5,ccgt,2021-02-09 21:00:00,1.0
DE5,ccgt,2021-02-10 00:00:00,1.0
DE5,ccgt,2021-02-10 03:00:00,1.0
DE5,ccgt,2021-02-10 06:00:00,1.0
DE5,ccgt,2021-02-10 09:00:00,1.0
DE5,ccgt,2021-02-10 12:00:00,1.0
DE5,ccgt,2021-02-10 15:00:00,1.0
DE5,ccgt,2021-02-10 18:00:00,1.0
DE5,ccgt,2021-02-10 21:00:00,1.0
DE5,ccgt,2021-02-11 00:00:00,1.0
DE5,ccgt,2021-02-11 03:00:00,1.0
DE5,ccgt,2021-02-11 06:00:00,1.0
DE5,ccgt,2021-02-11 09:00:00,1.0
DE5,ccgt,2021-02-11 12:00:00,1.0
DE5,ccgt,2021-02-11 15:00:00,1.0
DE5,ccgt,2021-02-11 18:00:00,1.0
DE5,ccgt,2021-02-11 21:00:00,1.0
DE5,ccgt,2021-02-12 00:00:00,1.0
DE5,ccgt,2021-02-12 03:00:00,1.0
DE5,ccgt,2021-02-12 06:00:00,1.0
DE5,ccgt,2021-02-12 09:00:00,1.0
DE5,ccgt,2021-02-12 12:00:00,1.0
DE5,ccgt,2021-02-12 15:00:00,1.0
DE5,ccgt,2021-02-12 18:00:00,1.0
DE5,ccgt,2021-02-12 21:00:00,1.0
DE5,ccgt,2021-02-13 00:00:00,1.0
DE5,ccgt,2021-02-13 03:00:00,1.0
DE5,ccgt,2021-02-13 06:00:00,1.0
DE5,ccgt,2021-02-13 09:00:00,1.0
DE5,ccgt,2021-02-13 12:00:00,1.0
DE5,ccgt,2021-02-13 15:00:00,1.0
DE5,ccgt,2021-02-13 18:00:00,1.0
DE5,ccgt,2021-02-13 21:00:00,1.0
DE5,ccgt,2021-02-14 00:00:00,1.0
DE5,ccgt,2021-02-14 03:00:00,1.0
DE5,ccgt,2021-02-14 06:00:00,1.0
DE5,ccgt,2021-02-14 09:00:00,1.0
DE5,ccgt,2021-02-14 12:00:00,1.0
DE5,ccgt,2021-02-14 15:00:00,1.0
DE5,ccgt,2021-02-14 18:00:00,1.0
DE5,ccgt,2021-02-14 21:00:00,1.0
DE5,coal,2021-01-18 00:00:00,0.0
DE5,coal,2021-01-18 03:00:00,0.0
DE5,coal,2021-01-18 06:00:00,0.0
DE5,coal,2021-01-18 09:00:00,0.0
DE5,coal,2021-01-18 12:00:00,0.0
DE5,coal,2021-01-18 15:00:00,0.0
DE5,coal,2021-01-18 18:00:00,0.0
DE5,coal,2021-01-18 21:00:00,0.0
DE5,coal,2021-01-19 00:00:00,0.0
DE5,coal,2021-01-19 03:00:00,0.0
DE5,coal,2021-01-19 06:00:00,0.0
DE5,coal,2021-01-19 09:00:00,0.0
DE5,coal,2021-01-19 12:00:00,0.0
DE5,coal,2021-01-19 15:00:00,0.0
DE5,coal,2021-01-19 18:00:00,0.0
DE5,coal,2021-01-19 21:00:00,0.0
DE5,coal,2021-01-20 00:00:00,0.0
DE5,coal,2021-01-20 03:00:00,0.0
DE5,coal,2021-01-20 06:00:00,0.0
DE5,coal,2021-01-20 09:00:00,0.0
DE5,coal,2021-01-20 12:00:00,0.0
DE5,coal,2021-01-20 15:00:00,0.0
DE5,coal,2021-01-20 18:00:00,0.0
DE5,coal,2021-01-20 21:00:00,0.0
DE5,coal,2021-01-21 00:00:00,0.0
DE5,coal,2021-01-21 03:00:00,0.0
DE5,coal,2021-01-21 06:00:00,0.0
DE5,coal,2021-01-21 09:00:00,0.0
DE5,coal,2021-01-21 12:00:00,0.0
DE5,coal,2021-01-21 15:00:00,0.0
DE5,coal,2021-01-21 18:00:00,0.0
DE5,coal,2021-01-21 21:00:00,0.0
DE5,coal,2021-01-22 00:00:00,0.0
DE5,coal,2021-01-22 03:00:00,0.0
DE5,coal,2021-01-22 06:00:00,0.0
DE5,coal,2021-01-22 09:00:00,0.0
DE5,coal,2021-01-22 12:00:00,0.0
DE5,coal,2021-01-22 15:00:00,0.0
DE5,coal,2021-01-22 18:00:00,0.0
DE5,coal,2021-01-22 21:00:00,0.0
DE5,coal,2021-01-23 00:00:00,0.0
DE5,coal,2021-01-23 03:00:00,0.0
DE5,coal,2021-01-23 06:00:00,0.0
DE5,coal,2021-01-23 09:00:00,0.0
DE5,coal,2021-01-23 12:00:00,0.0
DE5,coal,2021-01-23 15:00:00,0.0
DE5,coal,2021-01-23 18:00:00,0.0
DE5,coal,2021-01-23 21:00:00,0.0
DE5,coal,2021-01-24 00:00:00,0.0
DE5,coal,2021-01-24 03:00:00,0.0
DE5,coal,2021-01-24 06:00:00,0.0
DE5,coal,2021-01-24 09:00:00,0.0
DE5,coal,2021-01-24 12:00:00,0.0
DE5,coal,2021-01-24 15:00:00,0.0
DE5,coal,2021-01-24 18:00:00,0.0
DE5,coal,2021-01-24 21:00:00,0.0
DE5,coal,2021-01-25 00:00:00,0.0
DE5,coal,2021-01-25 03:00:00,0.0
DE5,coal,2021-01-25 06:00:00,0.0
DE5,coal,2021-01-25 09:00:00,0.0
DE5,coal,2021-01-25 12:00:00,0.0
DE5,coal,2021-01-25 15:00:00,0.0
DE5,coal,2021-01-25 18:00:00,0.0
DE5,coal,2021-01-25 21:00:00,0.0
DE5,coal,2021-01-26 00:00:00,0.0
DE5,coal,2021-01-26 03:00:00,0.0
DE5,coal,2021-01-26 06:00:00,0.0
DE5,coal,2021-01-26 09:00:00,0.0
DE5,coal,2021-01-26 12:00:00,0.0
DE5,coal,2021-01-26 15:00:00,0.0
DE5,coal,2021-01-26 18:00:00,0.0
DE5,coal,2021-01-26 21:00:00,0.0
DE5,coal,2021-01-27 00:00:00,0.0
DE5,coal,2021-01-27 03:00:00,0.0
DE5,coal,2021-01-27 06:00:00,0.0
DE5,coal,2021-01-27 09:00:00,0.0
DE5,coal,2021-01-27 12:00:00,0.0
DE5,coal,2021-01-27 15:00:00,0.0
DE5,coal,2021-01-27 18:00:00,0.0
DE5,coal,2021-01-27 21:00:00,0.0
DE5,coal,2021-01-28 00:00:00,0.0
DE5,coal,2021-01-28 03:00:00,0.0
DE5,coal,2021-01-28 06:00:00,0.0
DE5,coal,2021-01-28 09:00:00,0.0
DE5,coal,2021-01-28 12:00:00,0.0
DE5,coal,2021-01-28 15:00:00,0.0
DE5,coal,2021-01-28 18:00:00,0.0
DE5,coal,2021-01-28 21:00:00,0.0
DE5,coal,2021-01-29 00:00:00,0.0
DE5,coal,2021-01-29 03:00:00,0.0
DE5,coal,2021-01-29 06:00:00,0.0
DE5,coal,2021-01-29 09:00:00,0.0
DE5,coal,2021-01-29 12:00:00,0.0
DE5,coal,2021-01-29 15:00:00,0.0
DE5,coal,2021-01-29 18:00:00,0.0
DE5,coal,2021-01-29 21:00:00,0.0
DE5,coal,2021-01-30 00:00:00,0.0
DE5,coal,2021-01-30 03:00:00,0.0
DE5,coal,2021-01-30 06:00:00,0.0
DE5,coal,2021-01-30 09:00:00,0.0
DE5,coal,2021-01-30 12:00:00,0.0
DE5,coal,2021-01-30 15:00:00,0.0
DE5,coal,2021-01-30 18:00:00,0.0
DE5,coal,2021-01-30 21:00:00,0.0
DE5,coal,2021-01-31 00:00:00,0.0
DE5,coal,2021-01-31 03:00:00,0.0
DE5,coal,2021-01-31 06:00:00,0.0
DE5,coal,2021-01-31 09:00:00,0.0
DE5,coal,2021-01-31 12:00:00,0.0
DE5,coal,2021-01-31 15:00:00,0.0
DE5,coal,2021-01-31 18:00:00,0.0
DE5,coal,2021-01-31 21:00:00,0.0
DE5,coal,2021-02-01 00:00:00,0.0
DE5,coal,2021-02-01 03:00:00,0.0
DE5,coal,2021-02-01 06:00:00,0.0
DE5,coal,2021-02-01 09:00:00,0.0
DE5,coal,2021-02-01 12:00:00,0.0
DE5,coal,2021-02-01 15:00:00,0.0
DE5,coal,2021-02-01 18:00:00,0.0
DE5,coal,2021-02-01 21:00:00,0.0
DE5,coal,2021-02-02 00:00:00,0.0
DE5,coal,2021-02-02 03:00:00,0.0
DE5,coal,2021-02-02 06:00:00,0.0
DE5,coal,2021-02-02 09:00:00,0.0
DE5,coal,2021-02-02 12:00:00,0.0
DE5,coal,2021-02-02 15:00:00,0.0
DE5,coal,2021-02-02 18:00:00,0.0
DE5,coal,2021-02-02 21:00:00,0.0
DE5,coal,2021-02-03 00:00:00,0.0
DE5,coal,2021-02-03 03:00:00,0.0
DE5,coal,2021-02-03 06:00:00,0.0
DE5,coal,2021-02-03 09:00:00,0.0
DE5,coal,2021-02-03 12:00:00,0.0
DE5,coal,2021-02-03 15:00:00,0.0
DE5,coal,2021-02-03 18:00:00,0.0
DE5,coal,2021-02-03 21:00:00,0.0
DE5,coal,2021-02-04 00:00:00,0.0
DE5,coal,2021-02-04 03:00:00,0.0
DE5,coal,2021-02-04 06:00:00,0.0
DE5,coal,2021-02-04 09:00:00,0.0
DE5,coal,2021-02-04 12:00:00,0.0
DE5,coal,2021-02-04 15:00:00,0.0
DE5,coal,2021-02-04 18:00:00,0.0
DE5,coal,2021-02-04 21:00:00,0.0
DE5,coal,2021-02-05 00:00:00,0.0
DE5,coal,2021-02-05 03:00:00,0.0
DE5,coal,2021-02-05 06:00:00,0.0
DE5,coal,2021-02-05 09:00:00,0.0
DE5,coal,2021-02-05 12:00:00,0.0
DE5,coal,2021-02-05 15:00:00,0.0
DE5,coal,2021-02-05 18:00:00,0.0
DE5,coal,2021-02-05 21:00:00,0.0
DE5,coal,2021-02-06 00:00:00,0.0
DE5,coal,2021-02-06 03:00:00,0.0
DE5,coal,2021-02-06 06:00:00,0.0
DE5,coal,2021-02-06 09:00:00,0.0
DE5,coal,2021-02-06 12:00:00,0.0
DE5,coal,2021-02-06 15:00:00,0.0
DE5,coal,2021-02-06 18:00:00,0.0
DE5,coal,2021-02-06 21:00:00,0.0
DE5,coal,2021-02-07 00:00:00,0.0
DE5,coal,2021-02-07 03:00:00,0.0
DE5,coal,2021-02-07 06:00:00,0.0
DE5,coal,2021-02-07 09:00:00,0.0
DE5,coal,2021-02-07 12:00:00,0.0
DE5,coal,2021-02-07 15:00:00,0.0
DE5,coal,2021-02-07 18:00:00,0.0
DE5,coal,2021-02-07 21:00:00,0.0
DE5,coal,2021-02-08 00:00:00,0.0
DE5,coal,2021-02-08 03:00:00,0.0
DE5,coal,2021-02-08 06:00:00,0.0
DE5,coal,2021-02-08 09:00:00,0.0
DE5,coal,2021-02-08 12:00:00,0.0
DE5,coal,2021-02-08 15:00:00,0.0
DE5,coal,2021-02-08 18:00:00,0.0
DE5,coal,2021-02-08 21:00:00,0.0
DE5,coal,2021-02-09 00:00:00,0.0
DE5,coal,2021-02-09 03:00:00,0.0
DE5,coal,2021-02-09 06:00:00,0.0
DE5,coal,2021-02-09 09:00:00,0.0
DE5,coal,2021-02-09 12:00:00,0.0
DE5,coal,2021-02-09 15:00:00,0.0
DE5,coal,2021-02-09 18:00:00,0.0
DE5,coal,2021-02-09 21:00:00,0.0
DE5,coal,2021-02-10 00:00:00,0.0
DE5,coal,2021-02-10 03:00:00,0.0
DE5,coal,2021-02-10 06:00:00,0.0
DE5,coal,2021-02-10 09:00:00,0.0
DE5,coal,2021-02-10 12:00:00,0.0
DE5,coal,2021-02-10 15:00:00,0.0
DE5,coal,2021-02-10 18:00:00,0.0
DE5,coal,2021-02-10 21:00:00,0.0
DE5,coal,2021-02-11 00:00:00,0.0
DE5,coal,2021-02-11 03:00:00,0.0
DE5,coal,2021-02-11 06:00:00,0.0
DE5,coal,2021-02-11 09:00:00,0.0
DE5,coal,2021-02-11 12:00:00,0.0
DE5,coal,2021-02-11 15:00:00,0.0
DE5,coal,2021-02-11 18:00:00,0.0
DE5,coal,2021-02-11 21:00:00,0.0
DE5,coal,2021-02-12 00:00:00,0.0
DE5,coal,2021-02-12 03:00:00,0.0
DE5,coal,2021-02-12 06:00:00,0.0
DE5,coal,2021-02-12 09:00:00,0.0
DE5,coal,2021-02-12 12:00:00,0.0
DE5,coal,2021-02-12 15:00:00,0.0
DE5,coal,2021-02-12 18:00:00,0.0
DE5,coal,2021-02-12 21:00:00,0.0
DE5,coal,2021-02-13 00:00:00,0.0
DE5,coal,2021-02-13 03:00:00,0.0
DE5,coal,2021-02-13 06:00:00,0.0
DE5,coal,2021-02-13 09:00:00,0.0
DE5,coal,2021-02-13 12:00:00,0.0
DE5,coal,2021-02-13 15:00:00,0.0
DE5,coal,2021-02-13 18:00:00,0.0
DE5,coal,2021-02-13 21:00:00,0.0
DE5,coal,2021-02-14 00:00:00,0.0
DE5,coal,2021-02-14 03:00:00,0.0
DE5,coal,2021-02-14 06:00:00,0.0
DE5,coal,2021-02-14 09:00:00,0.0
DE5,coal,2021-02-14 12:00:00,0.0
DE5,coal,2021-02-14 15:00:00,0.0
DE5,coal,2021-02-14 18:00:00,0.0
DE5,coal,2021-02-14 21:00:00,0.0
DE5,geothermal,2021-01-18 00:00:00,1.0
DE5,geothermal,2021-01-18 03:00:00,1.0
DE5,geothermal,2021-01-18 06:00:00,1.0
DE5,geothermal,2021-01-18 09:00:00,1.0
DE5,geothermal,2021-01-18 12:00:00,1.0
DE5,geothermal,2021-01-18 15:00:00,1.0
DE5,geothermal,2021-01-18 18:00:00,1.0
DE5,geothermal,2021-01-18 21:00:00,1.0
DE5,geothermal,2021-01-19 00:00:00,1.0
DE5,geothermal,2021-01-19 03:00:00,1.0
DE5,geothermal,2021-01-19 06:00:00,1.0
DE5,geothermal,2021-01-19 09:00:00,1.0
DE5,geothermal,2021-01-19 12:00:00,1.0
DE5,geothermal,2021-01-19 15:00:00,1.0
DE5,geothermal,2021-01-19 18:00:00,1.0
DE5,geothermal,2021-01-19 21:00:00,1.0
DE5,geothermal,2021-01-20 00:00:00,1.0
DE5,geothermal,2021-01-20 03:00:00,1.0
DE5,geothermal,2021-01-20 06:00:00,1.0
DE5,geothermal,2021-01-20 09:00:00,1.0
DE5,geothermal,2021-01-20 12:00:00,1.0
DE5,geothermal,2021-01-20 15:00:00,1.0
DE5,geothermal,2021-01-20 18:00:00,1.0
DE5,geothermal,2021-01-20 21:00:00,1.0
DE5,geothermal,2021-01-21 00:00:00,1.0
DE5,geothermal,2021-01-21 03:00:00,1.0
DE5,geothermal,2021-01-21 06:00:00,1.0
DE5,geothermal,2021-01-21 09:00:00,1.0
DE5,geothermal,2021-01-21 12:00:00,1.0
DE5,geothermal,2021-01-21 15:00:00,1.0
DE5,geothermal,2021-01-21 18:00:00,1.0
DE5,geothermal,2021-01-21 21:00:00,1.0
DE5,geothermal,2021-01-22 00:00:00,1.0
DE5,geothermal,2021-01-22 03:00:00,1.0
DE5,geothermal,2021-01-22 06:00:00,1.0
DE5,geothermal,2021-01-22 09:00:00,1.0
DE5,geothermal,2021-01-22 12:00:00,1.0
DE5,geothermal,2021-01-22 15:00:00,1.0
DE5,geothermal,2021-01-22 18:00:00,1.0
DE5,geothermal,2021-01-22 21:00:00,1.0
DE5,geothermal,2021-01-23 00:00:00,1.0
DE5,geothermal,2021-01-23 03:00:00,1.0
DE5,geothermal,2021-01-23 06:00:00,1.0
DE5,geothermal,2021-01-23 09:00:00,1.0
DE5,geothermal,2021-01-23 12:00:00,1.0
DE5,geothermal,2021-01-23 15:00:00,1.0
DE5,geothermal,2021-01-23 18:00:00,1.0
DE5,geothermal,2021-01-23 21:00:00,1.0
DE5,geothermal,2021-01-24 00:00:00,1.0
DE5,geothermal,2021-01-24 03:00:00,1.0
DE5,geothermal,2021-01-24 06:00:00,1.0
DE5,geothermal,2021-01-24 09:00:00,1.0
DE5,geothermal,2021-01-24 12:00:00,1.0
DE5,geothermal,2021-01-24 15:00:00,1.0
DE5,geothermal,2021-01-24 18:00:00,1.0
DE5,geothermal,2021-01-24 21:00:00,1.0
DE5,geothermal,2021-01-25 00:00:00,1.0
DE5,geothermal,2021-01-25 03:00:00,1.0
DE5,geothermal,2021-01-25 06:00:00,1.0
DE5,geothermal,2021-01-25 09:00:00,1.0
DE5,geothermal,2021-01-25 12:00:00,1.0
DE5,geothermal,2021-01-25 15:00:00,1.0
DE5,geothermal,2021-01-25 18:00:00,1.0
DE5,geothermal,2021-01-25 21:00:00,1.0
DE5,geothermal,2021-01-26 00:00:00,1.0
DE5,geothermal,2021-01-26 03:00:00,1.0
DE5,geothermal,2021-01-26 06:00:00,1.0
DE5,geothermal,2021-01-26 09:00:00,1.0
DE5,geothermal,2021-01-26 12:00:00,1.0
DE5,geothermal,2021-01-26 15:00:00,1.0
DE5,geothermal,2021-01-26 18:00:00,1.0
DE5,geothermal,2021-01-26 21:00:00,1.0
DE5,geothermal,2021-01-27 00:00:00,1.0
DE5,geothermal,2021-01-27 03:00:00,1.0
DE5,geothermal,2021-01-27 06:00:00,1.0
DE5,geothermal,2021-01-27 09:00:00,1.0
DE5,geothermal,2021-01-27 12:00:00,1.0
DE5,geothermal,2021-01-27 15:00:00,1.0
DE5,geothermal,2021-01-27 18:00:00,1.0
DE5,geothermal,2021-01-27 21:00:00,1.0
DE5,geothermal,2021-01-28 00:00:00,1.0
DE5,geothermal,2021-01-28 03:00:00,1.0
DE5,geothermal,2021-01-28 06:00:00,1.0
DE5,geothermal,2021-01-28 09:00:00,1.0
DE5,geothermal,2021-01-28 12:00:00,1.0
DE5,geothermal,2021-01-28 15:00:00,1.0
DE5,geothermal,2021-01-28 18:00:00,1.0
DE5,geothermal,2021-01-28 21:00:00,1.0
DE5,geothermal,2021-01-29 00:00:00,1.0
DE5,geothermal,2021-01-29 03:00:00,1.0
DE5,geothermal,2021-01-29 06:00:00,1.0
DE5,geothermal,2021-01-29 09:00:00,1.0
DE5,geothermal,2021-01-29 12:00:00,1.0
DE5,geothermal,2021-01-29 15:00:00,1.0
DE5,geothermal,2021-01-29 18:00:00,1.0
DE5,geothermal,2021-01-29 21:00:00,1.0
DE5,geothermal,2021-01-30 00:00:00,1.0
DE5,geothermal,2021-01-30 03:00:00,1.0
DE5,geothermal,2021-01-30 06:00:00,1.0
DE5,geothermal,2021-01-30 09:00:00,1.0
DE5,geothermal,2021-01-30 12:00:00,1.0
DE5,geothermal,2021-01-30 15:00:00,1.0
DE5,geothermal,2021-01-30 18:00:00,1.0
DE5,geothermal,2021-01-30 21:00:00,1.0
DE5,geothermal,2021-01-31 00:00:00,1.0
DE5,geothermal,2021-01-31 03:00:00,1.0
DE5,geothermal,2021-01-31 06:00:00,1.0
DE5,geothermal,2021-01-31 09:00:00,1.0
DE5,geothermal,2021-01-31 12:00:00,1.0
DE5,geothermal,2021-01-31 15:00:00,1.0
DE5,geothermal,2021-01-31 18:00:00,1.0
DE5,geothermal,2021-01-31 21:00:00,1.0
DE5,geothermal,2021-02-01 00:00:00,1.0
DE5,geothermal,2021-02-01 03:00:00,1.0
DE5,geothermal,2021-02-01 06:00:00,1.0
DE5,geothermal,2021-02-01 09:00:00,1.0
DE5,geothermal,2021-02-01 12:00:00,1.0
DE5,geothermal,2021-02-01 15:00:00,1.0
DE5,geothermal,2021-02-01 18:00:00,1.0
DE5,geothermal,2021-02-01 21:00:00,1.0
DE5,geothermal,2021-02-02 00:00:00,1.0
DE5,geothermal,2021-02-02 03:00:00,1.0
DE5,geothermal,2021-02-02 06:00:00,1.0
DE5,geothermal,2021-02-02 09:00:00,1.0
DE5,geothermal,2021-02-02 12:00:00,1.0
DE5,geothermal,2021-02-02 15:00:00,1.0
DE5,geothermal,2021-02-02 18:00:00,1.0
DE5,geothermal,2021-02-02 21:00:00,1.0
DE5,geothermal,2021-02-03 00:00:00,1.0
DE5,geothermal,2021-02-03 03:00:00,1.0
DE5,geothermal,2021-02-03 06:00:00,1.0
DE5,geothermal,2021-02-03 09:00:00,1.0
DE5,geothermal,2021-02-03 12:00:00,1.0
DE5,geothermal,2021-02-03 15:00:00,1.0
DE5,geothermal,2021-02-03 18:00:00,1.0
DE5,geothermal,2021-02-03 21:00:00,1.0
DE5,geothermal,2021-02-04 00:00:00,1.0
DE5,geothermal,2021-02-04 03:00:00,1.0
DE5,geothermal,2021-02-04 06:00:00,1.0
DE5,geothermal,2021-02-04 09:00:00,1.0
DE5,geothermal,2021-02-04 12:00:00,1.0
DE5,geothermal,2021-02-04 15:00:00,1.0
DE5,geothermal,2021-02-04 18:00:00,1.0
DE5,geothermal,2021-02-04 21:00:00,1.0
DE5,geothermal,2021-02-05 00:00:00,1.0
DE5,geothermal,2021-02-05 03:00:00,1.0
DE5,geothermal,2021-02-05 06:00:00,1.0
DE5,geothermal,2021-02-05 09:00:00,1.0
DE5,geothermal,2021-02-05 12:00:00,1.0
DE5,geothermal,2021-02-05 15:00:00,1.0
DE5,geothermal,2021-02-05 18:00:00,1.0
DE5,geothermal,2021-02-05 21:00:00,1.0
DE5,geothermal,2021-02-06 00:00:00,1.0
DE5,geothermal,2021-02-06 03:00:00,1.0
DE5,geothermal,2021-02-06 06:00:00,1.0
DE5,geothermal,2021-02-06 09:00:00,1.0
DE5,geothermal,2021-02-06 12:00:00,1.0
DE5,geothermal,2021-02-06 15:00:00,1.0
DE5,geothermal,2021-02-06 18:00:00,1.0
DE5,geothermal,2021-02-06 21:00:00,1.0
DE5,geothermal,2021-02-07 00:00:00,1.0
DE5,geothermal,2021-02-07 03:00:00,1.0
DE5,geothermal,2021-02-07 06:00:00,1.0
DE5,geothermal,2021-02-07 09:00:00,1.0
DE5,geothermal,2021-02-07 12:00:00,1.0
DE5,geothermal,2021-02-07 15:00:00,1.0
DE5,geothermal,2021-02-07 18:00:00,1.0
DE5,geothermal,2021-02-07 21:00:00,1.0
DE5,geothermal,2021-02-08 00:00:00,1.0
DE5,geothermal,2021-02-08 03:00:00,1.0
DE5,geothermal,2021-02-08 06:00:00,1.0
DE5,geothermal,2021-02-08 09:00:00,1.0
DE5,geothermal,2021-02-08 12:00:00,1.0
DE5,geothermal,2021-02-08 15:00:00,1.0
DE5,geothermal,2021-02-08 18:00:00,1.0
DE5,geothermal,2021-02-08 21:00:00,1.0
DE5,geothermal,2021-02-09 00:00:00,1.0
DE5,geothermal,2021-02-09 03:00:00,1.0
DE5,geothermal,2021-02-09 06:00:00,1.0
DE5,geothermal,2021-02-09 09:00:00,1.0
DE5,geothermal,2021-02-09 12:00:00,1.0
DE5,geothermal,2021-02-09 15:00:00,1.0
DE5,geothermal,2021-02-09 18:00:00,1.0
DE5,geothermal,2021-02-09 21:00:00,1.0
DE5,geothermal,2021-02-10 00:00:00,1.0
DE5,geothermal,2021-02-10 03:00:00,1.0
DE5,geothermal,2021-02-10 06:00:00,1.0
DE5,geothermal,2021-02-10 09:00:00,1.0
DE5,geothermal,2021-02-10 12:00:00,1.0
DE5,geothermal,2021-02-10 15:00:00,1.0
DE5,geothermal,2021-02-10 18:00:00,1.0
DE5,geothermal,2021-02-10 21:00:00,1.0
DE5,geothermal,2021-02-11 00:00:00,1.0
DE5,geothermal,2021-02-11 03:00:00,1.0
DE5,geothermal,2021-02-11 06:00:00,1.0
DE5,geothermal,2021-02-11 09:00:00,1.0
DE5,geothermal,2021-02-11 12:00:00,1.0
DE5,geothermal,2021-02-11 15:00:00,1.0
DE5,geothermal,2021-02-11 18:00:00,1.0
DE5,geothermal,2021-02-11 21:00:00,1.0
DE5,geothermal,2021-02-12 00:00:00,1.0
DE5,geothermal,2021-02-12 03:00:00,1.0
DE5,geothermal,2021-02-12 06:00:00,1.0
DE5,geothermal,2021-02-12 09:00:00,1.0
DE5,geothermal,2021-02-12 12:00:00,1.0
DE5,geothermal,2021-02-12 15:00:00,1.0
DE5,geothermal,2021-02-12 18:00:00,1.0
DE5,geothermal,2021-02-12 21:00:00,1.0
DE5,geothermal,2021-02-13 00:00:00,1.0
DE5,geothermal,2021-02-13 03:00:00,1.0
DE5,geothermal,2021-02-13 06:00:00,1.0
DE5,geothermal,2021-02-13 09:00:00,1.0
DE5,geothermal,2021-02-13 12:00:00,1.0
DE5,geothermal,2021-02-13 15:00:00,1.0
DE5,geothermal,2021-02-13 18:00:00,1.0
DE5,geothermal,2021-02-13 21:00:00,1.0
DE5,geothermal,2021-02-14 00:00:00,1.0
DE5,geothermal,2021-02-14 03:00:00,1.0
DE5,geothermal,2021-02-14 06:00:00,1.0
DE5,geothermal,2021-02-14 09:00:00,1.0
DE5,geothermal,2021-02-14 12:00:00,1.0
DE5,geothermal,2021-02-14 15:00:00,1.0
DE5,geothermal,2021-02-14 18:00:00,1.0
DE5,geothermal,2021-02-14 21:00:00,1.0
DE5,lignite,2021-01-18 00:00:00,0.0
DE5,lignite,2021-01-18 03:00:00,0.0
DE5,lignite,2021-01-18 06:00:00,0.0
DE5,lignite,2021-01-18 09:00:00,0.0
DE5,lignite,2021-01-18 12:00:00,0.0
DE5,lignite,2021-01-18 15:00:00,0.0
DE5,lignite,2021-01-18 18:00:00,0.0
DE5,lignite,2021-01-18 21:00:00,0.0
DE5,lignite,2021-01-19 00:00:00,0.0
DE5,lignite,2021-01-19 03:00:00,0.0
DE5,lignite,2021-01-19 06:00:00,0.0
DE5,lignite,2021-01-19 09:00:00,0.0
DE5,lignite,2021-01-19 12:00:00,0.0
DE5,lignite,2021-01-19 15:00:00,0.0
DE5,lignite,2021-01-19 18:00:00,0.0
DE5,lignite,2021-01-19 21:00:00,0.0
DE5,lignite,2021-01-20 00:00:00,0.0
DE5,lignite,2021-01-20 03:00:00,0.0
DE5,lignite,2021-01-20 06:00:00,0.0
DE5,lignite,2021-01-20 09:00:00,0.0
DE5,lignite,2021-01-20 12:00:00,0.0
DE5,lignite,2021-01-20 15:00:00,0.0
DE5,lignite,2021-01-20 18:00:00,0.0
DE5,lignite,2021-01-20 21:00:00,0.0
DE5,lignite,2021-01-21 00:00:00,0.0
DE5,lignite,2021-01-21 03:00:00,0.0
DE5,lignite,2021-01-21 06:00:00,0.0
DE5,lignite,2021-01-21 09:00:00,0.0
DE5,lignite,2021-01-21 12:00:00,0.0
DE5,lignite,2021-01-21 15:00:00,0.0
DE5,lignite,2021-01-21 18:00:00,0.0
DE5,lignite,2021-01-21 21:00:00,0.0
DE5,lignite,2021-01-22 00:00:00,0.0
DE5,lignite,2021-01-22 03:00:00,0.0
DE5,lignite,2021-01-22 06:00:00,0.0
DE5,lignite,2021-01-22 09:00:00,0.0
DE5,lignite,2021-01-22 12:00:00,0.0
DE5,lignite,2021-01-22 15:00:00,0.0
DE5,lignite,2021-01-22 18:00:00,0.0
DE5,lignite,2021-01-22 21:00:00,0.0
DE5,lignite,2021-01-23 00:00:00,0.0
DE5,lignite,2021-01-23 03:00:00,0.0
DE5,lignite,2021-01-23 06:00:00,0.0
DE5,lignite,2021-01-23 09:00:00,0.0
DE5,lignite,2021-01-23 12:00:00,0.0
DE5,lignite,2021-01-23 15:00:00,0.0
DE5,lignite,2021-01-23 18:00:00,0.0
DE5,lignite,2021-01-23 21:00:00,0.0
DE5,lignite,2021-01-24 00:00:00,0.0
DE5,lignite,2021-01-24 03:00:00,0.0
DE5,lignite,2021-01-24 06:00:00,0.0
DE5,lignite,2021-01-24 09:00:00,0.0
DE5,lignite,2021-01-24 12:00:00,0.0
DE5,lignite,2021-01-24 15:00:00,0.0
DE5,lignite,2021-01-24 18:00:00,0.0
DE5,lignite,2021-01-24 21:00:00,0.0
DE5,lignite,2021-01-25 00:00:00,0.0
DE5,lignite,2021-01-25 03:00:00,0.0
DE5,lignite,2021-01-25 06:00:00,0.0
DE5,lignite,2021-01-25 09:00:00,0.0
DE5,lignite,2021-01-25 12:00:00,0.0
DE5,lignite,2021-01-25 15:00:00,0.0
DE5,lignite,2021-01-25 18:00:00,0.0
DE5,lignite,2021-01-25 21:00:00,0.0
DE5,lignite,2021-01-26 00:00:00,0.0
DE5,lignite,2021-01-26 03:00:00,0.0
DE5,lignite,2021-01-26 06:00:00,0.0
DE5,lignite,2021-01-26 09:00:00,0.0
DE5,lignite,2021-01-26 12:00:00,0.0
DE5,lignite,2021-01-26 15:00:00,0.0
DE5,lignite,2021-01-26 18:00:00,0.0
DE5,lignite,2021-01-26 21:00:00,0.0
DE5,lignite,2021-01-27 00:00:00,0.0
DE5,lignite,2021-01-27 03:00:00,0.0
DE5,lignite,2021-01-27 06:00:00,0.0
DE5,lignite,2021-01-27 09:00:00,0.0
DE5,lignite,2021-01-27 12:00:00,0.0
DE5,lignite,2021-01-27 15:00:00,0.0
DE5,lignite,2021-01-27 18:00:00,0.0
DE5,lignite,2021-01-27 21:00:00,0.0
DE5,lignite,2021-01-28 00:00:00,0.0
DE5,lignite,2021-01-28 03:00:00,0.0
DE5,lignite,2021-01-28 06:00:00,0.0
DE5,lignite,2021-01-28 09:00:00,0.0
DE5,lignite,2021-01-28 12:00:00,0.0
DE5,lignite,2021-01-28 15:00:00,0.0
DE5,lignite,2021-01-28 18:00:00,0.0
DE5,lignite,2021-01-28 21:00:00,0.0
DE5,lignite,2021-01-29 00:00:00,0.0
DE5,lignite,2021-01-29 03:00:00,0.0
DE5,lignite,2021-01-29 06:00:00,0.0
DE5,lignite,2021-01-29 09:00:00,0.0
DE5,lignite,2021-01-29 12:00:00,0.0
DE5,lignite,2021-01-29 15:00:00,0.0
DE5,lignite,2021-01-29 18:00:00,0.0
DE5,lignite,2021-01-29 21:00:00,0.0
DE5,lignite,2021-01-30 00:00:00,0.0
DE5,lignite,2021-01-30 03:00:00,0.0
DE5,lignite,2021-01-30 06:00:00,0.0
DE5,lignite,2021-01-30 09:00:00,0.0
DE5,lignite,2021-01-30 12:00:00,0.0
DE5,lignite,2021-01-30 15:00:00,0.0
DE5,lignite,2021-01-30 18:00:00,0.0
DE5,lignite,2021-01-30 21:00:00,0.0
DE5,lignite,2021-01-31 00:00:00,0.0
DE5,lignite,2021-01-31 03:00:00,0.0
DE5,lignite,2021-01-31 06:00:00,0.0
DE5,lignite,2021-01-31 09:00:00,0.0
DE5,lignite,2021-01-31 12:00:00,0.0
DE5,lignite,2021-01-31 15:00:00,0.0
DE5,lignite,2021-01-31 18:00:00,0.0
DE5,lignite,2021-01-31 21:00:00,0.0
DE5,lignite,2021-02-01 00:00:00,0.0
DE5,lignite,2021-02-01 03:00:00,0.0
DE5,lignite,2021-02-01 06:00:00,0.0
DE5,lignite,2021-02-01 09:00:00,0.0
DE5,lignite,2021-02-01 12:00:00,0.0
DE5,lignite,2021-02-01 15:00:00,0.0
DE5,lignite,2021-02-01 18:00:00,0.0
DE5,lignite,2021-02-01 21:00:00,0.0
DE5,lignite,2021-02-02 00:00:00,0.0
DE5,lignite,2021-02-02 03:00:00,0.0
DE5,lignite,2021-02-02 06:00:00,0.0
DE5,lignite,2021-02-02 09:00:00,0.0
DE5,lignite,2021-02-02 12:00:00,0.0
DE5,lignite,2021-02-02 15:00:00,0.0
DE5,lignite,2021-02-02 18:00:00,0.0
DE5,lignite,2021-02-02 21:00:00,0.0
DE5,lignite,2021-02-03 00:00:00,0.0
DE5,lignite,2021-02-03 03:00:00,0.0
DE5,lignite,2021-02-03 06:00:00,0.0
DE5,lignite,2021-02-03 09:00:00,0.0
DE5,lignite,2021-02-03 12:00:00,0.0
DE5,lignite,2021-02-03 15:00:00,0.0
DE5,lignite,2021-02-03 18:00:00,0.0
DE5,lignite,2021-02-03 21:00:00,0.0
DE5,lignite,2021-02-04 00:00:00,0.0
DE5,lignite,2021-02-04 03:00:00,0.0
DE5,lignite,2021-02-04 06:00:00,0.0
DE5,lignite,2021-02-04 09:00:00,0.0
DE5,lignite,2021-02-04 12:00:00,0.0
DE5,lignite,2021-02-04 15:00:00,0.0
DE5,lignite,2021-02-04 18:00:00,0.0
DE5,lignite,2021-02-04 21:00:00,0.0
DE5,lignite,2021-02-05 00:00:00,0.0
DE5,lignite,2021-02-05 03:00:00,0.0
DE5,lignite,2021-02-05 06:00:00,0.0
DE5,lignite,2021-02-05 09:00:00,0.0
DE5,lignite,2021-02-05 12:00:00,0.0
DE5,lignite,2021-02-05 15:00:00,0.0
DE5,lignite,2021-02-05 18:00:00,0.0
DE5,lignite,2021-02-05 21:00:00,0.0
DE5,lignite,2021-02-06 00:00:00,0.0
DE5,lignite,2021-02-06 03:00:00,0.0
DE5,lignite,2021-02-06 06:00:00,0.0
DE5,lignite,2021-02-06 09:00:00,0.0
DE5,lignite,2021-02-06 12:00:00,0.0
DE5,lignite,2021-02-06 15:00:00,0.0
DE5,lignite,2021-02-06 18:00:00,0.0
DE5,lignite,2021-02-06 21:00:00,0.0
DE5,lignite,2021-02-07 00:00:00,0.0
DE5,lignite,2021-02-07 03:00:00,0.0
DE5,lignite,2021-02-07 06:00:00,0.0
DE5,lignite,2021-02-07 09:00:00,0.0
DE5,lignite,2021-02-07 12:00:00,0.0
DE5,lignite,2021-02-07 15:00:00,0.0
DE5,lignite,2021-02-07 18:00:00,0.0
DE5,lignite,2021-02-07 21:00:00,0.0
DE5,lignite,2021-02-08 00:00:00,0.0
DE5,lignite,2021-02-08 03:00:00,0.0
DE5,lignite,2021-02-08 06:00:00,0.0
DE5,lignite,2021-02-08 09:00:00,0.0
DE5,lignite,2021-02-08 12:00:00,0.0
DE5,lignite,2021-02-08 15:00:00,0.0
DE5,lignite,2021-02-08 18:00:00,0.0
DE5,lignite,2021-02-08 21:00:00,0.0
DE5,lignite,2021-02-09 00:00:00,0.0
DE5,lignite,2021-02-09 03:00:00,0.0
DE5,lignite,2021-02-09 06:00:00,0.0
DE5,lignite,2021-02-09 09:00:00,0.0
DE5,lignite,2021-02-09 12:00:00,0.0
DE5,lignite,2021-02-09 15:00:00,0.0
DE5,lignite,2021-02-09 18:00:00,0.0
DE5,lignite,2021-02-09 21:00:00,0.0
DE5,lignite,2021-02-10 00:00:00,0.0
DE5,lignite,2021-02-10 03:00:00,0.0
DE5,lignite,2021-02-10 06:00:00,0.0
DE5,lignite,2021-02-10 09:00:00,0.0
DE5,lignite,2021-02-10 12:00:00,0.0
DE5,lignite,2021-02-10 15:00:00,0.0
DE5,lignite,2021-02-10 18:00:00,0.0
DE5,lignite,2021-02-10 21:00:00,0.0
DE5,lignite,2021-02-11 00:00:00,0.0
DE5,lignite,2021-02-11 03:00:00,0.0
DE5,lignite,2021-02-11 06:00:00,0.0
DE5,lignite,2021-02-11 09:00:00,0.0
DE5,lignite,2021-02-11 12:00:00,0.0
DE5,lignite,2021-02-11 15:00:00,0.0
DE5,lignite,2021-02-11 18:00:00,0.0
DE5,lignite,2021-02-11 21:00:00,0.0
DE5,lignite,2021-02-12 00:00:00,0.0
DE5,lignite,2021-02-12 03:00:00,0.0
DE5,lignite,2021-02-12 06:00:00,0.0
DE5,lignite,2021-02-12 09:00:00,0.0
DE5,lignite,2021-02-12 12:00:00,0.0
DE5,lignite,2021-02-12 15:00:00,0.0
DE5,lignite,2021-02-12 18:00:00,0.0
DE5,lignite,2021-02-12 21:00:00,0.0
DE5,lignite,2021-02-13 00:00:00,0.0
DE5,lignite,2021-02-13 03:00:00,0.0
DE5,lignite,2021-02-13 06:00:00,0.0
DE5,lignite,2021-02-13 09:00:00,0.0
DE5,lignite,2021-02-13 12:00:00,0.0
DE5,lignite,2021-02-13 15:00:00,0.0
DE5,lignite,2021-02-13 18:00:00,0.0
DE5,lignite,2021-02-13 21:00:00,0.0
DE5,lignite,2021-02-14 00:00:00,0.0
DE5,lignite,2021-02-14 03:00:00,0.0
DE5,lignite,2021-02-14 06:00:00,0.0
DE5,lignite,2021-02-14 09:00:00,0.0
DE5,lignite,2021-02-14 12:00:00,0.0
DE5,lignite,2021-02-14 15:00:00,0.0
DE5,lignite,2021-02-14 18:00:00,0.0
DE5,lignite,2021-02-14 21:00:00,0.0
DE5,ocgt,2021-01-18 00:00:00,1.0000000000000018
DE5,ocgt,2021-01-18 03:00:00,1.0000000000000018
DE5,ocgt,2021-01-18 06:00:00,1.0000000000000018
DE5,ocgt,2021-01-18 09:00:00,1.0000000000000018
DE5,ocgt,2021-01-18 12:00:00,1.0000000000000018
DE5,ocgt,2021-01-18 15:00:00,1.0000000000000018
DE5,ocgt,2021-01-18 18:00:00,1.0000000000000018
DE5,ocgt,2021-01-18 21:00:00,1.0000000000000018
DE5,ocgt,2021-01-19 00:00:00,1.0000000000000018
DE5,ocgt,2021-01-19 03:00:00,1.0000000000000018
DE5,ocgt,2021-01-19 06:00:00,1.0000000000000018
DE5,ocgt,2021-01-19 09:00:00,1.0000000000000018
DE5,ocgt,2021-01-19 12:00:00,1.0000000000000018
DE5,ocgt,2021-01-19 15:00:00,1.0000000000000018
DE5,ocgt,2021-01-19 18:00:00,1.0000000000000018
DE5,ocgt,2021-01-19 21:00:00,1.0000000000000018
DE5,ocgt,2021-01-20 00:00:00,1.0000000000000018
DE5,ocgt,2021-01-20 03:00:00,1.0000000000000018
DE5,ocgt,2021-01-20 06:00:00,1.0000000000000018
DE5,ocgt,2021-01-20 09:00:00,1.0000000000000018
DE5,ocgt,2021-01-20 12:00:00,1.0000000000000018
DE5,ocgt,2021-01-20 15:00:00,1.0000000000000018
DE5,ocgt,2021-01-20 18:00:00,1.0000000000000018
DE5,ocgt,2021-01-20 21:00:00,1.0000000000000018
DE5,ocgt,2021-01-21 00:00:00,1.0000000000000018
DE5,ocgt,2021-01-21 03:00:00,1.0000000000000018
DE5,ocgt,2021-01-21 06:00:00,1.0000000000000018
DE5,ocgt,2021-01-21 09:00:00,1.0000000000000018
DE5,ocgt,2021-01-21 12:00:00,1.0000000000000018
DE5,ocgt,2021-01-21 15:00:00,1.0000000000000018
DE5,ocgt,2021-01-21 18:00:00,1.0000000000000018
DE5,ocgt,2021-01-21 21:00:00,1.0000000000000018
DE5,ocgt,2021-01-22 00:00:00,1.0000000000000018
DE5,ocgt,2021-01-22 03:00:00,1.0000000000000018
DE5,ocgt,2021-01-22 06:00:00,1.0000000000000018
DE5,ocgt,2021-01-22 09:00:00,1.0000000000000018
DE5,ocgt,2021-01-22 12:00:00,1.0000000000000018
DE5,ocgt,2021-01-22 15:00:00,1.0000000000000018
DE5,ocgt,2021-01-22 18:00:00,1.0000000000000018
DE5,ocgt,2021-01-22 21:00:00,1.0000000000000018
DE5,ocgt,2021-01-23 00:00:00,1.0000000000000018
DE5,ocgt,2021-01-23 03:00:00,1.0000000000000018
DE5,ocgt,2021-01-23 06:00:00,1.0000000000000018
DE5,ocgt,2021-01-23 09:00:00,1.0000000000000018
DE5,ocgt,2021-01-23 12:00:00,1.0000000000000018
DE5,ocgt,2021-01-23 15:00:00,1.0000000000000018
DE5,ocgt,2021-01-23 18:00:00,1.0000000000000018
DE5,ocgt,2021-01-23 21:00:00,1.0000000000000018
DE5,ocgt,2021-01-24 00:00:00,1.0000000000000018
DE5,ocgt,2021-01-24 03:00:00,1.0000000000000018
DE5,ocgt,2021-01-24 06:00:00,1.0000000000000018
DE5,ocgt,2021-01-24 09:00:00,1.0000000000000018
DE5,ocgt,2021-01-24 12:00:00,1.0000000000000018
DE5,ocgt,2021-01-24 15:00:00,1.0000000000000018
DE5,ocgt,2021-01-24 18:00:00,1.0000000000000018
DE5,ocgt,2021-01-24 21:00:00,1.0000000000000018
DE5,ocgt,2021-01-25 00:00:00,1.0000000000000018
DE5,ocgt,2021-01-25 03:00:00,1.0000000000000018
DE5,ocgt,2021-01-25 06:00:00,1.0000000000000018
DE5,ocgt,2021-01-25 09:00:00,1.0000000000000018
DE5,ocgt,2021-01-25 12:00:00,1.0000000000000018
DE5,ocgt,2021-01-25 15:00:00,1.0000000000000018
DE5,ocgt,2021-01-25 18:00:00,1.0000000000000018
DE5,ocgt,2021-01-25 21:00:00,1.0000000000000018
DE5,ocgt,2021-01-26 00:00:00,1.0000000000000018
DE5,ocgt,2021-01-26 03:00:00,1.0000000000000018
DE5,ocgt,2021-01-26 06:00:00,1.0000000000000018
DE5,ocgt,2021-01-26 09:00:00,1.0000000000000018
DE5,ocgt,2021-01-26 12:00:00,1.0000000000000018
DE5,ocgt,2021-01-26 15:00:00,1.0000000000000018
DE5,ocgt,2021-01-26 18:00:00,1.0000000000000018
DE5,ocgt,2021-01-26 21:00:00,1.0000000000000018
DE5,ocgt,2021-01-27 00:00:00,1.0000000000000018
DE5,ocgt,2021-01-27 03:00:00,1.0000000000000018
DE5,ocgt,2021-01-27 06:00:00,1.0000000000000018
DE5,ocgt,2021-01-27 09:00:00,1.0000000000000018
DE5,ocgt,2021-01-27 12:00:00,1.0000000000000018
DE5,ocgt,2021-01-27 15:00:00,1.0000000000000018
DE5,ocgt,2021-01-27 18:00:00,1.0000000000000018
DE5,ocgt,2021-01-27 21:00:00,1.0000000000000018
DE5,ocgt,2021-01-28 00:00:00,1.0000000000000018
DE5,ocgt,2021-01-28 03:00:00,1.0000000000000018
DE5,ocgt,2021-01-28 06:00:00,1.0000000000000018
DE5,ocgt,2021-01-28 09:00:00,1.0000000000000018
DE5,ocgt,2021-01-28 12:00:00,1.0000000000000018
DE5,ocgt,2021-01-28 15:00:00,1.0000000000000018
DE5,ocgt,2021-01-28 18:00:00,1.0000000000000018
DE5,ocgt,2021-01-28 21:00:00,1.0000000000000018
DE5,ocgt,2021-01-29 00:00:00,1.0000000000000018
DE5,ocgt,2021-01-29 03:00:00,1.0000000000000018
DE5,ocgt,2021-01-29 06:00:00,1.0000000000000018
DE5,ocgt,2021-01-29 09:00:00,1.0000000000000018
DE5,ocgt,2021-01-29 12:00:00,1.0000000000000018
DE5,ocgt,2021-01-29 15:00:00,1.0000000000000018
DE5,ocgt,2021-01-29 18:00:00,1.0000000000000018
DE5,ocgt,2021-01-29 21:00:00,1.0000000000000018
DE5,ocgt,2021-01-30 00:00:00,1.0000000000000018
DE5,ocgt,2021-01-30 03:00:00,1.0000000000000018
DE5,ocgt,2021-01-30 06:00:00,1.0000000000000018
DE5,ocgt,2021-01-30 09:00:00,1.0000000000000018
DE5,ocgt,2021-01-30 12:00:00,1.0000000000000018
DE5,ocgt,2021-01-30 15:00:00,1.0000000000000018
DE5,ocgt,2021-01-30 18:00:00,1.0000000000000018
DE5,ocgt,2021-01-30 21:00:00,1.0000000000000018
DE5,ocgt,2021-01-31 00:00:00,1.0000000000000018
DE5,ocgt,2021-01-31 03:00:00,1.0000000000000018
DE5,ocgt,2021-01-31 06:00:00,1.0000000000000018
DE5,ocgt,2021-01-31 09:00:00,1.0000000000000018
DE5,ocgt,2021-01-31 12:00:00,1.0000000000000018
DE5,ocgt,2021-01-31 15:00:00,1.0000000000000018
DE5,ocgt,2021-01-31 18:00:00,1.0000000000000018
DE5,ocgt,2021-01-31 21:00:00,1.0000000000000018
DE5,ocgt,2021-02-01 00:00:00,1.0000000000000018
DE5,ocgt,2021-02-01 03:00:00,1.0000000000000018
DE5,ocgt,2021-02-01 06:00:00,1.0000000000000018
DE5,ocgt,2021-02-01 09:00:00,1.0000000000000018
DE5,ocgt,2021-02-01 12:00:00,1.0000000000000018
DE5,ocgt,2021-02-01 15:00:00,1.0000000000000018
DE5,ocgt,2021-02-01 18:00:00,1.0000000000000018
DE5,ocgt,2021-02-01 21:00:00,1.0000000000000018
DE5,ocgt,2021-02-02 00:00:00,1.0000000000000018
DE5,ocgt,2021-02-02 03:00:00,1.0000000000000018
DE5,ocgt,2021-02-02 06:00:00,1.0000000000000018
DE5,ocgt,2021-02-02 09:00:00,1.0000000000000018
DE5,ocgt,2021-02-02 12:00:00,1.0000000000000018
DE5,ocgt,2021-02-02 15:00:00,1.0000000000000018
DE5,ocgt,2021-02-02 18:00:00,1.0000000000000018
DE5,ocgt,2021-02-02 21:00:00,1.0000000000000018
DE5,ocgt,2021-02-03 00:00:00,1.0000000000000018
DE5,ocgt,2021-02-03 03:00:00,1.0000000000000018
DE5,ocgt,2021-02-03 06:00:00,1.0000000000000018
DE5,ocgt,2021-02-03 09:00:00,1.0000000000000018
DE5,ocgt,2021-02-03 12:00:00,1.0000000000000018
DE5,ocgt,2021-02-03 15:00:00,1.0000000000000018
DE5,ocgt,2021-02-03 18:00:00,1.0000000000000018
DE5,ocgt,2021-02-03 21:00:00,1.0000000000000018
DE5,ocgt,2021-02-04 00:00:00,1.0000000000000018
DE5,ocgt,2021-02-04 03:00:00,1.0000000000000018
DE5,ocgt,2021-02-04 06:00:00,1.0000000000000018
DE5,ocgt,2021-02-04 09:00:00,1.0000000000000018
DE5,ocgt,2021-02-04 12:00:00,1.0000000000000018
DE5,ocgt,2021-02-04 15:00:00,1.0000000000000018
DE5,ocgt,2021-02-04 18:00:00,1.0000000000000018
DE5,ocgt,2021-02-04 21:00:00,1.0000000000000018
DE5,ocgt,2021-02-05 00:00:00,1.0000000000000018
DE5,ocgt,2021-02-05 03:00:00,1.0000000000000018
DE5,ocgt,2021-02-05 06:00:00,1.0000000000000018
DE5,ocgt,2021-02-05 09:00:00,1.0000000000000018
DE5,ocgt,2021-02-05 12:00:00,1.0000000000000018
DE5,ocgt,2021-02-05 15:00:00,1.0000000000000018
DE5,ocgt,2021-02-05 18:00:00,1.0000000000000018
DE5,ocgt,2021-02-05 21:00:00,1.0000000000000018
DE5,ocgt,2021-02-06 00:00:00,1.0000000000000018
DE5,ocgt,2021-02-06 03:00:00,1.0000000000000018
DE5,ocgt,2021-02-06 06:00:00,1.0000000000000018
DE5,ocgt,2021-02-06 09:00:00,1.0000000000000018
DE5,ocgt,2021-02-06 12:00:00,1.0000000000000018
DE5,ocgt,2021-02-06 15:00:00,1.0000000000000018
DE5,ocgt,2021-02-06 18:00:00,1.0000000000000018
DE5,ocgt,2021-02-06 21:00:00,1.0000000000000018
DE5,ocgt,2021-02-07 00:00:00,1.0000000000000018
DE5,ocgt,2021-02-07 03:00:00,1.0000000000000018
DE5,ocgt,2021-02-07 06:00:00,1.0000000000000018
DE5,ocgt,2021-02-07 09:00:00,1.0000000000000018
DE5,ocgt,2021-02-07 12:00:00,1.0000000000000018
DE5,ocgt,2021-02-07 15:00:00,1.0000000000000018
DE5,ocgt,2021-02-07 18:00:00,1.0000000000000018
DE5,ocgt,2021-02-07 21:00:00,1.0000000000000018
DE5,ocgt,2021-02-08 00:00:00,1.0000000000000018
DE5,ocgt,2021-02-08 03:00:00,1.0000000000000018
DE5,ocgt,2021-02-08 06:00:00,1.0000000000000018
DE5,ocgt,2021-02-08 09:00:00,1.0000000000000018
DE5,ocgt,2021-02-08 12:00:00,1.0000000000000018
DE5,ocgt,2021-02-08 15:00:00,1.0000000000000018
DE5,ocgt,2021-02-08 18:00:00,1.0000000000000018
DE5,ocgt,2021-02-08 21:00:00,1.0000000000000018
DE5,ocgt,2021-02-09 00:00:00,1.0000000000000018
DE5,ocgt,2021-02-09 03:00:00,1.0000000000000018
DE5,ocgt,2021-02-09 06:00:00,1.0000000000000018
DE5,ocgt,2021-02-09 09:00:00,1.0000000000000018
DE5,ocgt,2021-02-09 12:00:00,1.0000000000000018
DE5,ocgt,2021-02-09 15:00:00,1.0000000000000018
DE5,ocgt,2021-02-09 18:00:00,1.0000000000000018
DE5,ocgt,2021-02-09 21:00:00,1.0000000000000018
DE5,ocgt,2021-02-10 00:00:00,1.0000000000000018
DE5,ocgt,2021-02-10 03:00:00,1.0000000000000018
DE5,ocgt,2021-02-10 06:00:00,1.0000000000000018
DE5,ocgt,2021-02-10 09:00:00,1.0000000000000018
DE5,ocgt,2021-02-10 12:00:00,1.0000000000000018
DE5,ocgt,2021-02-10 15:00:00,1.0000000000000018
DE5,ocgt,2021-02-10 18:00:00,1.0000000000000018
DE5,ocgt,2021-02-10 21:00:00,1.0000000000000018
DE5,ocgt,2021-02-11 00:00:00,1.0000000000000018
DE5,ocgt,2021-02-11 03:00:00,1.0000000000000018
DE5,ocgt,2021-02-11 06:00:00,1.0000000000000018
DE5,ocgt,2021-02-11 09:00:00,1.0000000000000018
DE5,ocgt,2021-02-11 12:00:00,1.0000000000000018
DE5,ocgt,2021-02-11 15:00:00,1.0000000000000018
DE5,ocgt,2021-02-11 18:00:00,1.0000000000000018
DE5,ocgt,2021-02-11 21:00:00,1.0000000000000018
DE5,ocgt,2021-02-12 00:00:00,1.0000000000000018
DE5,ocgt,2021-02-12 03:00:00,1.0000000000000018
DE5,ocgt,2021-02-12 06:00:00,1.0000000000000018
DE5,ocgt,2021-02-12 09:00:00,1.0000000000000018
DE5,ocgt,2021-02-12 12:00:00,1.0000000000000018
DE5,ocgt,2021-02-12 15:00:00,1.0000000000000018
DE5,ocgt,2021-02-12 18:00:00,1.0000000000000018
DE5,ocgt,2021-02-12 21:00:00,1.0000000000000018
DE5,ocgt,2021-02-13 00:00:00,1.0000000000000018
DE5,ocgt,2021-02-13 03:00:00,1.0000000000000018
DE5,ocgt,2021-02-13 06:00:00,1.0000000000000018
DE5,ocgt,2021-02-13 09:00:00,1.0000000000000018
DE5,ocgt,2021-02-13 12:00:00,1.0000000000000018
DE5,ocgt,2021-02-13 15:00:00,1.0000000000000018
DE5,ocgt,2021-02-13 18:00:00,1.0000000000000018
DE5,ocgt,2021-02-13 21:00:00,1.0000000000000018
DE5,ocgt,2021-02-14 00:00:00,1.0000000000000018
DE5,ocgt,2021-02-14 03:00:00,1.0000000000000018
DE5,ocgt,2021-02-14 06:00:00,1.0000000000000018
DE5,ocgt,2021-02-14 09:00:00,1.0000000000000018
DE5,ocgt,2021-02-14 12:00:00,1.0000000000000018
DE5,ocgt,2021-02-14 15:00:00,1.0000000000000018
DE5,ocgt,2021-02-14 18:00:00,1.0000000000000018
DE5,ocgt,2021-02-14 21:00:00,1.0000000000000018
DE5,oil,2021-01-18 00:00:00,1.0
DE5,oil,2021-01-18 03:00:00,1.0
DE5,oil,2021-01-18 06:00:00,1.0
DE5,oil,2021-01-18 09:00:00,1.0
DE5,oil,2021-01-18 12:00:00,1.0
DE5,oil,2021-01-18 15:00:00,1.0
DE5,oil,2021-01-18 18:00:00,1.0
DE5,oil,2021-01-18 21:00:00,1.0
DE5,oil,2021-01-19 00:00:00,1.0
DE5,oil,2021-01-19 03:00:00,1.0
DE5,oil,2021-01-19 06:00:00,1.0
DE5,oil,2021-01-19 09:00:00,1.0
DE5,oil,2021-01-19 12:00:00,1.0
DE5,oil,2021-01-19 15:00:00,1.0
DE5,oil,2021-01-19 18:00:00,1.0
DE5,oil,2021-01-19 21:00:00,1.0
DE5,oil,2021-01-20 00:00:00,1.0
DE5,oil,2021-01-20 03:00:00,1.0
DE5,oil,2021-01-20 06:00:00,1.0
DE5,oil,2021-01-20 09:00:00,1.0
DE5,oil,2021-01-20 12:00:00,1.0
DE5,oil,2021-01-20 15:00:00,1.0
DE5,oil,2021-01-20 18:00:00,1.0
DE5,oil,2021-01-20 21:00:00,1.0
DE5,oil,2021-01-21 00:00:00,1.0
DE5,oil,2021-01-21 03:00:00,1.0
DE5,oil,2021-01-21 06:00:00,1.0
DE5,oil,2021-01-21 09:00:00,1.0
DE5,oil,2021-01-21 12:00:00,1.0
DE5,oil,2021-01-21 15:00:00,1.0
DE5,oil,2021-01-21 18:00:00,1.0
DE5,oil,2021-01-21 21:00:00,1.0
DE5,oil,2021-01-22 00:00:00,1.0
DE5,oil,2021-01-22 03:00:00,1.0
DE5,oil,2021-01-22 06:00:00,1.0
DE5,oil,2021-01-22 09:00:00,1.0
DE5,oil,2021-01-22 12:00:00,1.0
DE5,oil,2021-01-22 15:00:00,1.0
DE5,oil,2021-01-22 18:00:00,1.0
DE5,oil,2021-01-22 21:00:00,1.0
DE5,oil,2021-01-23 00:00:00,1.0
DE5,oil,2021-01-23 03:00:00,1.0
DE5,oil,2021-01-23 06:00:00,1.0
DE5,oil,2021-01-23 09:00:00,1.0
DE5,oil,2021-01-23 12:00:00,1.0
DE5,oil,2021-01-23 15:00:00,1.0
DE5,oil,2021-01-23 18:00:00,1.0
DE5,oil,2021-01-23 21:00:00,1.0
DE5,oil,2021-01-24 00:00:00,1.0
DE5,oil,2021-01-24 03:00:00,1.0
DE5,oil,2021-01-24 06:00:00,1.0
DE5,oil,2021-01-24 09:00:00,1.0
DE5,oil,2021-01-24 12:00:00,1.0
DE5,oil,2021-01-24 15:00:00,1.0
DE5,oil,2021-01-24 18:00:00,1.0
DE5,oil,2021-01-24 21:00:00,1.0
DE5,oil,2021-01-25 00:00:00,1.0
DE5,oil,2021-01-25 03:00:00,1.0
DE5,oil,2021-01-25 06:00:00,1.0
DE5,oil,2021-01-25 09:00:00,1.0
DE5,oil,2021-01-25 12:00:00,1.0
DE5,oil,2021-01-25 15:00:00,1.0
DE5,oil,2021-01-25 18:00:00,1.0
DE5,oil,2021-01-25 21:00:00,1.0
DE5,oil,2021-01-26 00:00:00,1.0
DE5,oil,2021-01-26 03:00:00,1.0
DE5,oil,2021-01-26 06:00:00,1.0
DE5,oil,2021-01-26 09:00:00,1.0
DE5,oil,2021-01-26 12:00:00,1.0
DE5,oil,2021-01-26 15:00:00,1.0
DE5,oil,2021-01-26 18:00:00,1.0
DE5,oil,2021-01-26 21:00:00,1.0
DE5,oil,2021-01-27 00:00:00,1.0
DE5,oil,2021-01-27 03:00:00,1.0
DE5,oil,2021-01-27 06:00:00,1.0
DE5,oil,2021-01-27 09:00:00,1.0
DE5,oil,2021-01-27 12:00:00,1.0
DE5,oil,2021-01-27 15:00:00,1.0
DE5,oil,2021-01-27 18:00:00,1.0
DE5,oil,2021-01-27 21:00:00,1.0
DE5,oil,2021-01-28 00:00:00,1.0
DE5,oil,2021-01-28 03:00:00,1.0
DE5,oil,2021-01-28 06:00:00,1.0
DE5,oil,2021-01-28 09:00:00,1.0
DE5,oil,2021-01-28 12:00:00,1.0
DE5,oil,2021-01-28 15:00:00,1.0
DE5,oil,2021-01-28 18:00:00,1.0
DE5,oil,2021-01-28 21:00:00,1.0
DE5,oil,2021-01-29 00:00:00,1.0
DE5,oil,2021-01-29 03:00:00,1.0
DE5,oil,2021-01-29 06:00:00,1.0
DE5,oil,2021-01-29 09:00:00,1.0
DE5,oil,2021-01-29 12:00:00,1.0
DE5,oil,2021-01-29 15:00:00,1.0
DE5,oil,2021-01-29 18:00:00,1.0
DE5,oil,2021-01-29 21:00:00,1.0
DE5,oil,2021-01-30 00:00:00,1.0
DE5,oil,2021-01-30 03:00:00,1.0
DE5,oil,2021-01-30 06:00:00,1.0
DE5,oil,2021-01-30 09:00:00,1.0
DE5,oil,2021-01-30 12:00:00,1.0
DE5,oil,2021-01-30 15:00:00,1.0
DE5,oil,2021-01-30 18:00:00,1.0
DE5,oil,2021-01-30 21:00:00,1.0
DE5,oil,2021-01-31 00:00:00,1.0
DE5,oil,2021-01-31 03:00:00,1.0
DE5,oil,2021-01-31 06:00:00,1.0
DE5,oil,2021-01-31 09:00:00,1.0
DE5,oil,2021-01-31 12:00:00,1.0
DE5,oil,2021-01-31 15:00:00,1.0
DE5,oil,2021-01-31 18:00:00,1.0
DE5,oil,2021-01-31 21:00:00,1.0
DE5,oil,2021-02-01 00:00:00,1.0
DE5,oil,2021-02-01 03:00:00,1.0
DE5,oil,2021-02-01 06:00:00,1.0
DE5,oil,2021-02-01 09:00:00,1.0
DE5,oil,2021-02-01 12:00:00,1.0
DE5,oil,2021-02-01 15:00:00,1.0
DE5,oil,2021-02-01 18:00:00,1.0
DE5,oil,2021-02-01 21:00:00,1.0
DE5,oil,2021-02-02 00:00:00,1.0
DE5,oil,2021-02-02 03:00:00,1.0
DE5,oil,2021-02-02 06:00:00,1.0
DE5,oil,2021-02-02 09:00:00,1.0
DE5,oil,2021-02-02 12:00:00,1.0
DE5,oil,2021-02-02 15:00:00,1.0
DE5,oil,2021-02-02 18:00:00,1.0
DE5,oil,2021-02-02 21:00:00,1.0
DE5,oil,2021-02-03 00:00:00,1.0
DE5,oil,2021-02-03 03:00:00,1.0
DE5,oil,2021-02-03 06:00:00,1.0
DE5,oil,2021-02-03 09:00:00,1.0
DE5,oil,2021-02-03 12:00:00,1.0
DE5,oil,2021-02-03 15:00:00,1.0
DE5,oil,2021-02-03 18:00:00,1.0
DE5,oil,2021-02-03 21:00:00,1.0
DE5,oil,2021-02-04 00:00:00,1.0
DE5,oil,2021-02-04 03:00:00,1.0
DE5,oil,2021-02-04 06:00:00,1.0
DE5,oil,2021-02-04 09:00:00,1.0
DE5,oil,2021-02-04 12:00:00,1.0
DE5,oil,2021-02-04 15:00:00,1.0
DE5,oil,2021-02-04 18:00:00,1.0
DE5,oil,2021-02-04 21:00:00,1.0
DE5,oil,2021-02-05 00:00:00,1.0
DE5,oil,2021-02-05 03:00:00,1.0
DE5,oil,2021-02-05 06:00:00,1.0
DE5,oil,2021-02-05 09:00:00,1.0
DE5,oil,2021-02-05 12:00:00,1.0
DE5,oil,2021-02-05 15:00:00,1.0
DE5,oil,2021-02-05 18:00:00,1.0
DE5,oil,2021-02-05 21:00:00,1.0
DE5,oil,2021-02-06 00:00:00,1.0
DE5,oil,2021-02-06 03:00:00,1.0
DE5,oil,2021-02-06 06:00:00,1.0
DE5,oil,2021-02-06 09:00:00,1.0
DE5,oil,2021-02-06 12:00:00,1.0
DE5,oil,2021-02-06 15:00:00,1.0
DE5,oil,2021-02-06 18:00:00,1.0
DE5,oil,2021-02-06 21:00:00,1.0
DE5,oil,2021-02-07 00:00:00,1.0
DE5,oil,2021-02-07 03:00:00,1.0
DE5,oil,2021-02-07 06:00:00,1.0
DE5,oil,2021-02-07 09:00:00,1.0
DE5,oil,2021-02-07 12:00:00,1.0
DE5,oil,2021-02-07 15:00:00,1.0
DE5,oil,2021-02-07 18:00:00,1.0
DE5,oil,2021-02-07 21:00:00,1.0
DE5,oil,2021-02-08 00:00:00,1.0
DE5,oil,2021-02-08 03:00:00,1.0
DE5,oil,2021-02-08 06:00:00,1.0
DE5,oil,2021-02-08 09:00:00,1.0
DE5,oil,2021-02-08 12:00:00,1.0
DE5,oil,2021-02-08 15:00:00,1.0
DE5,oil,2021-02-08 18:00:00,1.0
DE5,oil,2021-02-08 21:00:00,1.0
DE5,oil,2021-02-09 00:00:00,1.0
DE5,oil,2021-02-09 03:00:00,1.0
DE5,oil,2021-02-09 06:00:00,1.0
DE5,oil,2021-02-09 09:00:00,1.0
DE5,oil,2021-02-09 12:00:00,1.0
DE5,oil,2021-02-09 15:00:00,1.0
DE5,oil,2021-02-09 18:00:00,1.0
DE5,oil,2021-02-09 21:00:00,1.0
DE5,oil,2021-02-10 00:00:00,1.0
DE5,oil,2021-02-10 03:00:00,1.0
DE5,oil,2021-02-10 06:00:00,1.0
DE5,oil,2021-02-10 09:00:00,1.0
DE5,oil,2021-02-10 12:00:00,1.0
DE5,oil,2021-02-10 15:00:00,1.0
DE5,oil,2021-02-10 18:00:00,1.0
DE5,oil,2021-02-10 21:00:00,1.0
DE5,oil,2021-02-11 00:00:00,1.0
DE5,oil,2021-02-11 03:00:00,1.0
DE5,oil,2021-02-11 06:00:00,1.0
DE5,oil,2021-02-11 09:00:00,1.0
DE5,oil,2021-02-11 12:00:00,1.0
DE5,oil,2021-02-11 15:00:00,1.0
DE5,oil,2021-02-11 18:00:00,1.0
DE5,oil,2021-02-11 21:00:00,1.0
DE5,oil,2021-02-12 00:00:00,1.0
DE5,oil,2021-02-12 03:00:00,1.0
DE5,oil,2021-02-12 06:00:00,1.0
DE5,oil,2021-02-12 09:00:00,1.0
DE5,oil,2021-02-12 12:00:00,1.0
DE5,oil,2021-02-12 15:00:00,1.0
DE5,oil,2021-02-12 18:00:00,1.0
DE5,oil,2021-02-12 21:00:00,1.0
DE5,oil,2021-02-13 00:00:00,1.0
DE5,oil,2021-02-13 03:00:00,1.0
DE5,oil,2021-02-13 06:00:00,1.0
DE5,oil,2021-02-13 09:00:00,1.0
DE5,oil,2021-02-13 12:00:00,1.0
DE5,oil,2021-02-13 15:00:00,1.0
DE5,oil,2021-02-13 18:00:00,1.0
DE5,oil,2021-02-13 21:00:00,1.0
DE5,oil,2021-02-14 00:00:00,1.0
DE5,oil,2021-02-14 03:00:00,1.0
DE5,oil,2021-02-14 06:00:00,1.0
DE5,oil,2021-02-14 09:00:00,1.0
DE5,oil,2021-02-14 12:00:00,1.0
DE5,oil,2021-02-14 15:00:00,1.0
DE5,oil,2021-02-14 18:00:00,1.0
DE5,oil,2021-02-14 21:00:00,1.0
DE5,onwind,2021-01-18 00:00:00,0.2242322185623337
DE5,onwind,2021-01-18 03:00:00,0.1712140957397331
DE5,onwind,2021-01-18 06:00:00,0.1637074439610834
DE5,onwind,2021-01-18 09:00:00,0.2571945462181226
DE5,onwind,2021-01-18 12:00:00,0.3123381541484339
DE5,onwind,2021-01-18 15:00:00,0.3504371302844227
DE5,onwind,2021-01-18 18:00:00,0.47678111556712416
DE5,onwind,2021-01-18 21:00:00,0.47401052132979826
DE5,onwind,2021-01-19 00:00:00,0.5036437155105019
DE5,onwind,2021-01-19 03:00:00,0.5828259452845858
DE5,onwind,2021-01-19 06:00:00,0.7748584011449055
DE5,onwind,2021-01-19 09:00:00,0.8923797331463305
DE5,onwind,2021-01-19 12:00:00,0.9573811572654642
DE5,onwind,2021-01-19 15:00:00,0.8259081245681439
DE5,onwind,2021-01-19 18:00:00,0.677456837362112
DE5,onwind,2021-01-19 21:00:00,0.5491414029278334
DE5,onwind,2021-01-20 00:00:00,0.6505670264487242
DE5,onwind,2021-01-20 03:00:00,0.665639944122014
DE5,onwind,2021-01-20 06:00:00,0.6653360995089935
DE5,onwind,2021-01-20 09:00:00,0.467783385015601
DE5,onwind,2021-01-20 12:00:00,0.4093605744152279
DE5,onwind,2021-01-20 15:00:00,0.4935498268168259
DE5,onwind,2021-01-20 18:00:00,0.5612107362037332
DE5,onwind,2021-01-20 21:00:00,0.751609055245121
DE5,onwind,2021-01-21 00:00:00,0.884243621568027
DE5,onwind,2021-01-21 03:00:00,0.9650025105323545
DE5,onwind,2021-01-21 06:00:00,0.9967105108768456
DE5,onwind,2021-01-21 09:00:00,0.8664312563629295
DE5,onwind,2021-01-21 12:00:00,0.6350854992933566
DE5,onwind,2021-01-21 15:00:00,0.5618979375255625
DE5,onwind,2021-01-21 18:00:00,0.8454633543379689
DE5,onwind,2021-01-21 21:00:00,0.9897670007454508
DE5,onwind,2021-01-22 00:00:00,0.9987870259065887
DE5,onwind,2021-01-22 03:00:00,0.983346131943721
DE5,onwind,2021-01-22 06:00:00,0.5684975671119356
DE5,onwind,2021-01-22 09:00:00,0.1408611961547755
DE5,onwind,2021-01-22 12:00:00,0.0275831091960431
DE5,onwind,2021-01-22 15:00:00,0.02456477266438
DE5,onwind,2021-01-22 18:00:00,0.0488514137609177
DE5,onwind,2021-01-22 21:00:00,0.0943970872827331
DE5,onwind,2021-01-23 00:00:00,0.1097524493062073
DE5,onwind,2021-01-23 03:00:00,0.0885630998677541
DE5,onwind,2021-01-23 06:00:00,0.1566367010419052
DE5,onwind,2021-01-23 09:00:00,0.1303466319751388
DE5,onwind,2021-01-23 12:00:00,0.0638644550769872
DE5,onwind,2021-01-23 15:00:00,0.1153638657080395
DE5,onwind,2021-01-23 18:00:00,0.1878886203991111
DE5,onwind,2021-01-23 21:00:00,0.1971266973123334
DE5,onwind,2021-01-24 00:00:00,0.399711003310877
DE5,onwind,2021-01-24 03:00:00,0.7037795640552625
DE5,onwind,2021-01-24 06:00:00,0.8231632884490866
DE5,onwind,2021-01-24 09:00:00,0.814060872759801
DE5,onwind,2021-01-24 12:00:00,0.5935545018025675
DE5,onwind,2021-01-24 15:00:00,0.1803521801707352
DE5,onwind,2021-01-24 18:00:00,0.0858671841639002
DE5,onwind,2021-01-24 21:00:00,0.1041945297464238
DE5,onwind,2021-01-25 00:00:00,0.1037092181108639
DE5,onwind,2021-01-25 03:00:00,0.061120133429406295
DE5,onwind,2021-01-25 06:00:00,0.0346232846415986
DE5,onwind,2021-01-25 09:00:00,0.0212336866393419
DE5,onwind,2021-01-25 12:00:00,0.043419782939789
DE5,onwind,2021-01-25 15:00:00,0.0686916923797604
DE5,onwind,2021-01-25 18:00:00,0.083136430949808
DE5,onwind,2021-01-25 21:00:00,0.0920194366040779
DE5,onwind,2021-01-26 00:00:00,0.1939704273667714
DE5,onwind,2021-01-26 03:00:00,0.2963730840934405
DE5,onwind,2021-01-26 06:00:00,0.33060123488696
DE5,onwind,2021-01-26 09:00:00,0.2670011440690855
DE5,onwind,2021-01-26 12:00:00,0.1843859040088925
DE5,onwind,2021-01-26 15:00:00,0.0864485381858279
DE5,onwind,2021-01-26 18:00:00,0.0496580365479536
DE5,onwind,2021-01-26 21:00:00,0.031083612554762198
DE5,onwind,2021-01-27 00:00:00,0.0368269033201624
DE5,onwind,2021-01-27 03:00:00,0.0399204636952748
DE5,onwind,2021-01-27 06:00:00,0.0506151854119548
DE5,onwind,2021-01-27 09:00:00,0.0626880397318813
DE5,onwind,2021-01-27 12:00:00,0.0570513901192825
DE5,onwind,2021-01-27 15:00:00,0.040657657361654
DE5,onwind,2021-01-27 18:00:00,0.044505340915756
DE5,onwind,2021-01-27 21:00:00,0.0372484388194247
DE5,onwind,2021-01-28 00:00:00,0.0361507304523678
DE5,onwind,2021-01-28 03:00:00,0.0377416236210107
DE5,onwind,2021-01-28 06:00:00,0.0518315302032372
DE5,onwind,2021-01-28 09:00:00,0.085102760345671
DE5,onwind,2021-01-28 12:00:00,0.1246423790496297
DE5,onwind,2021-01-28 15:00:00,0.1544451112287957
DE5,onwind,2021-01-28 18:00:00,0.1273397755381879
DE5,onwind,2021-01-28 21:00:00,0.075959359284633
DE5,onwind,2021-01-29 00:00:00,0.0520833656151828
DE5,onwind,2021-01-29 03:00:00,0.1000445368871444
DE5,onwind,2021-01-29 06:00:00,0.1775046314118069
DE5,onwind,2021-01-29 09:00:00,0.1935512181995378
DE5,onwind,2021-01-29 12:00:00,0.1741577910509467
DE5,onwind,2021-01-29 15:00:00,0.1465608064277413
DE5,onwind,2021-01-29 18:00:00,0.1272787777013649
DE5,onwind,2021-01-29 21:00:00,0.1375432698338848
DE5,onwind,2021-01-30 00:00:00,0.1432931873854062
DE5,onwind,2021-01-30 03:00:00,0.11987353522282171
DE5,onwind,2021-01-30 06:00:00,0.0596619287018532
DE5,onwind,2021-01-30 09:00:00,0.0217079980573065
DE5,onwind,2021-01-30 12:00:00,0.02412311200261
DE5,onwind,2021-01-30 15:00:00,0.0427380951556768
DE5,onwind,2021-01-30 18:00:00,0.062198918622880094
DE5,onwind,2021-01-30 21:00:00,0.0507340536348853
DE5,onwind,2021-01-31 00:00:00,0.0371361069385732
DE5,onwind,2021-01-31 03:00:00,0.0316514936894312
DE5,onwind,2021-01-31 06:00:00,0.031937822207453
DE5,onwind,2021-01-31 09:00:00,0.013266429433827
DE5,onwind,2021-01-31 12:00:00,0.0098079707676621
DE5,onwind,2021-01-31 15:00:00,0.0146021477565024
DE5,onwind,2021-01-31 18:00:00,0.0280704098082252
DE5,onwind,2021-01-31 21:00:00,0.0306632558853762
DE5,onwind,2021-02-01 00:00:00,0.0317764984556268
DE5,onwind,2021-02-01 03:00:00,0.0333818756437975
DE5,onwind,2021-02-01 06:00:00,0.0279069420236021
DE5,onwind,2021-02-01 09:00:00,0.0136873942835011
DE5,onwind,2021-02-01 12:00:00,0.0060531353065198
DE5,onwind,2021-02-01 15:00:00,0.0070456607678069
DE5,onwind,2021-02-01 18:00:00,0.016577484798663
DE5,onwind,2021-02-01 21:00:00,0.0177482257062498
DE5,onwind,2021-02-02 00:00:00,0.0243918194384749
DE5,onwind,2021-02-02 03:00:00,0.0292673490020377
DE5,onwind,2021-02-02 06:00:00,0.0325200615985562
DE5,onwind,2021-02-02 09:00:00,0.0619382220672351
DE5,onwind,2021-02-02 12:00:00,0.0919161459879698
DE5,onwind,2021-02-02 15:00:00,0.1012214677070867
DE5,onwind,2021-02-02 18:00:00,0.0947398545099556
DE5,onwind,2021-02-02 21:00:00,0.0961669807045883
DE5,onwind,2021-02-03 00:00:00,0.0820376165994598
DE5,onwind,2021-02-03 03:00:00,0.0759244021734522
DE5,onwind,2021-02-03 06:00:00,0.0473121034416341
DE5,onwind,2021-02-03 09:00:00,0.061178009331818495
DE5,onwind,2021-02-03 12:00:00,0.164684470889692
DE5,onwind,2021-02-03 15:00:00,0.1858236693350487
DE5,onwind,2021-02-03 18:00:00,0.1839545739900317
DE5,onwind,2021-02-03 21:00:00,0.19247720036818
DE5,onwind,2021-02-04 00:00:00,0.161066412748311
DE5,onwind,2021-02-04 03:00:00,0.0980149056678546
DE5,onwind,2021-02-04 06:00:00,0.0459792920928293
DE5,onwind,2021-02-04 09:00:00,0.0194949343909282
DE5,onwind,2021-02-04 12:00:00,0.0058337912209848
DE5,onwind,2021-02-04 15:00:00,0.0
DE5,onwind,2021-02-04 18:00:00,0.0074610553097261
DE5,onwind,2021-02-04 21:00:00,0.0103003597179191
DE5,onwind,2021-02-05 00:00:00,0.0107769490667093
DE5,onwind,2021-02-05 03:00:00,0.0103053915030742
DE5,onwind,2021-02-05 06:00:00,0.0110753395538358
DE5,onwind,2021-02-05 09:00:00,0.0031715639513538
DE5,onwind,2021-02-05 12:00:00,0.0
DE5,onwind,2021-02-05 15:00:00,0.0
DE5,onwind,2021-02-05 18:00:00,0.0
DE5,onwind,2021-02-05 21:00:00,0.0084531347936428
DE5,onwind,2021-02-06 00:00:00,0.0110198395186376
DE5,onwind,2021-02-06 03:00:00,0.0163206092887766
DE5,onwind,2021-02-06 06:00:00,0.0428403863433959
DE5,onwind,2021-02-06 09:00:00,0.0555659833643932
DE5,onwind,2021-02-06 12:00:00,0.0737128375057587
DE5,onwind,2021-02-06 15:00:00,0.1332910974943118
DE5,onwind,2021-02-06 18:00:00,0.1971193673587976
DE5,onwind,2021-02-06 21:00:00,0.2004171395299523
DE5,onwind,2021-02-07 00:00:00,0.2611037732657405
DE5,onwind,2021-02-07 03:00:00,0.2655315273673682
DE5,onwind,2021-02-07 06:00:00,0.2301959351354671
DE5,onwind,2021-02-07 09:00:00,0.1344015983417879
DE5,onwind,2021-02-07 12:00:00,0.0771450991848127
DE5,onwind,2021-02-07 15:00:00,0.0527905518780842
DE5,onwind,2021-02-07 18:00:00,0.0663033978856885
DE5,onwind,2021-02-07 21:00:00,0.0794311166605147
DE5,onwind,2021-02-08 00:00:00,0.0739764069926066
DE5,onwind,2021-02-08 03:00:00,0.0774995926925016
DE5,onwind,2021-02-08 06:00:00,0.0634004422677679
DE5,onwind,2021-02-08 09:00:00,0.0637479748808046
DE5,onwind,2021-02-08 12:00:00,0.0455735885605611
DE5,onwind,2021-02-08 15:00:00,0.0376058206601267
DE5,onwind,2021-02-08 18:00:00,0.0266709644878247
DE5,onwind,2021-02-08 21:00:00,0.0111340602977724
DE5,onwind,2021-02-09 00:00:00,0.0091690628557807
DE5,onwind,2021-02-09 03:00:00,0.0205180846039872
DE5,onwind,2021-02-09 06:00:00,0.0119092649790737
DE5,onwind,2021-02-09 09:00:00,0.0062761491821421
DE5,onwind,2021-02-09 12:00:00,0.0006225453278804
DE5,onwind,2021-02-09 15:00:00,0.0260612674188206
DE5,onwind,2021-02-09 18:00:00,0.0918781426167995
DE5,onwind,2021-02-09 21:00:00,0.0852070632935469
DE5,onwind,2021-02-10 00:00:00,0.1339092666551634
DE5,onwind,2021-02-10 03:00:00,0.1690773658938845
DE5,onwind,2021-02-10 06:00:00,0.2225321182495318
DE5,onwind,2021-02-10 09:00:00,0.2177543320070722
DE5,onwind,2021-02-10 12:00:00,0.2316193023511836
DE5,onwind,2021-02-10 15:00:00,0.2230492855166928
DE5,onwind,2021-02-10 18:00:00,0.1715163661686072
DE5,onwind,2021-02-10 21:00:00,0.0734671608494879
DE5,onwind,2021-02-11 00:00:00,0.0303042646064172
DE5,onwind,2021-02-11 03:00:00,0.0352170372613137
DE5,onwind,2021-02-11 06:00:00,0.033384535110813
DE5,onwind,2021-02-11 09:00:00,0.0386241841888236
DE5,onwind,2021-02-11 12:00:00,0.0438497281736212
DE5,onwind,2021-02-11 15:00:00,0.0378176659115256
DE5,onwind,2021-02-11 18:00:00,0.0846581011899134
DE5,onwind,2021-02-11 21:00:00,0.1272433747157096
DE5,onwind,2021-02-12 00:00:00,0.12218385961283071
DE5,onwind,2021-02-12 03:00:00,0.1551729836465168
DE5,onwind,2021-02-12 06:00:00,0.2282656034524751
DE5,onwind,2021-02-12 09:00:00,0.2954332700324329
DE5,onwind,2021-02-12 12:00:00,0.4011014932268147
DE5,onwind,2021-02-12 15:00:00,0.48276297465724594
DE5,onwind,2021-02-12 18:00:00,0.5531625288078393
DE5,onwind,2021-02-12 21:00:00,0.5926143644231251
DE5,onwind,2021-02-13 00:00:00,0.4920609525934315
DE5,onwind,2021-02-13 03:00:00,0.4285667881854474
DE5,onwind,2021-02-13 06:00:00,0.3924118980192799
DE5,onwind,2021-02-13 09:00:00,0.2263171098491822
DE5,onwind,2021-02-13 12:00:00,0.2780857326574421
DE5,onwind,2021-02-13 15:00:00,0.2787887311707959
DE5,onwind,2021-02-13 18:00:00,0.2502415052189167
DE5,onwind,2021-02-13 21:00:00,0.223379983923158
DE5,onwind,2021-02-14 00:00:00,0.2730376136387147
DE5,onwind,2021-02-14 03:00:00,0.211120829952144
DE5,onwind,2021-02-14 06:00:00,0.244663421266615
DE5,onwind,2021-02-14 09:00:00,0.1414056494788131
DE5,onwind,2021-02-14 12:00:00,0.1614900741525252
DE5,onwind,2021-02-14 15:00:00,0.2103826156702951
DE5,onwind,2021-02-14 18:00:00,0.3824565068451611
DE5,onwind,2021-02-14 21:00:00,0.3249565072593616
DE5,solar,2021-01-18 00:00:00,0.0
DE5,solar,2021-01-18 03:00:00,0.0
DE5,solar,2021-01-18 06:00:00,0.0165282959092558
DE5,solar,2021-01-18 09:00:00,0.0830042820858033
DE5,solar,2021-01-18 12:00:00,0.11422538589801788
DE5,solar,2021-01-18 15:00:00,0.0085926623908275
DE5,solar,2021-01-18 18:00:00,0.0
DE5,solar,2021-01-18 21:00:00,0.0
DE5,solar,2021-01-19 00:00:00,0.0
DE5,solar,2021-01-19 03:00:00,0.0
DE5,solar,2021-01-19 06:00:00,0.0143853528206659
DE5,solar,2021-01-19 09:00:00,0.0680188515331226
DE5,solar,2021-01-19 12:00:00,0.0371623925129771
DE5,solar,2021-01-19 15:00:00,0.0006499556051904
DE5,solar,2021-01-19 18:00:00,0.0
DE5,solar,2021-01-19 21:00:00,0.0
DE5,solar,2021-01-20 00:00:00,0.0
DE5,solar,2021-01-20 03:00:00,0.0
DE5,solar,2021-01-20 06:00:00,0.0200031875778514
DE5,solar,2021-01-20 09:00:00,0.21097623144592742
DE5,solar,2021-01-20 12:00:00,0.2318099951797047
DE5,solar,2021-01-20 15:00:00,0.013827139262845
DE5,solar,2021-01-20 18:00:00,0.0
DE5,solar,2021-01-20 21:00:00,0.0
DE5,solar,2021-01-21 00:00:00,0.0
DE5,solar,2021-01-21 03:00:00,0.0
DE5,solar,2021-01-21 06:00:00,0.0310458091252481
DE5,solar,2021-01-21 09:00:00,0.1015209590867346
DE5,solar,2021-01-21 12:00:00,0.1390206463412652
DE5,solar,2021-01-21 15:00:00,0.0066074295628514
DE5,solar,2021-01-21 18:00:00,0.0
DE5,solar,2021-01-21 21:00:00,0.0
DE5,solar,2021-01-22 00:00:00,0.0
DE5,solar,2021-01-22 03:00:00,0.0
DE5,solar,2021-01-22 06:00:00,0.0127376230139313
DE5,solar,2021-01-22 09:00:00,0.0854222698868062
DE5,solar,2021-01-22 12:00:00,0.1187227010582975
DE5,solar,2021-01-22 15:00:00,0.012027166308782897
DE5,solar,2021-01-22 18:00:00,0.0
DE5,solar,2021-01-22 21:00:00,0.0
DE5,solar,2021-01-23 00:00:00,0.0
DE5,solar,2021-01-23 03:00:00,0.0
DE5,solar,2021-01-23 06:00:00,0.0263332735080153
DE5,solar,2021-01-23 09:00:00,0.1339154713266918
DE5,solar,2021-01-23 12:00:00,0.1178872480329241
DE5,solar,2021-01-23 15:00:00,0.0053505399414761
DE5,solar,2021-01-23 18:00:00,0.0
DE5,solar,2021-01-23 21:00:00,0.0
DE5,solar,2021-01-24 00:00:00,0.0
DE5,solar,2021-01-24 03:00:00,0.0
DE5,solar,2021-01-24 06:00:00,0.0162598770178277
DE5,solar,2021-01-24 09:00:00,0.1009424055167893
DE5,solar,2021-01-24 12:00:00,0.1337014878234792
DE5,solar,2021-01-24 15:00:00,0.0195662984977631
DE5,solar,2021-01-24 18:00:00,0.0
DE5,solar,2021-01-24 21:00:00,0.0
DE5,solar,2021-01-25 00:00:00,0.0
DE5,solar,2021-01-25 03:00:00,0.0
DE5,solar,2021-01-25 06:00:00,0.026926969145430104
DE5,solar,2021-01-25 09:00:00,0.1251311452854226
DE5,solar,2021-01-25 12:00:00,0.0928938206060758
DE5,solar,2021-01-25 15:00:00,0.0
DE5,solar,2021-01-25 18:00:00,0.0
DE5,solar,2021-01-25 21:00:00,0.0
DE5,solar,2021-01-26 00:00:00,0.0
DE5,solar,2021-01-26 03:00:00,0.0
DE5,solar,2021-01-26 06:00:00,0.014456276787794098
DE5,solar,2021-01-26 09:00:00,0.0508594331507361
DE5,solar,2021-01-26 12:00:00,0.0434597445566763
DE5,solar,2021-01-26 15:00:00,0.0027220507651445
DE5,solar,2021-01-26 18:00:00,0.0
DE5,solar,2021-01-26 21:00:00,0.0
DE5,solar,2021-01-27 00:00:00,0.0
DE5,solar,2021-01-27 03:00:00,0.0
DE5,solar,2021-01-27 06:00:00,0.0024717376063066
DE5,solar,2021-01-27 09:00:00,0.0145344263363829
DE5,solar,2021-01-27 12:00:00,0.0114977740236601
DE5,solar,2021-01-27 15:00:00,0.0017903532194907
DE5,solar,2021-01-27 18:00:00,0.0
DE5,solar,2021-01-27 21:00:00,0.0
DE5,solar,2021-01-28 00:00:00,0.0
DE5,solar,2021-01-28 03:00:00,0.0
DE5,solar,2021-01-28 06:00:00,0.0
DE5,solar,2021-01-28 09:00:00,0.0068825190639115
DE5,solar,2021-01-28 12:00:00,0.0101204679364496
DE5,solar,2021-01-28 15:00:00,0.0016903884247403999
DE5,solar,2021-01-28 18:00:00,0.0
DE5,solar,2021-01-28 21:00:00,0.0
DE5,solar,2021-01-29 00:00:00,0.0
DE5,solar,2021-01-29 03:00:00,0.0
DE5,solar,2021-01-29 06:00:00,0.0032326219308003
DE5,solar,2021-01-29 09:00:00,0.0238864558195997
DE5,solar,2021-01-29 12:00:00,0.027481016833341202
DE5,solar,2021-01-29 15:00:00,0.0028554487149655
DE5,solar,2021-01-29 18:00:00,0.0
DE5,solar,2021-01-29 21:00:00,0.0
DE5,solar,2021-01-30 00:00:00,0.0
DE5,solar,2021-01-30 03:00:00,0.0
DE5,solar,2021-01-30 06:00:00,0.0024690701829366
DE5,solar,2021-01-30 09:00:00,0.0177025297398818
DE5,solar,2021-01-30 12:00:00,0.014750025073443198
DE5,solar,2021-01-30 15:00:00,0.0
DE5,solar,2021-01-30 18:00:00,0.0
DE5,solar,2021-01-30 21:00:00,0.0
DE5,solar,2021-01-31 00:00:00,0.0
DE5,solar,2021-01-31 03:00:00,0.0
DE5,solar,2021-01-31 06:00:00,0.0066607654653184
DE5,solar,2021-01-31 09:00:00,0.025970689777983298
DE5,solar,2021-01-31 12:00:00,0.0162078030575033
DE5,solar,2021-01-31 15:00:00,0.0018887762983877
DE5,solar,2021-01-31 18:00:00,0.0
DE5,solar,2021-01-31 21:00:00,0.0
DE5,solar,2021-02-01 00:00:00,0.0
DE5,solar,2021-02-01 03:00:00,0.0
DE5,solar,2021-02-01 06:00:00,0.0041079529131844
DE5,solar,2021-02-01 09:00:00,0.0180203836265238
DE5,solar,2021-02-01 12:00:00,0.015071986219652798
DE5,solar,2021-02-01 15:00:00,0.0017757209619816
DE5,solar,2021-02-01 18:00:00,0.0
DE5,solar,2021-02-01 21:00:00,0.0
DE5,solar,2021-02-02 00:00:00,0.0
DE5,solar,2021-02-02 03:00:00,0.0
DE5,solar,2021-02-02 06:00:00,0.0028025756706986
DE5,solar,2021-02-02 09:00:00,0.0138964396512389
DE5,solar,2021-02-02 12:00:00,0.0150367296493557
DE5,solar,2021-02-02 15:00:00,0.0018713962980582
DE5,solar,2021-02-02 18:00:00,0.0
DE5,solar,2021-02-02 21:00:00,0.0
DE5,solar,2021-02-03 00:00:00,0.0
DE5,solar,2021-02-03 03:00:00,0.0
DE5,solar,2021-02-03 06:00:00,0.0
DE5,solar,2021-02-03 09:00:00,0.0085843411658042
DE5,solar,2021-02-03 12:00:00,0.0108222951442506
DE5,solar,2021-02-03 15:00:00,0.0030702791678184
DE5,solar,2021-02-03 18:00:00,0.0
DE5,solar,2021-02-03 21:00:00,0.0
DE5,solar,2021-02-04 00:00:00,0.0
DE5,solar,2021-02-04 03:00:00,0.0
DE5,solar,2021-02-04 06:00:00,0.013514170713446702
DE5,solar,2021-02-04 09:00:00,0.0753530005387217
DE5,solar,2021-02-04 12:00:00,0.0595130211936848
DE5,solar,2021-02-04 15:00:00,0.0045736186005601
DE5,solar,2021-02-04 18:00:00,0.0
DE5,solar,2021-02-04 21:00:00,0.0
DE5,solar,2021-02-05 00:00:00,0.0
DE5,solar,2021-02-05 03:00:00,0.0
DE5,solar,2021-02-05 06:00:00,0.0021782188781286
DE5,solar,2021-02-05 09:00:00,0.0089368087730946
DE5,solar,2021-02-05 12:00:00,0.0089615593029433
DE5,solar,2021-02-05 15:00:00,0.0017426252680461
DE5,solar,2021-02-05 18:00:00,0.0
DE5,solar,2021-02-05 21:00:00,0.0
DE5,solar,2021-02-06 00:00:00,0.0
DE5,solar,2021-02-06 03:00:00,0.0
DE5,solar,2021-02-06 06:00:00,0.0024144531920069
DE5,solar,2021-02-06 09:00:00,0.0153365200038824
DE5,solar,2021-02-06 12:00:00,0.007232028566498501
DE5,solar,2021-02-06 15:00:00,0.0
DE5,solar,2021-02-06 18:00:00,0.0
DE5,solar,2021-02-06 21:00:00,0.0
DE5,solar,2021-02-07 00:00:00,0.0
DE5,solar,2021-02-07 03:00:00,0.0
DE5,solar,2021-02-07 06:00:00,0.0087252028175769
DE5,solar,2021-02-07 09:00:00,0.0453029055704968
DE5,solar,2021-02-07 12:00:00,0.0509013954788949
DE5,solar,2021-02-07 15:00:00,0.0
DE5,solar,2021-02-07 18:00:00,0.0
DE5,solar,2021-02-07 21:00:00,0.0
DE5,solar,2021-02-08 00:00:00,0.0
DE5,solar,2021-02-08 03:00:00,0.0
DE5,solar,2021-02-08 06:00:00,0.025520124022753804
DE5,solar,2021-02-08 09:00:00,0.0836265640555577
DE5,solar,2021-02-08 12:00:00,0.0695133019122489
DE5,solar,2021-02-08 15:00:00,0.0120921833053468
DE5,solar,2021-02-08 18:00:00,0.0
DE5,solar,2021-02-08 21:00:00,0.0
DE5,solar,2021-02-09 00:00:00,0.0
DE5,solar,2021-02-09 03:00:00,0.0
DE5,solar,2021-02-09 06:00:00,0.0373049064404166
DE5,solar,2021-02-09 09:00:00,0.1574619325856521
DE5,solar,2021-02-09 12:00:00,0.09620492793721291
DE5,solar,2021-02-09 15:00:00,0.0150674230924985
DE5,solar,2021-02-09 18:00:00,0.0
DE5,solar,2021-02-09 21:00:00,0.0
DE5,solar,2021-02-10 00:00:00,0.0
DE5,solar,2021-02-10 03:00:00,0.0
DE5,solar,2021-02-10 06:00:00,0.046930801950910706
DE5,solar,2021-02-10 09:00:00,0.2973194255428972
DE5,solar,2021-02-10 12:00:00,0.3142739057499855
DE5,solar,2021-02-10 15:00:00,0.0440313820946364
DE5,solar,2021-02-10 18:00:00,0.0
DE5,solar,2021-02-10 21:00:00,0.0
DE5,solar,2021-02-11 00:00:00,0.0
DE5,solar,2021-02-11 03:00:00,0.0
DE5,solar,2021-02-11 06:00:00,0.0753912764323324
DE5,solar,2021-02-11 09:00:00,0.364697247010488
DE5,solar,2021-02-11 12:00:00,0.3672607854331853
DE5,solar,2021-02-11 15:00:00,0.0547829404651313
DE5,solar,2021-02-11 18:00:00,0.0
DE5,solar,2021-02-11 21:00:00,0.0
DE5,solar,2021-02-12 00:00:00,0.0
DE5,solar,2021-02-12 03:00:00,0.0
DE5,solar,2021-02-12 06:00:00,0.12045432390665858
DE5,solar,2021-02-12 09:00:00,0.5831532718644147
DE5,solar,2021-02-12 12:00:00,0.48834606256918606
DE5,solar,2021-02-12 15:00:00,0.0762079877100509
DE5,solar,2021-02-12 18:00:00,0.0
DE5,solar,2021-02-12 21:00:00,0.0
DE5,solar,2021-02-13 00:00:00,0.0
DE5,solar,2021-02-13 03:00:00,0.0
DE5,solar,2021-02-13 06:00:00,0.1334244852476914
DE5,solar,2021-02-13 09:00:00,0.6431281903075764
DE5,solar,2021-02-13 12:00:00,0.5859249553973876
DE5,solar,2021-02-13 15:00:00,0.0892634954546357
DE5,solar,2021-02-13 18:00:00,0.0
DE5,solar,2021-02-13 21:00:00,0.0
DE5,solar,2021-02-14 00:00:00,0.0
DE5,solar,2021-02-14 03:00:00,0.0
DE5,solar,2021-02-14 06:00:00,0.1371105929404578
DE5,solar,2021-02-14 09:00:00,0.6503037673677419
DE5,solar,2021-02-14 12:00:00,0.5848021135119925
DE5,solar,2021-02-14 15:00:00,0.0809366037200397
DE5,solar,2021-02-14 18:00:00,0.0
DE5,solar,2021-02-14 21:00:00,0.0
DE5,waste,2021-01-18 00:00:00,1.0
DE5,waste,2021-01-18 03:00:00,1.0
DE5,waste,2021-01-18 06:00:00,1.0
DE5,waste,2021-01-18 09:00:00,1.0
DE5,waste,2021-01-18 12:00:00,1.0
DE5,waste,2021-01-18 15:00:00,1.0
DE5,waste,2021-01-18 18:00:00,1.0
DE5,waste,2021-01-18 21:00:00,1.0
DE5,waste,2021-01-19 00:00:00,1.0
DE5,waste,2021-01-19 03:00:00,1.0
DE5,waste,2021-01-19 06:00:00,1.0
DE5,waste,2021-01-19 09:00:00,1.0
DE5,waste,2021-01-19 12:00:00,1.0
DE5,waste,2021-01-19 15:00:00,1.0
DE5,waste,2021-01-19 18:00:00,1.0
DE5,waste,2021-01-19 21:00:00,1.0
DE5,waste,2021-01-20 00:00:00,1.0
DE5,waste,2021-01-20 03:00:00,1.0
DE5,waste,2021-01-20 06:00:00,1.0
DE5,waste,2021-01-20 09:00:00,1.0
DE5,waste,2021-01-20 12:00:00,1.0
DE5,waste,2021-01-20 15:00:00,1.0
DE5,waste,2021-01-20 18:00:00,1.0
DE5,waste,2021-01-20 21:00:00,1.0
DE5,waste,2021-01-21 00:00:00,1.0
DE5,waste,2021-01-21 03:00:00,1.0
DE5,waste,2021-01-21 06:00:00,1.0
DE5,waste,2021-01-21 09:00:00,1.0
DE5,waste,2021-01-21 12:00:00,1.0
DE5,waste,2021-01-21 15:00:00,1.0
DE5,waste,2021-01-21 18:00:00,1.0
DE5,waste,2021-01-21 21:00:00,1.0
DE5,waste,2021-01-22 00:00:00,1.0
DE5,waste,2021-01-22 03:00:00,1.0
DE5,waste,2021-01-22 06:00:00,1.0
DE5,waste,2021-01-22 09:00:00,1.0
DE5,waste,2021-01-22 12:00:00,1.0
DE5,waste,2021-01-22 15:00:00,1.0
DE5,waste,2021-01-22 18:00:00,1.0
DE5,waste,2021-01-22 21:00:00,1.0
DE5,waste,2021-01-23 00:00:00,1.0
DE5,waste,2021-01-23 03:00:00,1.0
DE5,waste,2021-01-23 06:00:00,1.0
DE5,waste,2021-01-23 09:00:00,1.0
DE5,waste,2021-01-23 12:00:00,1.0
DE5,waste,2021-01-23 15:00:00,1.0
DE5,waste,2021-01-23 18:00:00,1.0
DE5,waste,2021-01-23 21:00:00,1.0
DE5,waste,2021-01-24 00:00:00,1.0
DE5,waste,2021-01-24 03:00:00,1.0
DE5,waste,2021-01-24 06:00:00,1.0
DE5,waste,2021-01-24 09:00:00,1.0
DE5,waste,2021-01-24 12:00:00,1.0
DE5,waste,2021-01-24 15:00:00,1.0
DE5,waste,2021-01-24 18:00:00,1.0
DE5,waste,2021-01-24 21:00:00,1.0
DE5,waste,2021-01-25 00:00:00,1.0
DE5,waste,2021-01-25 03:00:00,1.0
DE5,waste,2021-01-25 06:00:00,1.0
DE5,waste,2021-01-25 09:00:00,1.0
DE5,waste,2021-01-25 12:00:00,1.0
DE5,waste,2021-01-25 15:00:00,1.0
DE5,waste,2021-01-25 18:00:00,1.0
DE5,waste,2021-01-25 21:00:00,1.0
DE5,waste,2021-01-26 00:00:00,1.0
DE5,waste,2021-01-26 03:00:00,1.0
DE5,waste,2021-01-26 06:00:00,1.0
DE5,waste,2021-01-26 09:00:00,1.0
DE5,waste,2021-01-26 12:00:00,1.0
DE5,waste,2021-01-26 15:00:00,1.0
DE5,waste,2021-01-26 18:00:00,1.0
DE5,waste,2021-01-26 21:00:00,1.0
DE5,waste,2021-01-27 00:00:00,1.0
DE5,waste,2021-01-27 03:00:00,1.0
DE5,waste,2021-01-27 06:00:00,1.0
DE5,waste,2021-01-27 09:00:00,1.0
DE5,waste,2021-01-27 12:00:00,1.0
DE5,waste,2021-01-27 15:00:00,1.0
DE5,waste,2021-01-27 18:00:00,1.0
DE5,waste,2021-01-27 21:00:00,1.0
DE5,waste,2021-01-28 00:00:00,1.0
DE5,waste,2021-01-28 03:00:00,1.0
DE5,waste,2021-01-28 06:00:00,1.0
DE5,waste,2021-01-28 09:00:00,1.0
DE5,waste,2021-01-28 12:00:00,1.0
DE5,waste,2021-01-28 15:00:00,1.0
DE5,waste,2021-01-28 18:00:00,1.0
DE5,waste,2021-01-28 21:00:00,1.0
DE5,waste,2021-01-29 00:00:00,1.0
DE5,waste,2021-01-29 03:00:00,1.0
DE5,waste,2021-01-29 06:00:00,1.0
DE5,waste,2021-01-29 09:00:00,1.0
DE5,waste,2021-01-29 12:00:00,1.0
DE5,waste,2021-01-29 15:00:00,1.0
DE5,waste,2021-01-29 18:00:00,1.0
DE5,waste,2021-01-29 21:00:00,1.0
DE5,waste,2021-01-30 00:00:00,1.0
DE5,waste,2021-01-30 03:00:00,1.0
DE5,waste,2021-01-30 06:00:00,1.0
DE5,waste,2021-01-30 09:00:00,1.0
DE5,waste,2021-01-30 12:00:00,1.0
DE5,waste,2021-01-30 15:00:00,1.0
DE5,waste,2021-01-30 18:00:00,1.0
DE5,waste,2021-01-30 21:00:00,1.0
DE5,waste,2021-01-31 00:00:00,1.0
DE5,waste,2021-01-31 03:00:00,1.0
DE5,waste,2021-01-31 06:00:00,1.0
DE5,waste,2021-01-31 09:00:00,1.0
DE5,waste,2021-01-31 12:00:00,1.0
DE5,waste,2021-01-31 15:00:00,1.0
DE5,waste,2021-01-31 18:00:00,1.0
DE5,waste,2021-01-31 21:00:00,1.0
DE5,waste,2021-02-01 00:00:00,1.0
DE5,waste,2021-02-01 03:00:00,1.0
DE5,waste,2021-02-01 06:00:00,1.0
DE5,waste,2021-02-01 09:00:00,1.0
DE5,waste,2021-02-01 12:00:00,1.0
DE5,waste,2021-02-01 15:00:00,1.0
DE5,waste,2021-02-01 18:00:00,1.0
DE5,waste,2021-02-01 21:00:00,1.0
DE5,waste,2021-02-02 00:00:00,1.0
DE5,waste,2021-02-02 03:00:00,1.0
DE5,waste,2021-02-02 06:00:00,1.0
DE5,waste,2021-02-02 09:00:00,1.0
DE5,waste,2021-02-02 12:00:00,1.0
DE5,waste,2021-02-02 15:00:00,1.0
DE5,waste,2021-02-02 18:00:00,1.0
DE5,waste,2021-02-02 21:00:00,1.0
DE5,waste,2021-02-03 00:00:00,1.0
DE5,waste,2021-02-03 03:00:00,1.0
DE5,waste,2021-02-03 06:00:00,1.0
DE5,waste,2021-02-03 09:00:00,1.0
DE5,waste,2021-02-03 12:00:00,1.0
DE5,waste,2021-02-03 15:00:00,1.0
DE5,waste,2021-02-03 18:00:00,1.0
DE5,waste,2021-02-03 21:00:00,1.0
DE5,waste,2021-02-04 00:00:00,1.0
DE5,waste,2021-02-04 03:00:00,1.0
DE5,waste,2021-02-04 06:00:00,1.0
DE5,waste,2021-02-04 09:00:00,1.0
DE5,waste,2021-02-04 12:00:00,1.0
DE5,waste,2021-02-04 15:00:00,1.0
DE5,waste,2021-02-04 18:00:00,1.0
DE5,waste,2021-02-04 21:00:00,1.0
DE5,waste,2021-02-05 00:00:00,1.0
DE5,waste,2021-02-05 03:00:00,1.0
DE5,waste,2021-02-05 06:00:00,1.0
DE5,waste,2021-02-05 09:00:00,1.0
DE5,waste,2021-02-05 12:00:00,1.0
DE5,waste,2021-02-05 15:00:00,1.0
DE5,waste,2021-02-05 18:00:00,1.0
DE5,waste,2021-02-05 21:00:00,1.0
DE5,waste,2021-02-06 00:00:00,1.0
DE5,waste,2021-02-06 03:00:00,1.0
DE5,waste,2021-02-06 06:00:00,1.0
DE5,waste,2021-02-06 09:00:00,1.0
DE5,waste,2021-02-06 12:00:00,1.0
DE5,waste,2021-02-06 15:00:00,1.0
DE5,waste,2021-02-06 18:00:00,1.0
DE5,waste,2021-02-06 21:00:00,1.0
DE5,waste,2021-02-07 00:00:00,1.0
DE5,waste,2021-02-07 03:00:00,1.0
DE5,waste,2021-02-07 06:00:00,1.0
DE5,waste,2021-02-07 09:00:00,1.0
DE5,waste,2021-02-07 12:00:00,1.0
DE5,waste,2021-02-07 15:00:00,1.0
DE5,waste,2021-02-07 18:00:00,1.0
DE5,waste,2021-02-07 21:00:00,1.0
DE5,waste,2021-02-08 00:00:00,1.0
DE5,waste,2021-02-08 03:00:00,1.0
DE5,waste,2021-02-08 06:00:00,1.0
DE5,waste,2021-02-08 09:00:00,1.0
DE5,waste,2021-02-08 12:00:00,1.0
DE5,waste,2021-02-08 15:00:00,1.0
DE5,waste,2021-02-08 18:00:00,1.0
DE5,waste,2021-02-08 21:00:00,1.0
DE5,waste,2021-02-09 00:00:00,1.0
DE5,waste,2021-02-09 03:00:00,1.0
DE5,waste,2021-02-09 06:00:00,1.0
DE5,waste,2021-02-09 09:00:00,1.0
DE5,waste,2021-02-09 12:00:00,1.0
DE5,waste,2021-02-09 15:00:00,1.0
DE5,waste,2021-02-09 18:00:00,1.0
DE5,waste,2021-02-09 21:00:00,1.0
DE5,waste,2021-02-10 00:00:00,1.0
DE5,waste,2021-02-10 03:00:00,1.0
DE5,waste,2021-02-10 06:00:00,1.0
DE5,waste,2021-02-10 09:00:00,1.0
DE5,waste,2021-02-10 12:00:00,1.0
DE5,waste,2021-02-10 15:00:00,1.0
DE5,waste,2021-02-10 18:00:00,1.0
DE5,waste,2021-02-10 21:00:00,1.0
DE5,waste,2021-02-11 00:00:00,1.0
DE5,waste,2021-02-11 03:00:00,1.0
DE5,waste,2021-02-11 06:00:00,1.0
DE5,waste,2021-02-11 09:00:00,1.0
DE5,waste,2021-02-11 12:00:00,1.0
DE5,waste,2021-02-11 15:00:00,1.0
DE5,waste,2021-02-11 18:00:00,1.0
DE5,waste,2021-02-11 21:00:00,1.0
DE5,waste,2021-02-12 00:00:00,1.0
DE5,waste,2021-02-12 03:00:00,1.0
DE5,waste,2021-02-12 06:00:00,1.0
DE5,waste,2021-02-12 09:00:00,1.0
DE5,waste,2021-02-12 12:00:00,1.0
DE5,waste,2021-02-12 15:00:00,1.0
DE5,waste,2021-02-12 18:00:00,1.0
DE5,waste,2021-02-12 21:00:00,1.0
DE5,waste,2021-02-13 00:00:00,1.0
DE5,waste,2021-02-13 03:00:00,1.0
DE5,waste,2021-02-13 06:00:00,1.0
DE5,waste,2021-02-13 09:00:00,1.0
DE5,waste,2021-02-13 12:00:00,1.0
DE5,waste,2021-02-13 15:00:00,1.0
DE5,waste,2021-02-13 18:00:00,1.0
DE5,waste,2021-02-13 21:00:00,1.0
DE5,waste,2021-02-14 00:00:00,1.0
DE5,waste,2021-02-14 03:00:00,1.0
DE5,waste,2021-02-14 06:00:00,1.0
DE5,waste,2021-02-14 09:00:00,1.0
DE5,waste,2021-02-14 12:00:00,1.0
DE5,waste,2021-02-14 15:00:00,1.0
DE5,waste,2021-02-14 18:00:00,1.0
DE5,waste,2021-02-14 21:00:00,1.0
DE6,biomass,2021-01-18 00:00:00,1.0
DE6,biomass,2021-01-18 03:00:00,1.0
DE6,biomass,2021-01-18 06:00:00,1.0
DE6,biomass,2021-01-18 09:00:00,1.0
DE6,biomass,2021-01-18 12:00:00,1.0
DE6,biomass,2021-01-18 15:00:00,1.0
DE6,biomass,2021-01-18 18:00:00,1.0
DE6,biomass,2021-01-18 21:00:00,1.0
DE6,biomass,2021-01-19 00:00:00,1.0
DE6,biomass,2021-01-19 03:00:00,1.0
DE6,biomass,2021-01-19 06:00:00,1.0
DE6,biomass,2021-01-19 09:00:00,1.0
DE6,biomass,2021-01-19 12:00:00,1.0
DE6,biomass,2021-01-19 15:00:00,1.0
DE6,biomass,2021-01-19 18:00:00,1.0
DE6,biomass,2021-01-19 21:00:00,1.0
DE6,biomass,2021-01-20 00:00:00,1.0
DE6,biomass,2021-01-20 03:00:00,1.0
DE6,biomass,2021-01-20 06:00:00,1.0
DE6,biomass,2021-01-20 09:00:00,1.0
DE6,biomass,2021-01-20 12:00:00,1.0
DE6,biomass,2021-01-20 15:00:00,1.0
DE6,biomass,2021-01-20 18:00:00,1.0
DE6,biomass,2021-01-20 21:00:00,1.0
DE6,biomass,2021-01-21 00:00:00,1.0
DE6,biomass,2021-01-21 03:00:00,1.0
DE6,biomass,2021-01-21 06:00:00,1.0
DE6,biomass,2021-01-21 09:00:00,1.0
DE6,biomass,2021-01-21 12:00:00,1.0
DE6,biomass,2021-01-21 15:00:00,1.0
DE6,biomass,2021-01-21 18:00:00,1.0
DE6,biomass,2021-01-21 21:00:00,1.0
DE6,biomass,2021-01-22 00:00:00,1.0
DE6,biomass,2021-01-22 03:00:00,1.0
DE6,biomass,2021-01-22 06:00:00,1.0
DE6,biomass,2021-01-22 09:00:00,1.0
DE6,biomass,2021-01-22 12:00:00,1.0
DE6,biomass,2021-01-22 15:00:00,1.0
DE6,biomass,2021-01-22 18:00:00,1.0
DE6,biomass,2021-01-22 21:00:00,1.0
DE6,biomass,2021-01-23 00:00:00,1.0
DE6,biomass,2021-01-23 03:00:00,1.0
DE6,biomass,2021-01-23 06:00:00,1.0
DE6,biomass,2021-01-23 09:00:00,1.0
DE6,biomass,2021-01-23 12:00:00,1.0
DE6,biomass,2021-01-23 15:00:00,1.0
DE6,biomass,2021-01-23 18:00:00,1.0
DE6,biomass,2021-01-23 21:00:00,1.0
DE6,biomass,2021-01-24 00:00:00,1.0
DE6,biomass,2021-01-24 03:00:00,1.0
DE6,biomass,2021-01-24 06:00:00,1.0
DE6,biomass,2021-01-24 09:00:00,1.0
DE6,biomass,2021-01-24 12:00:00,1.0
DE6,biomass,2021-01-24 15:00:00,1.0
DE6,biomass,2021-01-24 18:00:00,1.0
DE6,biomass,2021-01-24 21:00:00,1.0
DE6,biomass,2021-01-25 00:00:00,1.0
DE6,biomass,2021-01-25 03:00:00,1.0
DE6,biomass,2021-01-25 06:00:00,1.0
DE6,biomass,2021-01-25 09:00:00,1.0
DE6,biomass,2021-01-25 12:00:00,1.0
DE6,biomass,2021-01-25 15:00:00,1.0
DE6,biomass,2021-01-25 18:00:00,1.0
DE6,biomass,2021-01-25 21:00:00,1.0
DE6,biomass,2021-01-26 00:00:00,1.0
DE6,biomass,2021-01-26 03:00:00,1.0
DE6,biomass,2021-01-26 06:00:00,1.0
DE6,biomass,2021-01-26 09:00:00,1.0
DE6,biomass,2021-01-26 12:00:00,1.0
DE6,biomass,2021-01-26 15:00:00,1.0
DE6,biomass,2021-01-26 18:00:00,1.0
DE6,biomass,2021-01-26 21:00:00,1.0
DE6,biomass,2021-01-27 00:00:00,1.0
DE6,biomass,2021-01-27 03:00:00,1.0
DE6,biomass,2021-01-27 06:00:00,1.0
DE6,biomass,2021-01-27 09:00:00,1.0
DE6,biomass,2021-01-27 12:00:00,1.0
DE6,biomass,2021-01-27 15:00:00,1.0
DE6,biomass,2021-01-27 18:00:00,1.0
DE6,biomass,2021-01-27 21:00:00,1.0
DE6,biomass,2021-01-28 00:00:00,1.0
DE6,biomass,2021-01-28 03:00:00,1.0
DE6,biomass,2021-01-28 06:00:00,1.0
DE6,biomass,2021-01-28 09:00:00,1.0
DE6,biomass,2021-01-28 12:00:00,1.0
DE6,biomass,2021-01-28 15:00:00,1.0
DE6,biomass,2021-01-28 18:00:00,1.0
DE6,biomass,2021-01-28 21:00:00,1.0
DE6,biomass,2021-01-29 00:00:00,1.0
DE6,biomass,2021-01-29 03:00:00,1.0
DE6,biomass,2021-01-29 06:00:00,1.0
DE6,biomass,2021-01-29 09:00:00,1.0
DE6,biomass,2021-01-29 12:00:00,1.0
DE6,biomass,2021-01-29 15:00:00,1.0
DE6,biomass,2021-01-29 18:00:00,1.0
DE6,biomass,2021-01-29 21:00:00,1.0
DE6,biomass,2021-01-30 00:00:00,1.0
DE6,biomass,2021-01-30 03:00:00,1.0
DE6,biomass,2021-01-30 06:00:00,1.0
DE6,biomass,2021-01-30 09:00:00,1.0
DE6,biomass,2021-01-30 12:00:00,1.0
DE6,biomass,2021-01-30 15:00:00,1.0
DE6,biomass,2021-01-30 18:00:00,1.0
DE6,biomass,2021-01-30 21:00:00,1.0
DE6,biomass,2021-01-31 00:00:00,1.0
DE6,biomass,2021-01-31 03:00:00,1.0
DE6,biomass,2021-01-31 06:00:00,1.0
DE6,biomass,2021-01-31 09:00:00,1.0
DE6,biomass,2021-01-31 12:00:00,1.0
DE6,biomass,2021-01-31 15:00:00,1.0
DE6,biomass,2021-01-31 18:00:00,1.0
DE6,biomass,2021-01-31 21:00:00,1.0
DE6,biomass,2021-02-01 00:00:00,1.0
DE6,biomass,2021-02-01 03:00:00,1.0
DE6,biomass,2021-02-01 06:00:00,1.0
DE6,biomass,2021-02-01 09:00:00,1.0
DE6,biomass,2021-02-01 12:00:00,1.0
DE6,biomass,2021-02-01 15:00:00,1.0
DE6,biomass,2021-02-01 18:00:00,1.0
DE6,biomass,2021-02-01 21:00:00,1.0
DE6,biomass,2021-02-02 00:00:00,1.0
DE6,biomass,2021-02-02 03:00:00,1.0
DE6,biomass,2021-02-02 06:00:00,1.0
DE6,biomass,2021-02-02 09:00:00,1.0
DE6,biomass,2021-02-02 12:00:00,1.0
DE6,biomass,2021-02-02 15:00:00,1.0
DE6,biomass,2021-02-02 18:00:00,1.0
DE6,biomass,2021-02-02 21:00:00,1.0
DE6,biomass,2021-02-03 00:00:00,1.0
DE6,biomass,2021-02-03 03:00:00,1.0
DE6,biomass,2021-02-03 06:00:00,1.0
DE6,biomass,2021-02-03 09:00:00,1.0
DE6,biomass,2021-02-03 12:00:00,1.0
DE6,biomass,2021-02-03 15:00:00,1.0
DE6,biomass,2021-02-03 18:00:00,1.0
DE6,biomass,2021-02-03 21:00:00,1.0
DE6,biomass,2021-02-04 00:00:00,1.0
DE6,biomass,2021-02-04 03:00:00,1.0
DE6,biomass,2021-02-04 06:00:00,1.0
DE6,biomass,2021-02-04 09:00:00,1.0
DE6,biomass,2021-02-04 12:00:00,1.0
DE6,biomass,2021-02-04 15:00:00,1.0
DE6,biomass,2021-02-04 18:00:00,1.0
DE6,biomass,2021-02-04 21:00:00,1.0
DE6,biomass,2021-02-05 00:00:00,1.0
DE6,biomass,2021-02-05 03:00:00,1.0
DE6,biomass,2021-02-05 06:00:00,1.0
DE6,biomass,2021-02-05 09:00:00,1.0
DE6,biomass,2021-02-05 12:00:00,1.0
DE6,biomass,2021-02-05 15:00:00,1.0
DE6,biomass,2021-02-05 18:00:00,1.0
DE6,biomass,2021-02-05 21:00:00,1.0
DE6,biomass,2021-02-06 00:00:00,1.0
DE6,biomass,2021-02-06 03:00:00,1.0
DE6,biomass,2021-02-06 06:00:00,1.0
DE6,biomass,2021-02-06 09:00:00,1.0
DE6,biomass,2021-02-06 12:00:00,1.0
DE6,biomass,2021-02-06 15:00:00,1.0
DE6,biomass,2021-02-06 18:00:00,1.0
DE6,biomass,2021-02-06 21:00:00,1.0
DE6,biomass,2021-02-07 00:00:00,1.0
DE6,biomass,2021-02-07 03:00:00,1.0
DE6,biomass,2021-02-07 06:00:00,1.0
DE6,biomass,2021-02-07 09:00:00,1.0
DE6,biomass,2021-02-07 12:00:00,1.0
DE6,biomass,2021-02-07 15:00:00,1.0
DE6,biomass,2021-02-07 18:00:00,1.0
DE6,biomass,2021-02-07 21:00:00,1.0
DE6,biomass,2021-02-08 00:00:00,1.0
DE6,biomass,2021-02-08 03:00:00,1.0
DE6,biomass,2021-02-08 06:00:00,1.0
DE6,biomass,2021-02-08 09:00:00,1.0
DE6,biomass,2021-02-08 12:00:00,1.0
DE6,biomass,2021-02-08 15:00:00,1.0
DE6,biomass,2021-02-08 18:00:00,1.0
DE6,biomass,2021-02-08 21:00:00,1.0
DE6,biomass,2021-02-09 00:00:00,1.0
DE6,biomass,2021-02-09 03:00:00,1.0
DE6,biomass,2021-02-09 06:00:00,1.0
DE6,biomass,2021-02-09 09:00:00,1.0
DE6,biomass,2021-02-09 12:00:00,1.0
DE6,biomass,2021-02-09 15:00:00,1.0
DE6,biomass,2021-02-09 18:00:00,1.0
DE6,biomass,2021-02-09 21:00:00,1.0
DE6,biomass,2021-02-10 00:00:00,1.0
DE6,biomass,2021-02-10 03:00:00,1.0
DE6,biomass,2021-02-10 06:00:00,1.0
DE6,biomass,2021-02-10 09:00:00,1.0
DE6,biomass,2021-02-10 12:00:00,1.0
DE6,biomass,2021-02-10 15:00:00,1.0
DE6,biomass,2021-02-10 18:00:00,1.0
DE6,biomass,2021-02-10 21:00:00,1.0
DE6,biomass,2021-02-11 00:00:00,1.0
DE6,biomass,2021-02-11 03:00:00,1.0
DE6,biomass,2021-02-11 06:00:00,1.0
DE6,biomass,2021-02-11 09:00:00,1.0
DE6,biomass,2021-02-11 12:00:00,1.0
DE6,biomass,2021-02-11 15:00:00,1.0
DE6,biomass,2021-02-11 18:00:00,1.0
DE6,biomass,2021-02-11 21:00:00,1.0
DE6,biomass,2021-02-12 00:00:00,1.0
DE6,biomass,2021-02-12 03:00:00,1.0
DE6,biomass,2021-02-12 06:00:00,1.0
DE6,biomass,2021-02-12 09:00:00,1.0
DE6,biomass,2021-02-12 12:00:00,1.0
DE6,biomass,2021-02-12 15:00:00,1.0
DE6,biomass,2021-02-12 18:00:00,1.0
DE6,biomass,2021-02-12 21:00:00,1.0
DE6,biomass,2021-02-13 00:00:00,1.0
DE6,biomass,2021-02-13 03:00:00,1.0
DE6,biomass,2021-02-13 06:00:00,1.0
DE6,biomass,2021-02-13 09:00:00,1.0
DE6,biomass,2021-02-13 12:00:00,1.0
DE6,biomass,2021-02-13 15:00:00,1.0
DE6,biomass,2021-02-13 18:00:00,1.0
DE6,biomass,2021-02-13 21:00:00,1.0
DE6,biomass,2021-02-14 00:00:00,1.0
DE6,biomass,2021-02-14 03:00:00,1.0
DE6,biomass,2021-02-14 06:00:00,1.0
DE6,biomass,2021-02-14 09:00:00,1.0
DE6,biomass,2021-02-14 12:00:00,1.0
DE6,biomass,2021-02-14 15:00:00,1.0
DE6,biomass,2021-02-14 18:00:00,1.0
DE6,biomass,2021-02-14 21:00:00,1.0
DE6,ccgt,2021-01-18 00:00:00,1.0
DE6,ccgt,2021-01-18 03:00:00,1.0
DE6,ccgt,2021-01-18 06:00:00,1.0
DE6,ccgt,2021-01-18 09:00:00,1.0
DE6,ccgt,2021-01-18 12:00:00,1.0
DE6,ccgt,2021-01-18 15:00:00,1.0
DE6,ccgt,2021-01-18 18:00:00,1.0
DE6,ccgt,2021-01-18 21:00:00,1.0
DE6,ccgt,2021-01-19 00:00:00,1.0
DE6,ccgt,2021-01-19 03:00:00,1.0
DE6,ccgt,2021-01-19 06:00:00,1.0
DE6,ccgt,2021-01-19 09:00:00,1.0
DE6,ccgt,2021-01-19 12:00:00,1.0
DE6,ccgt,2021-01-19 15:00:00,1.0
DE6,ccgt,2021-01-19 18:00:00,1.0
DE6,ccgt,2021-01-19 21:00:00,1.0
DE6,ccgt,2021-01-20 00:00:00,1.0
DE6,ccgt,2021-01-20 03:00:00,1.0
DE6,ccgt,2021-01-20 06:00:00,1.0
DE6,ccgt,2021-01-20 09:00:00,1.0
DE6,ccgt,2021-01-20 12:00:00,1.0
DE6,ccgt,2021-01-20 15:00:00,1.0
DE6,ccgt,2021-01-20 18:00:00,1.0
DE6,ccgt,2021-01-20 21:00:00,1.0
DE6,ccgt,2021-01-21 00:00:00,1.0
DE6,ccgt,2021-01-21 03:00:00,1.0
DE6,ccgt,2021-01-21 06:00:00,1.0
DE6,ccgt,2021-01-21 09:00:00,1.0
DE6,ccgt,2021-01-21 12:00:00,1.0
DE6,ccgt,2021-01-21 15:00:00,1.0
DE6,ccgt,2021-01-21 18:00:00,1.0
DE6,ccgt,2021-01-21 21:00:00,1.0
DE6,ccgt,2021-01-22 00:00:00,1.0
DE6,ccgt,2021-01-22 03:00:00,1.0
DE6,ccgt,2021-01-22 06:00:00,1.0
DE6,ccgt,2021-01-22 09:00:00,1.0
DE6,ccgt,2021-01-22 12:00:00,1.0
DE6,ccgt,2021-01-22 15:00:00,1.0
DE6,ccgt,2021-01-22 18:00:00,1.0
DE6,ccgt,2021-01-22 21:00:00,1.0
DE6,ccgt,2021-01-23 00:00:00,1.0
DE6,ccgt,2021-01-23 03:00:00,1.0
DE6,ccgt,2021-01-23 06:00:00,1.0
DE6,ccgt,2021-01-23 09:00:00,1.0
DE6,ccgt,2021-01-23 12:00:00,1.0
DE6,ccgt,2021-01-23 15:00:00,1.0
DE6,ccgt,2021-01-23 18:00:00,1.0
DE6,ccgt,2021-01-23 21:00:00,1.0
DE6,ccgt,2021-01-24 00:00:00,1.0
DE6,ccgt,2021-01-24 03:00:00,1.0
DE6,ccgt,2021-01-24 06:00:00,1.0
DE6,ccgt,2021-01-24 09:00:00,1.0
DE6,ccgt,2021-01-24 12:00:00,1.0
DE6,ccgt,2021-01-24 15:00:00,1.0
DE6,ccgt,2021-01-24 18:00:00,1.0
DE6,ccgt,2021-01-24 21:00:00,1.0
DE6,ccgt,2021-01-25 00:00:00,1.0
DE6,ccgt,2021-01-25 03:00:00,1.0
DE6,ccgt,2021-01-25 06:00:00,1.0
DE6,ccgt,2021-01-25 09:00:00,1.0
DE6,ccgt,2021-01-25 12:00:00,1.0
DE6,ccgt,2021-01-25 15:00:00,1.0
DE6,ccgt,2021-01-25 18:00:00,1.0
DE6,ccgt,2021-01-25 21:00:00,1.0
DE6,ccgt,2021-01-26 00:00:00,1.0
DE6,ccgt,2021-01-26 03:00:00,1.0
DE6,ccgt,2021-01-26 06:00:00,1.0
DE6,ccgt,2021-01-26 09:00:00,1.0
DE6,ccgt,2021-01-26 12:00:00,1.0
DE6,ccgt,2021-01-26 15:00:00,1.0
DE6,ccgt,2021-01-26 18:00:00,1.0
DE6,ccgt,2021-01-26 21:00:00,1.0
DE6,ccgt,2021-01-27 00:00:00,1.0
DE6,ccgt,2021-01-27 03:00:00,1.0
DE6,ccgt,2021-01-27 06:00:00,1.0
DE6,ccgt,2021-01-27 09:00:00,1.0
DE6,ccgt,2021-01-27 12:00:00,1.0
DE6,ccgt,2021-01-27 15:00:00,1.0
DE6,ccgt,2021-01-27 18:00:00,1.0
DE6,ccgt,2021-01-27 21:00:00,1.0
DE6,ccgt,2021-01-28 00:00:00,1.0
DE6,ccgt,2021-01-28 03:00:00,1.0
DE6,ccgt,2021-01-28 06:00:00,1.0
DE6,ccgt,2021-01-28 09:00:00,1.0
DE6,ccgt,2021-01-28 12:00:00,1.0
DE6,ccgt,2021-01-28 15:00:00,1.0
DE6,ccgt,2021-01-28 18:00:00,1.0
DE6,ccgt,2021-01-28 21:00:00,1.0
DE6,ccgt,2021-01-29 00:00:00,1.0
DE6,ccgt,2021-01-29 03:00:00,1.0
DE6,ccgt,2021-01-29 06:00:00,1.0
DE6,ccgt,2021-01-29 09:00:00,1.0
DE6,ccgt,2021-01-29 12:00:00,1.0
DE6,ccgt,2021-01-29 15:00:00,1.0
DE6,ccgt,2021-01-29 18:00:00,1.0
DE6,ccgt,2021-01-29 21:00:00,1.0
DE6,ccgt,2021-01-30 00:00:00,1.0
DE6,ccgt,2021-01-30 03:00:00,1.0
DE6,ccgt,2021-01-30 06:00:00,1.0
DE6,ccgt,2021-01-30 09:00:00,1.0
DE6,ccgt,2021-01-30 12:00:00,1.0
DE6,ccgt,2021-01-30 15:00:00,1.0
DE6,ccgt,2021-01-30 18:00:00,1.0
DE6,ccgt,2021-01-30 21:00:00,1.0
DE6,ccgt,2021-01-31 00:00:00,1.0
DE6,ccgt,2021-01-31 03:00:00,1.0
DE6,ccgt,2021-01-31 06:00:00,1.0
DE6,ccgt,2021-01-31 09:00:00,1.0
DE6,ccgt,2021-01-31 12:00:00,1.0
DE6,ccgt,2021-01-31 15:00:00,1.0
DE6,ccgt,2021-01-31 18:00:00,1.0
DE6,ccgt,2021-01-31 21:00:00,1.0
DE6,ccgt,2021-02-01 00:00:00,1.0
DE6,ccgt,2021-02-01 03:00:00,1.0
DE6,ccgt,2021-02-01 06:00:00,1.0
DE6,ccgt,2021-02-01 09:00:00,1.0
DE6,ccgt,2021-02-01 12:00:00,1.0
DE6,ccgt,2021-02-01 15:00:00,1.0
DE6,ccgt,2021-02-01 18:00:00,1.0
DE6,ccgt,2021-02-01 21:00:00,1.0
DE6,ccgt,2021-02-02 00:00:00,1.0
DE6,ccgt,2021-02-02 03:00:00,1.0
DE6,ccgt,2021-02-02 06:00:00,1.0
DE6,ccgt,2021-02-02 09:00:00,1.0
DE6,ccgt,2021-02-02 12:00:00,1.0
DE6,ccgt,2021-02-02 15:00:00,1.0
DE6,ccgt,2021-02-02 18:00:00,1.0
DE6,ccgt,2021-02-02 21:00:00,1.0
DE6,ccgt,2021-02-03 00:00:00,1.0
DE6,ccgt,2021-02-03 03:00:00,1.0
DE6,ccgt,2021-02-03 06:00:00,1.0
DE6,ccgt,2021-02-03 09:00:00,1.0
DE6,ccgt,2021-02-03 12:00:00,1.0
DE6,ccgt,2021-02-03 15:00:00,1.0
DE6,ccgt,2021-02-03 18:00:00,1.0
DE6,ccgt,2021-02-03 21:00:00,1.0
DE6,ccgt,2021-02-04 00:00:00,1.0
DE6,ccgt,2021-02-04 03:00:00,1.0
DE6,ccgt,2021-02-04 06:00:00,1.0
DE6,ccgt,2021-02-04 09:00:00,1.0
DE6,ccgt,2021-02-04 12:00:00,1.0
DE6,ccgt,2021-02-04 15:00:00,1.0
DE6,ccgt,2021-02-04 18:00:00,1.0
DE6,ccgt,2021-02-04 21:00:00,1.0
DE6,ccgt,2021-02-05 00:00:00,1.0
DE6,ccgt,2021-02-05 03:00:00,1.0
DE6,ccgt,2021-02-05 06:00:00,1.0
DE6,ccgt,2021-02-05 09:00:00,1.0
DE6,ccgt,2021-02-05 12:00:00,1.0
DE6,ccgt,2021-02-05 15:00:00,1.0
DE6,ccgt,2021-02-05 18:00:00,1.0
DE6,ccgt,2021-02-05 21:00:00,1.0
DE6,ccgt,2021-02-06 00:00:00,1.0
DE6,ccgt,2021-02-06 03:00:00,1.0
DE6,ccgt,2021-02-06 06:00:00,1.0
DE6,ccgt,2021-02-06 09:00:00,1.0
DE6,ccgt,2021-02-06 12:00:00,1.0
DE6,ccgt,2021-02-06 15:00:00,1.0
DE6,ccgt,2021-02-06 18:00:00,1.0
DE6,ccgt,2021-02-06 21:00:00,1.0
DE6,ccgt,2021-02-07 00:00:00,1.0
DE6,ccgt,2021-02-07 03:00:00,1.0
DE6,ccgt,2021-02-07 06:00:00,1.0
DE6,ccgt,2021-02-07 09:00:00,1.0
DE6,ccgt,2021-02-07 12:00:00,1.0
DE6,ccgt,2021-02-07 15:00:00,1.0
DE6,ccgt,2021-02-07 18:00:00,1.0
DE6,ccgt,2021-02-07 21:00:00,1.0
DE6,ccgt,2021-02-08 00:00:00,1.0
DE6,ccgt,2021-02-08 03:00:00,1.0
DE6,ccgt,2021-02-08 06:00:00,1.0
DE6,ccgt,2021-02-08 09:00:00,1.0
DE6,ccgt,2021-02-08 12:00:00,1.0
DE6,ccgt,2021-02-08 15:00:00,1.0
DE6,ccgt,2021-02-08 18:00:00,1.0
DE6,ccgt,2021-02-08 21:00:00,1.0
DE6,ccgt,2021-02-09 00:00:00,1.0
DE6,ccgt,2021-02-09 03:00:00,1.0
DE6,ccgt,2021-02-09 06:00:00,1.0
DE6,ccgt,2021-02-09 09:00:00,1.0
DE6,ccgt,2021-02-09 12:00:00,1.0
DE6,ccgt,2021-02-09 15:00:00,1.0
DE6,ccgt,2021-02-09 18:00:00,1.0
DE6,ccgt,2021-02-09 21:00:00,1.0
DE6,ccgt,2021-02-10 00:00:00,1.0
DE6,ccgt,2021-02-10 03:00:00,1.0
DE6,ccgt,2021-02-10 06:00:00,1.0
DE6,ccgt,2021-02-10 09:00:00,1.0
DE6,ccgt,2021-02-10 12:00:00,1.0
DE6,ccgt,2021-02-10 15:00:00,1.0
DE6,ccgt,2021-02-10 18:00:00,1.0
DE6,ccgt,2021-02-10 21:00:00,1.0
DE6,ccgt,2021-02-11 00:00:00,1.0
DE6,ccgt,2021-02-11 03:00:00,1.0
DE6,ccgt,2021-02-11 06:00:00,1.0
DE6,ccgt,2021-02-11 09:00:00,1.0
DE6,ccgt,2021-02-11 12:00:00,1.0
DE6,ccgt,2021-02-11 15:00:00,1.0
DE6,ccgt,2021-02-11 18:00:00,1.0
DE6,ccgt,2021-02-11 21:00:00,1.0
DE6,ccgt,2021-02-12 00:00:00,1.0
DE6,ccgt,2021-02-12 03:00:00,1.0
DE6,ccgt,2021-02-12 06:00:00,1.0
DE6,ccgt,2021-02-12 09:00:00,1.0
DE6,ccgt,2021-02-12 12:00:00,1.0
DE6,ccgt,2021-02-12 15:00:00,1.0
DE6,ccgt,2021-02-12 18:00:00,1.0
DE6,ccgt,2021-02-12 21:00:00,1.0
DE6,ccgt,2021-02-13 00:00:00,1.0
DE6,ccgt,2021-02-13 03:00:00,1.0
DE6,ccgt,2021-02-13 06:00:00,1.0
DE6,ccgt,2021-02-13 09:00:00,1.0
DE6,ccgt,2021-02-13 12:00:00,1.0
DE6,ccgt,2021-02-13 15:00:00,1.0
DE6,ccgt,2021-02-13 18:00:00,1.0
DE6,ccgt,2021-02-13 21:00:00,1.0
DE6,ccgt,2021-02-14 00:00:00,1.0
DE6,ccgt,2021-02-14 03:00:00,1.0
DE6,ccgt,2021-02-14 06:00:00,1.0
DE6,ccgt,2021-02-14 09:00:00,1.0
DE6,ccgt,2021-02-14 12:00:00,1.0
DE6,ccgt,2021-02-14 15:00:00,1.0
DE6,ccgt,2021-02-14 18:00:00,1.0
DE6,ccgt,2021-02-14 21:00:00,1.0
DE6,coal,2021-01-18 00:00:00,0.0
DE6,coal,2021-01-18 03:00:00,0.0
DE6,coal,2021-01-18 06:00:00,0.0
DE6,coal,2021-01-18 09:00:00,0.0
DE6,coal,2021-01-18 12:00:00,0.0
DE6,coal,2021-01-18 15:00:00,0.0
DE6,coal,2021-01-18 18:00:00,0.0
DE6,coal,2021-01-18 21:00:00,0.0
DE6,coal,2021-01-19 00:00:00,0.0
DE6,coal,2021-01-19 03:00:00,0.0
DE6,coal,2021-01-19 06:00:00,0.0
DE6,coal,2021-01-19 09:00:00,0.0
DE6,coal,2021-01-19 12:00:00,0.0
DE6,coal,2021-01-19 15:00:00,0.0
DE6,coal,2021-01-19 18:00:00,0.0
DE6,coal,2021-01-19 21:00:00,0.0
DE6,coal,2021-01-20 00:00:00,0.0
DE6,coal,2021-01-20 03:00:00,0.0
DE6,coal,2021-01-20 06:00:00,0.0
DE6,coal,2021-01-20 09:00:00,0.0
DE6,coal,2021-01-20 12:00:00,0.0
DE6,coal,2021-01-20 15:00:00,0.0
DE6,coal,2021-01-20 18:00:00,0.0
DE6,coal,2021-01-20 21:00:00,0.0
DE6,coal,2021-01-21 00:00:00,0.0
DE6,coal,2021-01-21 03:00:00,0.0
DE6,coal,2021-01-21 06:00:00,0.0
DE6,coal,2021-01-21 09:00:00,0.0
DE6,coal,2021-01-21 12:00:00,0.0
DE6,coal,2021-01-21 15:00:00,0.0
DE6,coal,2021-01-21 18:00:00,0.0
DE6,coal,2021-01-21 21:00:00,0.0
DE6,coal,2021-01-22 00:00:00,0.0
DE6,coal,2021-01-22 03:00:00,0.0
DE6,coal,2021-01-22 06:00:00,0.0
DE6,coal,2021-01-22 09:00:00,0.0
DE6,coal,2021-01-22 12:00:00,0.0
DE6,coal,2021-01-22 15:00:00,0.0
DE6,coal,2021-01-22 18:00:00,0.0
DE6,coal,2021-01-22 21:00:00,0.0
DE6,coal,2021-01-23 00:00:00,0.0
DE6,coal,2021-01-23 03:00:00,0.0
DE6,coal,2021-01-23 06:00:00,0.0
DE6,coal,2021-01-23 09:00:00,0.0
DE6,coal,2021-01-23 12:00:00,0.0
DE6,coal,2021-01-23 15:00:00,0.0
DE6,coal,2021-01-23 18:00:00,0.0
DE6,coal,2021-01-23 21:00:00,0.0
DE6,coal,2021-01-24 00:00:00,0.0
DE6,coal,2021-01-24 03:00:00,0.0
DE6,coal,2021-01-24 06:00:00,0.0
DE6,coal,2021-01-24 09:00:00,0.0
DE6,coal,2021-01-24 12:00:00,0.0
DE6,coal,2021-01-24 15:00:00,0.0
DE6,coal,2021-01-24 18:00:00,0.0
DE6,coal,2021-01-24 21:00:00,0.0
DE6,coal,2021-01-25 00:00:00,0.0
DE6,coal,2021-01-25 03:00:00,0.0
DE6,coal,2021-01-25 06:00:00,0.0
DE6,coal,2021-01-25 09:00:00,0.0
DE6,coal,2021-01-25 12:00:00,0.0
DE6,coal,2021-01-25 15:00:00,0.0
DE6,coal,2021-01-25 18:00:00,0.0
DE6,coal,2021-01-25 21:00:00,0.0
DE6,coal,2021-01-26 00:00:00,0.0
DE6,coal,2021-01-26 03:00:00,0.0
DE6,coal,2021-01-26 06:00:00,0.0
DE6,coal,2021-01-26 09:00:00,0.0
DE6,coal,2021-01-26 12:00:00,0.0
DE6,coal,2021-01-26 15:00:00,0.0
DE6,coal,2021-01-26 18:00:00,0.0
DE6,coal,2021-01-26 21:00:00,0.0
DE6,coal,2021-01-27 00:00:00,0.0
DE6,coal,2021-01-27 03:00:00,0.0
DE6,coal,2021-01-27 06:00:00,0.0
DE6,coal,2021-01-27 09:00:00,0.0
DE6,coal,2021-01-27 12:00:00,0.0
DE6,coal,2021-01-27 15:00:00,0.0
DE6,coal,2021-01-27 18:00:00,0.0
DE6,coal,2021-01-27 21:00:00,0.0
DE6,coal,2021-01-28 00:00:00,0.0
DE6,coal,2021-01-28 03:00:00,0.0
DE6,coal,2021-01-28 06:00:00,0.0
DE6,coal,2021-01-28 09:00:00,0.0
DE6,coal,2021-01-28 12:00:00,0.0
DE6,coal,2021-01-28 15:00:00,0.0
DE6,coal,2021-01-28 18:00:00,0.0
DE6,coal,2021-01-28 21:00:00,0.0
DE6,coal,2021-01-29 00:00:00,0.0
DE6,coal,2021-01-29 03:00:00,0.0
DE6,coal,2021-01-29 06:00:00,0.0
DE6,coal,2021-01-29 09:00:00,0.0
DE6,coal,2021-01-29 12:00:00,0.0
DE6,coal,2021-01-29 15:00:00,0.0
DE6,coal,2021-01-29 18:00:00,0.0
DE6,coal,2021-01-29 21:00:00,0.0
DE6,coal,2021-01-30 00:00:00,0.0
DE6,coal,2021-01-30 03:00:00,0.0
DE6,coal,2021-01-30 06:00:00,0.0
DE6,coal,2021-01-30 09:00:00,0.0
DE6,coal,2021-01-30 12:00:00,0.0
DE6,coal,2021-01-30 15:00:00,0.0
DE6,coal,2021-01-30 18:00:00,0.0
DE6,coal,2021-01-30 21:00:00,0.0
DE6,coal,2021-01-31 00:00:00,0.0
DE6,coal,2021-01-31 03:00:00,0.0
DE6,coal,2021-01-31 06:00:00,0.0
DE6,coal,2021-01-31 09:00:00,0.0
DE6,coal,2021-01-31 12:00:00,0.0
DE6,coal,2021-01-31 15:00:00,0.0
DE6,coal,2021-01-31 18:00:00,0.0
DE6,coal,2021-01-31 21:00:00,0.0
DE6,coal,2021-02-01 00:00:00,0.0
DE6,coal,2021-02-01 03:00:00,0.0
DE6,coal,2021-02-01 06:00:00,0.0
DE6,coal,2021-02-01 09:00:00,0.0
DE6,coal,2021-02-01 12:00:00,0.0
DE6,coal,2021-02-01 15:00:00,0.0
DE6,coal,2021-02-01 18:00:00,0.0
DE6,coal,2021-02-01 21:00:00,0.0
DE6,coal,2021-02-02 00:00:00,0.0
DE6,coal,2021-02-02 03:00:00,0.0
DE6,coal,2021-02-02 06:00:00,0.0
DE6,coal,2021-02-02 09:00:00,0.0
DE6,coal,2021-02-02 12:00:00,0.0
DE6,coal,2021-02-02 15:00:00,0.0
DE6,coal,2021-02-02 18:00:00,0.0
DE6,coal,2021-02-02 21:00:00,0.0
DE6,coal,2021-02-03 00:00:00,0.0
DE6,coal,2021-02-03 03:00:00,0.0
DE6,coal,2021-02-03 06:00:00,0.0
DE6,coal,2021-02-03 09:00:00,0.0
DE6,coal,2021-02-03 12:00:00,0.0
DE6,coal,2021-02-03 15:00:00,0.0
DE6,coal,2021-02-03 18:00:00,0.0
DE6,coal,2021-02-03 21:00:00,0.0
DE6,coal,2021-02-04 00:00:00,0.0
DE6,coal,2021-02-04 03:00:00,0.0
DE6,coal,2021-02-04 06:00:00,0.0
DE6,coal,2021-02-04 09:00:00,0.0
DE6,coal,2021-02-04 12:00:00,0.0
DE6,coal,2021-02-04 15:00:00,0.0
DE6,coal,2021-02-04 18:00:00,0.0
DE6,coal,2021-02-04 21:00:00,0.0
DE6,coal,2021-02-05 00:00:00,0.0
DE6,coal,2021-02-05 03:00:00,0.0
DE6,coal,2021-02-05 06:00:00,0.0
DE6,coal,2021-02-05 09:00:00,0.0
DE6,coal,2021-02-05 12:00:00,0.0
DE6,coal,2021-02-05 15:00:00,0.0
DE6,coal,2021-02-05 18:00:00,0.0
DE6,coal,2021-02-05 21:00:00,0.0
DE6,coal,2021-02-06 00:00:00,0.0
DE6,coal,2021-02-06 03:00:00,0.0
DE6,coal,2021-02-06 06:00:00,0.0
DE6,coal,2021-02-06 09:00:00,0.0
DE6,coal,2021-02-06 12:00:00,0.0
DE6,coal,2021-02-06 15:00:00,0.0
DE6,coal,2021-02-06 18:00:00,0.0
DE6,coal,2021-02-06 21:00:00,0.0
DE6,coal,2021-02-07 00:00:00,0.0
DE6,coal,2021-02-07 03:00:00,0.0
DE6,coal,2021-02-07 06:00:00,0.0
DE6,coal,2021-02-07 09:00:00,0.0
DE6,coal,2021-02-07 12:00:00,0.0
DE6,coal,2021-02-07 15:00:00,0.0
DE6,coal,2021-02-07 18:00:00,0.0
DE6,coal,2021-02-07 21:00:00,0.0
DE6,coal,2021-02-08 00:00:00,0.0
DE6,coal,2021-02-08 03:00:00,0.0
DE6,coal,2021-02-08 06:00:00,0.0
DE6,coal,2021-02-08 09:00:00,0.0
DE6,coal,2021-02-08 12:00:00,0.0
DE6,coal,2021-02-08 15:00:00,0.0
DE6,coal,2021-02-08 18:00:00,0.0
DE6,coal,2021-02-08 21:00:00,0.0
DE6,coal,2021-02-09 00:00:00,0.0
DE6,coal,2021-02-09 03:00:00,0.0
DE6,coal,2021-02-09 06:00:00,0.0
DE6,coal,2021-02-09 09:00:00,0.0
DE6,coal,2021-02-09 12:00:00,0.0
DE6,coal,2021-02-09 15:00:00,0.0
DE6,coal,2021-02-09 18:00:00,0.0
DE6,coal,2021-02-09 21:00:00,0.0
DE6,coal,2021-02-10 00:00:00,0.0
DE6,coal,2021-02-10 03:00:00,0.0
DE6,coal,2021-02-10 06:00:00,0.0
DE6,coal,2021-02-10 09:00:00,0.0
DE6,coal,2021-02-10 12:00:00,0.0
DE6,coal,2021-02-10 15:00:00,0.0
DE6,coal,2021-02-10 18:00:00,0.0
DE6,coal,2021-02-10 21:00:00,0.0
DE6,coal,2021-02-11 00:00:00,0.0
DE6,coal,2021-02-11 03:00:00,0.0
DE6,coal,2021-02-11 06:00:00,0.0
DE6,coal,2021-02-11 09:00:00,0.0
DE6,coal,2021-02-11 12:00:00,0.0
DE6,coal,2021-02-11 15:00:00,0.0
DE6,coal,2021-02-11 18:00:00,0.0
DE6,coal,2021-02-11 21:00:00,0.0
DE6,coal,2021-02-12 00:00:00,0.0
DE6,coal,2021-02-12 03:00:00,0.0
DE6,coal,2021-02-12 06:00:00,0.0
DE6,coal,2021-02-12 09:00:00,0.0
DE6,coal,2021-02-12 12:00:00,0.0
DE6,coal,2021-02-12 15:00:00,0.0
DE6,coal,2021-02-12 18:00:00,0.0
DE6,coal,2021-02-12 21:00:00,0.0
DE6,coal,2021-02-13 00:00:00,0.0
DE6,coal,2021-02-13 03:00:00,0.0
DE6,coal,2021-02-13 06:00:00,0.0
DE6,coal,2021-02-13 09:00:00,0.0
DE6,coal,2021-02-13 12:00:00,0.0
DE6,coal,2021-02-13 15:00:00,0.0
DE6,coal,2021-02-13 18:00:00,0.0
DE6,coal,2021-02-13 21:00:00,0.0
DE6,coal,2021-02-14 00:00:00,0.0
DE6,coal,2021-02-14 03:00:00,0.0
DE6,coal,2021-02-14 06:00:00,0.0
DE6,coal,2021-02-14 09:00:00,0.0
DE6,coal,2021-02-14 12:00:00,0.0
DE6,coal,2021-02-14 15:00:00,0.0
DE6,coal,2021-02-14 18:00:00,0.0
DE6,coal,2021-02-14 21:00:00,0.0
DE6,lignite,2021-01-18 00:00:00,0.0
DE6,lignite,2021-01-18 03:00:00,0.0
DE6,lignite,2021-01-18 06:00:00,0.0
DE6,lignite,2021-01-18 09:00:00,0.0
DE6,lignite,2021-01-18 12:00:00,0.0
DE6,lignite,2021-01-18 15:00:00,0.0
DE6,lignite,2021-01-18 18:00:00,0.0
DE6,lignite,2021-01-18 21:00:00,0.0
DE6,lignite,2021-01-19 00:00:00,0.0
DE6,lignite,2021-01-19 03:00:00,0.0
DE6,lignite,2021-01-19 06:00:00,0.0
DE6,lignite,2021-01-19 09:00:00,0.0
DE6,lignite,2021-01-19 12:00:00,0.0
DE6,lignite,2021-01-19 15:00:00,0.0
DE6,lignite,2021-01-19 18:00:00,0.0
DE6,lignite,2021-01-19 21:00:00,0.0
DE6,lignite,2021-01-20 00:00:00,0.0
DE6,lignite,2021-01-20 03:00:00,0.0
DE6,lignite,2021-01-20 06:00:00,0.0
DE6,lignite,2021-01-20 09:00:00,0.0
DE6,lignite,2021-01-20 12:00:00,0.0
DE6,lignite,2021-01-20 15:00:00,0.0
DE6,lignite,2021-01-20 18:00:00,0.0
DE6,lignite,2021-01-20 21:00:00,0.0
DE6,lignite,2021-01-21 00:00:00,0.0
DE6,lignite,2021-01-21 03:00:00,0.0
DE6,lignite,2021-01-21 06:00:00,0.0
DE6,lignite,2021-01-21 09:00:00,0.0
DE6,lignite,2021-01-21 12:00:00,0.0
DE6,lignite,2021-01-21 15:00:00,0.0
DE6,lignite,2021-01-21 18:00:00,0.0
DE6,lignite,2021-01-21 21:00:00,0.0
DE6,lignite,2021-01-22 00:00:00,0.0
DE6,lignite,2021-01-22 03:00:00,0.0
DE6,lignite,2021-01-22 06:00:00,0.0
DE6,lignite,2021-01-22 09:00:00,0.0
DE6,lignite,2021-01-22 12:00:00,0.0
DE6,lignite,2021-01-22 15:00:00,0.0
DE6,lignite,2021-01-22 18:00:00,0.0
DE6,lignite,2021-01-22 21:00:00,0.0
DE6,lignite,2021-01-23 00:00:00,0.0
DE6,lignite,2021-01-23 03:00:00,0.0
DE6,lignite,2021-01-23 06:00:00,0.0
DE6,lignite,2021-01-23 09:00:00,0.0
DE6,lignite,2021-01-23 12:00:00,0.0
DE6,lignite,2021-01-23 15:00:00,0.0
DE6,lignite,2021-01-23 18:00:00,0.0
DE6,lignite,2021-01-23 21:00:00,0.0
DE6,lignite,2021-01-24 00:00:00,0.0
DE6,lignite,2021-01-24 03:00:00,0.0
DE6,lignite,2021-01-24 06:00:00,0.0
DE6,lignite,2021-01-24 09:00:00,0.0
DE6,lignite,2021-01-24 12:00:00,0.0
DE6,lignite,2021-01-24 15:00:00,0.0
DE6,lignite,2021-01-24 18:00:00,0.0
DE6,lignite,2021-01-24 21:00:00,0.0
DE6,lignite,2021-01-25 00:00:00,0.0
DE6,lignite,2021-01-25 03:00:00,0.0
DE6,lignite,2021-01-25 06:00:00,0.0
DE6,lignite,2021-01-25 09:00:00,0.0
DE6,lignite,2021-01-25 12:00:00,0.0
DE6,lignite,2021-01-25 15:00:00,0.0
DE6,lignite,2021-01-25 18:00:00,0.0
DE6,lignite,2021-01-25 21:00:00,0.0
DE6,lignite,2021-01-26 00:00:00,0.0
DE6,lignite,2021-01-26 03:00:00,0.0
DE6,lignite,2021-01-26 06:00:00,0.0
DE6,lignite,2021-01-26 09:00:00,0.0
DE6,lignite,2021-01-26 12:00:00,0.0
DE6,lignite,2021-01-26 15:00:00,0.0
DE6,lignite,2021-01-26 18:00:00,0.0
DE6,lignite,2021-01-26 21:00:00,0.0
DE6,lignite,2021-01-27 00:00:00,0.0
DE6,lignite,2021-01-27 03:00:00,0.0
DE6,lignite,2021-01-27 06:00:00,0.0
DE6,lignite,2021-01-27 09:00:00,0.0
DE6,lignite,2021-01-27 12:00:00,0.0
DE6,lignite,2021-01-27 15:00:00,0.0
DE6,lignite,2021-01-27 18:00:00,0.0
DE6,lignite,2021-01-27 21:00:00,0.0
DE6,lignite,2021-01-28 00:00:00,0.0
DE6,lignite,2021-01-28 03:00:00,0.0
DE6,lignite,2021-01-28 06:00:00,0.0
DE6,lignite,2021-01-28 09:00:00,0.0
DE6,lignite,2021-01-28 12:00:00,0.0
DE6,lignite,2021-01-28 15:00:00,0.0
DE6,lignite,2021-01-28 18:00:00,0.0
DE6,lignite,2021-01-28 21:00:00,0.0
DE6,lignite,2021-01-29 00:00:00,0.0
DE6,lignite,2021-01-29 03:00:00,0.0
DE6,lignite,2021-01-29 06:00:00,0.0
DE6,lignite,2021-01-29 09:00:00,0.0
DE6,lignite,2021-01-29 12:00:00,0.0
DE6,lignite,2021-01-29 15:00:00,0.0
DE6,lignite,2021-01-29 18:00:00,0.0
DE6,lignite,2021-01-29 21:00:00,0.0
DE6,lignite,2021-01-30 00:00:00,0.0
DE6,lignite,2021-01-30 03:00:00,0.0
DE6,lignite,2021-01-30 06:00:00,0.0
DE6,lignite,2021-01-30 09:00:00,0.0
DE6,lignite,2021-01-30 12:00:00,0.0
DE6,lignite,2021-01-30 15:00:00,0.0
DE6,lignite,2021-01-30 18:00:00,0.0
DE6,lignite,2021-01-30 21:00:00,0.0
DE6,lignite,2021-01-31 00:00:00,0.0
DE6,lignite,2021-01-31 03:00:00,0.0
DE6,lignite,2021-01-31 06:00:00,0.0
DE6,lignite,2021-01-31 09:00:00,0.0
DE6,lignite,2021-01-31 12:00:00,0.0
DE6,lignite,2021-01-31 15:00:00,0.0
DE6,lignite,2021-01-31 18:00:00,0.0
DE6,lignite,2021-01-31 21:00:00,0.0
DE6,lignite,2021-02-01 00:00:00,0.0
DE6,lignite,2021-02-01 03:00:00,0.0
DE6,lignite,2021-02-01 06:00:00,0.0
DE6,lignite,2021-02-01 09:00:00,0.0
DE6,lignite,2021-02-01 12:00:00,0.0
DE6,lignite,2021-02-01 15:00:00,0.0
DE6,lignite,2021-02-01 18:00:00,0.0
DE6,lignite,2021-02-01 21:00:00,0.0
DE6,lignite,2021-02-02 00:00:00,0.0
DE6,lignite,2021-02-02 03:00:00,0.0
DE6,lignite,2021-02-02 06:00:00,0.0
DE6,lignite,2021-02-02 09:00:00,0.0
DE6,lignite,2021-02-02 12:00:00,0.0
DE6,lignite,2021-02-02 15:00:00,0.0
DE6,lignite,2021-02-02 18:00:00,0.0
DE6,lignite,2021-02-02 21:00:00,0.0
DE6,lignite,2021-02-03 00:00:00,0.0
DE6,lignite,2021-02-03 03:00:00,0.0
DE6,lignite,2021-02-03 06:00:00,0.0
DE6,lignite,2021-02-03 09:00:00,0.0
DE6,lignite,2021-02-03 12:00:00,0.0
DE6,lignite,2021-02-03 15:00:00,0.0
DE6,lignite,2021-02-03 18:00:00,0.0
DE6,lignite,2021-02-03 21:00:00,0.0
DE6,lignite,2021-02-04 00:00:00,0.0
DE6,lignite,2021-02-04 03:00:00,0.0
DE6,lignite,2021-02-04 06:00:00,0.0
DE6,lignite,2021-02-04 09:00:00,0.0
DE6,lignite,2021-02-04 12:00:00,0.0
DE6,lignite,2021-02-04 15:00:00,0.0
DE6,lignite,2021-02-04 18:00:00,0.0
DE6,lignite,2021-02-04 21:00:00,0.0
DE6,lignite,2021-02-05 00:00:00,0.0
DE6,lignite,2021-02-05 03:00:00,0.0
DE6,lignite,2021-02-05 06:00:00,0.0
DE6,lignite,2021-02-05 09:00:00,0.0
DE6,lignite,2021-02-05 12:00:00,0.0
DE6,lignite,2021-02-05 15:00:00,0.0
DE6,lignite,2021-02-05 18:00:00,0.0
DE6,lignite,2021-02-05 21:00:00,0.0
DE6,lignite,2021-02-06 00:00:00,0.0
DE6,lignite,2021-02-06 03:00:00,0.0
DE6,lignite,2021-02-06 06:00:00,0.0
DE6,lignite,2021-02-06 09:00:00,0.0
DE6,lignite,2021-02-06 12:00:00,0.0
DE6,lignite,2021-02-06 15:00:00,0.0
DE6,lignite,2021-02-06 18:00:00,0.0
DE6,lignite,2021-02-06 21:00:00,0.0
DE6,lignite,2021-02-07 00:00:00,0.0
DE6,lignite,2021-02-07 03:00:00,0.0
DE6,lignite,2021-02-07 06:00:00,0.0
DE6,lignite,2021-02-07 09:00:00,0.0
DE6,lignite,2021-02-07 12:00:00,0.0
DE6,lignite,2021-02-07 15:00:00,0.0
DE6,lignite,2021-02-07 18:00:00,0.0
DE6,lignite,2021-02-07 21:00:00,0.0
DE6,lignite,2021-02-08 00:00:00,0.0
DE6,lignite,2021-02-08 03:00:00,0.0
DE6,lignite,2021-02-08 06:00:00,0.0
DE6,lignite,2021-02-08 09:00:00,0.0
DE6,lignite,2021-02-08 12:00:00,0.0
DE6,lignite,2021-02-08 15:00:00,0.0
DE6,lignite,2021-02-08 18:00:00,0.0
DE6,lignite,2021-02-08 21:00:00,0.0
DE6,lignite,2021-02-09 00:00:00,0.0
DE6,lignite,2021-02-09 03:00:00,0.0
DE6,lignite,2021-02-09 06:00:00,0.0
DE6,lignite,2021-02-09 09:00:00,0.0
DE6,lignite,2021-02-09 12:00:00,0.0
DE6,lignite,2021-02-09 15:00:00,0.0
DE6,lignite,2021-02-09 18:00:00,0.0
DE6,lignite,2021-02-09 21:00:00,0.0
DE6,lignite,2021-02-10 00:00:00,0.0
DE6,lignite,2021-02-10 03:00:00,0.0
DE6,lignite,2021-02-10 06:00:00,0.0
DE6,lignite,2021-02-10 09:00:00,0.0
DE6,lignite,2021-02-10 12:00:00,0.0
DE6,lignite,2021-02-10 15:00:00,0.0
DE6,lignite,2021-02-10 18:00:00,0.0
DE6,lignite,2021-02-10 21:00:00,0.0
DE6,lignite,2021-02-11 00:00:00,0.0
DE6,lignite,2021-02-11 03:00:00,0.0
DE6,lignite,2021-02-11 06:00:00,0.0
DE6,lignite,2021-02-11 09:00:00,0.0
DE6,lignite,2021-02-11 12:00:00,0.0
DE6,lignite,2021-02-11 15:00:00,0.0
DE6,lignite,2021-02-11 18:00:00,0.0
DE6,lignite,2021-02-11 21:00:00,0.0
DE6,lignite,2021-02-12 00:00:00,0.0
DE6,lignite,2021-02-12 03:00:00,0.0
DE6,lignite,2021-02-12 06:00:00,0.0
DE6,lignite,2021-02-12 09:00:00,0.0
DE6,lignite,2021-02-12 12:00:00,0.0
DE6,lignite,2021-02-12 15:00:00,0.0
DE6,lignite,2021-02-12 18:00:00,0.0
DE6,lignite,2021-02-12 21:00:00,0.0
DE6,lignite,2021-02-13 00:00:00,0.0
DE6,lignite,2021-02-13 03:00:00,0.0
DE6,lignite,2021-02-13 06:00:00,0.0
DE6,lignite,2021-02-13 09:00:00,0.0
DE6,lignite,2021-02-13 12:00:00,0.0
DE6,lignite,2021-02-13 15:00:00,0.0
DE6,lignite,2021-02-13 18:00:00,0.0
DE6,lignite,2021-02-13 21:00:00,0.0
DE6,lignite,2021-02-14 00:00:00,0.0
DE6,lignite,2021-02-14 03:00:00,0.0
DE6,lignite,2021-02-14 06:00:00,0.0
DE6,lignite,2021-02-14 09:00:00,0.0
DE6,lignite,2021-02-14 12:00:00,0.0
DE6,lignite,2021-02-14 15:00:00,0.0
DE6,lignite,2021-02-14 18:00:00,0.0
DE6,lignite,2021-02-14 21:00:00,0.0
DE6,ocgt,2021-01-18 00:00:00,0.9999999999999987
DE6,ocgt,2021-01-18 03:00:00,0.9999999999999987
DE6,ocgt,2021-01-18 06:00:00,0.9999999999999987
DE6,ocgt,2021-01-18 09:00:00,0.9999999999999987
DE6,ocgt,2021-01-18 12:00:00,0.9999999999999987
DE6,ocgt,2021-01-18 15:00:00,0.9999999999999987
DE6,ocgt,2021-01-18 18:00:00,0.9999999999999987
DE6,ocgt,2021-01-18 21:00:00,0.9999999999999987
DE6,ocgt,2021-01-19 00:00:00,0.9999999999999987
DE6,ocgt,2021-01-19 03:00:00,0.9999999999999987
DE6,ocgt,2021-01-19 06:00:00,0.9999999999999987
DE6,ocgt,2021-01-19 09:00:00,0.9999999999999987
DE6,ocgt,2021-01-19 12:00:00,0.9999999999999987
DE6,ocgt,2021-01-19 15:00:00,0.9999999999999987
DE6,ocgt,2021-01-19 18:00:00,0.9999999999999987
DE6,ocgt,2021-01-19 21:00:00,0.9999999999999987
DE6,ocgt,2021-01-20 00:00:00,0.9999999999999987
DE6,ocgt,2021-01-20 03:00:00,0.9999999999999987
DE6,ocgt,2021-01-20 06:00:00,0.9999999999999987
DE6,ocgt,2021-01-20 09:00:00,0.9999999999999987
DE6,ocgt,2021-01-20 12:00:00,0.9999999999999987
DE6,ocgt,2021-01-20 15:00:00,0.9999999999999987
DE6,ocgt,2021-01-20 18:00:00,0.9999999999999987
DE6,ocgt,2021-01-20 21:00:00,0.9999999999999987
DE6,ocgt,2021-01-21 00:00:00,0.9999999999999987
DE6,ocgt,2021-01-21 03:00:00,0.9999999999999987
DE6,ocgt,2021-01-21 06:00:00,0.9999999999999987
DE6,ocgt,2021-01-21 09:00:00,0.9999999999999987
DE6,ocgt,2021-01-21 12:00:00,0.9999999999999987
DE6,ocgt,2021-01-21 15:00:00,0.9999999999999987
DE6,ocgt,2021-01-21 18:00:00,0.9999999999999987
DE6,ocgt,2021-01-21 21:00:00,0.9999999999999987
DE6,ocgt,2021-01-22 00:00:00,0.9999999999999987
DE6,ocgt,2021-01-22 03:00:00,0.9999999999999987
DE6,ocgt,2021-01-22 06:00:00,0.9999999999999987
DE6,ocgt,2021-01-22 09:00:00,0.9999999999999987
DE6,ocgt,2021-01-22 12:00:00,0.9999999999999987
DE6,ocgt,2021-01-22 15:00:00,0.9999999999999987
DE6,ocgt,2021-01-22 18:00:00,0.9999999999999987
DE6,ocgt,2021-01-22 21:00:00,0.9999999999999987
DE6,ocgt,2021-01-23 00:00:00,0.9999999999999987
DE6,ocgt,2021-01-23 03:00:00,0.9999999999999987
DE6,ocgt,2021-01-23 06:00:00,0.9999999999999987
DE6,ocgt,2021-01-23 09:00:00,0.9999999999999987
DE6,ocgt,2021-01-23 12:00:00,0.9999999999999987
DE6,ocgt,2021-01-23 15:00:00,0.9999999999999987
DE6,ocgt,2021-01-23 18:00:00,0.9999999999999987
DE6,ocgt,2021-01-23 21:00:00,0.9999999999999987
DE6,ocgt,2021-01-24 00:00:00,0.9999999999999987
DE6,ocgt,2021-01-24 03:00:00,0.9999999999999987
DE6,ocgt,2021-01-24 06:00:00,0.9999999999999987
DE6,ocgt,2021-01-24 09:00:00,0.9999999999999987
DE6,ocgt,2021-01-24 12:00:00,0.9999999999999987
DE6,ocgt,2021-01-24 15:00:00,0.9999999999999987
DE6,ocgt,2021-01-24 18:00:00,0.9999999999999987
DE6,ocgt,2021-01-24 21:00:00,0.9999999999999987
DE6,ocgt,2021-01-25 00:00:00,0.9999999999999987
DE6,ocgt,2021-01-25 03:00:00,0.9999999999999987
DE6,ocgt,2021-01-25 06:00:00,0.9999999999999987
DE6,ocgt,2021-01-25 09:00:00,0.9999999999999987
DE6,ocgt,2021-01-25 12:00:00,0.9999999999999987
DE6,ocgt,2021-01-25 15:00:00,0.9999999999999987
DE6,ocgt,2021-01-25 18:00:00,0.9999999999999987
DE6,ocgt,2021-01-25 21:00:00,0.9999999999999987
DE6,ocgt,2021-01-26 00:00:00,0.9999999999999987
DE6,ocgt,2021-01-26 03:00:00,0.9999999999999987
DE6,ocgt,2021-01-26 06:00:00,0.9999999999999987
DE6,ocgt,2021-01-26 09:00:00,0.9999999999999987
DE6,ocgt,2021-01-26 12:00:00,0.9999999999999987
DE6,ocgt,2021-01-26 15:00:00,0.9999999999999987
DE6,ocgt,2021-01-26 18:00:00,0.9999999999999987
DE6,ocgt,2021-01-26 21:00:00,0.9999999999999987
DE6,ocgt,2021-01-27 00:00:00,0.9999999999999987
DE6,ocgt,2021-01-27 03:00:00,0.9999999999999987
DE6,ocgt,2021-01-27 06:00:00,0.9999999999999987
DE6,ocgt,2021-01-27 09:00:00,0.9999999999999987
DE6,ocgt,2021-01-27 12:00:00,0.9999999999999987
DE6,ocgt,2021-01-27 15:00:00,0.9999999999999987
DE6,ocgt,2021-01-27 18:00:00,0.9999999999999987
DE6,ocgt,2021-01-27 21:00:00,0.9999999999999987
DE6,ocgt,2021-01-28 00:00:00,0.9999999999999987
DE6,ocgt,2021-01-28 03:00:00,0.9999999999999987
DE6,ocgt,2021-01-28 06:00:00,0.9999999999999987
DE6,ocgt,2021-01-28 09:00:00,0.9999999999999987
DE6,ocgt,2021-01-28 12:00:00,0.9999999999999987
DE6,ocgt,2021-01-28 15:00:00,0.9999999999999987
DE6,ocgt,2021-01-28 18:00:00,0.9999999999999987
DE6,ocgt,2021-01-28 21:00:00,0.9999999999999987
DE6,ocgt,2021-01-29 00:00:00,0.9999999999999987
DE6,ocgt,2021-01-29 03:00:00,0.9999999999999987
DE6,ocgt,2021-01-29 06:00:00,0.9999999999999987
DE6,ocgt,2021-01-29 09:00:00,0.9999999999999987
DE6,ocgt,2021-01-29 12:00:00,0.9999999999999987
DE6,ocgt,2021-01-29 15:00:00,0.9999999999999987
DE6,ocgt,2021-01-29 18:00:00,0.9999999999999987
DE6,ocgt,2021-01-29 21:00:00,0.9999999999999987
DE6,ocgt,2021-01-30 00:00:00,0.9999999999999987
DE6,ocgt,2021-01-30 03:00:00,0.9999999999999987
DE6,ocgt,2021-01-30 06:00:00,0.9999999999999987
DE6,ocgt,2021-01-30 09:00:00,0.9999999999999987
DE6,ocgt,2021-01-30 12:00:00,0.9999999999999987
DE6,ocgt,2021-01-30 15:00:00,0.9999999999999987
DE6,ocgt,2021-01-30 18:00:00,0.9999999999999987
DE6,ocgt,2021-01-30 21:00:00,0.9999999999999987
DE6,ocgt,2021-01-31 00:00:00,0.9999999999999987
DE6,ocgt,2021-01-31 03:00:00,0.9999999999999987
DE6,ocgt,2021-01-31 06:00:00,0.9999999999999987
DE6,ocgt,2021-01-31 09:00:00,0.9999999999999987
DE6,ocgt,2021-01-31 12:00:00,0.9999999999999987
DE6,ocgt,2021-01-31 15:00:00,0.9999999999999987
DE6,ocgt,2021-01-31 18:00:00,0.9999999999999987
DE6,ocgt,2021-01-31 21:00:00,0.9999999999999987
DE6,ocgt,2021-02-01 00:00:00,0.9999999999999987
DE6,ocgt,2021-02-01 03:00:00,0.9999999999999987
DE6,ocgt,2021-02-01 06:00:00,0.9999999999999987
DE6,ocgt,2021-02-01 09:00:00,0.9999999999999987
DE6,ocgt,2021-02-01 12:00:00,0.9999999999999987
DE6,ocgt,2021-02-01 15:00:00,0.9999999999999987
DE6,ocgt,2021-02-01 18:00:00,0.9999999999999987
DE6,ocgt,2021-02-01 21:00:00,0.9999999999999987
DE6,ocgt,2021-02-02 00:00:00,0.9999999999999987
DE6,ocgt,2021-02-02 03:00:00,0.9999999999999987
DE6,ocgt,2021-02-02 06:00:00,0.9999999999999987
DE6,ocgt,2021-02-02 09:00:00,0.9999999999999987
DE6,ocgt,2021-02-02 12:00:00,0.9999999999999987
DE6,ocgt,2021-02-02 15:00:00,0.9999999999999987
DE6,ocgt,2021-02-02 18:00:00,0.9999999999999987
DE6,ocgt,2021-02-02 21:00:00,0.9999999999999987
DE6,ocgt,2021-02-03 00:00:00,0.9999999999999987
DE6,ocgt,2021-02-03 03:00:00,0.9999999999999987
DE6,ocgt,2021-02-03 06:00:00,0.9999999999999987
DE6,ocgt,2021-02-03 09:00:00,0.9999999999999987
DE6,ocgt,2021-02-03 12:00:00,0.9999999999999987
DE6,ocgt,2021-02-03 15:00:00,0.9999999999999987
DE6,ocgt,2021-02-03 18:00:00,0.9999999999999987
DE6,ocgt,2021-02-03 21:00:00,0.9999999999999987
DE6,ocgt,2021-02-04 00:00:00,0.9999999999999987
DE6,ocgt,2021-02-04 03:00:00,0.9999999999999987
DE6,ocgt,2021-02-04 06:00:00,0.9999999999999987
DE6,ocgt,2021-02-04 09:00:00,0.9999999999999987
DE6,ocgt,2021-02-04 12:00:00,0.9999999999999987
DE6,ocgt,2021-02-04 15:00:00,0.9999999999999987
DE6,ocgt,2021-02-04 18:00:00,0.9999999999999987
DE6,ocgt,2021-02-04 21:00:00,0.9999999999999987
DE6,ocgt,2021-02-05 00:00:00,0.9999999999999987
DE6,ocgt,2021-02-05 03:00:00,0.9999999999999987
DE6,ocgt,2021-02-05 06:00:00,0.9999999999999987
DE6,ocgt,2021-02-05 09:00:00,0.9999999999999987
DE6,ocgt,2021-02-05 12:00:00,0.9999999999999987
DE6,ocgt,2021-02-05 15:00:00,0.9999999999999987
DE6,ocgt,2021-02-05 18:00:00,0.9999999999999987
DE6,ocgt,2021-02-05 21:00:00,0.9999999999999987
DE6,ocgt,2021-02-06 00:00:00,0.9999999999999987
DE6,ocgt,2021-02-06 03:00:00,0.9999999999999987
DE6,ocgt,2021-02-06 06:00:00,0.9999999999999987
DE6,ocgt,2021-02-06 09:00:00,0.9999999999999987
DE6,ocgt,2021-02-06 12:00:00,0.9999999999999987
DE6,ocgt,2021-02-06 15:00:00,0.9999999999999987
DE6,ocgt,2021-02-06 18:00:00,0.9999999999999987
DE6,ocgt,2021-02-06 21:00:00,0.9999999999999987
DE6,ocgt,2021-02-07 00:00:00,0.9999999999999987
DE6,ocgt,2021-02-07 03:00:00,0.9999999999999987
DE6,ocgt,2021-02-07 06:00:00,0.9999999999999987
DE6,ocgt,2021-02-07 09:00:00,0.9999999999999987
DE6,ocgt,2021-02-07 12:00:00,0.9999999999999987
DE6,ocgt,2021-02-07 15:00:00,0.9999999999999987
DE6,ocgt,2021-02-07 18:00:00,0.9999999999999987
DE6,ocgt,2021-02-07 21:00:00,0.9999999999999987
DE6,ocgt,2021-02-08 00:00:00,0.9999999999999987
DE6,ocgt,2021-02-08 03:00:00,0.9999999999999987
DE6,ocgt,2021-02-08 06:00:00,0.9999999999999987
DE6,ocgt,2021-02-08 09:00:00,0.9999999999999987
DE6,ocgt,2021-02-08 12:00:00,0.9999999999999987
DE6,ocgt,2021-02-08 15:00:00,0.9999999999999987
DE6,ocgt,2021-02-08 18:00:00,0.9999999999999987
DE6,ocgt,2021-02-08 21:00:00,0.9999999999999987
DE6,ocgt,2021-02-09 00:00:00,0.9999999999999987
DE6,ocgt,2021-02-09 03:00:00,0.9999999999999987
DE6,ocgt,2021-02-09 06:00:00,0.9999999999999987
DE6,ocgt,2021-02-09 09:00:00,0.9999999999999987
DE6,ocgt,2021-02-09 12:00:00,0.9999999999999987
DE6,ocgt,2021-02-09 15:00:00,0.9999999999999987
DE6,ocgt,2021-02-09 18:00:00,0.9999999999999987
DE6,ocgt,2021-02-09 21:00:00,0.9999999999999987
DE6,ocgt,2021-02-10 00:00:00,0.9999999999999987
DE6,ocgt,2021-02-10 03:00:00,0.9999999999999987
DE6,ocgt,2021-02-10 06:00:00,0.9999999999999987
DE6,ocgt,2021-02-10 09:00:00,0.9999999999999987
DE6,ocgt,2021-02-10 12:00:00,0.9999999999999987
DE6,ocgt,2021-02-10 15:00:00,0.9999999999999987
DE6,ocgt,2021-02-10 18:00:00,0.9999999999999987
DE6,ocgt,2021-02-10 21:00:00,0.9999999999999987
DE6,ocgt,2021-02-11 00:00:00,0.9999999999999987
DE6,ocgt,2021-02-11 03:00:00,0.9999999999999987
DE6,ocgt,2021-02-11 06:00:00,0.9999999999999987
DE6,ocgt,2021-02-11 09:00:00,0.9999999999999987
DE6,ocgt,2021-02-11 12:00:00,0.9999999999999987
DE6,ocgt,2021-02-11 15:00:00,0.9999999999999987
DE6,ocgt,2021-02-11 18:00:00,0.9999999999999987
DE6,ocgt,2021-02-11 21:00:00,0.9999999999999987
DE6,ocgt,2021-02-12 00:00:00,0.9999999999999987
DE6,ocgt,2021-02-12 03:00:00,0.9999999999999987
DE6,ocgt,2021-02-12 06:00:00,0.9999999999999987
DE6,ocgt,2021-02-12 09:00:00,0.9999999999999987
DE6,ocgt,2021-02-12 12:00:00,0.9999999999999987
DE6,ocgt,2021-02-12 15:00:00,0.9999999999999987
DE6,ocgt,2021-02-12 18:00:00,0.9999999999999987
DE6,ocgt,2021-02-12 21:00:00,0.9999999999999987
DE6,ocgt,2021-02-13 00:00:00,0.9999999999999987
DE6,ocgt,2021-02-13 03:00:00,0.9999999999999987
DE6,ocgt,2021-02-13 06:00:00,0.9999999999999987
DE6,ocgt,2021-02-13 09:00:00,0.9999999999999987
DE6,ocgt,2021-02-13 12:00:00,0.9999999999999987
DE6,ocgt,2021-02-13 15:00:00,0.9999999999999987
DE6,ocgt,2021-02-13 18:00:00,0.9999999999999987
DE6,ocgt,2021-02-13 21:00:00,0.9999999999999987
DE6,ocgt,2021-02-14 00:00:00,0.9999999999999987
DE6,ocgt,2021-02-14 03:00:00,0.9999999999999987
DE6,ocgt,2021-02-14 06:00:00,0.9999999999999987
DE6,ocgt,2021-02-14 09:00:00,0.9999999999999987
DE6,ocgt,2021-02-14 12:00:00,0.9999999999999987
DE6,ocgt,2021-02-14 15:00:00,0.9999999999999987
DE6,ocgt,2021-02-14 18:00:00,0.9999999999999987
DE6,ocgt,2021-02-14 21:00:00,0.9999999999999987
DE6,oil,2021-01-18 00:00:00,1.0
DE6,oil,2021-01-18 03:00:00,1.0
DE6,oil,2021-01-18 06:00:00,1.0
DE6,oil,2021-01-18 09:00:00,1.0
DE6,oil,2021-01-18 12:00:00,1.0
DE6,oil,2021-01-18 15:00:00,1.0
DE6,oil,2021-01-18 18:00:00,1.0
DE6,oil,2021-01-18 21:00:00,1.0
DE6,oil,2021-01-19 00:00:00,1.0
DE6,oil,2021-01-19 03:00:00,1.0
DE6,oil,2021-01-19 06:00:00,1.0
DE6,oil,2021-01-19 09:00:00,1.0
DE6,oil,2021-01-19 12:00:00,1.0
DE6,oil,2021-01-19 15:00:00,1.0
DE6,oil,2021-01-19 18:00:00,1.0
DE6,oil,2021-01-19 21:00:00,1.0
DE6,oil,2021-01-20 00:00:00,1.0
DE6,oil,2021-01-20 03:00:00,1.0
DE6,oil,2021-01-20 06:00:00,1.0
DE6,oil,2021-01-20 09:00:00,1.0
DE6,oil,2021-01-20 12:00:00,1.0
DE6,oil,2021-01-20 15:00:00,1.0
DE6,oil,2021-01-20 18:00:00,1.0
DE6,oil,2021-01-20 21:00:00,1.0
DE6,oil,2021-01-21 00:00:00,1.0
DE6,oil,2021-01-21 03:00:00,1.0
DE6,oil,2021-01-21 06:00:00,1.0
DE6,oil,2021-01-21 09:00:00,1.0
DE6,oil,2021-01-21 12:00:00,1.0
DE6,oil,2021-01-21 15:00:00,1.0
DE6,oil,2021-01-21 18:00:00,1.0
DE6,oil,2021-01-21 21:00:00,1.0
DE6,oil,2021-01-22 00:00:00,1.0
DE6,oil,2021-01-22 03:00:00,1.0
DE6,oil,2021-01-22 06:00:00,1.0
DE6,oil,2021-01-22 09:00:00,1.0
DE6,oil,2021-01-22 12:00:00,1.0
DE6,oil,2021-01-22 15:00:00,1.0
DE6,oil,2021-01-22 18:00:00,1.0
DE6,oil,2021-01-22 21:00:00,1.0
DE6,oil,2021-01-23 00:00:00,1.0
DE6,oil,2021-01-23 03:00:00,1.0
DE6,oil,2021-01-23 06:00:00,1.0
DE6,oil,2021-01-23 09:00:00,1.0
DE6,oil,2021-01-23 12:00:00,1.0
DE6,oil,2021-01-23 15:00:00,1.0
DE6,oil,2021-01-23 18:00:00,1.0
DE6,oil,2021-01-23 21:00:00,1.0
DE6,oil,2021-01-24 00:00:00,1.0
DE6,oil,2021-01-24 03:00:00,1.0
DE6,oil,2021-01-24 06:00:00,1.0
DE6,oil,2021-01-24 09:00:00,1.0
DE6,oil,2021-01-24 12:00:00,1.0
DE6,oil,2021-01-24 15:00:00,1.0
DE6,oil,2021-01-24 18:00:00,1.0
DE6,oil,2021-01-24 21:00:00,1.0
DE6,oil,2021-01-25 00:00:00,1.0
DE6,oil,2021-01-25 03:00:00,1.0
DE6,oil,2021-01-25 06:00:00,1.0
DE6,oil,2021-01-25 09:00:00,1.0
DE6,oil,2021-01-25 12:00:00,1.0
DE6,oil,2021-01-25 15:00:00,1.0
DE6,oil,2021-01-25 18:00:00,1.0
DE6,oil,2021-01-25 21:00:00,1.0
DE6,oil,2021-01-26 00:00:00,1.0
DE6,oil,2021-01-26 03:00:00,1.0
DE6,oil,2021-01-26 06:00:00,1.0
DE6,oil,2021-01-26 09:00:00,1.0
DE6,oil,2021-01-26 12:00:00,1.0
DE6,oil,2021-01-26 15:00:00,1.0
DE6,oil,2021-01-26 18:00:00,1.0
DE6,oil,2021-01-26 21:00:00,1.0
DE6,oil,2021-01-27 00:00:00,1.0
DE6,oil,2021-01-27 03:00:00,1.0
DE6,oil,2021-01-27 06:00:00,1.0
DE6,oil,2021-01-27 09:00:00,1.0
DE6,oil,2021-01-27 12:00:00,1.0
DE6,oil,2021-01-27 15:00:00,1.0
DE6,oil,2021-01-27 18:00:00,1.0
DE6,oil,2021-01-27 21:00:00,1.0
DE6,oil,2021-01-28 00:00:00,1.0
DE6,oil,2021-01-28 03:00:00,1.0
DE6,oil,2021-01-28 06:00:00,1.0
DE6,oil,2021-01-28 09:00:00,1.0
DE6,oil,2021-01-28 12:00:00,1.0
DE6,oil,2021-01-28 15:00:00,1.0
DE6,oil,2021-01-28 18:00:00,1.0
DE6,oil,2021-01-28 21:00:00,1.0
DE6,oil,2021-01-29 00:00:00,1.0
DE6,oil,2021-01-29 03:00:00,1.0
DE6,oil,2021-01-29 06:00:00,1.0
DE6,oil,2021-01-29 09:00:00,1.0
DE6,oil,2021-01-29 12:00:00,1.0
DE6,oil,2021-01-29 15:00:00,1.0
DE6,oil,2021-01-29 18:00:00,1.0
DE6,oil,2021-01-29 21:00:00,1.0
DE6,oil,2021-01-30 00:00:00,1.0
DE6,oil,2021-01-30 03:00:00,1.0
DE6,oil,2021-01-30 06:00:00,1.0
DE6,oil,2021-01-30 09:00:00,1.0
DE6,oil,2021-01-30 12:00:00,1.0
DE6,oil,2021-01-30 15:00:00,1.0
DE6,oil,2021-01-30 18:00:00,1.0
DE6,oil,2021-01-30 21:00:00,1.0
DE6,oil,2021-01-31 00:00:00,1.0
DE6,oil,2021-01-31 03:00:00,1.0
DE6,oil,2021-01-31 06:00:00,1.0
DE6,oil,2021-01-31 09:00:00,1.0
DE6,oil,2021-01-31 12:00:00,1.0
DE6,oil,2021-01-31 15:00:00,1.0
DE6,oil,2021-01-31 18:00:00,1.0
DE6,oil,2021-01-31 21:00:00,1.0
DE6,oil,2021-02-01 00:00:00,1.0
DE6,oil,2021-02-01 03:00:00,1.0
DE6,oil,2021-02-01 06:00:00,1.0
DE6,oil,2021-02-01 09:00:00,1.0
DE6,oil,2021-02-01 12:00:00,1.0
DE6,oil,2021-02-01 15:00:00,1.0
DE6,oil,2021-02-01 18:00:00,1.0
DE6,oil,2021-02-01 21:00:00,1.0
DE6,oil,2021-02-02 00:00:00,1.0
DE6,oil,2021-02-02 03:00:00,1.0
DE6,oil,2021-02-02 06:00:00,1.0
DE6,oil,2021-02-02 09:00:00,1.0
DE6,oil,2021-02-02 12:00:00,1.0
DE6,oil,2021-02-02 15:00:00,1.0
DE6,oil,2021-02-02 18:00:00,1.0
DE6,oil,2021-02-02 21:00:00,1.0
DE6,oil,2021-02-03 00:00:00,1.0
DE6,oil,2021-02-03 03:00:00,1.0
DE6,oil,2021-02-03 06:00:00,1.0
DE6,oil,2021-02-03 09:00:00,1.0
DE6,oil,2021-02-03 12:00:00,1.0
DE6,oil,2021-02-03 15:00:00,1.0
DE6,oil,2021-02-03 18:00:00,1.0
DE6,oil,2021-02-03 21:00:00,1.0
DE6,oil,2021-02-04 00:00:00,1.0
DE6,oil,2021-02-04 03:00:00,1.0
DE6,oil,2021-02-04 06:00:00,1.0
DE6,oil,2021-02-04 09:00:00,1.0
DE6,oil,2021-02-04 12:00:00,1.0
DE6,oil,2021-02-04 15:00:00,1.0
DE6,oil,2021-02-04 18:00:00,1.0
DE6,oil,2021-02-04 21:00:00,1.0
DE6,oil,2021-02-05 00:00:00,1.0
DE6,oil,2021-02-05 03:00:00,1.0
DE6,oil,2021-02-05 06:00:00,1.0
DE6,oil,2021-02-05 09:00:00,1.0
DE6,oil,2021-02-05 12:00:00,1.0
DE6,oil,2021-02-05 15:00:00,1.0
DE6,oil,2021-02-05 18:00:00,1.0
DE6,oil,2021-02-05 21:00:00,1.0
DE6,oil,2021-02-06 00:00:00,1.0
DE6,oil,2021-02-06 03:00:00,1.0
DE6,oil,2021-02-06 06:00:00,1.0
DE6,oil,2021-02-06 09:00:00,1.0
DE6,oil,2021-02-06 12:00:00,1.0
DE6,oil,2021-02-06 15:00:00,1.0
DE6,oil,2021-02-06 18:00:00,1.0
DE6,oil,2021-02-06 21:00:00,1.0
DE6,oil,2021-02-07 00:00:00,1.0
DE6,oil,2021-02-07 03:00:00,1.0
DE6,oil,2021-02-07 06:00:00,1.0
DE6,oil,2021-02-07 09:00:00,1.0
DE6,oil,2021-02-07 12:00:00,1.0
DE6,oil,2021-02-07 15:00:00,1.0
DE6,oil,2021-02-07 18:00:00,1.0
DE6,oil,2021-02-07 21:00:00,1.0
DE6,oil,2021-02-08 00:00:00,1.0
DE6,oil,2021-02-08 03:00:00,1.0
DE6,oil,2021-02-08 06:00:00,1.0
DE6,oil,2021-02-08 09:00:00,1.0
DE6,oil,2021-02-08 12:00:00,1.0
DE6,oil,2021-02-08 15:00:00,1.0
DE6,oil,2021-02-08 18:00:00,1.0
DE6,oil,2021-02-08 21:00:00,1.0
DE6,oil,2021-02-09 00:00:00,1.0
DE6,oil,2021-02-09 03:00:00,1.0
DE6,oil,2021-02-09 06:00:00,1.0
DE6,oil,2021-02-09 09:00:00,1.0
DE6,oil,2021-02-09 12:00:00,1.0
DE6,oil,2021-02-09 15:00:00,1.0
DE6,oil,2021-02-09 18:00:00,1.0
DE6,oil,2021-02-09 21:00:00,1.0
DE6,oil,2021-02-10 00:00:00,1.0
DE6,oil,2021-02-10 03:00:00,1.0
DE6,oil,2021-02-10 06:00:00,1.0
DE6,oil,2021-02-10 09:00:00,1.0
DE6,oil,2021-02-10 12:00:00,1.0
DE6,oil,2021-02-10 15:00:00,1.0
DE6,oil,2021-02-10 18:00:00,1.0
DE6,oil,2021-02-10 21:00:00,1.0
DE6,oil,2021-02-11 00:00:00,1.0
DE6,oil,2021-02-11 03:00:00,1.0
DE6,oil,2021-02-11 06:00:00,1.0
DE6,oil,2021-02-11 09:00:00,1.0
DE6,oil,2021-02-11 12:00:00,1.0
DE6,oil,2021-02-11 15:00:00,1.0
DE6,oil,2021-02-11 18:00:00,1.0
DE6,oil,2021-02-11 21:00:00,1.0
DE6,oil,2021-02-12 00:00:00,1.0
DE6,oil,2021-02-12 03:00:00,1.0
DE6,oil,2021-02-12 06:00:00,1.0
DE6,oil,2021-02-12 09:00:00,1.0
DE6,oil,2021-02-12 12:00:00,1.0
DE6,oil,2021-02-12 15:00:00,1.0
DE6,oil,2021-02-12 18:00:00,1.0
DE6,oil,2021-02-12 21:00:00,1.0
DE6,oil,2021-02-13 00:00:00,1.0
DE6,oil,2021-02-13 03:00:00,1.0
DE6,oil,2021-02-13 06:00:00,1.0
DE6,oil,2021-02-13 09:00:00,1.0
DE6,oil,2021-02-13 12:00:00,1.0
DE6,oil,2021-02-13 15:00:00,1.0
DE6,oil,2021-02-13 18:00:00,1.0
DE6,oil,2021-02-13 21:00:00,1.0
DE6,oil,2021-02-14 00:00:00,1.0
DE6,oil,2021-02-14 03:00:00,1.0
DE6,oil,2021-02-14 06:00:00,1.0
DE6,oil,2021-02-14 09:00:00,1.0
DE6,oil,2021-02-14 12:00:00,1.0
DE6,oil,2021-02-14 15:00:00,1.0
DE6,oil,2021-02-14 18:00:00,1.0
DE6,oil,2021-02-14 21:00:00,1.0
DE6,onwind,2021-01-18 00:00:00,0.177829675114539
DE6,onwind,2021-01-18 03:00:00,0.2771464644153694
DE6,onwind,2021-01-18 06:00:00,0.2794518611494619
DE6,onwind,2021-01-18 09:00:00,0.2651949975762235
DE6,onwind,2021-01-18 12:00:00,0.34834882005006734
DE6,onwind,2021-01-18 15:00:00,0.3564342909028712
DE6,onwind,2021-01-18 18:00:00,0.5005466647276228
DE6,onwind,2021-01-18 21:00:00,0.4904440397131903
DE6,onwind,2021-01-19 00:00:00,0.4849624530981964
DE6,onwind,2021-01-19 03:00:00,0.5298216766236201
DE6,onwind,2021-01-19 06:00:00,0.5935608420760022
DE6,onwind,2021-01-19 09:00:00,0.6269432167835969
DE6,onwind,2021-01-19 12:00:00,0.7961512506386501
DE6,onwind,2021-01-19 15:00:00,0.9186902748136936
DE6,onwind,2021-01-19 18:00:00,0.7890153707701615
DE6,onwind,2021-01-19 21:00:00,0.5207561078266572
DE6,onwind,2021-01-20 00:00:00,0.5475439228723155
DE6,onwind,2021-01-20 03:00:00,0.5978273916441117
DE6,onwind,2021-01-20 06:00:00,0.5787309658395215
DE6,onwind,2021-01-20 09:00:00,0.474105805364808
DE6,onwind,2021-01-20 12:00:00,0.4078537154723569
DE6,onwind,2021-01-20 15:00:00,0.4503191815371027
DE6,onwind,2021-01-20 18:00:00,0.4715775608418623
DE6,onwind,2021-01-20 21:00:00,0.4981759132781038
DE6,onwind,2021-01-21 00:00:00,0.5946760872090655
DE6,onwind,2021-01-21 03:00:00,0.7520627763208685
DE6,onwind,2021-01-21 06:00:00,0.8817635573135424
DE6,onwind,2021-01-21 09:00:00,0.8783363496901624
DE6,onwind,2021-01-21 12:00:00,0.7454414555360218
DE6,onwind,2021-01-21 15:00:00,0.5713149328933983
DE6,onwind,2021-01-21 18:00:00,0.6126789244806304
DE6,onwind,2021-01-21 21:00:00,0.7511573437043003
DE6,onwind,2021-01-22 00:00:00,0.8037452050651753
DE6,onwind,2021-01-22 03:00:00,0.9287691816122638
DE6,onwind,2021-01-22 06:00:00,0.8301506564481386
DE6,onwind,2021-01-22 09:00:00,0.3815964305779605
DE6,onwind,2021-01-22 12:00:00,0.11008414853084832
DE6,onwind,2021-01-22 15:00:00,0.0370232390320354
DE6,onwind,2021-01-22 18:00:00,0.11443791935315191
DE6,onwind,2021-01-22 21:00:00,0.17904594294915996
DE6,onwind,2021-01-23 00:00:00,0.2670311250814044
DE6,onwind,2021-01-23 03:00:00,0.3379348438779939
DE6,onwind,2021-01-23 06:00:00,0.3062179890788812
DE6,onwind,2021-01-23 09:00:00,0.1089233585080367
DE6,onwind,2021-01-23 12:00:00,0.0234011437243844
DE6,onwind,2021-01-23 15:00:00,0.0469235862636086
DE6,onwind,2021-01-23 18:00:00,0.1055154033886935
DE6,onwind,2021-01-23 21:00:00,0.1684210565791344
DE6,onwind,2021-01-24 00:00:00,0.1661562162850506
DE6,onwind,2021-01-24 03:00:00,0.3006412978012841
DE6,onwind,2021-01-24 06:00:00,0.6189778726581011
DE6,onwind,2021-01-24 09:00:00,0.6767122641927366
DE6,onwind,2021-01-24 12:00:00,0.6507898993639237
DE6,onwind,2021-01-24 15:00:00,0.4611796515480228
DE6,onwind,2021-01-24 18:00:00,0.2139103256992708
DE6,onwind,2021-01-24 21:00:00,0.0854557265341164
DE6,onwind,2021-01-25 00:00:00,0.038511179823398
DE6,onwind,2021-01-25 03:00:00,0.0340607332394976
DE6,onwind,2021-01-25 06:00:00,0.0194374421451417
DE6,onwind,2021-01-25 09:00:00,0.0
DE6,onwind,2021-01-25 12:00:00,0.0
DE6,onwind,2021-01-25 15:00:00,0.0
DE6,onwind,2021-01-25 18:00:00,0.0290119577814281
DE6,onwind,2021-01-25 21:00:00,0.0590092852485938
DE6,onwind,2021-01-26 00:00:00,0.0983983294915699
DE6,onwind,2021-01-26 03:00:00,0.18797312064774238
DE6,onwind,2021-01-26 06:00:00,0.2795735345472584
DE6,onwind,2021-01-26 09:00:00,0.2033954217064351
DE6,onwind,2021-01-26 12:00:00,0.1883440982986093
DE6,onwind,2021-01-26 15:00:00,0.1241972065561243
DE6,onwind,2021-01-26 18:00:00,0.0664009609842506
DE6,onwind,2021-01-26 21:00:00,0.0358069956072689
DE6,onwind,2021-01-27 00:00:00,0.0311054392063619
DE6,onwind,2021-01-27 03:00:00,0.0251382195284068
DE6,onwind,2021-01-27 06:00:00,0.0190276107979637
DE6,onwind,2021-01-27 09:00:00,0.021847531395459
DE6,onwind,2021-01-27 12:00:00,0.0311263640673608
DE6,onwind,2021-01-27 15:00:00,0.0369218332502734
DE6,onwind,2021-01-27 18:00:00,0.039241426393539704
DE6,onwind,2021-01-27 21:00:00,0.04444525207794571
DE6,onwind,2021-01-28 00:00:00,0.045041134020087206
DE6,onwind,2021-01-28 03:00:00,0.0477756392858941
DE6,onwind,2021-01-28 06:00:00,0.0346692779538312
DE6,onwind,2021-01-28 09:00:00,0.0319578399840244
DE6,onwind,2021-01-28 12:00:00,0.04020402112306369
DE6,onwind,2021-01-28 15:00:00,0.0645733453583514
DE6,onwind,2021-01-28 18:00:00,0.0704076966019442
DE6,onwind,2021-01-28 21:00:00,0.0454427720306425
DE6,onwind,2021-01-29 00:00:00,0.0239798720720078
DE6,onwind,2021-01-29 03:00:00,0.0220394631383537
DE6,onwind,2021-01-29 06:00:00,0.0707280060015337
DE6,onwind,2021-01-29 09:00:00,0.1439455015777023
DE6,onwind,2021-01-29 12:00:00,0.1796925248223238
DE6,onwind,2021-01-29 15:00:00,0.1638965321924501
DE6,onwind,2021-01-29 18:00:00,0.1482871026236941
DE6,onwind,2021-01-29 21:00:00,0.1334019170814815
DE6,onwind,2021-01-30 00:00:00,0.166810054927549
DE6,onwind,2021-01-30 03:00:00,0.1616002824390316
DE6,onwind,2021-01-30 06:00:00,0.0915475611833265
DE6,onwind,2021-01-30 09:00:00,0.0308377590144383
DE6,onwind,2021-01-30 12:00:00,0.014396224111566502
DE6,onwind,2021-01-30 15:00:00,0.0256314239455313
DE6,onwind,2021-01-30 18:00:00,0.0406275534267082
DE6,onwind,2021-01-30 21:00:00,0.0368013626680077
DE6,onwind,2021-01-31 00:00:00,0.027527379310636
DE6,onwind,2021-01-31 03:00:00,0.025316659365844797
DE6,onwind,2021-01-31 06:00:00,0.0231926791470077
DE6,onwind,2021-01-31 09:00:00,0.011337812311413
DE6,onwind,2021-01-31 12:00:00,0.0064490232342318
DE6,onwind,2021-01-31 15:00:00,0.0153141271701708
DE6,onwind,2021-01-31 18:00:00,0.0320200229933196
DE6,onwind,2021-01-31 21:00:00,0.0345423972165409
DE6,onwind,2021-02-01 00:00:00,0.0401657676655204
DE6,onwind,2021-02-01 03:00:00,0.04032217769054659
DE6,onwind,2021-02-01 06:00:00,0.0406172449301654
DE6,onwind,2021-02-01 09:00:00,0.0238325904547627
DE6,onwind,2021-02-01 12:00:00,0.0164367569841195
DE6,onwind,2021-02-01 15:00:00,0.0169809285214933
DE6,onwind,2021-02-01 18:00:00,0.0162162470974826
DE6,onwind,2021-02-01 21:00:00,0.0126495443073609
DE6,onwind,2021-02-02 00:00:00,0.0186682089579643
DE6,onwind,2021-02-02 03:00:00,0.028344594170282397
DE6,onwind,2021-02-02 06:00:00,0.0340822667896856
DE6,onwind,2021-02-02 09:00:00,0.0279891132568482
DE6,onwind,2021-02-02 12:00:00,0.0525358627707538
DE6,onwind,2021-02-02 15:00:00,0.0906846798372812
DE6,onwind,2021-02-02 18:00:00,0.0989482337891996
DE6,onwind,2021-02-02 21:00:00,0.1008763179587161
DE6,onwind,2021-02-03 00:00:00,0.0873533824661124
DE6,onwind,2021-02-03 03:00:00,0.0764889301568195
DE6,onwind,2021-02-03 06:00:00,0.0590562205436518
DE6,onwind,2021-02-03 09:00:00,0.031168539563539696
DE6,onwind,2021-02-03 12:00:00,0.0927510398225301
DE6,onwind,2021-02-03 15:00:00,0.1885700145939334
DE6,onwind,2021-02-03 18:00:00,0.1840268802414589
DE6,onwind,2021-02-03 21:00:00,0.18809348244865257
DE6,onwind,2021-02-04 00:00:00,0.18371090043300387
DE6,onwind,2021-02-04 03:00:00,0.1632675417547898
DE6,onwind,2021-02-04 06:00:00,0.1004499555180301
DE6,onwind,2021-02-04 09:00:00,0.0565050831625569
DE6,onwind,2021-02-04 12:00:00,0.0276813778919596
DE6,onwind,2021-02-04 15:00:00,0.0043054432462843
DE6,onwind,2021-02-04 18:00:00,0.0
DE6,onwind,2021-02-04 21:00:00,0.0099514534358505
DE6,onwind,2021-02-05 00:00:00,0.0217045131976053
DE6,onwind,2021-02-05 03:00:00,0.0148733664574298
DE6,onwind,2021-02-05 06:00:00,0.0084590547634235
DE6,onwind,2021-02-05 09:00:00,0.0049436293455218
DE6,onwind,2021-02-05 12:00:00,0.0
DE6,onwind,2021-02-05 15:00:00,0.0
DE6,onwind,2021-02-05 18:00:00,0.0
DE6,onwind,2021-02-05 21:00:00,0.005899301153417
DE6,onwind,2021-02-06 00:00:00,0.013318170679879
DE6,onwind,2021-02-06 03:00:00,0.0240998107674098
DE6,onwind,2021-02-06 06:00:00,0.0353866043288026
DE6,onwind,2021-02-06 09:00:00,0.0489152529820751
DE6,onwind,2021-02-06 12:00:00,0.0988861663330865
DE6,onwind,2021-02-06 15:00:00,0.1836625826238365
DE6,onwind,2021-02-06 18:00:00,0.2668385142627728
DE6,onwind,2021-02-06 21:00:00,0.2613701651106903
DE6,onwind,2021-02-07 00:00:00,0.2565466330666657
DE6,onwind,2021-02-07 03:00:00,0.2979154413988962
DE6,onwind,2021-02-07 06:00:00,0.3358617369255227
DE6,onwind,2021-02-07 09:00:00,0.1944300511263944
DE6,onwind,2021-02-07 12:00:00,0.139408533376804
DE6,onwind,2021-02-07 15:00:00,0.1824208239784627
DE6,onwind,2021-02-07 18:00:00,0.1731183828401828
DE6,onwind,2021-02-07 21:00:00,0.1184079663052009
DE6,onwind,2021-02-08 00:00:00,0.0867754032764523
DE6,onwind,2021-02-08 03:00:00,0.0619296499344253
DE6,onwind,2021-02-08 06:00:00,0.0499106910677712
DE6,onwind,2021-02-08 09:00:00,0.030359784113033104
DE6,onwind,2021-02-08 12:00:00,0.0369277558555813
DE6,onwind,2021-02-08 15:00:00,0.0525856869722655
DE6,onwind,2021-02-08 18:00:00,0.0489049707386439
DE6,onwind,2021-02-08 21:00:00,0.0212725589100089
DE6,onwind,2021-02-09 00:00:00,0.003494469186921
DE6,onwind,2021-02-09 03:00:00,0.0025031079778797
DE6,onwind,2021-02-09 06:00:00,0.0024097174597604997
DE6,onwind,2021-02-09 09:00:00,0.0003062524278248
DE6,onwind,2021-02-09 12:00:00,0.00023733547316120003
DE6,onwind,2021-02-09 15:00:00,0.0071193697723105
DE6,onwind,2021-02-09 18:00:00,0.0300862833964348
DE6,onwind,2021-02-09 21:00:00,0.0269235396109509
DE6,onwind,2021-02-10 00:00:00,0.0578399933649042
DE6,onwind,2021-02-10 03:00:00,0.0949243726488782
DE6,onwind,2021-02-10 06:00:00,0.1514438838378605
DE6,onwind,2021-02-10 09:00:00,0.1088885880954281
DE6,onwind,2021-02-10 12:00:00,0.1238201495544265
DE6,onwind,2021-02-10 15:00:00,0.1741602812604229
DE6,onwind,2021-02-10 18:00:00,0.1558732404598406
DE6,onwind,2021-02-10 21:00:00,0.0804554369041895
DE6,onwind,2021-02-11 00:00:00,0.0564100031481125
DE6,onwind,2021-02-11 03:00:00,0.0593516732020702
DE6,onwind,2021-02-11 06:00:00,0.059302081242691
DE6,onwind,2021-02-11 09:00:00,0.0428273208870412
DE6,onwind,2021-02-11 12:00:00,0.04256425939064211
DE6,onwind,2021-02-11 15:00:00,0.0330998826200106
DE6,onwind,2021-02-11 18:00:00,0.0419301284403564
DE6,onwind,2021-02-11 21:00:00,0.04663753872479389
DE6,onwind,2021-02-12 00:00:00,0.0401093770457371
DE6,onwind,2021-02-12 03:00:00,0.0662311343408445
DE6,onwind,2021-02-12 06:00:00,0.1019606507869373
DE6,onwind,2021-02-12 09:00:00,0.0903131228593334
DE6,onwind,2021-02-12 12:00:00,0.1825179203486735
DE6,onwind,2021-02-12 15:00:00,0.2434908533456142
DE6,onwind,2021-02-12 18:00:00,0.3265243346996132
DE6,onwind,2021-02-12 21:00:00,0.3188009523684565
DE6,onwind,2021-02-13 00:00:00,0.2418321168730635
DE6,onwind,2021-02-13 03:00:00,0.1887422088605959
DE6,onwind,2021-02-13 06:00:00,0.1731703955728025
DE6,onwind,2021-02-13 09:00:00,0.09272594882728688
DE6,onwind,2021-02-13 12:00:00,0.1246149985114585
DE6,onwind,2021-02-13 15:00:00,0.0820346485458685
DE6,onwind,2021-02-13 18:00:00,0.1155782454657388
DE6,onwind,2021-02-13 21:00:00,0.0756611473590368
DE6,onwind,2021-02-14 00:00:00,0.060921504553162496
DE6,onwind,2021-02-14 03:00:00,0.0519356433210063
DE6,onwind,2021-02-14 06:00:00,0.04220043700892069
DE6,onwind,2021-02-14 09:00:00,0.0159568641055314
DE6,onwind,2021-02-14 12:00:00,0.0112933450582372
DE6,onwind,2021-02-14 15:00:00,0.0320793578893884
DE6,onwind,2021-02-14 18:00:00,0.16293981466346114
DE6,onwind,2021-02-14 21:00:00,0.2803840461595202
DE6,solar,2021-01-18 00:00:00,0.0
DE6,solar,2021-01-18 03:00:00,0.0
DE6,solar,2021-01-18 06:00:00,0.0179633819440026
DE6,solar,2021-01-18 09:00:00,0.062870206292455
DE6,solar,2021-01-18 12:00:00,0.0454839882063037
DE6,solar,2021-01-18 15:00:00,0.0002070954289247
DE6,solar,2021-01-18 18:00:00,0.0
DE6,solar,2021-01-18 21:00:00,0.0
DE6,solar,2021-01-19 00:00:00,0.0
DE6,solar,2021-01-19 03:00:00,0.0
DE6,solar,2021-01-19 06:00:00,0.0166825229134866
DE6,solar,2021-01-19 09:00:00,0.0757402934066997
DE6,solar,2021-01-19 12:00:00,0.0374676594147392
DE6,solar,2021-01-19 15:00:00,9.963623862156064e-05
DE6,solar,2021-01-19 18:00:00,0.0
DE6,solar,2021-01-19 21:00:00,0.0
DE6,solar,2021-01-20 00:00:00,0.0
DE6,solar,2021-01-20 03:00:00,0.0
DE6,solar,2021-01-20 06:00:00,0.0373500678721609
DE6,solar,2021-01-20 09:00:00,0.2400451152137405
DE6,solar,2021-01-20 12:00:00,0.2169479469000979
DE6,solar,2021-01-20 15:00:00,0.0037803785918548004
DE6,solar,2021-01-20 18:00:00,0.0
DE6,solar,2021-01-20 21:00:00,0.0
DE6,solar,2021-01-21 00:00:00,0.0
DE6,solar,2021-01-21 03:00:00,0.0
DE6,solar,2021-01-21 06:00:00,0.0573331047040354
DE6,solar,2021-01-21 09:00:00,0.2496495219867545
DE6,solar,2021-01-21 12:00:00,0.1068740154784528
DE6,solar,2021-01-21 15:00:00,0.0019567085236171
DE6,solar,2021-01-21 18:00:00,0.0
DE6,solar,2021-01-21 21:00:00,0.0
DE6,solar,2021-01-22 00:00:00,0.0
DE6,solar,2021-01-22 03:00:00,0.0
DE6,solar,2021-01-22 06:00:00,0.0549424470111793
DE6,solar,2021-01-22 09:00:00,0.2293293393704638
DE6,solar,2021-01-22 12:00:00,0.1231991838638248
DE6,solar,2021-01-22 15:00:00,0.0041851077466545
DE6,solar,2021-01-22 18:00:00,0.0
DE6,solar,2021-01-22 21:00:00,0.0
DE6,solar,2021-01-23 00:00:00,0.0
DE6,solar,2021-01-23 03:00:00,0.0
DE6,solar,2021-01-23 06:00:00,0.013779116287886698
DE6,solar,2021-01-23 09:00:00,0.1409680686271575
DE6,solar,2021-01-23 12:00:00,0.1331592484654539
DE6,solar,2021-01-23 15:00:00,0.0036667369252683006
DE6,solar,2021-01-23 18:00:00,0.0
DE6,solar,2021-01-23 21:00:00,0.0
DE6,solar,2021-01-24 00:00:00,0.0
DE6,solar,2021-01-24 03:00:00,0.0
DE6,solar,2021-01-24 06:00:00,0.0211374567023029
DE6,solar,2021-01-24 09:00:00,0.0882218881734702
DE6,solar,2021-01-24 12:00:00,0.0669974486906173
DE6,solar,2021-01-24 15:00:00,0.0034698913008356
DE6,solar,2021-01-24 18:00:00,0.0
DE6,solar,2021-01-24 21:00:00,0.0
DE6,solar,2021-01-25 00:00:00,0.0
DE6,solar,2021-01-25 03:00:00,0.0
DE6,solar,2021-01-25 06:00:00,0.0375965680748272
DE6,solar,2021-01-25 09:00:00,0.1887022241653502
DE6,solar,2021-01-25 12:00:00,0.1239502970555732
DE6,solar,2021-01-25 15:00:00,0.0
DE6,solar,2021-01-25 18:00:00,0.0
DE6,solar,2021-01-25 21:00:00,0.0
DE6,solar,2021-01-26 00:00:00,0.0
DE6,solar,2021-01-26 03:00:00,0.0
DE6,solar,2021-01-26 06:00:00,0.0101267714299489
DE6,solar,2021-01-26 09:00:00,0.0189262459786965
DE6,solar,2021-01-26 12:00:00,0.011742056415529702
DE6,solar,2021-01-26 15:00:00,0.0
DE6,solar,2021-01-26 18:00:00,0.0
DE6,solar,2021-01-26 21:00:00,0.0
DE6,solar,2021-01-27 00:00:00,0.0
DE6,solar,2021-01-27 03:00:00,0.0
DE6,solar,2021-01-27 06:00:00,0.0038615565630653
DE6,solar,2021-01-27 09:00:00,0.0257618529184499
DE6,solar,2021-01-27 12:00:00,0.017079095747148
DE6,solar,2021-01-27 15:00:00,0.0
DE6,solar,2021-01-27 18:00:00,0.0
DE6,solar,2021-01-27 21:00:00,0.0
DE6,solar,2021-01-28 00:00:00,0.0
DE6,solar,2021-01-28 03:00:00,0.0
DE6,solar,2021-01-28 06:00:00,0.0
DE6,solar,2021-01-28 09:00:00,0.006391282961326099
DE6,solar,2021-01-28 12:00:00,0.0066164163969003
DE6,solar,2021-01-28 15:00:00,0.0
DE6,solar,2021-01-28 18:00:00,0.0
DE6,solar,2021-01-28 21:00:00,0.0
DE6,solar,2021-01-29 00:00:00,0.0
DE6,solar,2021-01-29 03:00:00,0.0
DE6,solar,2021-01-29 06:00:00,0.0020426407832331
DE6,solar,2021-01-29 09:00:00,0.0118079950188055
DE6,solar,2021-01-29 12:00:00,0.0167924113918831
DE6,solar,2021-01-29 15:00:00,0.0
DE6,solar,2021-01-29 18:00:00,0.0
DE6,solar,2021-01-29 21:00:00,0.0
DE6,solar,2021-01-30 00:00:00,0.0
DE6,solar,2021-01-30 03:00:00,0.0
DE6,solar,2021-01-30 06:00:00,0.0040335000457954
DE6,solar,2021-01-30 09:00:00,0.0193697690763873
DE6,solar,2021-01-30 12:00:00,0.0178900229784751
DE6,solar,2021-01-30 15:00:00,0.0
DE6,solar,2021-01-30 18:00:00,0.0
DE6,solar,2021-01-30 21:00:00,0.0
DE6,solar,2021-01-31 00:00:00,0.0
DE6,solar,2021-01-31 03:00:00,0.0
DE6,solar,2021-01-31 06:00:00,0.012481114360680699
DE6,solar,2021-01-31 09:00:00,0.0706287103101127
DE6,solar,2021-01-31 12:00:00,0.05555158899876159
DE6,solar,2021-01-31 15:00:00,0.002967804630713
DE6,solar,2021-01-31 18:00:00,0.0
DE6,solar,2021-01-31 21:00:00,0.0
DE6,solar,2021-02-01 00:00:00,0.0
DE6,solar,2021-02-01 03:00:00,0.0
DE6,solar,2021-02-01 06:00:00,0.0062786845717284
DE6,solar,2021-02-01 09:00:00,0.024918710409994497
DE6,solar,2021-02-01 12:00:00,0.0197797349651706
DE6,solar,2021-02-01 15:00:00,0.0
DE6,solar,2021-02-01 18:00:00,0.0
DE6,solar,2021-02-01 21:00:00,0.0
DE6,solar,2021-02-02 00:00:00,0.0
DE6,solar,2021-02-02 03:00:00,0.0
DE6,solar,2021-02-02 06:00:00,0.0044465092451157
DE6,solar,2021-02-02 09:00:00,0.0183091403528438
DE6,solar,2021-02-02 12:00:00,0.012653406794384101
DE6,solar,2021-02-02 15:00:00,0.0
DE6,solar,2021-02-02 18:00:00,0.0
DE6,solar,2021-02-02 21:00:00,0.0
DE6,solar,2021-02-03 00:00:00,0.0
DE6,solar,2021-02-03 03:00:00,0.0
DE6,solar,2021-02-03 06:00:00,0.0
DE6,solar,2021-02-03 09:00:00,0.0109548884983193
DE6,solar,2021-02-03 12:00:00,0.0086566371676927
DE6,solar,2021-02-03 15:00:00,0.0
DE6,solar,2021-02-03 18:00:00,0.0
DE6,solar,2021-02-03 21:00:00,0.0
DE6,solar,2021-02-04 00:00:00,0.0
DE6,solar,2021-02-04 03:00:00,0.0
DE6,solar,2021-02-04 06:00:00,0.012008172509794302
DE6,solar,2021-02-04 09:00:00,0.06055601875960911
DE6,solar,2021-02-04 12:00:00,0.0569253357531764
DE6,solar,2021-02-04 15:00:00,0.0044617502652821
DE6,solar,2021-02-04 18:00:00,0.0
DE6,solar,2021-02-04 21:00:00,0.0
DE6,solar,2021-02-05 00:00:00,0.0
DE6,solar,2021-02-05 03:00:00,0.0
DE6,solar,2021-02-05 06:00:00,0.005380049108659
DE6,solar,2021-02-05 09:00:00,0.0200884439972178
DE6,solar,2021-02-05 12:00:00,0.0142079200295477
DE6,solar,2021-02-05 15:00:00,0.0
DE6,solar,2021-02-05 18:00:00,0.0
DE6,solar,2021-02-05 21:00:00,0.0
DE6,solar,2021-02-06 00:00:00,0.0
DE6,solar,2021-02-06 03:00:00,0.0
DE6,solar,2021-02-06 06:00:00,0.0026380066162136
DE6,solar,2021-02-06 09:00:00,0.0169314419710872
DE6,solar,2021-02-06 12:00:00,0.0120376125355562
DE6,solar,2021-02-06 15:00:00,0.0
DE6,solar,2021-02-06 18:00:00,0.0
DE6,solar,2021-02-06 21:00:00,0.0
DE6,solar,2021-02-07 00:00:00,0.0
DE6,solar,2021-02-07 03:00:00,0.0
DE6,solar,2021-02-07 06:00:00,0.0223830817537313
DE6,solar,2021-02-07 09:00:00,0.0930194266416631
DE6,solar,2021-02-07 12:00:00,0.0489453989954125
DE6,solar,2021-02-07 15:00:00,0.0
DE6,solar,2021-02-07 18:00:00,0.0
DE6,solar,2021-02-07 21:00:00,0.0
DE6,solar,2021-02-08 00:00:00,0.0
DE6,solar,2021-02-08 03:00:00,0.0
DE6,solar,2021-02-08 06:00:00,0.0379464520736359
DE6,solar,2021-02-08 09:00:00,0.0903405529873618
DE6,solar,2021-02-08 12:00:00,0.0682426394102083
DE6,solar,2021-02-08 15:00:00,0.011365644621551
DE6,solar,2021-02-08 18:00:00,0.0
DE6,solar,2021-02-08 21:00:00,0.0
DE6,solar,2021-02-09 00:00:00,0.0
DE6,solar,2021-02-09 03:00:00,0.0
DE6,solar,2021-02-09 06:00:00,0.0294679073629289
DE6,solar,2021-02-09 09:00:00,0.1265099563891114
DE6,solar,2021-02-09 12:00:00,0.0915334081223397
DE6,solar,2021-02-09 15:00:00,0.0120580526757948
DE6,solar,2021-02-09 18:00:00,0.0
DE6,solar,2021-02-09 21:00:00,0.0
DE6,solar,2021-02-10 00:00:00,0.0
DE6,solar,2021-02-10 03:00:00,0.0
DE6,solar,2021-02-10 06:00:00,0.052346590645804096
DE6,solar,2021-02-10 09:00:00,0.247409492694965
DE6,solar,2021-02-10 12:00:00,0.1755198647316729
DE6,solar,2021-02-10 15:00:00,0.0115527836919765
DE6,solar,2021-02-10 18:00:00,0.0
DE6,solar,2021-02-10 21:00:00,0.0
DE6,solar,2021-02-11 00:00:00,0.0
DE6,solar,2021-02-11 03:00:00,0.0
DE6,solar,2021-02-11 06:00:00,0.05588354517709361
DE6,solar,2021-02-11 09:00:00,0.1724982544049527
DE6,solar,2021-02-11 12:00:00,0.1067580266019873
DE6,solar,2021-02-11 15:00:00,0.0154740385043752
DE6,solar,2021-02-11 18:00:00,0.0
DE6,solar,2021-02-11 21:00:00,0.0
DE6,solar,2021-02-12 00:00:00,0.0
DE6,solar,2021-02-12 03:00:00,0.0
DE6,solar,2021-02-12 06:00:00,0.1223385327277342
DE6,solar,2021-02-12 09:00:00,0.4232066281181528
DE6,solar,2021-02-12 12:00:00,0.3221393340299068
DE6,solar,2021-02-12 15:00:00,0.0489991071110254
DE6,solar,2021-02-12 18:00:00,0.0
DE6,solar,2021-02-12 21:00:00,0.0
DE6,solar,2021-02-13 00:00:00,0.0
DE6,solar,2021-02-13 03:00:00,0.0
DE6,solar,2021-02-13 06:00:00,0.1455343948875645
DE6,solar,2021-02-13 09:00:00,0.5188760804329684
DE6,solar,2021-02-13 12:00:00,0.3918004118319476
DE6,solar,2021-02-13 15:00:00,0.0603217565092416
DE6,solar,2021-02-13 18:00:00,0.0
DE6,solar,2021-02-13 21:00:00,0.0
DE6,solar,2021-02-14 00:00:00,0.0
DE6,solar,2021-02-14 03:00:00,0.0
DE6,solar,2021-02-14 06:00:00,0.172940980736122
DE6,solar,2021-02-14 09:00:00,0.624060554665041
DE6,solar,2021-02-14 12:00:00,0.4833599994210793
DE6,solar,2021-02-14 15:00:00,0.0691217766723863
DE6,solar,2021-02-14 18:00:00,0.0
DE6,solar,2021-02-14 21:00:00,0.0
DE6,waste,2021-01-18 00:00:00,1.0
DE6,waste,2021-01-18 03:00:00,1.0
DE6,waste,2021-01-18 06:00:00,1.0
DE6,waste,2021-01-18 09:00:00,1.0
DE6,waste,2021-01-18 12:00:00,1.0
DE6,waste,2021-01-18 15:00:00,1.0
DE6,waste,2021-01-18 18:00:00,1.0
DE6,waste,2021-01-18 21:00:00,1.0
DE6,waste,2021-01-19 00:00:00,1.0
DE6,waste,2021-01-19 03:00:00,1.0
DE6,waste,2021-01-19 06:00:00,1.0
DE6,waste,2021-01-19 09:00:00,1.0
DE6,waste,2021-01-19 12:00:00,1.0
DE6,waste,2021-01-19 15:00:00,1.0
DE6,waste,2021-01-19 18:00:00,1.0
DE6,waste,2021-01-19 21:00:00,1.0
DE6,waste,2021-01-20 00:00:00,1.0
DE6,waste,2021-01-20 03:00:00,1.0
DE6,waste,2021-01-20 06:00:00,1.0
DE6,waste,2021-01-20 09:00:00,1.0
DE6,waste,2021-01-20 12:00:00,1.0
DE6,waste,2021-01-20 15:00:00,1.0
DE6,waste,2021-01-20 18:00:00,1.0
DE6,waste,2021-01-20 21:00:00,1.0
DE6,waste,2021-01-21 00:00:00,1.0
DE6,waste,2021-01-21 03:00:00,1.0
DE6,waste,2021-01-21 06:00:00,1.0
DE6,waste,2021-01-21 09:00:00,1.0
DE6,waste,2021-01-21 12:00:00,1.0
DE6,waste,2021-01-21 15:00:00,1.0
DE6,waste,2021-01-21 18:00:00,1.0
DE6,waste,2021-01-21 21:00:00,1.0
DE6,waste,2021-01-22 00:00:00,1.0
DE6,waste,2021-01-22 03:00:00,1.0
DE6,waste,2021-01-22 06:00:00,1.0
DE6,waste,2021-01-22 09:00:00,1.0
DE6,waste,2021-01-22 12:00:00,1.0
DE6,waste,2021-01-22 15:00:00,1.0
DE6,waste,2021-01-22 18:00:00,1.0
DE6,waste,2021-01-22 21:00:00,1.0
DE6,waste,2021-01-23 00:00:00,1.0
DE6,waste,2021-01-23 03:00:00,1.0
DE6,waste,2021-01-23 06:00:00,1.0
DE6,waste,2021-01-23 09:00:00,1.0
DE6,waste,2021-01-23 12:00:00,1.0
DE6,waste,2021-01-23 15:00:00,1.0
DE6,waste,2021-01-23 18:00:00,1.0
DE6,waste,2021-01-23 21:00:00,1.0
DE6,waste,2021-01-24 00:00:00,1.0
DE6,waste,2021-01-24 03:00:00,1.0
DE6,waste,2021-01-24 06:00:00,1.0
DE6,waste,2021-01-24 09:00:00,1.0
DE6,waste,2021-01-24 12:00:00,1.0
DE6,waste,2021-01-24 15:00:00,1.0
DE6,waste,2021-01-24 18:00:00,1.0
DE6,waste,2021-01-24 21:00:00,1.0
DE6,waste,2021-01-25 00:00:00,1.0
DE6,waste,2021-01-25 03:00:00,1.0
DE6,waste,2021-01-25 06:00:00,1.0
DE6,waste,2021-01-25 09:00:00,1.0
DE6,waste,2021-01-25 12:00:00,1.0
DE6,waste,2021-01-25 15:00:00,1.0
DE6,waste,2021-01-25 18:00:00,1.0
DE6,waste,2021-01-25 21:00:00,1.0
DE6,waste,2021-01-26 00:00:00,1.0
DE6,waste,2021-01-26 03:00:00,1.0
DE6,waste,2021-01-26 06:00:00,1.0
DE6,waste,2021-01-26 09:00:00,1.0
DE6,waste,2021-01-26 12:00:00,1.0
DE6,waste,2021-01-26 15:00:00,1.0
DE6,waste,2021-01-26 18:00:00,1.0
DE6,waste,2021-01-26 21:00:00,1.0
DE6,waste,2021-01-27 00:00:00,1.0
DE6,waste,2021-01-27 03:00:00,1.0
DE6,waste,2021-01-27 06:00:00,1.0
DE6,waste,2021-01-27 09:00:00,1.0
DE6,waste,2021-01-27 12:00:00,1.0
DE6,waste,2021-01-27 15:00:00,1.0
DE6,waste,2021-01-27 18:00:00,1.0
DE6,waste,2021-01-27 21:00:00,1.0
DE6,waste,2021-01-28 00:00:00,1.0
DE6,waste,2021-01-28 03:00:00,1.0
DE6,waste,2021-01-28 06:00:00,1.0
DE6,waste,2021-01-28 09:00:00,1.0
DE6,waste,2021-01-28 12:00:00,1.0
DE6,waste,2021-01-28 15:00:00,1.0
DE6,waste,2021-01-28 18:00:00,1.0
DE6,waste,2021-01-28 21:00:00,1.0
DE6,waste,2021-01-29 00:00:00,1.0
DE6,waste,2021-01-29 03:00:00,1.0
DE6,waste,2021-01-29 06:00:00,1.0
DE6,waste,2021-01-29 09:00:00,1.0
DE6,waste,2021-01-29 12:00:00,1.0
DE6,waste,2021-01-29 15:00:00,1.0
DE6,waste,2021-01-29 18:00:00,1.0
DE6,waste,2021-01-29 21:00:00,1.0
DE6,waste,2021-01-30 00:00:00,1.0
DE6,waste,2021-01-30 03:00:00,1.0
DE6,waste,2021-01-30 06:00:00,1.0
DE6,waste,2021-01-30 09:00:00,1.0
DE6,waste,2021-01-30 12:00:00,1.0
DE6,waste,2021-01-30 15:00:00,1.0
DE6,waste,2021-01-30 18:00:00,1.0
DE6,waste,2021-01-30 21:00:00,1.0
DE6,waste,2021-01-31 00:00:00,1.0
DE6,waste,2021-01-31 03:00:00,1.0
DE6,waste,2021-01-31 06:00:00,1.0
DE6,waste,2021-01-31 09:00:00,1.0
DE6,waste,2021-01-31 12:00:00,1.0
DE6,waste,2021-01-31 15:00:00,1.0
DE6,waste,2021-01-31 18:00:00,1.0
DE6,waste,2021-01-31 21:00:00,1.0
DE6,waste,2021-02-01 00:00:00,1.0
DE6,waste,2021-02-01 03:00:00,1.0
DE6,waste,2021-02-01 06:00:00,1.0
DE6,waste,2021-02-01 09:00:00,1.0
DE6,waste,2021-02-01 12:00:00,1.0
DE6,waste,2021-02-01 15:00:00,1.0
DE6,waste,2021-02-01 18:00:00,1.0
DE6,waste,2021-02-01 21:00:00,1.0
DE6,waste,2021-02-02 00:00:00,1.0
DE6,waste,2021-02-02 03:00:00,1.0
DE6,waste,2021-02-02 06:00:00,1.0
DE6,waste,2021-02-02 09:00:00,1.0
DE6,waste,2021-02-02 12:00:00,1.0
DE6,waste,2021-02-02 15:00:00,1.0
DE6,waste,2021-02-02 18:00:00,1.0
DE6,waste,2021-02-02 21:00:00,1.0
DE6,waste,2021-02-03 00:00:00,1.0
DE6,waste,2021-02-03 03:00:00,1.0
DE6,waste,2021-02-03 06:00:00,1.0
DE6,waste,2021-02-03 09:00:00,1.0
DE6,waste,2021-02-03 12:00:00,1.0
DE6,waste,2021-02-03 15:00:00,1.0
DE6,waste,2021-02-03 18:00:00,1.0
DE6,waste,2021-02-03 21:00:00,1.0
DE6,waste,2021-02-04 00:00:00,1.0
DE6,waste,2021-02-04 03:00:00,1.0
DE6,waste,2021-02-04 06:00:00,1.0
DE6,waste,2021-02-04 09:00:00,1.0
DE6,waste,2021-02-04 12:00:00,1.0
DE6,waste,2021-02-04 15:00:00,1.0
DE6,waste,2021-02-04 18:00:00,1.0
DE6,waste,2021-02-04 21:00:00,1.0
DE6,waste,2021-02-05 00:00:00,1.0
DE6,waste,2021-02-05 03:00:00,1.0
DE6,waste,2021-02-05 06:00:00,1.0
DE6,waste,2021-02-05 09:00:00,1.0
DE6,waste,2021-02-05 12:00:00,1.0
DE6,waste,2021-02-05 15:00:00,1.0
DE6,waste,2021-02-05 18:00:00,1.0
DE6,waste,2021-02-05 21:00:00,1.0
DE6,waste,2021-02-06 00:00:00,1.0
DE6,waste,2021-02-06 03:00:00,1.0
DE6,waste,2021-02-06 06:00:00,1.0
DE6,waste,2021-02-06 09:00:00,1.0
DE6,waste,2021-02-06 12:00:00,1.0
DE6,waste,2021-02-06 15:00:00,1.0
DE6,waste,2021-02-06 18:00:00,1.0
DE6,waste,2021-02-06 21:00:00,1.0
DE6,waste,2021-02-07 00:00:00,1.0
DE6,waste,2021-02-07 03:00:00,1.0
DE6,waste,2021-02-07 06:00:00,1.0
DE6,waste,2021-02-07 09:00:00,1.0
DE6,waste,2021-02-07 12:00:00,1.0
DE6,waste,2021-02-07 15:00:00,1.0
DE6,waste,2021-02-07 18:00:00,1.0
DE6,waste,2021-02-07 21:00:00,1.0
DE6,waste,2021-02-08 00:00:00,1.0
DE6,waste,2021-02-08 03:00:00,1.0
DE6,waste,2021-02-08 06:00:00,1.0
DE6,waste,2021-02-08 09:00:00,1.0
DE6,waste,2021-02-08 12:00:00,1.0
DE6,waste,2021-02-08 15:00:00,1.0
DE6,waste,2021-02-08 18:00:00,1.0
DE6,waste,2021-02-08 21:00:00,1.0
DE6,waste,2021-02-09 00:00:00,1.0
DE6,waste,2021-02-09 03:00:00,1.0
DE6,waste,2021-02-09 06:00:00,1.0
DE6,waste,2021-02-09 09:00:00,1.0
DE6,waste,2021-02-09 12:00:00,1.0
DE6,waste,2021-02-09 15:00:00,1.0
DE6,waste,2021-02-09 18:00:00,1.0
DE6,waste,2021-02-09 21:00:00,1.0
DE6,waste,2021-02-10 00:00:00,1.0
DE6,waste,2021-02-10 03:00:00,1.0
DE6,waste,2021-02-10 06:00:00,1.0
DE6,waste,2021-02-10 09:00:00,1.0
DE6,waste,2021-02-10 12:00:00,1.0
DE6,waste,2021-02-10 15:00:00,1.0
DE6,waste,2021-02-10 18:00:00,1.0
DE6,waste,2021-02-10 21:00:00,1.0
DE6,waste,2021-02-11 00:00:00,1.0
DE6,waste,2021-02-11 03:00:00,1.0
DE6,waste,2021-02-11 06:00:00,1.0
DE6,waste,2021-02-11 09:00:00,1.0
DE6,waste,2021-02-11 12:00:00,1.0
DE6,waste,2021-02-11 15:00:00,1.0
DE6,waste,2021-02-11 18:00:00,1.0
DE6,waste,2021-02-11 21:00:00,1.0
DE6,waste,2021-02-12 00:00:00,1.0
DE6,waste,2021-02-12 03:00:00,1.0
DE6,waste,2021-02-12 06:00:00,1.0
DE6,waste,2021-02-12 09:00:00,1.0
DE6,waste,2021-02-12 12:00:00,1.0
DE6,waste,2021-02-12 15:00:00,1.0
DE6,waste,2021-02-12 18:00:00,1.0
DE6,waste,2021-02-12 21:00:00,1.0
DE6,waste,2021-02-13 00:00:00,1.0
DE6,waste,2021-02-13 03:00:00,1.0
DE6,waste,2021-02-13 06:00:00,1.0
DE6,waste,2021-02-13 09:00:00,1.0
DE6,waste,2021-02-13 12:00:00,1.0
DE6,waste,2021-02-13 15:00:00,1.0
DE6,waste,2021-02-13 18:00:00,1.0
DE6,waste,2021-02-13 21:00:00,1.0
DE6,waste,2021-02-14 00:00:00,1.0
DE6,waste,2021-02-14 03:00:00,1.0
DE6,waste,2021-02-14 06:00:00,1.0
DE6,waste,2021-02-14 09:00:00,1.0
DE6,waste,2021-02-14 12:00:00,1.0
DE6,waste,2021-02-14 15:00:00,1.0
DE6,waste,2021-02-14 18:00:00,1.0
DE6,waste,2021-02-14 21:00:00,1.0
DE7,biomass,2021-01-18 00:00:00,1.0
DE7,biomass,2021-01-18 03:00:00,1.0
DE7,biomass,2021-01-18 06:00:00,1.0
DE7,biomass,2021-01-18 09:00:00,1.0
DE7,biomass,2021-01-18 12:00:00,1.0
DE7,biomass,2021-01-18 15:00:00,1.0
DE7,biomass,2021-01-18 18:00:00,1.0
DE7,biomass,2021-01-18 21:00:00,1.0
DE7,biomass,2021-01-19 00:00:00,1.0
DE7,biomass,2021-01-19 03:00:00,1.0
DE7,biomass,2021-01-19 06:00:00,1.0
DE7,biomass,2021-01-19 09:00:00,1.0
DE7,biomass,2021-01-19 12:00:00,1.0
DE7,biomass,2021-01-19 15:00:00,1.0
DE7,biomass,2021-01-19 18:00:00,1.0
DE7,biomass,2021-01-19 21:00:00,1.0
DE7,biomass,2021-01-20 00:00:00,1.0
DE7,biomass,2021-01-20 03:00:00,1.0
DE7,biomass,2021-01-20 06:00:00,1.0
DE7,biomass,2021-01-20 09:00:00,1.0
DE7,biomass,2021-01-20 12:00:00,1.0
DE7,biomass,2021-01-20 15:00:00,1.0
DE7,biomass,2021-01-20 18:00:00,1.0
DE7,biomass,2021-01-20 21:00:00,1.0
DE7,biomass,2021-01-21 00:00:00,1.0
DE7,biomass,2021-01-21 03:00:00,1.0
DE7,biomass,2021-01-21 06:00:00,1.0
DE7,biomass,2021-01-21 09:00:00,1.0
DE7,biomass,2021-01-21 12:00:00,1.0
DE7,biomass,2021-01-21 15:00:00,1.0
DE7,biomass,2021-01-21 18:00:00,1.0
DE7,biomass,2021-01-21 21:00:00,1.0
DE7,biomass,2021-01-22 00:00:00,1.0
DE7,biomass,2021-01-22 03:00:00,1.0
DE7,biomass,2021-01-22 06:00:00,1.0
DE7,biomass,2021-01-22 09:00:00,1.0
DE7,biomass,2021-01-22 12:00:00,1.0
DE7,biomass,2021-01-22 15:00:00,1.0
DE7,biomass,2021-01-22 18:00:00,1.0
DE7,biomass,2021-01-22 21:00:00,1.0
DE7,biomass,2021-01-23 00:00:00,1.0
DE7,biomass,2021-01-23 03:00:00,1.0
DE7,biomass,2021-01-23 06:00:00,1.0
DE7,biomass,2021-01-23 09:00:00,1.0
DE7,biomass,2021-01-23 12:00:00,1.0
DE7,biomass,2021-01-23 15:00:00,1.0
DE7,biomass,2021-01-23 18:00:00,1.0
DE7,biomass,2021-01-23 21:00:00,1.0
DE7,biomass,2021-01-24 00:00:00,1.0
DE7,biomass,2021-01-24 03:00:00,1.0
DE7,biomass,2021-01-24 06:00:00,1.0
DE7,biomass,2021-01-24 09:00:00,1.0
DE7,biomass,2021-01-24 12:00:00,1.0
DE7,biomass,2021-01-24 15:00:00,1.0
DE7,biomass,2021-01-24 18:00:00,1.0
DE7,biomass,2021-01-24 21:00:00,1.0
DE7,biomass,2021-01-25 00:00:00,1.0
DE7,biomass,2021-01-25 03:00:00,1.0
DE7,biomass,2021-01-25 06:00:00,1.0
DE7,biomass,2021-01-25 09:00:00,1.0
DE7,biomass,2021-01-25 12:00:00,1.0
DE7,biomass,2021-01-25 15:00:00,1.0
DE7,biomass,2021-01-25 18:00:00,1.0
DE7,biomass,2021-01-25 21:00:00,1.0
DE7,biomass,2021-01-26 00:00:00,1.0
DE7,biomass,2021-01-26 03:00:00,1.0
DE7,biomass,2021-01-26 06:00:00,1.0
DE7,biomass,2021-01-26 09:00:00,1.0
DE7,biomass,2021-01-26 12:00:00,1.0
DE7,biomass,2021-01-26 15:00:00,1.0
DE7,biomass,2021-01-26 18:00:00,1.0
DE7,biomass,2021-01-26 21:00:00,1.0
DE7,biomass,2021-01-27 00:00:00,1.0
DE7,biomass,2021-01-27 03:00:00,1.0
DE7,biomass,2021-01-27 06:00:00,1.0
DE7,biomass,2021-01-27 09:00:00,1.0
DE7,biomass,2021-01-27 12:00:00,1.0
DE7,biomass,2021-01-27 15:00:00,1.0
DE7,biomass,2021-01-27 18:00:00,1.0
DE7,biomass,2021-01-27 21:00:00,1.0
DE7,biomass,2021-01-28 00:00:00,1.0
DE7,biomass,2021-01-28 03:00:00,1.0
DE7,biomass,2021-01-28 06:00:00,1.0
DE7,biomass,2021-01-28 09:00:00,1.0
DE7,biomass,2021-01-28 12:00:00,1.0
DE7,biomass,2021-01-28 15:00:00,1.0
DE7,biomass,2021-01-28 18:00:00,1.0
DE7,biomass,2021-01-28 21:00:00,1.0
DE7,biomass,2021-01-29 00:00:00,1.0
DE7,biomass,2021-01-29 03:00:00,1.0
DE7,biomass,2021-01-29 06:00:00,1.0
DE7,biomass,2021-01-29 09:00:00,1.0
DE7,biomass,2021-01-29 12:00:00,1.0
DE7,biomass,2021-01-29 15:00:00,1.0
DE7,biomass,2021-01-29 18:00:00,1.0
DE7,biomass,2021-01-29 21:00:00,1.0
DE7,biomass,2021-01-30 00:00:00,1.0
DE7,biomass,2021-01-30 03:00:00,1.0
DE7,biomass,2021-01-30 06:00:00,1.0
DE7,biomass,2021-01-30 09:00:00,1.0
DE7,biomass,2021-01-30 12:00:00,1.0
DE7,biomass,2021-01-30 15:00:00,1.0
DE7,biomass,2021-01-30 18:00:00,1.0
DE7,biomass,2021-01-30 21:00:00,1.0
DE7,biomass,2021-01-31 00:00:00,1.0
DE7,biomass,2021-01-31 03:00:00,1.0
DE7,biomass,2021-01-31 06:00:00,1.0
DE7,biomass,2021-01-31 09:00:00,1.0
DE7,biomass,2021-01-31 12:00:00,1.0
DE7,biomass,2021-01-31 15:00:00,1.0
DE7,biomass,2021-01-31 18:00:00,1.0
DE7,biomass,2021-01-31 21:00:00,1.0
DE7,biomass,2021-02-01 00:00:00,1.0
DE7,biomass,2021-02-01 03:00:00,1.0
DE7,biomass,2021-02-01 06:00:00,1.0
DE7,biomass,2021-02-01 09:00:00,1.0
DE7,biomass,2021-02-01 12:00:00,1.0
DE7,biomass,2021-02-01 15:00:00,1.0
DE7,biomass,2021-02-01 18:00:00,1.0
DE7,biomass,2021-02-01 21:00:00,1.0
DE7,biomass,2021-02-02 00:00:00,1.0
DE7,biomass,2021-02-02 03:00:00,1.0
DE7,biomass,2021-02-02 06:00:00,1.0
DE7,biomass,2021-02-02 09:00:00,1.0
DE7,biomass,2021-02-02 12:00:00,1.0
DE7,biomass,2021-02-02 15:00:00,1.0
DE7,biomass,2021-02-02 18:00:00,1.0
DE7,biomass,2021-02-02 21:00:00,1.0
DE7,biomass,2021-02-03 00:00:00,1.0
DE7,biomass,2021-02-03 03:00:00,1.0
DE7,biomass,2021-02-03 06:00:00,1.0
DE7,biomass,2021-02-03 09:00:00,1.0
DE7,biomass,2021-02-03 12:00:00,1.0
DE7,biomass,2021-02-03 15:00:00,1.0
DE7,biomass,2021-02-03 18:00:00,1.0
DE7,biomass,2021-02-03 21:00:00,1.0
DE7,biomass,2021-02-04 00:00:00,1.0
DE7,biomass,2021-02-04 03:00:00,1.0
DE7,biomass,2021-02-04 06:00:00,1.0
DE7,biomass,2021-02-04 09:00:00,1.0
DE7,biomass,2021-02-04 12:00:00,1.0
DE7,biomass,2021-02-04 15:00:00,1.0
DE7,biomass,2021-02-04 18:00:00,1.0
DE7,biomass,2021-02-04 21:00:00,1.0
DE7,biomass,2021-02-05 00:00:00,1.0
DE7,biomass,2021-02-05 03:00:00,1.0
DE7,biomass,2021-02-05 06:00:00,1.0
DE7,biomass,2021-02-05 09:00:00,1.0
DE7,biomass,2021-02-05 12:00:00,1.0
DE7,biomass,2021-02-05 15:00:00,1.0
DE7,biomass,2021-02-05 18:00:00,1.0
DE7,biomass,2021-02-05 21:00:00,1.0
DE7,biomass,2021-02-06 00:00:00,1.0
DE7,biomass,2021-02-06 03:00:00,1.0
DE7,biomass,2021-02-06 06:00:00,1.0
DE7,biomass,2021-02-06 09:00:00,1.0
DE7,biomass,2021-02-06 12:00:00,1.0
DE7,biomass,2021-02-06 15:00:00,1.0
DE7,biomass,2021-02-06 18:00:00,1.0
DE7,biomass,2021-02-06 21:00:00,1.0
DE7,biomass,2021-02-07 00:00:00,1.0
DE7,biomass,2021-02-07 03:00:00,1.0
DE7,biomass,2021-02-07 06:00:00,1.0
DE7,biomass,2021-02-07 09:00:00,1.0
DE7,biomass,2021-02-07 12:00:00,1.0
DE7,biomass,2021-02-07 15:00:00,1.0
DE7,biomass,2021-02-07 18:00:00,1.0
DE7,biomass,2021-02-07 21:00:00,1.0
DE7,biomass,2021-02-08 00:00:00,1.0
DE7,biomass,2021-02-08 03:00:00,1.0
DE7,biomass,2021-02-08 06:00:00,1.0
DE7,biomass,2021-02-08 09:00:00,1.0
DE7,biomass,2021-02-08 12:00:00,1.0
DE7,biomass,2021-02-08 15:00:00,1.0
DE7,biomass,2021-02-08 18:00:00,1.0
DE7,biomass,2021-02-08 21:00:00,1.0
DE7,biomass,2021-02-09 00:00:00,1.0
DE7,biomass,2021-02-09 03:00:00,1.0
DE7,biomass,2021-02-09 06:00:00,1.0
DE7,biomass,2021-02-09 09:00:00,1.0
DE7,biomass,2021-02-09 12:00:00,1.0
DE7,biomass,2021-02-09 15:00:00,1.0
DE7,biomass,2021-02-09 18:00:00,1.0
DE7,biomass,2021-02-09 21:00:00,1.0
DE7,biomass,2021-02-10 00:00:00,1.0
DE7,biomass,2021-02-10 03:00:00,1.0
DE7,biomass,2021-02-10 06:00:00,1.0
DE7,biomass,2021-02-10 09:00:00,1.0
DE7,biomass,2021-02-10 12:00:00,1.0
DE7,biomass,2021-02-10 15:00:00,1.0
DE7,biomass,2021-02-10 18:00:00,1.0
DE7,biomass,2021-02-10 21:00:00,1.0
DE7,biomass,2021-02-11 00:00:00,1.0
DE7,biomass,2021-02-11 03:00:00,1.0
DE7,biomass,2021-02-11 06:00:00,1.0
DE7,biomass,2021-02-11 09:00:00,1.0
DE7,biomass,2021-02-11 12:00:00,1.0
DE7,biomass,2021-02-11 15:00:00,1.0
DE7,biomass,2021-02-11 18:00:00,1.0
DE7,biomass,2021-02-11 21:00:00,1.0
DE7,biomass,2021-02-12 00:00:00,1.0
DE7,biomass,2021-02-12 03:00:00,1.0
DE7,biomass,2021-02-12 06:00:00,1.0
DE7,biomass,2021-02-12 09:00:00,1.0
DE7,biomass,2021-02-12 12:00:00,1.0
DE7,biomass,2021-02-12 15:00:00,1.0
DE7,biomass,2021-02-12 18:00:00,1.0
DE7,biomass,2021-02-12 21:00:00,1.0
DE7,biomass,2021-02-13 00:00:00,1.0
DE7,biomass,2021-02-13 03:00:00,1.0
DE7,biomass,2021-02-13 06:00:00,1.0
DE7,biomass,2021-02-13 09:00:00,1.0
DE7,biomass,2021-02-13 12:00:00,1.0
DE7,biomass,2021-02-13 15:00:00,1.0
DE7,biomass,2021-02-13 18:00:00,1.0
DE7,biomass,2021-02-13 21:00:00,1.0
DE7,biomass,2021-02-14 00:00:00,1.0
DE7,biomass,2021-02-14 03:00:00,1.0
DE7,biomass,2021-02-14 06:00:00,1.0
DE7,biomass,2021-02-14 09:00:00,1.0
DE7,biomass,2021-02-14 12:00:00,1.0
DE7,biomass,2021-02-14 15:00:00,1.0
DE7,biomass,2021-02-14 18:00:00,1.0
DE7,biomass,2021-02-14 21:00:00,1.0
DE7,ccgt,2021-01-18 00:00:00,1.0
DE7,ccgt,2021-01-18 03:00:00,1.0
DE7,ccgt,2021-01-18 06:00:00,1.0
DE7,ccgt,2021-01-18 09:00:00,1.0
DE7,ccgt,2021-01-18 12:00:00,1.0
DE7,ccgt,2021-01-18 15:00:00,1.0
DE7,ccgt,2021-01-18 18:00:00,1.0
DE7,ccgt,2021-01-18 21:00:00,1.0
DE7,ccgt,2021-01-19 00:00:00,1.0
DE7,ccgt,2021-01-19 03:00:00,1.0
DE7,ccgt,2021-01-19 06:00:00,1.0
DE7,ccgt,2021-01-19 09:00:00,1.0
DE7,ccgt,2021-01-19 12:00:00,1.0
DE7,ccgt,2021-01-19 15:00:00,1.0
DE7,ccgt,2021-01-19 18:00:00,1.0
DE7,ccgt,2021-01-19 21:00:00,1.0
DE7,ccgt,2021-01-20 00:00:00,1.0
DE7,ccgt,2021-01-20 03:00:00,1.0
DE7,ccgt,2021-01-20 06:00:00,1.0
DE7,ccgt,2021-01-20 09:00:00,1.0
DE7,ccgt,2021-01-20 12:00:00,1.0
DE7,ccgt,2021-01-20 15:00:00,1.0
DE7,ccgt,2021-01-20 18:00:00,1.0
DE7,ccgt,2021-01-20 21:00:00,1.0
DE7,ccgt,2021-01-21 00:00:00,1.0
DE7,ccgt,2021-01-21 03:00:00,1.0
DE7,ccgt,2021-01-21 06:00:00,1.0
DE7,ccgt,2021-01-21 09:00:00,1.0
DE7,ccgt,2021-01-21 12:00:00,1.0
DE7,ccgt,2021-01-21 15:00:00,1.0
DE7,ccgt,2021-01-21 18:00:00,1.0
DE7,ccgt,2021-01-21 21:00:00,1.0
DE7,ccgt,2021-01-22 00:00:00,1.0
DE7,ccgt,2021-01-22 03:00:00,1.0
DE7,ccgt,2021-01-22 06:00:00,1.0
DE7,ccgt,2021-01-22 09:00:00,1.0
DE7,ccgt,2021-01-22 12:00:00,1.0
DE7,ccgt,2021-01-22 15:00:00,1.0
DE7,ccgt,2021-01-22 18:00:00,1.0
DE7,ccgt,2021-01-22 21:00:00,1.0
DE7,ccgt,2021-01-23 00:00:00,1.0
DE7,ccgt,2021-01-23 03:00:00,1.0
DE7,ccgt,2021-01-23 06:00:00,1.0
DE7,ccgt,2021-01-23 09:00:00,1.0
DE7,ccgt,2021-01-23 12:00:00,1.0
DE7,ccgt,2021-01-23 15:00:00,1.0
DE7,ccgt,2021-01-23 18:00:00,1.0
DE7,ccgt,2021-01-23 21:00:00,1.0
DE7,ccgt,2021-01-24 00:00:00,1.0
DE7,ccgt,2021-01-24 03:00:00,1.0
DE7,ccgt,2021-01-24 06:00:00,1.0
DE7,ccgt,2021-01-24 09:00:00,1.0
DE7,ccgt,2021-01-24 12:00:00,1.0
DE7,ccgt,2021-01-24 15:00:00,1.0
DE7,ccgt,2021-01-24 18:00:00,1.0
DE7,ccgt,2021-01-24 21:00:00,1.0
DE7,ccgt,2021-01-25 00:00:00,1.0
DE7,ccgt,2021-01-25 03:00:00,1.0
DE7,ccgt,2021-01-25 06:00:00,1.0
DE7,ccgt,2021-01-25 09:00:00,1.0
DE7,ccgt,2021-01-25 12:00:00,1.0
DE7,ccgt,2021-01-25 15:00:00,1.0
DE7,ccgt,2021-01-25 18:00:00,1.0
DE7,ccgt,2021-01-25 21:00:00,1.0
DE7,ccgt,2021-01-26 00:00:00,1.0
DE7,ccgt,2021-01-26 03:00:00,1.0
DE7,ccgt,2021-01-26 06:00:00,1.0
DE7,ccgt,2021-01-26 09:00:00,1.0
DE7,ccgt,2021-01-26 12:00:00,1.0
DE7,ccgt,2021-01-26 15:00:00,1.0
DE7,ccgt,2021-01-26 18:00:00,1.0
DE7,ccgt,2021-01-26 21:00:00,1.0
DE7,ccgt,2021-01-27 00:00:00,1.0
DE7,ccgt,2021-01-27 03:00:00,1.0
DE7,ccgt,2021-01-27 06:00:00,1.0
DE7,ccgt,2021-01-27 09:00:00,1.0
DE7,ccgt,2021-01-27 12:00:00,1.0
DE7,ccgt,2021-01-27 15:00:00,1.0
DE7,ccgt,2021-01-27 18:00:00,1.0
DE7,ccgt,2021-01-27 21:00:00,1.0
DE7,ccgt,2021-01-28 00:00:00,1.0
DE7,ccgt,2021-01-28 03:00:00,1.0
DE7,ccgt,2021-01-28 06:00:00,1.0
DE7,ccgt,2021-01-28 09:00:00,1.0
DE7,ccgt,2021-01-28 12:00:00,1.0
DE7,ccgt,2021-01-28 15:00:00,1.0
DE7,ccgt,2021-01-28 18:00:00,1.0
DE7,ccgt,2021-01-28 21:00:00,1.0
DE7,ccgt,2021-01-29 00:00:00,1.0
DE7,ccgt,2021-01-29 03:00:00,1.0
DE7,ccgt,2021-01-29 06:00:00,1.0
DE7,ccgt,2021-01-29 09:00:00,1.0
DE7,ccgt,2021-01-29 12:00:00,1.0
DE7,ccgt,2021-01-29 15:00:00,1.0
DE7,ccgt,2021-01-29 18:00:00,1.0
DE7,ccgt,2021-01-29 21:00:00,1.0
DE7,ccgt,2021-01-30 00:00:00,1.0
DE7,ccgt,2021-01-30 03:00:00,1.0
DE7,ccgt,2021-01-30 06:00:00,1.0
DE7,ccgt,2021-01-30 09:00:00,1.0
DE7,ccgt,2021-01-30 12:00:00,1.0
DE7,ccgt,2021-01-30 15:00:00,1.0
DE7,ccgt,2021-01-30 18:00:00,1.0
DE7,ccgt,2021-01-30 21:00:00,1.0
DE7,ccgt,2021-01-31 00:00:00,1.0
DE7,ccgt,2021-01-31 03:00:00,1.0
DE7,ccgt,2021-01-31 06:00:00,1.0
DE7,ccgt,2021-01-31 09:00:00,1.0
DE7,ccgt,2021-01-31 12:00:00,1.0
DE7,ccgt,2021-01-31 15:00:00,1.0
DE7,ccgt,2021-01-31 18:00:00,1.0
DE7,ccgt,2021-01-31 21:00:00,1.0
DE7,ccgt,2021-02-01 00:00:00,1.0
DE7,ccgt,2021-02-01 03:00:00,1.0
DE7,ccgt,2021-02-01 06:00:00,1.0
DE7,ccgt,2021-02-01 09:00:00,1.0
DE7,ccgt,2021-02-01 12:00:00,1.0
DE7,ccgt,2021-02-01 15:00:00,1.0
DE7,ccgt,2021-02-01 18:00:00,1.0
DE7,ccgt,2021-02-01 21:00:00,1.0
DE7,ccgt,2021-02-02 00:00:00,1.0
DE7,ccgt,2021-02-02 03:00:00,1.0
DE7,ccgt,2021-02-02 06:00:00,1.0
DE7,ccgt,2021-02-02 09:00:00,1.0
DE7,ccgt,2021-02-02 12:00:00,1.0
DE7,ccgt,2021-02-02 15:00:00,1.0
DE7,ccgt,2021-02-02 18:00:00,1.0
DE7,ccgt,2021-02-02 21:00:00,1.0
DE7,ccgt,2021-02-03 00:00:00,1.0
DE7,ccgt,2021-02-03 03:00:00,1.0
DE7,ccgt,2021-02-03 06:00:00,1.0
DE7,ccgt,2021-02-03 09:00:00,1.0
DE7,ccgt,2021-02-03 12:00:00,1.0
DE7,ccgt,2021-02-03 15:00:00,1.0
DE7,ccgt,2021-02-03 18:00:00,1.0
DE7,ccgt,2021-02-03 21:00:00,1.0
DE7,ccgt,2021-02-04 00:00:00,1.0
DE7,ccgt,2021-02-04 03:00:00,1.0
DE7,ccgt,2021-02-04 06:00:00,1.0
DE7,ccgt,2021-02-04 09:00:00,1.0
DE7,ccgt,2021-02-04 12:00:00,1.0
DE7,ccgt,2021-02-04 15:00:00,1.0
DE7,ccgt,2021-02-04 18:00:00,1.0
DE7,ccgt,2021-02-04 21:00:00,1.0
DE7,ccgt,2021-02-05 00:00:00,1.0
DE7,ccgt,2021-02-05 03:00:00,1.0
DE7,ccgt,2021-02-05 06:00:00,1.0
DE7,ccgt,2021-02-05 09:00:00,1.0
DE7,ccgt,2021-02-05 12:00:00,1.0
DE7,ccgt,2021-02-05 15:00:00,1.0
DE7,ccgt,2021-02-05 18:00:00,1.0
DE7,ccgt,2021-02-05 21:00:00,1.0
DE7,ccgt,2021-02-06 00:00:00,1.0
DE7,ccgt,2021-02-06 03:00:00,1.0
DE7,ccgt,2021-02-06 06:00:00,1.0
DE7,ccgt,2021-02-06 09:00:00,1.0
DE7,ccgt,2021-02-06 12:00:00,1.0
DE7,ccgt,2021-02-06 15:00:00,1.0
DE7,ccgt,2021-02-06 18:00:00,1.0
DE7,ccgt,2021-02-06 21:00:00,1.0
DE7,ccgt,2021-02-07 00:00:00,1.0
DE7,ccgt,2021-02-07 03:00:00,1.0
DE7,ccgt,2021-02-07 06:00:00,1.0
DE7,ccgt,2021-02-07 09:00:00,1.0
DE7,ccgt,2021-02-07 12:00:00,1.0
DE7,ccgt,2021-02-07 15:00:00,1.0
DE7,ccgt,2021-02-07 18:00:00,1.0
DE7,ccgt,2021-02-07 21:00:00,1.0
DE7,ccgt,2021-02-08 00:00:00,1.0
DE7,ccgt,2021-02-08 03:00:00,1.0
DE7,ccgt,2021-02-08 06:00:00,1.0
DE7,ccgt,2021-02-08 09:00:00,1.0
DE7,ccgt,2021-02-08 12:00:00,1.0
DE7,ccgt,2021-02-08 15:00:00,1.0
DE7,ccgt,2021-02-08 18:00:00,1.0
DE7,ccgt,2021-02-08 21:00:00,1.0
DE7,ccgt,2021-02-09 00:00:00,1.0
DE7,ccgt,2021-02-09 03:00:00,1.0
DE7,ccgt,2021-02-09 06:00:00,1.0
DE7,ccgt,2021-02-09 09:00:00,1.0
DE7,ccgt,2021-02-09 12:00:00,1.0
DE7,ccgt,2021-02-09 15:00:00,1.0
DE7,ccgt,2021-02-09 18:00:00,1.0
DE7,ccgt,2021-02-09 21:00:00,1.0
DE7,ccgt,2021-02-10 00:00:00,1.0
DE7,ccgt,2021-02-10 03:00:00,1.0
DE7,ccgt,2021-02-10 06:00:00,1.0
DE7,ccgt,2021-02-10 09:00:00,1.0
DE7,ccgt,2021-02-10 12:00:00,1.0
DE7,ccgt,2021-02-10 15:00:00,1.0
DE7,ccgt,2021-02-10 18:00:00,1.0
DE7,ccgt,2021-02-10 21:00:00,1.0
DE7,ccgt,2021-02-11 00:00:00,1.0
DE7,ccgt,2021-02-11 03:00:00,1.0
DE7,ccgt,2021-02-11 06:00:00,1.0
DE7,ccgt,2021-02-11 09:00:00,1.0
DE7,ccgt,2021-02-11 12:00:00,1.0
DE7,ccgt,2021-02-11 15:00:00,1.0
DE7,ccgt,2021-02-11 18:00:00,1.0
DE7,ccgt,2021-02-11 21:00:00,1.0
DE7,ccgt,2021-02-12 00:00:00,1.0
DE7,ccgt,2021-02-12 03:00:00,1.0
DE7,ccgt,2021-02-12 06:00:00,1.0
DE7,ccgt,2021-02-12 09:00:00,1.0
DE7,ccgt,2021-02-12 12:00:00,1.0
DE7,ccgt,2021-02-12 15:00:00,1.0
DE7,ccgt,2021-02-12 18:00:00,1.0
DE7,ccgt,2021-02-12 21:00:00,1.0
DE7,ccgt,2021-02-13 00:00:00,1.0
DE7,ccgt,2021-02-13 03:00:00,1.0
DE7,ccgt,2021-02-13 06:00:00,1.0
DE7,ccgt,2021-02-13 09:00:00,1.0
DE7,ccgt,2021-02-13 12:00:00,1.0
DE7,ccgt,2021-02-13 15:00:00,1.0
DE7,ccgt,2021-02-13 18:00:00,1.0
DE7,ccgt,2021-02-13 21:00:00,1.0
DE7,ccgt,2021-02-14 00:00:00,1.0
DE7,ccgt,2021-02-14 03:00:00,1.0
DE7,ccgt,2021-02-14 06:00:00,1.0
DE7,ccgt,2021-02-14 09:00:00,1.0
DE7,ccgt,2021-02-14 12:00:00,1.0
DE7,ccgt,2021-02-14 15:00:00,1.0
DE7,ccgt,2021-02-14 18:00:00,1.0
DE7,ccgt,2021-02-14 21:00:00,1.0
DE7,coal,2021-01-18 00:00:00,0.0
DE7,coal,2021-01-18 03:00:00,0.0
DE7,coal,2021-01-18 06:00:00,0.0
DE7,coal,2021-01-18 09:00:00,0.0
DE7,coal,2021-01-18 12:00:00,0.0
DE7,coal,2021-01-18 15:00:00,0.0
DE7,coal,2021-01-18 18:00:00,0.0
DE7,coal,2021-01-18 21:00:00,0.0
DE7,coal,2021-01-19 00:00:00,0.0
DE7,coal,2021-01-19 03:00:00,0.0
DE7,coal,2021-01-19 06:00:00,0.0
DE7,coal,2021-01-19 09:00:00,0.0
DE7,coal,2021-01-19 12:00:00,0.0
DE7,coal,2021-01-19 15:00:00,0.0
DE7,coal,2021-01-19 18:00:00,0.0
DE7,coal,2021-01-19 21:00:00,0.0
DE7,coal,2021-01-20 00:00:00,0.0
DE7,coal,2021-01-20 03:00:00,0.0
DE7,coal,2021-01-20 06:00:00,0.0
DE7,coal,2021-01-20 09:00:00,0.0
DE7,coal,2021-01-20 12:00:00,0.0
DE7,coal,2021-01-20 15:00:00,0.0
DE7,coal,2021-01-20 18:00:00,0.0
DE7,coal,2021-01-20 21:00:00,0.0
DE7,coal,2021-01-21 00:00:00,0.0
DE7,coal,2021-01-21 03:00:00,0.0
DE7,coal,2021-01-21 06:00:00,0.0
DE7,coal,2021-01-21 09:00:00,0.0
DE7,coal,2021-01-21 12:00:00,0.0
DE7,coal,2021-01-21 15:00:00,0.0
DE7,coal,2021-01-21 18:00:00,0.0
DE7,coal,2021-01-21 21:00:00,0.0
DE7,coal,2021-01-22 00:00:00,0.0
DE7,coal,2021-01-22 03:00:00,0.0
DE7,coal,2021-01-22 06:00:00,0.0
DE7,coal,2021-01-22 09:00:00,0.0
DE7,coal,2021-01-22 12:00:00,0.0
DE7,coal,2021-01-22 15:00:00,0.0
DE7,coal,2021-01-22 18:00:00,0.0
DE7,coal,2021-01-22 21:00:00,0.0
DE7,coal,2021-01-23 00:00:00,0.0
DE7,coal,2021-01-23 03:00:00,0.0
DE7,coal,2021-01-23 06:00:00,0.0
DE7,coal,2021-01-23 09:00:00,0.0
DE7,coal,2021-01-23 12:00:00,0.0
DE7,coal,2021-01-23 15:00:00,0.0
DE7,coal,2021-01-23 18:00:00,0.0
DE7,coal,2021-01-23 21:00:00,0.0
DE7,coal,2021-01-24 00:00:00,0.0
DE7,coal,2021-01-24 03:00:00,0.0
DE7,coal,2021-01-24 06:00:00,0.0
DE7,coal,2021-01-24 09:00:00,0.0
DE7,coal,2021-01-24 12:00:00,0.0
DE7,coal,2021-01-24 15:00:00,0.0
DE7,coal,2021-01-24 18:00:00,0.0
DE7,coal,2021-01-24 21:00:00,0.0
DE7,coal,2021-01-25 00:00:00,0.0
DE7,coal,2021-01-25 03:00:00,0.0
DE7,coal,2021-01-25 06:00:00,0.0
DE7,coal,2021-01-25 09:00:00,0.0
DE7,coal,2021-01-25 12:00:00,0.0
DE7,coal,2021-01-25 15:00:00,0.0
DE7,coal,2021-01-25 18:00:00,0.0
DE7,coal,2021-01-25 21:00:00,0.0
DE7,coal,2021-01-26 00:00:00,0.0
DE7,coal,2021-01-26 03:00:00,0.0
DE7,coal,2021-01-26 06:00:00,0.0
DE7,coal,2021-01-26 09:00:00,0.0
DE7,coal,2021-01-26 12:00:00,0.0
DE7,coal,2021-01-26 15:00:00,0.0
DE7,coal,2021-01-26 18:00:00,0.0
DE7,coal,2021-01-26 21:00:00,0.0
DE7,coal,2021-01-27 00:00:00,0.0
DE7,coal,2021-01-27 03:00:00,0.0
DE7,coal,2021-01-27 06:00:00,0.0
DE7,coal,2021-01-27 09:00:00,0.0
DE7,coal,2021-01-27 12:00:00,0.0
DE7,coal,2021-01-27 15:00:00,0.0
DE7,coal,2021-01-27 18:00:00,0.0
DE7,coal,2021-01-27 21:00:00,0.0
DE7,coal,2021-01-28 00:00:00,0.0
DE7,coal,2021-01-28 03:00:00,0.0
DE7,coal,2021-01-28 06:00:00,0.0
DE7,coal,2021-01-28 09:00:00,0.0
DE7,coal,2021-01-28 12:00:00,0.0
DE7,coal,2021-01-28 15:00:00,0.0
DE7,coal,2021-01-28 18:00:00,0.0
DE7,coal,2021-01-28 21:00:00,0.0
DE7,coal,2021-01-29 00:00:00,0.0
DE7,coal,2021-01-29 03:00:00,0.0
DE7,coal,2021-01-29 06:00:00,0.0
DE7,coal,2021-01-29 09:00:00,0.0
DE7,coal,2021-01-29 12:00:00,0.0
DE7,coal,2021-01-29 15:00:00,0.0
DE7,coal,2021-01-29 18:00:00,0.0
DE7,coal,2021-01-29 21:00:00,0.0
DE7,coal,2021-01-30 00:00:00,0.0
DE7,coal,2021-01-30 03:00:00,0.0
DE7,coal,2021-01-30 06:00:00,0.0
DE7,coal,2021-01-30 09:00:00,0.0
DE7,coal,2021-01-30 12:00:00,0.0
DE7,coal,2021-01-30 15:00:00,0.0
DE7,coal,2021-01-30 18:00:00,0.0
DE7,coal,2021-01-30 21:00:00,0.0
DE7,coal,2021-01-31 00:00:00,0.0
DE7,coal,2021-01-31 03:00:00,0.0
DE7,coal,2021-01-31 06:00:00,0.0
DE7,coal,2021-01-31 09:00:00,0.0
DE7,coal,2021-01-31 12:00:00,0.0
DE7,coal,2021-01-31 15:00:00,0.0
DE7,coal,2021-01-31 18:00:00,0.0
DE7,coal,2021-01-31 21:00:00,0.0
DE7,coal,2021-02-01 00:00:00,0.0
DE7,coal,2021-02-01 03:00:00,0.0
DE7,coal,2021-02-01 06:00:00,0.0
DE7,coal,2021-02-01 09:00:00,0.0
DE7,coal,2021-02-01 12:00:00,0.0
DE7,coal,2021-02-01 15:00:00,0.0
DE7,coal,2021-02-01 18:00:00,0.0
DE7,coal,2021-02-01 21:00:00,0.0
DE7,coal,2021-02-02 00:00:00,0.0
DE7,coal,2021-02-02 03:00:00,0.0
DE7,coal,2021-02-02 06:00:00,0.0
DE7,coal,2021-02-02 09:00:00,0.0
DE7,coal,2021-02-02 12:00:00,0.0
DE7,coal,2021-02-02 15:00:00,0.0
DE7,coal,2021-02-02 18:00:00,0.0
DE7,coal,2021-02-02 21:00:00,0.0
DE7,coal,2021-02-03 00:00:00,0.0
DE7,coal,2021-02-03 03:00:00,0.0
DE7,coal,2021-02-03 06:00:00,0.0
DE7,coal,2021-02-03 09:00:00,0.0
DE7,coal,2021-02-03 12:00:00,0.0
DE7,coal,2021-02-03 15:00:00,0.0
DE7,coal,2021-02-03 18:00:00,0.0
DE7,coal,2021-02-03 21:00:00,0.0
DE7,coal,2021-02-04 00:00:00,0.0
DE7,coal,2021-02-04 03:00:00,0.0
DE7,coal,2021-02-04 06:00:00,0.0
DE7,coal,2021-02-04 09:00:00,0.0
DE7,coal,2021-02-04 12:00:00,0.0
DE7,coal,2021-02-04 15:00:00,0.0
DE7,coal,2021-02-04 18:00:00,0.0
DE7,coal,2021-02-04 21:00:00,0.0
DE7,coal,2021-02-05 00:00:00,0.0
DE7,coal,2021-02-05 03:00:00,0.0
DE7,coal,2021-02-05 06:00:00,0.0
DE7,coal,2021-02-05 09:00:00,0.0
DE7,coal,2021-02-05 12:00:00,0.0
DE7,coal,2021-02-05 15:00:00,0.0
DE7,coal,2021-02-05 18:00:00,0.0
DE7,coal,2021-02-05 21:00:00,0.0
DE7,coal,2021-02-06 00:00:00,0.0
DE7,coal,2021-02-06 03:00:00,0.0
DE7,coal,2021-02-06 06:00:00,0.0
DE7,coal,2021-02-06 09:00:00,0.0
DE7,coal,2021-02-06 12:00:00,0.0
DE7,coal,2021-02-06 15:00:00,0.0
DE7,coal,2021-02-06 18:00:00,0.0
DE7,coal,2021-02-06 21:00:00,0.0
DE7,coal,2021-02-07 00:00:00,0.0
DE7,coal,2021-02-07 03:00:00,0.0
DE7,coal,2021-02-07 06:00:00,0.0
DE7,coal,2021-02-07 09:00:00,0.0
DE7,coal,2021-02-07 12:00:00,0.0
DE7,coal,2021-02-07 15:00:00,0.0
DE7,coal,2021-02-07 18:00:00,0.0
DE7,coal,2021-02-07 21:00:00,0.0
DE7,coal,2021-02-08 00:00:00,0.0
DE7,coal,2021-02-08 03:00:00,0.0
DE7,coal,2021-02-08 06:00:00,0.0
DE7,coal,2021-02-08 09:00:00,0.0
DE7,coal,2021-02-08 12:00:00,0.0
DE7,coal,2021-02-08 15:00:00,0.0
DE7,coal,2021-02-08 18:00:00,0.0
DE7,coal,2021-02-08 21:00:00,0.0
DE7,coal,2021-02-09 00:00:00,0.0
DE7,coal,2021-02-09 03:00:00,0.0
DE7,coal,2021-02-09 06:00:00,0.0
DE7,coal,2021-02-09 09:00:00,0.0
DE7,coal,2021-02-09 12:00:00,0.0
DE7,coal,2021-02-09 15:00:00,0.0
DE7,coal,2021-02-09 18:00:00,0.0
DE7,coal,2021-02-09 21:00:00,0.0
DE7,coal,2021-02-10 00:00:00,0.0
DE7,coal,2021-02-10 03:00:00,0.0
DE7,coal,2021-02-10 06:00:00,0.0
DE7,coal,2021-02-10 09:00:00,0.0
DE7,coal,2021-02-10 12:00:00,0.0
DE7,coal,2021-02-10 15:00:00,0.0
DE7,coal,2021-02-10 18:00:00,0.0
DE7,coal,2021-02-10 21:00:00,0.0
DE7,coal,2021-02-11 00:00:00,0.0
DE7,coal,2021-02-11 03:00:00,0.0
DE7,coal,2021-02-11 06:00:00,0.0
DE7,coal,2021-02-11 09:00:00,0.0
DE7,coal,2021-02-11 12:00:00,0.0
DE7,coal,2021-02-11 15:00:00,0.0
DE7,coal,2021-02-11 18:00:00,0.0
DE7,coal,2021-02-11 21:00:00,0.0
DE7,coal,2021-02-12 00:00:00,0.0
DE7,coal,2021-02-12 03:00:00,0.0
DE7,coal,2021-02-12 06:00:00,0.0
DE7,coal,2021-02-12 09:00:00,0.0
DE7,coal,2021-02-12 12:00:00,0.0
DE7,coal,2021-02-12 15:00:00,0.0
DE7,coal,2021-02-12 18:00:00,0.0
DE7,coal,2021-02-12 21:00:00,0.0
DE7,coal,2021-02-13 00:00:00,0.0
DE7,coal,2021-02-13 03:00:00,0.0
DE7,coal,2021-02-13 06:00:00,0.0
DE7,coal,2021-02-13 09:00:00,0.0
DE7,coal,2021-02-13 12:00:00,0.0
DE7,coal,2021-02-13 15:00:00,0.0
DE7,coal,2021-02-13 18:00:00,0.0
DE7,coal,2021-02-13 21:00:00,0.0
DE7,coal,2021-02-14 00:00:00,0.0
DE7,coal,2021-02-14 03:00:00,0.0
DE7,coal,2021-02-14 06:00:00,0.0
DE7,coal,2021-02-14 09:00:00,0.0
DE7,coal,2021-02-14 12:00:00,0.0
DE7,coal,2021-02-14 15:00:00,0.0
DE7,coal,2021-02-14 18:00:00,0.0
DE7,coal,2021-02-14 21:00:00,0.0
DE7,lignite,2021-01-18 00:00:00,0.0
DE7,lignite,2021-01-18 03:00:00,0.0
DE7,lignite,2021-01-18 06:00:00,0.0
DE7,lignite,2021-01-18 09:00:00,0.0
DE7,lignite,2021-01-18 12:00:00,0.0
DE7,lignite,2021-01-18 15:00:00,0.0
DE7,lignite,2021-01-18 18:00:00,0.0
DE7,lignite,2021-01-18 21:00:00,0.0
DE7,lignite,2021-01-19 00:00:00,0.0
DE7,lignite,2021-01-19 03:00:00,0.0
DE7,lignite,2021-01-19 06:00:00,0.0
DE7,lignite,2021-01-19 09:00:00,0.0
DE7,lignite,2021-01-19 12:00:00,0.0
DE7,lignite,2021-01-19 15:00:00,0.0
DE7,lignite,2021-01-19 18:00:00,0.0
DE7,lignite,2021-01-19 21:00:00,0.0
DE7,lignite,2021-01-20 00:00:00,0.0
DE7,lignite,2021-01-20 03:00:00,0.0
DE7,lignite,2021-01-20 06:00:00,0.0
DE7,lignite,2021-01-20 09:00:00,0.0
DE7,lignite,2021-01-20 12:00:00,0.0
DE7,lignite,2021-01-20 15:00:00,0.0
DE7,lignite,2021-01-20 18:00:00,0.0
DE7,lignite,2021-01-20 21:00:00,0.0
DE7,lignite,2021-01-21 00:00:00,0.0
DE7,lignite,2021-01-21 03:00:00,0.0
DE7,lignite,2021-01-21 06:00:00,0.0
DE7,lignite,2021-01-21 09:00:00,0.0
DE7,lignite,2021-01-21 12:00:00,0.0
DE7,lignite,2021-01-21 15:00:00,0.0
DE7,lignite,2021-01-21 18:00:00,0.0
DE7,lignite,2021-01-21 21:00:00,0.0
DE7,lignite,2021-01-22 00:00:00,0.0
DE7,lignite,2021-01-22 03:00:00,0.0
DE7,lignite,2021-01-22 06:00:00,0.0
DE7,lignite,2021-01-22 09:00:00,0.0
DE7,lignite,2021-01-22 12:00:00,0.0
DE7,lignite,2021-01-22 15:00:00,0.0
DE7,lignite,2021-01-22 18:00:00,0.0
DE7,lignite,2021-01-22 21:00:00,0.0
DE7,lignite,2021-01-23 00:00:00,0.0
DE7,lignite,2021-01-23 03:00:00,0.0
DE7,lignite,2021-01-23 06:00:00,0.0
DE7,lignite,2021-01-23 09:00:00,0.0
DE7,lignite,2021-01-23 12:00:00,0.0
DE7,lignite,2021-01-23 15:00:00,0.0
DE7,lignite,2021-01-23 18:00:00,0.0
DE7,lignite,2021-01-23 21:00:00,0.0
DE7,lignite,2021-01-24 00:00:00,0.0
DE7,lignite,2021-01-24 03:00:00,0.0
DE7,lignite,2021-01-24 06:00:00,0.0
DE7,lignite,2021-01-24 09:00:00,0.0
DE7,lignite,2021-01-24 12:00:00,0.0
DE7,lignite,2021-01-24 15:00:00,0.0
DE7,lignite,2021-01-24 18:00:00,0.0
DE7,lignite,2021-01-24 21:00:00,0.0
DE7,lignite,2021-01-25 00:00:00,0.0
DE7,lignite,2021-01-25 03:00:00,0.0
DE7,lignite,2021-01-25 06:00:00,0.0
DE7,lignite,2021-01-25 09:00:00,0.0
DE7,lignite,2021-01-25 12:00:00,0.0
DE7,lignite,2021-01-25 15:00:00,0.0
DE7,lignite,2021-01-25 18:00:00,0.0
DE7,lignite,2021-01-25 21:00:00,0.0
DE7,lignite,2021-01-26 00:00:00,0.0
DE7,lignite,2021-01-26 03:00:00,0.0
DE7,lignite,2021-01-26 06:00:00,0.0
DE7,lignite,2021-01-26 09:00:00,0.0
DE7,lignite,2021-01-26 12:00:00,0.0
DE7,lignite,2021-01-26 15:00:00,0.0
DE7,lignite,2021-01-26 18:00:00,0.0
DE7,lignite,2021-01-26 21:00:00,0.0
DE7,lignite,2021-01-27 00:00:00,0.0
DE7,lignite,2021-01-27 03:00:00,0.0
DE7,lignite,2021-01-27 06:00:00,0.0
DE7,lignite,2021-01-27 09:00:00,0.0
DE7,lignite,2021-01-27 12:00:00,0.0
DE7,lignite,2021-01-27 15:00:00,0.0
DE7,lignite,2021-01-27 18:00:00,0.0
DE7,lignite,2021-01-27 21:00:00,0.0
DE7,lignite,2021-01-28 00:00:00,0.0
DE7,lignite,2021-01-28 03:00:00,0.0
DE7,lignite,2021-01-28 06:00:00,0.0
DE7,lignite,2021-01-28 09:00:00,0.0
DE7,lignite,2021-01-28 12:00:00,0.0
DE7,lignite,2021-01-28 15:00:00,0.0
DE7,lignite,2021-01-28 18:00:00,0.0
DE7,lignite,2021-01-28 21:00:00,0.0
DE7,lignite,2021-01-29 00:00:00,0.0
DE7,lignite,2021-01-29 03:00:00,0.0
DE7,lignite,2021-01-29 06:00:00,0.0
DE7,lignite,2021-01-29 09:00:00,0.0
DE7,lignite,2021-01-29 12:00:00,0.0
DE7,lignite,2021-01-29 15:00:00,0.0
DE7,lignite,2021-01-29 18:00:00,0.0
DE7,lignite,2021-01-29 21:00:00,0.0
DE7,lignite,2021-01-30 00:00:00,0.0
DE7,lignite,2021-01-30 03:00:00,0.0
DE7,lignite,2021-01-30 06:00:00,0.0
DE7,lignite,2021-01-30 09:00:00,0.0
DE7,lignite,2021-01-30 12:00:00,0.0
DE7,lignite,2021-01-30 15:00:00,0.0
DE7,lignite,2021-01-30 18:00:00,0.0
DE7,lignite,2021-01-30 21:00:00,0.0
DE7,lignite,2021-01-31 00:00:00,0.0
DE7,lignite,2021-01-31 03:00:00,0.0
DE7,lignite,2021-01-31 06:00:00,0.0
DE7,lignite,2021-01-31 09:00:00,0.0
DE7,lignite,2021-01-31 12:00:00,0.0
DE7,lignite,2021-01-31 15:00:00,0.0
DE7,lignite,2021-01-31 18:00:00,0.0
DE7,lignite,2021-01-31 21:00:00,0.0
DE7,lignite,2021-02-01 00:00:00,0.0
DE7,lignite,2021-02-01 03:00:00,0.0
DE7,lignite,2021-02-01 06:00:00,0.0
DE7,lignite,2021-02-01 09:00:00,0.0
DE7,lignite,2021-02-01 12:00:00,0.0
DE7,lignite,2021-02-01 15:00:00,0.0
DE7,lignite,2021-02-01 18:00:00,0.0
DE7,lignite,2021-02-01 21:00:00,0.0
DE7,lignite,2021-02-02 00:00:00,0.0
DE7,lignite,2021-02-02 03:00:00,0.0
DE7,lignite,2021-02-02 06:00:00,0.0
DE7,lignite,2021-02-02 09:00:00,0.0
DE7,lignite,2021-02-02 12:00:00,0.0
DE7,lignite,2021-02-02 15:00:00,0.0
DE7,lignite,2021-02-02 18:00:00,0.0
DE7,lignite,2021-02-02 21:00:00,0.0
DE7,lignite,2021-02-03 00:00:00,0.0
DE7,lignite,2021-02-03 03:00:00,0.0
DE7,lignite,2021-02-03 06:00:00,0.0
DE7,lignite,2021-02-03 09:00:00,0.0
DE7,lignite,2021-02-03 12:00:00,0.0
DE7,lignite,2021-02-03 15:00:00,0.0
DE7,lignite,2021-02-03 18:00:00,0.0
DE7,lignite,2021-02-03 21:00:00,0.0
DE7,lignite,2021-02-04 00:00:00,0.0
DE7,lignite,2021-02-04 03:00:00,0.0
DE7,lignite,2021-02-04 06:00:00,0.0
DE7,lignite,2021-02-04 09:00:00,0.0
DE7,lignite,2021-02-04 12:00:00,0.0
DE7,lignite,2021-02-04 15:00:00,0.0
DE7,lignite,2021-02-04 18:00:00,0.0
DE7,lignite,2021-02-04 21:00:00,0.0
DE7,lignite,2021-02-05 00:00:00,0.0
DE7,lignite,2021-02-05 03:00:00,0.0
DE7,lignite,2021-02-05 06:00:00,0.0
DE7,lignite,2021-02-05 09:00:00,0.0
DE7,lignite,2021-02-05 12:00:00,0.0
DE7,lignite,2021-02-05 15:00:00,0.0
DE7,lignite,2021-02-05 18:00:00,0.0
DE7,lignite,2021-02-05 21:00:00,0.0
DE7,lignite,2021-02-06 00:00:00,0.0
DE7,lignite,2021-02-06 03:00:00,0.0
DE7,lignite,2021-02-06 06:00:00,0.0
DE7,lignite,2021-02-06 09:00:00,0.0
DE7,lignite,2021-02-06 12:00:00,0.0
DE7,lignite,2021-02-06 15:00:00,0.0
DE7,lignite,2021-02-06 18:00:00,0.0
DE7,lignite,2021-02-06 21:00:00,0.0
DE7,lignite,2021-02-07 00:00:00,0.0
DE7,lignite,2021-02-07 03:00:00,0.0
DE7,lignite,2021-02-07 06:00:00,0.0
DE7,lignite,2021-02-07 09:00:00,0.0
DE7,lignite,2021-02-07 12:00:00,0.0
DE7,lignite,2021-02-07 15:00:00,0.0
DE7,lignite,2021-02-07 18:00:00,0.0
DE7,lignite,2021-02-07 21:00:00,0.0
DE7,lignite,2021-02-08 00:00:00,0.0
DE7,lignite,2021-02-08 03:00:00,0.0
DE7,lignite,2021-02-08 06:00:00,0.0
DE7,lignite,2021-02-08 09:00:00,0.0
DE7,lignite,2021-02-08 12:00:00,0.0
DE7,lignite,2021-02-08 15:00:00,0.0
DE7,lignite,2021-02-08 18:00:00,0.0
DE7,lignite,2021-02-08 21:00:00,0.0
DE7,lignite,2021-02-09 00:00:00,0.0
DE7,lignite,2021-02-09 03:00:00,0.0
DE7,lignite,2021-02-09 06:00:00,0.0
DE7,lignite,2021-02-09 09:00:00,0.0
DE7,lignite,2021-02-09 12:00:00,0.0
DE7,lignite,2021-02-09 15:00:00,0.0
DE7,lignite,2021-02-09 18:00:00,0.0
DE7,lignite,2021-02-09 21:00:00,0.0
DE7,lignite,2021-02-10 00:00:00,0.0
DE7,lignite,2021-02-10 03:00:00,0.0
DE7,lignite,2021-02-10 06:00:00,0.0
DE7,lignite,2021-02-10 09:00:00,0.0
DE7,lignite,2021-02-10 12:00:00,0.0
DE7,lignite,2021-02-10 15:00:00,0.0
DE7,lignite,2021-02-10 18:00:00,0.0
DE7,lignite,2021-02-10 21:00:00,0.0
DE7,lignite,2021-02-11 00:00:00,0.0
DE7,lignite,2021-02-11 03:00:00,0.0
DE7,lignite,2021-02-11 06:00:00,0.0
DE7,lignite,2021-02-11 09:00:00,0.0
DE7,lignite,2021-02-11 12:00:00,0.0
DE7,lignite,2021-02-11 15:00:00,0.0
DE7,lignite,2021-02-11 18:00:00,0.0
DE7,lignite,2021-02-11 21:00:00,0.0
DE7,lignite,2021-02-12 00:00:00,0.0
DE7,lignite,2021-02-12 03:00:00,0.0
DE7,lignite,2021-02-12 06:00:00,0.0
DE7,lignite,2021-02-12 09:00:00,0.0
DE7,lignite,2021-02-12 12:00:00,0.0
DE7,lignite,2021-02-12 15:00:00,0.0
DE7,lignite,2021-02-12 18:00:00,0.0
DE7,lignite,2021-02-12 21:00:00,0.0
DE7,lignite,2021-02-13 00:00:00,0.0
DE7,lignite,2021-02-13 03:00:00,0.0
DE7,lignite,2021-02-13 06:00:00,0.0
DE7,lignite,2021-02-13 09:00:00,0.0
DE7,lignite,2021-02-13 12:00:00,0.0
DE7,lignite,2021-02-13 15:00:00,0.0
DE7,lignite,2021-02-13 18:00:00,0.0
DE7,lignite,2021-02-13 21:00:00,0.0
DE7,lignite,2021-02-14 00:00:00,0.0
DE7,lignite,2021-02-14 03:00:00,0.0
DE7,lignite,2021-02-14 06:00:00,0.0
DE7,lignite,2021-02-14 09:00:00,0.0
DE7,lignite,2021-02-14 12:00:00,0.0
DE7,lignite,2021-02-14 15:00:00,0.0
DE7,lignite,2021-02-14 18:00:00,0.0
DE7,lignite,2021-02-14 21:00:00,0.0
DE7,ocgt,2021-01-18 00:00:00,1.0000000000000007
DE7,ocgt,2021-01-18 03:00:00,1.0000000000000007
DE7,ocgt,2021-01-18 06:00:00,1.0000000000000007
DE7,ocgt,2021-01-18 09:00:00,1.0000000000000007
DE7,ocgt,2021-01-18 12:00:00,1.0000000000000007
DE7,ocgt,2021-01-18 15:00:00,1.0000000000000007
DE7,ocgt,2021-01-18 18:00:00,1.0000000000000007
DE7,ocgt,2021-01-18 21:00:00,1.0000000000000007
DE7,ocgt,2021-01-19 00:00:00,1.0000000000000007
DE7,ocgt,2021-01-19 03:00:00,1.0000000000000007
DE7,ocgt,2021-01-19 06:00:00,1.0000000000000007
DE7,ocgt,2021-01-19 09:00:00,1.0000000000000007
DE7,ocgt,2021-01-19 12:00:00,1.0000000000000007
DE7,ocgt,2021-01-19 15:00:00,1.0000000000000007
DE7,ocgt,2021-01-19 18:00:00,1.0000000000000007
DE7,ocgt,2021-01-19 21:00:00,1.0000000000000007
DE7,ocgt,2021-01-20 00:00:00,1.0000000000000007
DE7,ocgt,2021-01-20 03:00:00,1.0000000000000007
DE7,ocgt,2021-01-20 06:00:00,1.0000000000000007
DE7,ocgt,2021-01-20 09:00:00,1.0000000000000007
DE7,ocgt,2021-01-20 12:00:00,1.0000000000000007
DE7,ocgt,2021-01-20 15:00:00,1.0000000000000007
DE7,ocgt,2021-01-20 18:00:00,1.0000000000000007
DE7,ocgt,2021-01-20 21:00:00,1.0000000000000007
DE7,ocgt,2021-01-21 00:00:00,1.0000000000000007
DE7,ocgt,2021-01-21 03:00:00,1.0000000000000007
DE7,ocgt,2021-01-21 06:00:00,1.0000000000000007
DE7,ocgt,2021-01-21 09:00:00,1.0000000000000007
DE7,ocgt,2021-01-21 12:00:00,1.0000000000000007
DE7,ocgt,2021-01-21 15:00:00,1.0000000000000007
DE7,ocgt,2021-01-21 18:00:00,1.0000000000000007
DE7,ocgt,2021-01-21 21:00:00,1.0000000000000007
DE7,ocgt,2021-01-22 00:00:00,1.0000000000000007
DE7,ocgt,2021-01-22 03:00:00,1.0000000000000007
DE7,ocgt,2021-01-22 06:00:00,1.0000000000000007
DE7,ocgt,2021-01-22 09:00:00,1.0000000000000007
DE7,ocgt,2021-01-22 12:00:00,1.0000000000000007
DE7,ocgt,2021-01-22 15:00:00,1.0000000000000007
DE7,ocgt,2021-01-22 18:00:00,1.0000000000000007
DE7,ocgt,2021-01-22 21:00:00,1.0000000000000007
DE7,ocgt,2021-01-23 00:00:00,1.0000000000000007
DE7,ocgt,2021-01-23 03:00:00,1.0000000000000007
DE7,ocgt,2021-01-23 06:00:00,1.0000000000000007
DE7,ocgt,2021-01-23 09:00:00,1.0000000000000007
DE7,ocgt,2021-01-23 12:00:00,1.0000000000000007
DE7,ocgt,2021-01-23 15:00:00,1.0000000000000007
DE7,ocgt,2021-01-23 18:00:00,1.0000000000000007
DE7,ocgt,2021-01-23 21:00:00,1.0000000000000007
DE7,ocgt,2021-01-24 00:00:00,1.0000000000000007
DE7,ocgt,2021-01-24 03:00:00,1.0000000000000007
DE7,ocgt,2021-01-24 06:00:00,1.0000000000000007
DE7,ocgt,2021-01-24 09:00:00,1.0000000000000007
DE7,ocgt,2021-01-24 12:00:00,1.0000000000000007
DE7,ocgt,2021-01-24 15:00:00,1.0000000000000007
DE7,ocgt,2021-01-24 18:00:00,1.0000000000000007
DE7,ocgt,2021-01-24 21:00:00,1.0000000000000007
DE7,ocgt,2021-01-25 00:00:00,1.0000000000000007
DE7,ocgt,2021-01-25 03:00:00,1.0000000000000007
DE7,ocgt,2021-01-25 06:00:00,1.0000000000000007
DE7,ocgt,2021-01-25 09:00:00,1.0000000000000007
DE7,ocgt,2021-01-25 12:00:00,1.0000000000000007
DE7,ocgt,2021-01-25 15:00:00,1.0000000000000007
DE7,ocgt,2021-01-25 18:00:00,1.0000000000000007
DE7,ocgt,2021-01-25 21:00:00,1.0000000000000007
DE7,ocgt,2021-01-26 00:00:00,1.0000000000000007
DE7,ocgt,2021-01-26 03:00:00,1.0000000000000007
DE7,ocgt,2021-01-26 06:00:00,1.0000000000000007
DE7,ocgt,2021-01-26 09:00:00,1.0000000000000007
DE7,ocgt,2021-01-26 12:00:00,1.0000000000000007
DE7,ocgt,2021-01-26 15:00:00,1.0000000000000007
DE7,ocgt,2021-01-26 18:00:00,1.0000000000000007
DE7,ocgt,2021-01-26 21:00:00,1.0000000000000007
DE7,ocgt,2021-01-27 00:00:00,1.0000000000000007
DE7,ocgt,2021-01-27 03:00:00,1.0000000000000007
DE7,ocgt,2021-01-27 06:00:00,1.0000000000000007
DE7,ocgt,2021-01-27 09:00:00,1.0000000000000007
DE7,ocgt,2021-01-27 12:00:00,1.0000000000000007
DE7,ocgt,2021-01-27 15:00:00,1.0000000000000007
DE7,ocgt,2021-01-27 18:00:00,1.0000000000000007
DE7,ocgt,2021-01-27 21:00:00,1.0000000000000007
DE7,ocgt,2021-01-28 00:00:00,1.0000000000000007
DE7,ocgt,2021-01-28 03:00:00,1.0000000000000007
DE7,ocgt,2021-01-28 06:00:00,1.0000000000000007
DE7,ocgt,2021-01-28 09:00:00,1.0000000000000007
DE7,ocgt,2021-01-28 12:00:00,1.0000000000000007
DE7,ocgt,2021-01-28 15:00:00,1.0000000000000007
DE7,ocgt,2021-01-28 18:00:00,1.0000000000000007
DE7,ocgt,2021-01-28 21:00:00,1.0000000000000007
DE7,ocgt,2021-01-29 00:00:00,1.0000000000000007
DE7,ocgt,2021-01-29 03:00:00,1.0000000000000007
DE7,ocgt,2021-01-29 06:00:00,1.0000000000000007
DE7,ocgt,2021-01-29 09:00:00,1.0000000000000007
DE7,ocgt,2021-01-29 12:00:00,1.0000000000000007
DE7,ocgt,2021-01-29 15:00:00,1.0000000000000007
DE7,ocgt,2021-01-29 18:00:00,1.0000000000000007
DE7,ocgt,2021-01-29 21:00:00,1.0000000000000007
DE7,ocgt,2021-01-30 00:00:00,1.0000000000000007
DE7,ocgt,2021-01-30 03:00:00,1.0000000000000007
DE7,ocgt,2021-01-30 06:00:00,1.0000000000000007
DE7,ocgt,2021-01-30 09:00:00,1.0000000000000007
DE7,ocgt,2021-01-30 12:00:00,1.0000000000000007
DE7,ocgt,2021-01-30 15:00:00,1.0000000000000007
DE7,ocgt,2021-01-30 18:00:00,1.0000000000000007
DE7,ocgt,2021-01-30 21:00:00,1.0000000000000007
DE7,ocgt,2021-01-31 00:00:00,1.0000000000000007
DE7,ocgt,2021-01-31 03:00:00,1.0000000000000007
DE7,ocgt,2021-01-31 06:00:00,1.0000000000000007
DE7,ocgt,2021-01-31 09:00:00,1.0000000000000007
DE7,ocgt,2021-01-31 12:00:00,1.0000000000000007
DE7,ocgt,2021-01-31 15:00:00,1.0000000000000007
DE7,ocgt,2021-01-31 18:00:00,1.0000000000000007
DE7,ocgt,2021-01-31 21:00:00,1.0000000000000007
DE7,ocgt,2021-02-01 00:00:00,1.0000000000000007
DE7,ocgt,2021-02-01 03:00:00,1.0000000000000007
DE7,ocgt,2021-02-01 06:00:00,1.0000000000000007
DE7,ocgt,2021-02-01 09:00:00,1.0000000000000007
DE7,ocgt,2021-02-01 12:00:00,1.0000000000000007
DE7,ocgt,2021-02-01 15:00:00,1.0000000000000007
DE7,ocgt,2021-02-01 18:00:00,1.0000000000000007
DE7,ocgt,2021-02-01 21:00:00,1.0000000000000007
DE7,ocgt,2021-02-02 00:00:00,1.0000000000000007
DE7,ocgt,2021-02-02 03:00:00,1.0000000000000007
DE7,ocgt,2021-02-02 06:00:00,1.0000000000000007
DE7,ocgt,2021-02-02 09:00:00,1.0000000000000007
DE7,ocgt,2021-02-02 12:00:00,1.0000000000000007
DE7,ocgt,2021-02-02 15:00:00,1.0000000000000007
DE7,ocgt,2021-02-02 18:00:00,1.0000000000000007
DE7,ocgt,2021-02-02 21:00:00,1.0000000000000007
DE7,ocgt,2021-02-03 00:00:00,1.0000000000000007
DE7,ocgt,2021-02-03 03:00:00,1.0000000000000007
DE7,ocgt,2021-02-03 06:00:00,1.0000000000000007
DE7,ocgt,2021-02-03 09:00:00,1.0000000000000007
DE7,ocgt,2021-02-03 12:00:00,1.0000000000000007
DE7,ocgt,2021-02-03 15:00:00,1.0000000000000007
DE7,ocgt,2021-02-03 18:00:00,1.0000000000000007
DE7,ocgt,2021-02-03 21:00:00,1.0000000000000007
DE7,ocgt,2021-02-04 00:00:00,1.0000000000000007
DE7,ocgt,2021-02-04 03:00:00,1.0000000000000007
DE7,ocgt,2021-02-04 06:00:00,1.0000000000000007
DE7,ocgt,2021-02-04 09:00:00,1.0000000000000007
DE7,ocgt,2021-02-04 12:00:00,1.0000000000000007
DE7,ocgt,2021-02-04 15:00:00,1.0000000000000007
DE7,ocgt,2021-02-04 18:00:00,1.0000000000000007
DE7,ocgt,2021-02-04 21:00:00,1.0000000000000007
DE7,ocgt,2021-02-05 00:00:00,1.0000000000000007
DE7,ocgt,2021-02-05 03:00:00,1.0000000000000007
DE7,ocgt,2021-02-05 06:00:00,1.0000000000000007
DE7,ocgt,2021-02-05 09:00:00,1.0000000000000007
DE7,ocgt,2021-02-05 12:00:00,1.0000000000000007
DE7,ocgt,2021-02-05 15:00:00,1.0000000000000007
DE7,ocgt,2021-02-05 18:00:00,1.0000000000000007
DE7,ocgt,2021-02-05 21:00:00,1.0000000000000007
DE7,ocgt,2021-02-06 00:00:00,1.0000000000000007
DE7,ocgt,2021-02-06 03:00:00,1.0000000000000007
DE7,ocgt,2021-02-06 06:00:00,1.0000000000000007
DE7,ocgt,2021-02-06 09:00:00,1.0000000000000007
DE7,ocgt,2021-02-06 12:00:00,1.0000000000000007
DE7,ocgt,2021-02-06 15:00:00,1.0000000000000007
DE7,ocgt,2021-02-06 18:00:00,1.0000000000000007
DE7,ocgt,2021-02-06 21:00:00,1.0000000000000007
DE7,ocgt,2021-02-07 00:00:00,1.0000000000000007
DE7,ocgt,2021-02-07 03:00:00,1.0000000000000007
DE7,ocgt,2021-02-07 06:00:00,1.0000000000000007
DE7,ocgt,2021-02-07 09:00:00,1.0000000000000007
DE7,ocgt,2021-02-07 12:00:00,1.0000000000000007
DE7,ocgt,2021-02-07 15:00:00,1.0000000000000007
DE7,ocgt,2021-02-07 18:00:00,1.0000000000000007
DE7,ocgt,2021-02-07 21:00:00,1.0000000000000007
DE7,ocgt,2021-02-08 00:00:00,1.0000000000000007
DE7,ocgt,2021-02-08 03:00:00,1.0000000000000007
DE7,ocgt,2021-02-08 06:00:00,1.0000000000000007
DE7,ocgt,2021-02-08 09:00:00,1.0000000000000007
DE7,ocgt,2021-02-08 12:00:00,1.0000000000000007
DE7,ocgt,2021-02-08 15:00:00,1.0000000000000007
DE7,ocgt,2021-02-08 18:00:00,1.0000000000000007
DE7,ocgt,2021-02-08 21:00:00,1.0000000000000007
DE7,ocgt,2021-02-09 00:00:00,1.0000000000000007
DE7,ocgt,2021-02-09 03:00:00,1.0000000000000007
DE7,ocgt,2021-02-09 06:00:00,1.0000000000000007
DE7,ocgt,2021-02-09 09:00:00,1.0000000000000007
DE7,ocgt,2021-02-09 12:00:00,1.0000000000000007
DE7,ocgt,2021-02-09 15:00:00,1.0000000000000007
DE7,ocgt,2021-02-09 18:00:00,1.0000000000000007
DE7,ocgt,2021-02-09 21:00:00,1.0000000000000007
DE7,ocgt,2021-02-10 00:00:00,1.0000000000000007
DE7,ocgt,2021-02-10 03:00:00,1.0000000000000007
DE7,ocgt,2021-02-10 06:00:00,1.0000000000000007
DE7,ocgt,2021-02-10 09:00:00,1.0000000000000007
DE7,ocgt,2021-02-10 12:00:00,1.0000000000000007
DE7,ocgt,2021-02-10 15:00:00,1.0000000000000007
DE7,ocgt,2021-02-10 18:00:00,1.0000000000000007
DE7,ocgt,2021-02-10 21:00:00,1.0000000000000007
DE7,ocgt,2021-02-11 00:00:00,1.0000000000000007
DE7,ocgt,2021-02-11 03:00:00,1.0000000000000007
DE7,ocgt,2021-02-11 06:00:00,1.0000000000000007
DE7,ocgt,2021-02-11 09:00:00,1.0000000000000007
DE7,ocgt,2021-02-11 12:00:00,1.0000000000000007
DE7,ocgt,2021-02-11 15:00:00,1.0000000000000007
DE7,ocgt,2021-02-11 18:00:00,1.0000000000000007
DE7,ocgt,2021-02-11 21:00:00,1.0000000000000007
DE7,ocgt,2021-02-12 00:00:00,1.0000000000000007
DE7,ocgt,2021-02-12 03:00:00,1.0000000000000007
DE7,ocgt,2021-02-12 06:00:00,1.0000000000000007
DE7,ocgt,2021-02-12 09:00:00,1.0000000000000007
DE7,ocgt,2021-02-12 12:00:00,1.0000000000000007
DE7,ocgt,2021-02-12 15:00:00,1.0000000000000007
DE7,ocgt,2021-02-12 18:00:00,1.0000000000000007
DE7,ocgt,2021-02-12 21:00:00,1.0000000000000007
DE7,ocgt,2021-02-13 00:00:00,1.0000000000000007
DE7,ocgt,2021-02-13 03:00:00,1.0000000000000007
DE7,ocgt,2021-02-13 06:00:00,1.0000000000000007
DE7,ocgt,2021-02-13 09:00:00,1.0000000000000007
DE7,ocgt,2021-02-13 12:00:00,1.0000000000000007
DE7,ocgt,2021-02-13 15:00:00,1.0000000000000007
DE7,ocgt,2021-02-13 18:00:00,1.0000000000000007
DE7,ocgt,2021-02-13 21:00:00,1.0000000000000007
DE7,ocgt,2021-02-14 00:00:00,1.0000000000000007
DE7,ocgt,2021-02-14 03:00:00,1.0000000000000007
DE7,ocgt,2021-02-14 06:00:00,1.0000000000000007
DE7,ocgt,2021-02-14 09:00:00,1.0000000000000007
DE7,ocgt,2021-02-14 12:00:00,1.0000000000000007
DE7,ocgt,2021-02-14 15:00:00,1.0000000000000007
DE7,ocgt,2021-02-14 18:00:00,1.0000000000000007
DE7,ocgt,2021-02-14 21:00:00,1.0000000000000007
DE7,offshore,2021-01-18 00:00:00,0.5799691970944958
DE7,offshore,2021-01-18 03:00:00,0.6906487745304087
DE7,offshore,2021-01-18 06:00:00,0.9887347902808278
DE7,offshore,2021-01-18 09:00:00,0.9992875911691592
DE7,offshore,2021-01-18 12:00:00,0.9996401453027433
DE7,offshore,2021-01-18 15:00:00,0.999630483490001
DE7,offshore,2021-01-18 18:00:00,0.9997476121741111
DE7,offshore,2021-01-18 21:00:00,0.9980782072424923
DE7,offshore,2021-01-19 00:00:00,0.995339911740446
DE7,offshore,2021-01-19 03:00:00,0.998744615718184
DE7,offshore,2021-01-19 06:00:00,0.9999541177006855
DE7,offshore,2021-01-19 09:00:00,1.0
DE7,offshore,2021-01-19 12:00:00,0.992651142691478
DE7,offshore,2021-01-19 15:00:00,0.993599328734438
DE7,offshore,2021-01-19 18:00:00,0.999709088774352
DE7,offshore,2021-01-19 21:00:00,1.0
DE7,offshore,2021-01-20 00:00:00,1.0
DE7,offshore,2021-01-20 03:00:00,1.0
DE7,offshore,2021-01-20 06:00:00,1.0
DE7,offshore,2021-01-20 09:00:00,1.0
DE7,offshore,2021-01-20 12:00:00,1.0
DE7,offshore,2021-01-20 15:00:00,1.0
DE7,offshore,2021-01-20 18:00:00,1.0
DE7,offshore,2021-01-20 21:00:00,1.0
DE7,offshore,2021-01-21 00:00:00,1.0
DE7,offshore,2021-01-21 03:00:00,1.0
DE7,offshore,2021-01-21 06:00:00,1.0
DE7,offshore,2021-01-21 09:00:00,1.0
DE7,offshore,2021-01-21 12:00:00,1.0
DE7,offshore,2021-01-21 15:00:00,1.0
DE7,offshore,2021-01-21 18:00:00,1.0
DE7,offshore,2021-01-21 21:00:00,0.9899881022691787
DE7,offshore,2021-01-22 00:00:00,0.564882973881769
DE7,offshore,2021-01-22 03:00:00,0.9985655227588588
DE7,offshore,2021-01-22 06:00:00,0.9999425244401461
DE7,offshore,2021-01-22 09:00:00,1.0
DE7,offshore,2021-01-22 12:00:00,1.0
DE7,offshore,2021-01-22 15:00:00,0.9998862387698906
DE7,offshore,2021-01-22 18:00:00,0.9949996329972176
DE7,offshore,2021-01-22 21:00:00,0.97175127513736
DE7,offshore,2021-01-23 00:00:00,0.7172309579956577
DE7,offshore,2021-01-23 03:00:00,0.5972804690910983
DE7,offshore,2021-01-23 06:00:00,0.7892139929135421
DE7,offshore,2021-01-23 09:00:00,0.989805934927558
DE7,offshore,2021-01-23 12:00:00,0.9828553486710756
DE7,offshore,2021-01-23 15:00:00,0.8711570710220268
DE7,offshore,2021-01-23 18:00:00,0.4148676574312916
DE7,offshore,2021-01-23 21:00:00,0.0971229844147739
DE7,offshore,2021-01-24 00:00:00,0.0014640933513819
DE7,offshore,2021-01-24 03:00:00,0.00046942569636960004
DE7,offshore,2021-01-24 06:00:00,0.0033137435438296
DE7,offshore,2021-01-24 09:00:00,0.0025819034045703
DE7,offshore,2021-01-24 12:00:00,0.0932389335286941
DE7,offshore,2021-01-24 15:00:00,0.127822308487073
DE7,offshore,2021-01-24 18:00:00,0.12268309166027129
DE7,offshore,2021-01-24 21:00:00,0.1107717235431157
DE7,offshore,2021-01-25 00:00:00,0.1301359472952219
DE7,offshore,2021-01-25 03:00:00,0.1445283348772042
DE7,offshore,2021-01-25 06:00:00,0.1617736263930419
DE7,offshore,2021-01-25 09:00:00,0.0894401152021398
DE7,offshore,2021-01-25 12:00:00,0.2182697516982052
DE7,offshore,2021-01-25 15:00:00,0.5152645919458715
DE7,offshore,2021-01-25 18:00:00,0.5101386873182296
DE7,offshore,2021-01-25 21:00:00,0.2691405035564048
DE7,offshore,2021-01-26 00:00:00,0.0227007176990381
DE7,offshore,2021-01-26 03:00:00,0.0427621162870436
DE7,offshore,2021-01-26 06:00:00,0.0684361786664264
DE7,offshore,2021-01-26 09:00:00,0.1002271462207291
DE7,offshore,2021-01-26 12:00:00,0.0965592660129649
DE7,offshore,2021-01-26 15:00:00,0.1048230834711594
DE7,offshore,2021-01-26 18:00:00,0.0791089919803403
DE7,offshore,2021-01-26 21:00:00,0.1559252030714416
DE7,offshore,2021-01-27 00:00:00,0.1748355341154943
DE7,offshore,2021-01-27 03:00:00,0.1715668726470916
DE7,offshore,2021-01-27 06:00:00,0.2053422361809997
DE7,offshore,2021-01-27 09:00:00,0.2132212073343453
DE7,offshore,2021-01-27 12:00:00,0.1371450675290068
DE7,offshore,2021-01-27 15:00:00,0.0932294055883491
DE7,offshore,2021-01-27 18:00:00,0.1037899586153508
DE7,offshore,2021-01-27 21:00:00,0.1627951792085002
DE7,offshore,2021-01-28 00:00:00,0.0936012105110483
DE7,offshore,2021-01-28 03:00:00,0.0240385125310593
DE7,offshore,2021-01-28 06:00:00,0.0326169699444602
DE7,offshore,2021-01-28 09:00:00,0.0859055935727195
DE7,offshore,2021-01-28 12:00:00,0.0758370073433926
DE7,offshore,2021-01-28 15:00:00,0.0527520778736093
DE7,offshore,2021-01-28 18:00:00,0.1302134480575753
DE7,offshore,2021-01-28 21:00:00,0.1600947007024719
DE7,offshore,2021-01-29 00:00:00,0.2083133834796914
DE7,offshore,2021-01-29 03:00:00,0.2206292281986846
DE7,offshore,2021-01-29 06:00:00,0.2213749405188368
DE7,offshore,2021-01-29 09:00:00,0.2211888260114452
DE7,offshore,2021-01-29 12:00:00,0.2189950310803662
DE7,offshore,2021-01-29 15:00:00,0.2203567511283767
DE7,offshore,2021-01-29 18:00:00,0.221194253737268
DE7,offshore,2021-01-29 21:00:00,0.2201679435732263
DE7,offshore,2021-01-30 00:00:00,0.1505166553153274
DE7,offshore,2021-01-30 03:00:00,0.0935442210079749
DE7,offshore,2021-01-30 06:00:00,0.0627917837256577
DE7,offshore,2021-01-30 09:00:00,0.0239211551581602
DE7,offshore,2021-01-30 12:00:00,0.0163646468956635
DE7,offshore,2021-01-30 15:00:00,0.0099164485093625
DE7,offshore,2021-01-30 18:00:00,0.0
DE7,offshore,2021-01-30 21:00:00,0.0
DE7,offshore,2021-01-31 00:00:00,0.0186784164814811
DE7,offshore,2021-01-31 03:00:00,0.0563602068849429
DE7,offshore,2021-01-31 06:00:00,0.0742631273587385
DE7,offshore,2021-01-31 09:00:00,0.0500176203843891
DE7,offshore,2021-01-31 12:00:00,0.0035160715190422
DE7,offshore,2021-01-31 15:00:00,0.0061686133186004
DE7,offshore,2021-01-31 18:00:00,0.05948165383347869
DE7,offshore,2021-01-31 21:00:00,0.1264850035382764
DE7,offshore,2021-02-01 00:00:00,0.1734081757110686
DE7,offshore,2021-02-01 03:00:00,0.2114759876850556
DE7,offshore,2021-02-01 06:00:00,0.2135311940342257
DE7,offshore,2021-02-01 09:00:00,0.1841808544943738
DE7,offshore,2021-02-01 12:00:00,0.0631249115194046
DE7,offshore,2021-02-01 15:00:00,0.0256373698802167
DE7,offshore,2021-02-01 18:00:00,0.0
DE7,offshore,2021-02-01 21:00:00,0.0
DE7,offshore,2021-02-02 00:00:00,0.0068558241086723
DE7,offshore,2021-02-02 03:00:00,0.0
DE7,offshore,2021-02-02 06:00:00,0.0
DE7,offshore,2021-02-02 09:00:00,0.014694594888428199
DE7,offshore,2021-02-02 12:00:00,0.0382043744628943
DE7,offshore,2021-02-02 15:00:00,0.0841083282072695
DE7,offshore,2021-02-02 18:00:00,0.1601409930465427
DE7,offshore,2021-02-02 21:00:00,0.2100460893082654
DE7,offshore,2021-02-03 00:00:00,0.2115105764665692
DE7,offshore,2021-02-03 03:00:00,0.2166287238674068
DE7,offshore,2021-02-03 06:00:00,0.2072696675332413
DE7,offshore,2021-02-03 09:00:00,0.1382372827617569
DE7,offshore,2021-02-03 12:00:00,0.1229932247702942
DE7,offshore,2021-02-03 15:00:00,0.1723521208222479
DE7,offshore,2021-02-03 18:00:00,0.187358005551865
DE7,offshore,2021-02-03 21:00:00,0.1895284240690361
DE7,offshore,2021-02-04 00:00:00,0.1896229103695804
DE7,offshore,2021-02-04 03:00:00,0.1997203318465288
DE7,offshore,2021-02-04 06:00:00,0.2142103062253892
DE7,offshore,2021-02-04 09:00:00,0.2129560021478175
DE7,offshore,2021-02-04 12:00:00,0.1987891686826592
DE7,offshore,2021-02-04 15:00:00,0.1750275666503881
DE7,offshore,2021-02-04 18:00:00,0.1737500053546379
DE7,offshore,2021-02-04 21:00:00,0.1830271435628203
DE7,offshore,2021-02-05 00:00:00,0.1978317659422798
DE7,offshore,2021-02-05 03:00:00,0.1978973317729256
DE7,offshore,2021-02-05 06:00:00,0.2189164193420819
DE7,offshore,2021-02-05 09:00:00,0.2187758948425254
DE7,offshore,2021-02-05 12:00:00,0.2184540247865937
DE7,offshore,2021-02-05 15:00:00,0.2190313392178474
DE7,offshore,2021-02-05 18:00:00,0.2206136505812181
DE7,offshore,2021-02-05 21:00:00,0.221302977040839
DE7,offshore,2021-02-06 00:00:00,0.2213696831845846
DE7,offshore,2021-02-06 03:00:00,0.2276515981553938
DE7,offshore,2021-02-06 06:00:00,0.24665175273547083
DE7,offshore,2021-02-06 09:00:00,0.277337621864786
DE7,offshore,2021-02-06 12:00:00,0.3186338544722421
DE7,offshore,2021-02-06 15:00:00,0.3689534594979283
DE7,offshore,2021-02-06 18:00:00,0.4263626827402673
DE7,offshore,2021-02-06 21:00:00,0.4886553199455193
DE7,offshore,2021-02-07 00:00:00,0.5534375
DE7,offshore,2021-02-07 03:00:00,0.6182196800544807
DE7,offshore,2021-02-07 06:00:00,0.6805123172597326
DE7,offshore,2021-02-07 09:00:00,0.7379215405020718
DE7,offshore,2021-02-07 12:00:00,0.7882411455277579
DE7,offshore,2021-02-07 15:00:00,0.8295373781352139
DE7,offshore,2021-02-07 18:00:00,0.8602232472645291
DE7,offshore,2021-02-07 21:00:00,0.8791195121738977
DE7,offshore,2021-02-08 00:00:00,1.0
DE7,offshore,2021-02-08 03:00:00,0.999998881820916
DE7,offshore,2021-02-08 06:00:00,0.9999048520884198
DE7,offshore,2021-02-08 09:00:00,0.9998959623284563
DE7,offshore,2021-02-08 12:00:00,0.9997300325978943
DE7,offshore,2021-02-08 15:00:00,0.9989157798442716
DE7,offshore,2021-02-08 18:00:00,0.996917351925562
DE7,offshore,2021-02-08 21:00:00,0.9856819446689405
DE7,offshore,2021-02-09 00:00:00,0.993958574551831
DE7,offshore,2021-02-09 03:00:00,0.9967331408309975
DE7,offshore,2021-02-09 06:00:00,0.9920415376756424
DE7,offshore,2021-02-09 09:00:00,0.989805925353312
DE7,offshore,2021-02-09 12:00:00,0.9791169504904471
DE7,offshore,2021-02-09 15:00:00,0.9634610608530483
DE7,offshore,2021-02-09 18:00:00,0.9707607876640376
DE7,offshore,2021-02-09 21:00:00,0.8753093040639053
DE7,offshore,2021-02-10 00:00:00,0.7772851160370419
DE7,offshore,2021-02-10 03:00:00,0.8403459737419908
DE7,offshore,2021-02-10 06:00:00,0.8552733586208535
DE7,offshore,2021-02-10 09:00:00,0.8016745436848058
DE7,offshore,2021-02-10 12:00:00,0.7424268710733428
DE7,offshore,2021-02-10 15:00:00,0.8392595155186751
DE7,offshore,2021-02-10 18:00:00,0.8709965762461443
DE7,offshore,2021-02-10 21:00:00,0.5183232762956552
DE7,offshore,2021-02-11 00:00:00,0.2533105458623146
DE7,offshore,2021-02-11 03:00:00,0.1501585112078423
DE7,offshore,2021-02-11 06:00:00,0.1564290655304611
DE7,offshore,2021-02-11 09:00:00,0.11710031717162452
DE7,offshore,2021-02-11 12:00:00,0.1355005956359049
DE7,offshore,2021-02-11 15:00:00,0.2075622767261808
DE7,offshore,2021-02-11 18:00:00,0.5478893275894469
DE7,offshore,2021-02-11 21:00:00,0.6988794018338721
DE7,offshore,2021-02-12 00:00:00,0.5869679165114631
DE7,offshore,2021-02-12 03:00:00,0.6260652188108239
DE7,offshore,2021-02-12 06:00:00,0.7022100731380133
DE7,offshore,2021-02-12 09:00:00,0.739505322694261
DE7,offshore,2021-02-12 12:00:00,0.5104606314141545
DE7,offshore,2021-02-12 15:00:00,0.4402580444522737
DE7,offshore,2021-02-12 18:00:00,0.5148052960366997
DE7,offshore,2021-02-12 21:00:00,0.3573374723870962
DE7,offshore,2021-02-13 00:00:00,0.1082993604128575
DE7,offshore,2021-02-13 03:00:00,0.0253417875624947
DE7,offshore,2021-02-13 06:00:00,0.0094283690691767
DE7,offshore,2021-02-13 09:00:00,0.0030317440147045
DE7,offshore,2021-02-13 12:00:00,0.0036821283669568
DE7,offshore,2021-02-13 15:00:00,0.050120320375465
DE7,offshore,2021-02-13 18:00:00,0.1776097382494011
DE7,offshore,2021-02-13 21:00:00,0.4094796058395548
DE7,offshore,2021-02-14 00:00:00,0.5908327653737203
DE7,offshore,2021-02-14 03:00:00,0.5417112819053275
DE7,offshore,2021-02-14 06:00:00,0.6770214055051862
DE7,offshore,2021-02-14 09:00:00,0.7520314336304367
DE7,offshore,2021-02-14 12:00:00,0.8256318821110691
DE7,offshore,2021-02-14 15:00:00,0.9811646885001044
DE7,offshore,2021-02-14 18:00:00,0.9984359195608978
DE7,offshore,2021-02-14 21:00:00,0.9999093243512366
DE7,oil,2021-01-18 00:00:00,1.0
DE7,oil,2021-01-18 03:00:00,1.0
DE7,oil,2021-01-18 06:00:00,1.0
DE7,oil,2021-01-18 09:00:00,1.0
DE7,oil,2021-01-18 12:00:00,1.0
DE7,oil,2021-01-18 15:00:00,1.0
DE7,oil,2021-01-18 18:00:00,1.0
DE7,oil,2021-01-18 21:00:00,1.0
DE7,oil,2021-01-19 00:00:00,1.0
DE7,oil,2021-01-19 03:00:00,1.0
DE7,oil,2021-01-19 06:00:00,1.0
DE7,oil,2021-01-19 09:00:00,1.0
DE7,oil,2021-01-19 12:00:00,1.0
DE7,oil,2021-01-19 15:00:00,1.0
DE7,oil,2021-01-19 18:00:00,1.0
DE7,oil,2021-01-19 21:00:00,1.0
DE7,oil,2021-01-20 00:00:00,1.0
DE7,oil,2021-01-20 03:00:00,1.0
DE7,oil,2021-01-20 06:00:00,1.0
DE7,oil,2021-01-20 09:00:00,1.0
DE7,oil,2021-01-20 12:00:00,1.0
DE7,oil,2021-01-20 15:00:00,1.0
DE7,oil,2021-01-20 18:00:00,1.0
DE7,oil,2021-01-20 21:00:00,1.0
DE7,oil,2021-01-21 00:00:00,1.0
DE7,oil,2021-01-21 03:00:00,1.0
DE7,oil,2021-01-21 06:00:00,1.0
DE7,oil,2021-01-21 09:00:00,1.0
DE7,oil,2021-01-21 12:00:00,1.0
DE7,oil,2021-01-21 15:00:00,1.0
DE7,oil,2021-01-21 18:00:00,1.0
DE7,oil,2021-01-21 21:00:00,1.0
DE7,oil,2021-01-22 00:00:00,1.0
DE7,oil,2021-01-22 03:00:00,1.0
DE7,oil,2021-01-22 06:00:00,1.0
DE7,oil,2021-01-22 09:00:00,1.0
DE7,oil,2021-01-22 12:00:00,1.0
DE7,oil,2021-01-22 15:00:00,1.0
DE7,oil,2021-01-22 18:00:00,1.0
DE7,oil,2021-01-22 21:00:00,1.0
DE7,oil,2021-01-23 00:00:00,1.0
DE7,oil,2021-01-23 03:00:00,1.0
DE7,oil,2021-01-23 06:00:00,1.0
DE7,oil,2021-01-23 09:00:00,1.0
DE7,oil,2021-01-23 12:00:00,1.0
DE7,oil,2021-01-23 15:00:00,1.0
DE7,oil,2021-01-23 18:00:00,1.0
DE7,oil,2021-01-23 21:00:00,1.0
DE7,oil,2021-01-24 00:00:00,1.0
DE7,oil,2021-01-24 03:00:00,1.0
DE7,oil,2021-01-24 06:00:00,1.0
DE7,oil,2021-01-24 09:00:00,1.0
DE7,oil,2021-01-24 12:00:00,1.0
DE7,oil,2021-01-24 15:00:00,1.0
DE7,oil,2021-01-24 18:00:00,1.0
DE7,oil,2021-01-24 21:00:00,1.0
DE7,oil,2021-01-25 00:00:00,1.0
DE7,oil,2021-01-25 03:00:00,1.0
DE7,oil,2021-01-25 06:00:00,1.0
DE7,oil,2021-01-25 09:00:00,1.0
DE7,oil,2021-01-25 12:00:00,1.0
DE7,oil,2021-01-25 15:00:00,1.0
DE7,oil,2021-01-25 18:00:00,1.0
DE7,oil,2021-01-25 21:00:00,1.0
DE7,oil,2021-01-26 00:00:00,1.0
DE7,oil,2021-01-26 03:00:00,1.0
DE7,oil,2021-01-26 06:00:00,1.0
DE7,oil,2021-01-26 09:00:00,1.0
DE7,oil,2021-01-26 12:00:00,1.0
DE7,oil,2021-01-26 15:00:00,1.0
DE7,oil,2021-01-26 18:00:00,1.0
DE7,oil,2021-01-26 21:00:00,1.0
DE7,oil,2021-01-27 00:00:00,1.0
DE7,oil,2021-01-27 03:00:00,1.0
DE7,oil,2021-01-27 06:00:00,1.0
DE7,oil,2021-01-27 09:00:00,1.0
DE7,oil,2021-01-27 12:00:00,1.0
DE7,oil,2021-01-27 15:00:00,1.0
DE7,oil,2021-01-27 18:00:00,1.0
DE7,oil,2021-01-27 21:00:00,1.0
DE7,oil,2021-01-28 00:00:00,1.0
DE7,oil,2021-01-28 03:00:00,1.0
DE7,oil,2021-01-28 06:00:00,1.0
DE7,oil,2021-01-28 09:00:00,1.0
DE7,oil,2021-01-28 12:00:00,1.0
DE7,oil,2021-01-28 15:00:00,1.0
DE7,oil,2021-01-28 18:00:00,1.0
DE7,oil,2021-01-28 21:00:00,1.0
DE7,oil,2021-01-29 00:00:00,1.0
DE7,oil,2021-01-29 03:00:00,1.0
DE7,oil,2021-01-29 06:00:00,1.0
DE7,oil,2021-01-29 09:00:00,1.0
DE7,oil,2021-01-29 12:00:00,1.0
DE7,oil,2021-01-29 15:00:00,1.0
DE7,oil,2021-01-29 18:00:00,1.0
DE7,oil,2021-01-29 21:00:00,1.0
DE7,oil,2021-01-30 00:00:00,1.0
DE7,oil,2021-01-30 03:00:00,1.0
DE7,oil,2021-01-30 06:00:00,1.0
DE7,oil,2021-01-30 09:00:00,1.0
DE7,oil,2021-01-30 12:00:00,1.0
DE7,oil,2021-01-30 15:00:00,1.0
DE7,oil,2021-01-30 18:00:00,1.0
DE7,oil,2021-01-30 21:00:00,1.0
DE7,oil,2021-01-31 00:00:00,1.0
DE7,oil,2021-01-31 03:00:00,1.0
DE7,oil,2021-01-31 06:00:00,1.0
DE7,oil,2021-01-31 09:00:00,1.0
DE7,oil,2021-01-31 12:00:00,1.0
DE7,oil,2021-01-31 15:00:00,1.0
DE7,oil,2021-01-31 18:00:00,1.0
DE7,oil,2021-01-31 21:00:00,1.0
DE7,oil,2021-02-01 00:00:00,1.0
DE7,oil,2021-02-01 03:00:00,1.0
DE7,oil,2021-02-01 06:00:00,1.0
DE7,oil,2021-02-01 09:00:00,1.0
DE7,oil,2021-02-01 12:00:00,1.0
DE7,oil,2021-02-01 15:00:00,1.0
DE7,oil,2021-02-01 18:00:00,1.0
DE7,oil,2021-02-01 21:00:00,1.0
DE7,oil,2021-02-02 00:00:00,1.0
DE7,oil,2021-02-02 03:00:00,1.0
DE7,oil,2021-02-02 06:00:00,1.0
DE7,oil,2021-02-02 09:00:00,1.0
DE7,oil,2021-02-02 12:00:00,1.0
DE7,oil,2021-02-02 15:00:00,1.0
DE7,oil,2021-02-02 18:00:00,1.0
DE7,oil,2021-02-02 21:00:00,1.0
DE7,oil,2021-02-03 00:00:00,1.0
DE7,oil,2021-02-03 03:00:00,1.0
DE7,oil,2021-02-03 06:00:00,1.0
DE7,oil,2021-02-03 09:00:00,1.0
DE7,oil,2021-02-03 12:00:00,1.0
DE7,oil,2021-02-03 15:00:00,1.0
DE7,oil,2021-02-03 18:00:00,1.0
DE7,oil,2021-02-03 21:00:00,1.0
DE7,oil,2021-02-04 00:00:00,1.0
DE7,oil,2021-02-04 03:00:00,1.0
DE7,oil,2021-02-04 06:00:00,1.0
DE7,oil,2021-02-04 09:00:00,1.0
DE7,oil,2021-02-04 12:00:00,1.0
DE7,oil,2021-02-04 15:00:00,1.0
DE7,oil,2021-02-04 18:00:00,1.0
DE7,oil,2021-02-04 21:00:00,1.0
DE7,oil,2021-02-05 00:00:00,1.0
DE7,oil,2021-02-05 03:00:00,1.0
DE7,oil,2021-02-05 06:00:00,1.0
DE7,oil,2021-02-05 09:00:00,1.0
DE7,oil,2021-02-05 12:00:00,1.0
DE7,oil,2021-02-05 15:00:00,1.0
DE7,oil,2021-02-05 18:00:00,1.0
DE7,oil,2021-02-05 21:00:00,1.0
DE7,oil,2021-02-06 00:00:00,1.0
DE7,oil,2021-02-06 03:00:00,1.0
DE7,oil,2021-02-06 06:00:00,1.0
DE7,oil,2021-02-06 09:00:00,1.0
DE7,oil,2021-02-06 12:00:00,1.0
DE7,oil,2021-02-06 15:00:00,1.0
DE7,oil,2021-02-06 18:00:00,1.0
DE7,oil,2021-02-06 21:00:00,1.0
DE7,oil,2021-02-07 00:00:00,1.0
DE7,oil,2021-02-07 03:00:00,1.0
DE7,oil,2021-02-07 06:00:00,1.0
DE7,oil,2021-02-07 09:00:00,1.0
DE7,oil,2021-02-07 12:00:00,1.0
DE7,oil,2021-02-07 15:00:00,1.0
DE7,oil,2021-02-07 18:00:00,1.0
DE7,oil,2021-02-07 21:00:00,1.0
DE7,oil,2021-02-08 00:00:00,1.0
DE7,oil,2021-02-08 03:00:00,1.0
DE7,oil,2021-02-08 06:00:00,1.0
DE7,oil,2021-02-08 09:00:00,1.0
DE7,oil,2021-02-08 12:00:00,1.0
DE7,oil,2021-02-08 15:00:00,1.0
DE7,oil,2021-02-08 18:00:00,1.0
DE7,oil,2021-02-08 21:00:00,1.0
DE7,oil,2021-02-09 00:00:00,1.0
DE7,oil,2021-02-09 03:00:00,1.0
DE7,oil,2021-02-09 06:00:00,1.0
DE7,oil,2021-02-09 09:00:00,1.0
DE7,oil,2021-02-09 12:00:00,1.0
DE7,oil,2021-02-09 15:00:00,1.0
DE7,oil,2021-02-09 18:00:00,1.0
DE7,oil,2021-02-09 21:00:00,1.0
DE7,oil,2021-02-10 00:00:00,1.0
DE7,oil,2021-02-10 03:00:00,1.0
DE7,oil,2021-02-10 06:00:00,1.0
DE7,oil,2021-02-10 09:00:00,1.0
DE7,oil,2021-02-10 12:00:00,1.0
DE7,oil,2021-02-10 15:00:00,1.0
DE7,oil,2021-02-10 18:00:00,1.0
DE7,oil,2021-02-10 21:00:00,1.0
DE7,oil,2021-02-11 00:00:00,1.0
DE7,oil,2021-02-11 03:00:00,1.0
DE7,oil,2021-02-11 06:00:00,1.0
DE7,oil,2021-02-11 09:00:00,1.0
DE7,oil,2021-02-11 12:00:00,1.0
DE7,oil,2021-02-11 15:00:00,1.0
DE7,oil,2021-02-11 18:00:00,1.0
DE7,oil,2021-02-11 21:00:00,1.0
DE7,oil,2021-02-12 00:00:00,1.0
DE7,oil,2021-02-12 03:00:00,1.0
DE7,oil,2021-02-12 06:00:00,1.0
DE7,oil,2021-02-12 09:00:00,1.0
DE7,oil,2021-02-12 12:00:00,1.0
DE7,oil,2021-02-12 15:00:00,1.0
DE7,oil,2021-02-12 18:00:00,1.0
DE7,oil,2021-02-12 21:00:00,1.0
DE7,oil,2021-02-13 00:00:00,1.0
DE7,oil,2021-02-13 03:00:00,1.0
DE7,oil,2021-02-13 06:00:00,1.0
DE7,oil,2021-02-13 09:00:00,1.0
DE7,oil,2021-02-13 12:00:00,1.0
DE7,oil,2021-02-13 15:00:00,1.0
DE7,oil,2021-02-13 18:00:00,1.0
DE7,oil,2021-02-13 21:00:00,1.0
DE7,oil,2021-02-14 00:00:00,1.0
DE7,oil,2021-02-14 03:00:00,1.0
DE7,oil,2021-02-14 06:00:00,1.0
DE7,oil,2021-02-14 09:00:00,1.0
DE7,oil,2021-02-14 12:00:00,1.0
DE7,oil,2021-02-14 15:00:00,1.0
DE7,oil,2021-02-14 18:00:00,1.0
DE7,oil,2021-02-14 21:00:00,1.0
DE7,onwind,2021-01-18 00:00:00,0.2554896328376986
DE7,onwind,2021-01-18 03:00:00,0.3021657296088136
DE7,onwind,2021-01-18 06:00:00,0.3641867723824644
DE7,onwind,2021-01-18 09:00:00,0.597350823798004
DE7,onwind,2021-01-18 12:00:00,0.7124842117033655
DE7,onwind,2021-01-18 15:00:00,0.6538362794843233
DE7,onwind,2021-01-18 18:00:00,0.6128886617852791
DE7,onwind,2021-01-18 21:00:00,0.5384031804329463
DE7,onwind,2021-01-19 00:00:00,0.5765313733599541
DE7,onwind,2021-01-19 03:00:00,0.8299869609622684
DE7,onwind,2021-01-19 06:00:00,0.9292098490130885
DE7,onwind,2021-01-19 09:00:00,0.9378554548523184
DE7,onwind,2021-01-19 12:00:00,0.7924457462572585
DE7,onwind,2021-01-19 15:00:00,0.7583279949330203
DE7,onwind,2021-01-19 18:00:00,0.9440573965448156
DE7,onwind,2021-01-19 21:00:00,0.9541545581401343
DE7,onwind,2021-01-20 00:00:00,0.9627359222699564
DE7,onwind,2021-01-20 03:00:00,0.9688186769034012
DE7,onwind,2021-01-20 06:00:00,0.9662455054474782
DE7,onwind,2021-01-20 09:00:00,0.9368359752707988
DE7,onwind,2021-01-20 12:00:00,0.8947782102878614
DE7,onwind,2021-01-20 15:00:00,0.904341025393728
DE7,onwind,2021-01-20 18:00:00,0.9670104236730024
DE7,onwind,2021-01-20 21:00:00,0.9825786735009244
DE7,onwind,2021-01-21 00:00:00,0.9946359152089
DE7,onwind,2021-01-21 03:00:00,0.9998864575743908
DE7,onwind,2021-01-21 06:00:00,0.9996758923247784
DE7,onwind,2021-01-21 09:00:00,0.9044797120840188
DE7,onwind,2021-01-21 12:00:00,0.9436792673050116
DE7,onwind,2021-01-21 15:00:00,0.9756010194645601
DE7,onwind,2021-01-21 18:00:00,0.8413399500555077
DE7,onwind,2021-01-21 21:00:00,0.7536290945382197
DE7,onwind,2021-01-22 00:00:00,0.834017107470645
DE7,onwind,2021-01-22 03:00:00,0.8330650105826508
DE7,onwind,2021-01-22 06:00:00,0.6086271395119338
DE7,onwind,2021-01-22 09:00:00,0.7009902710070333
DE7,onwind,2021-01-22 12:00:00,0.6464441577309002
DE7,onwind,2021-01-22 15:00:00,0.4370974698031062
DE7,onwind,2021-01-22 18:00:00,0.3147977630919927
DE7,onwind,2021-01-22 21:00:00,0.203514478827094
DE7,onwind,2021-01-23 00:00:00,0.11256330533597739
DE7,onwind,2021-01-23 03:00:00,0.1865362336588323
DE7,onwind,2021-01-23 06:00:00,0.3364689687580496
DE7,onwind,2021-01-23 09:00:00,0.3654685803286503
DE7,onwind,2021-01-23 12:00:00,0.2923630796263791
DE7,onwind,2021-01-23 15:00:00,0.10217434595540048
DE7,onwind,2021-01-23 18:00:00,0.0725629459822194
DE7,onwind,2021-01-23 21:00:00,0.0440594802845094
DE7,onwind,2021-01-24 00:00:00,0.042831027636531495
DE7,onwind,2021-01-24 03:00:00,0.0443082890269077
DE7,onwind,2021-01-24 06:00:00,0.0566946735019389
DE7,onwind,2021-01-24 09:00:00,0.1013754999653231
DE7,onwind,2021-01-24 12:00:00,0.1378760594469142
DE7,onwind,2021-01-24 15:00:00,0.1254591832684833
DE7,onwind,2021-01-24 18:00:00,0.1527216967586952
DE7,onwind,2021-01-24 21:00:00,0.1021672292121544
DE7,onwind,2021-01-25 00:00:00,0.0633181838493179
DE7,onwind,2021-01-25 03:00:00,0.040712816640797796
DE7,onwind,2021-01-25 06:00:00,0.027894334688374198
DE7,onwind,2021-01-25 09:00:00,0.022396125886055204
DE7,onwind,2021-01-25 12:00:00,0.0397857207460923
DE7,onwind,2021-01-25 15:00:00,0.1226771176699874
DE7,onwind,2021-01-25 18:00:00,0.2301732574876446
DE7,onwind,2021-01-25 21:00:00,0.2643684709597847
DE7,onwind,2021-01-26 00:00:00,0.1889410277387258
DE7,onwind,2021-01-26 03:00:00,0.1429940471188464
DE7,onwind,2021-01-26 06:00:00,0.1092067680491422
DE7,onwind,2021-01-26 09:00:00,0.0643288982795887
DE7,onwind,2021-01-26 12:00:00,0.0425506554290541
DE7,onwind,2021-01-26 15:00:00,0.037430413944251
DE7,onwind,2021-01-26 18:00:00,0.0381007143455665
DE7,onwind,2021-01-26 21:00:00,0.04925662094637
DE7,onwind,2021-01-27 00:00:00,0.0576998989983749
DE7,onwind,2021-01-27 03:00:00,0.0651804873158437
DE7,onwind,2021-01-27 06:00:00,0.0627144120483073
DE7,onwind,2021-01-27 09:00:00,0.07422809422935608
DE7,onwind,2021-01-27 12:00:00,0.0514209957620627
DE7,onwind,2021-01-27 15:00:00,0.0446635061676414
DE7,onwind,2021-01-27 18:00:00,0.055178150974857
DE7,onwind,2021-01-27 21:00:00,0.0598107045654871
DE7,onwind,2021-01-28 00:00:00,0.0386047808598974
DE7,onwind,2021-01-28 03:00:00,0.0134640963644659
DE7,onwind,2021-01-28 06:00:00,0.0095123460547098
DE7,onwind,2021-01-28 09:00:00,0.0196373875812062
DE7,onwind,2021-01-28 12:00:00,0.0172729868744295
DE7,onwind,2021-01-28 15:00:00,0.0168362700648727
DE7,onwind,2021-01-28 18:00:00,0.0286913640831274
DE7,onwind,2021-01-28 21:00:00,0.0318286712386609
DE7,onwind,2021-01-29 00:00:00,0.0492250468469432
DE7,onwind,2021-01-29 03:00:00,0.0765653779034291
DE7,onwind,2021-01-29 06:00:00,0.1039731800416195
DE7,onwind,2021-01-29 09:00:00,0.1065925243812255
DE7,onwind,2021-01-29 12:00:00,0.1258680644145752
DE7,onwind,2021-01-29 15:00:00,0.1205729521787001
DE7,onwind,2021-01-29 18:00:00,0.103953415399506
DE7,onwind,2021-01-29 21:00:00,0.0992889843698417
DE7,onwind,2021-01-30 00:00:00,0.0646876226323244
DE7,onwind,2021-01-30 03:00:00,0.0273174053920439
DE7,onwind,2021-01-30 06:00:00,0.0205680495718084
DE7,onwind,2021-01-30 09:00:00,0.0138120743969156
DE7,onwind,2021-01-30 12:00:00,0.0167651087118651
DE7,onwind,2021-01-30 15:00:00,0.0194485722632394
DE7,onwind,2021-01-30 18:00:00,0.025290823460968802
DE7,onwind,2021-01-30 21:00:00,0.0182051318534195
DE7,onwind,2021-01-31 00:00:00,0.012160844254966002
DE7,onwind,2021-01-31 03:00:00,0.009673278926784
DE7,onwind,2021-01-31 06:00:00,0.0101127892556772
DE7,onwind,2021-01-31 09:00:00,0.0033436611916839
DE7,onwind,2021-01-31 12:00:00,0.0023362609693146005
DE7,onwind,2021-01-31 15:00:00,0.026212507102853003
DE7,onwind,2021-01-31 18:00:00,0.058028129588792
DE7,onwind,2021-01-31 21:00:00,0.072960201687897
DE7,onwind,2021-02-01 00:00:00,0.0827750297611998
DE7,onwind,2021-02-01 03:00:00,0.0673878756829111
DE7,onwind,2021-02-01 06:00:00,0.0593379790912383
DE7,onwind,2021-02-01 09:00:00,0.0326660098719568
DE7,onwind,2021-02-01 12:00:00,0.0066153661245075
DE7,onwind,2021-02-01 15:00:00,0.0
DE7,onwind,2021-02-01 18:00:00,0.0031765458593085
DE7,onwind,2021-02-01 21:00:00,0.0090454481618864
DE7,onwind,2021-02-02 00:00:00,0.0150665533277435
DE7,onwind,2021-02-02 03:00:00,0.0080621301378657
DE7,onwind,2021-02-02 06:00:00,0.0021347113559449
DE7,onwind,2021-02-02 09:00:00,0.0084098165326631
DE7,onwind,2021-02-02 12:00:00,0.022827735287458798
DE7,onwind,2021-02-02 15:00:00,0.0361630610668764
DE7,onwind,2021-02-02 18:00:00,0.039453318999592306
DE7,onwind,2021-02-02 21:00:00,0.051153946670246
DE7,onwind,2021-02-03 00:00:00,0.0576139336734391
DE7,onwind,2021-02-03 03:00:00,0.0777236605467371
DE7,onwind,2021-02-03 06:00:00,0.0753475761978012
DE7,onwind,2021-02-03 09:00:00,0.0472151074202003
DE7,onwind,2021-02-03 12:00:00,0.0228123227032644
DE7,onwind,2021-02-03 15:00:00,0.0455195885758015
DE7,onwind,2021-02-03 18:00:00,0.0371015523738028
DE7,onwind,2021-02-03 21:00:00,0.0363918298067307
DE7,onwind,2021-02-04 00:00:00,0.067687535870413
DE7,onwind,2021-02-04 03:00:00,0.0693124468378553
DE7,onwind,2021-02-04 06:00:00,0.0633308694711041
DE7,onwind,2021-02-04 09:00:00,0.0518803860106068
DE7,onwind,2021-02-04 12:00:00,0.029463984544643697
DE7,onwind,2021-02-04 15:00:00,0.0085600656613504
DE7,onwind,2021-02-04 18:00:00,0.0108621540531844
DE7,onwind,2021-02-04 21:00:00,0.0291276100751379
DE7,onwind,2021-02-05 00:00:00,0.0339582728636875
DE7,onwind,2021-02-05 03:00:00,0.0500495045110685
DE7,onwind,2021-02-05 06:00:00,0.0661794518825489
DE7,onwind,2021-02-05 09:00:00,0.05134043437533199
DE7,onwind,2021-02-05 12:00:00,0.04164803269136119
DE7,onwind,2021-02-05 15:00:00,0.040190409298677
DE7,onwind,2021-02-05 18:00:00,0.0528802696663609
DE7,onwind,2021-02-05 21:00:00,0.069665254669914
DE7,onwind,2021-02-06 00:00:00,0.0887655149012016
DE7,onwind,2021-02-06 03:00:00,0.10208312263653072
DE7,onwind,2021-02-06 06:00:00,0.14672462088004024
DE7,onwind,2021-02-06 09:00:00,0.1690576216886532
DE7,onwind,2021-02-06 12:00:00,0.2457295358379983
DE7,onwind,2021-02-06 15:00:00,0.32095934861642744
DE7,onwind,2021-02-06 18:00:00,0.4312654301132005
DE7,onwind,2021-02-06 21:00:00,0.4932950565465962
DE7,onwind,2021-02-07 00:00:00,0.5897115582901523
DE7,onwind,2021-02-07 03:00:00,0.6730487074928535
DE7,onwind,2021-02-07 06:00:00,0.7403478283154572
DE7,onwind,2021-02-07 09:00:00,0.7818338941236231
DE7,onwind,2021-02-07 12:00:00,0.8204325340403705
DE7,onwind,2021-02-07 15:00:00,0.866892258998584
DE7,onwind,2021-02-07 18:00:00,0.8906711173543944
DE7,onwind,2021-02-07 21:00:00,0.7974156871040222
DE7,onwind,2021-02-08 00:00:00,0.7915701020280155
DE7,onwind,2021-02-08 03:00:00,0.7057221544247855
DE7,onwind,2021-02-08 06:00:00,0.6126793230834724
DE7,onwind,2021-02-08 09:00:00,0.5899692643733198
DE7,onwind,2021-02-08 12:00:00,0.4877592532156502
DE7,onwind,2021-02-08 15:00:00,0.3147882186741367
DE7,onwind,2021-02-08 18:00:00,0.2644422953794231
DE7,onwind,2021-02-08 21:00:00,0.1798875221735369
DE7,onwind,2021-02-09 00:00:00,0.1785075289342249
DE7,onwind,2021-02-09 03:00:00,0.2050274360598617
DE7,onwind,2021-02-09 06:00:00,0.1551945557751854
DE7,onwind,2021-02-09 09:00:00,0.1313855069696675
DE7,onwind,2021-02-09 12:00:00,0.1282634047443094
DE7,onwind,2021-02-09 15:00:00,0.08924116349543532
DE7,onwind,2021-02-09 18:00:00,0.1083165256626051
DE7,onwind,2021-02-09 21:00:00,0.0792191362246701
DE7,onwind,2021-02-10 00:00:00,0.08654407311533599
DE7,onwind,2021-02-10 03:00:00,0.10320548324797468
DE7,onwind,2021-02-10 06:00:00,0.1386666542212415
DE7,onwind,2021-02-10 09:00:00,0.1389971819415306
DE7,onwind,2021-02-10 12:00:00,0.1276888169257461
DE7,onwind,2021-02-10 15:00:00,0.1516786154229547
DE7,onwind,2021-02-10 18:00:00,0.1916104428726133
DE7,onwind,2021-02-10 21:00:00,0.1783344905228145
DE7,onwind,2021-02-11 00:00:00,0.116306854104727
DE7,onwind,2021-02-11 03:00:00,0.0626832729302794
DE7,onwind,2021-02-11 06:00:00,0.0274152770941736
DE7,onwind,2021-02-11 09:00:00,0.0034551335169731
DE7,onwind,2021-02-11 12:00:00,0.006875076665358601
DE7,onwind,2021-02-11 15:00:00,0.0178169550495033
DE7,onwind,2021-02-11 18:00:00,0.046457695236248604
DE7,onwind,2021-02-11 21:00:00,0.0782822315481193
DE7,onwind,2021-02-12 00:00:00,0.1141685729226821
DE7,onwind,2021-02-12 03:00:00,0.1408800422814762
DE7,onwind,2021-02-12 06:00:00,0.1834751371472871
DE7,onwind,2021-02-12 09:00:00,0.1556220716269804
DE7,onwind,2021-02-12 12:00:00,0.2045296314030098
DE7,onwind,2021-02-12 15:00:00,0.2325169074759739
DE7,onwind,2021-02-12 18:00:00,0.2873882602066616
DE7,onwind,2021-02-12 21:00:00,0.2637420954579967
DE7,onwind,2021-02-13 00:00:00,0.1671742382811746
DE7,onwind,2021-02-13 03:00:00,0.0914858130566324
DE7,onwind,2021-02-13 06:00:00,0.0833092795645306
DE7,onwind,2021-02-13 09:00:00,0.034612221747855
DE7,onwind,2021-02-13 12:00:00,0.0160800440032696
DE7,onwind,2021-02-13 15:00:00,0.08558509991881208
DE7,onwind,2021-02-13 18:00:00,0.1837755405226196
DE7,onwind,2021-02-13 21:00:00,0.2077425644216873
DE7,onwind,2021-02-14 00:00:00,0.24518815076713119
DE7,onwind,2021-02-14 03:00:00,0.2542400758626602
DE7,onwind,2021-02-14 06:00:00,0.3098561014293315
DE7,onwind,2021-02-14 09:00:00,0.249543239320608
DE7,onwind,2021-02-14 12:00:00,0.2246488861932717
DE7,onwind,2021-02-14 15:00:00,0.4553882687300358
DE7,onwind,2021-02-14 18:00:00,0.6797387488031497
DE7,onwind,2021-02-14 21:00:00,0.7747384326244952
DE7,solar,2021-01-18 00:00:00,0.0
DE7,solar,2021-01-18 03:00:00,0.0
DE7,solar,2021-01-18 06:00:00,0.0056431696971283
DE7,solar,2021-01-18 09:00:00,0.0634798251817076
DE7,solar,2021-01-18 12:00:00,0.0599180307246227
DE7,solar,2021-01-18 15:00:00,8.264123892214619e-06
DE7,solar,2021-01-18 18:00:00,0.0
DE7,solar,2021-01-18 21:00:00,0.0
DE7,solar,2021-01-19 00:00:00,0.0
DE7,solar,2021-01-19 03:00:00,0.0
DE7,solar,2021-01-19 06:00:00,0.0049464040218001
DE7,solar,2021-01-19 09:00:00,0.0520741367053851
DE7,solar,2021-01-19 12:00:00,0.030424418563207004
DE7,solar,2021-01-19 15:00:00,0.0
DE7,solar,2021-01-19 18:00:00,0.0
DE7,solar,2021-01-19 21:00:00,0.0
DE7,solar,2021-01-20 00:00:00,0.0
DE7,solar,2021-01-20 03:00:00,0.0
DE7,solar,2021-01-20 06:00:00,0.0122535736756528
DE7,solar,2021-01-20 09:00:00,0.1932858470625752
DE7,solar,2021-01-20 12:00:00,0.2408250483757222
DE7,solar,2021-01-20 15:00:00,0.0023472799471032
DE7,solar,2021-01-20 18:00:00,0.0
DE7,solar,2021-01-20 21:00:00,0.0
DE7,solar,2021-01-21 00:00:00,0.0
DE7,solar,2021-01-21 03:00:00,0.0
DE7,solar,2021-01-21 06:00:00,0.024043785550712602
DE7,solar,2021-01-21 09:00:00,0.350764686132063
DE7,solar,2021-01-21 12:00:00,0.2023447469591724
DE7,solar,2021-01-21 15:00:00,0.0035883122191203
DE7,solar,2021-01-21 18:00:00,0.0
DE7,solar,2021-01-21 21:00:00,0.0
DE7,solar,2021-01-22 00:00:00,0.0
DE7,solar,2021-01-22 03:00:00,0.0
DE7,solar,2021-01-22 06:00:00,0.0248798572717605
DE7,solar,2021-01-22 09:00:00,0.1854268607479235
DE7,solar,2021-01-22 12:00:00,0.2115311252102013
DE7,solar,2021-01-22 15:00:00,0.0110713337906161
DE7,solar,2021-01-22 18:00:00,0.0
DE7,solar,2021-01-22 21:00:00,0.0
DE7,solar,2021-01-23 00:00:00,0.0
DE7,solar,2021-01-23 03:00:00,0.0
DE7,solar,2021-01-23 06:00:00,0.032746778330112
DE7,solar,2021-01-23 09:00:00,0.1822195116013957
DE7,solar,2021-01-23 12:00:00,0.1760637568635178
DE7,solar,2021-01-23 15:00:00,0.00695017617701
DE7,solar,2021-01-23 18:00:00,0.0
DE7,solar,2021-01-23 21:00:00,0.0
DE7,solar,2021-01-24 00:00:00,0.0
DE7,solar,2021-01-24 03:00:00,0.0
DE7,solar,2021-01-24 06:00:00,0.0243729661979248
DE7,solar,2021-01-24 09:00:00,0.2017768100766261
DE7,solar,2021-01-24 12:00:00,0.1117502326167416
DE7,solar,2021-01-24 15:00:00,0.006090998130317
DE7,solar,2021-01-24 18:00:00,0.0
DE7,solar,2021-01-24 21:00:00,0.0
DE7,solar,2021-01-25 00:00:00,0.0
DE7,solar,2021-01-25 03:00:00,0.0
DE7,solar,2021-01-25 06:00:00,0.0441739841549852
DE7,solar,2021-01-25 09:00:00,0.4111747148685176
DE7,solar,2021-01-25 12:00:00,0.334860457339232
DE7,solar,2021-01-25 15:00:00,0.0129622626435953
DE7,solar,2021-01-25 18:00:00,0.0
DE7,solar,2021-01-25 21:00:00,0.0
DE7,solar,2021-01-26 00:00:00,0.0
DE7,solar,2021-01-26 03:00:00,0.0
DE7,solar,2021-01-26 06:00:00,0.0098752303747149
DE7,solar,2021-01-26 09:00:00,0.08875156818472811
DE7,solar,2021-01-26 12:00:00,0.0634091018925393
DE7,solar,2021-01-26 15:00:00,0.0029994292255904
DE7,solar,2021-01-26 18:00:00,0.0
DE7,solar,2021-01-26 21:00:00,0.0
DE7,solar,2021-01-27 00:00:00,0.0
DE7,solar,2021-01-27 03:00:00,0.0
DE7,solar,2021-01-27 06:00:00,0.00272109139689
DE7,solar,2021-01-27 09:00:00,0.0127896019760734
DE7,solar,2021-01-27 12:00:00,0.0055270739002112
DE7,solar,2021-01-27 15:00:00,0.0
DE7,solar,2021-01-27 18:00:00,0.0
DE7,solar,2021-01-27 21:00:00,0.0
DE7,solar,2021-01-28 00:00:00,0.0
DE7,solar,2021-01-28 03:00:00,0.0
DE7,solar,2021-01-28 06:00:00,0.0
DE7,solar,2021-01-28 09:00:00,0.0094892588267517
DE7,solar,2021-01-28 12:00:00,0.014716779373452801
DE7,solar,2021-01-28 15:00:00,0.0
DE7,solar,2021-01-28 18:00:00,0.0
DE7,solar,2021-01-28 21:00:00,0.0
DE7,solar,2021-01-29 00:00:00,0.0
DE7,solar,2021-01-29 03:00:00,0.0
DE7,solar,2021-01-29 06:00:00,0.0
DE7,solar,2021-01-29 09:00:00,0.0069336116803672
DE7,solar,2021-01-29 12:00:00,0.0076024889463898
DE7,solar,2021-01-29 15:00:00,0.0
DE7,solar,2021-01-29 18:00:00,0.0
DE7,solar,2021-01-29 21:00:00,0.0
DE7,solar,2021-01-30 00:00:00,0.0
DE7,solar,2021-01-30 03:00:00,0.0
DE7,solar,2021-01-30 06:00:00,0.0053287600657228994
DE7,solar,2021-01-30 09:00:00,0.0288117993436159
DE7,solar,2021-01-30 12:00:00,0.0260937805940022
DE7,solar,2021-01-30 15:00:00,0.0
DE7,solar,2021-01-30 18:00:00,0.0
DE7,solar,2021-01-30 21:00:00,0.0
DE7,solar,2021-01-31 00:00:00,0.0
DE7,solar,2021-01-31 03:00:00,0.0
DE7,solar,2021-01-31 06:00:00,0.0089546695715501
DE7,solar,2021-01-31 09:00:00,0.0649479029142092
DE7,solar,2021-01-31 12:00:00,0.058367820965340496
DE7,solar,2021-01-31 15:00:00,0.0036969923462538004
DE7,solar,2021-01-31 18:00:00,0.0
DE7,solar,2021-01-31 21:00:00,0.0
DE7,solar,2021-02-01 00:00:00,0.0
DE7,solar,2021-02-01 03:00:00,0.0
DE7,solar,2021-02-01 06:00:00,0.002896661115062
DE7,solar,2021-02-01 09:00:00,0.0146569211216418
DE7,solar,2021-02-01 12:00:00,0.008360871897851
DE7,solar,2021-02-01 15:00:00,0.0
DE7,solar,2021-02-01 18:00:00,0.0
DE7,solar,2021-02-01 21:00:00,0.0
DE7,solar,2021-02-02 00:00:00,0.0
DE7,solar,2021-02-02 03:00:00,0.0
DE7,solar,2021-02-02 06:00:00,0.0
DE7,solar,2021-02-02 09:00:00,0.0118356893163179
DE7,solar,2021-02-02 12:00:00,0.0090265285568026
DE7,solar,2021-02-02 15:00:00,0.0
DE7,solar,2021-02-02 18:00:00,0.0
DE7,solar,2021-02-02 21:00:00,0.0
DE7,solar,2021-02-03 00:00:00,0.0
DE7,solar,2021-02-03 03:00:00,0.0
DE7,solar,2021-02-03 06:00:00,0.0023444235260707
DE7,solar,2021-02-03 09:00:00,0.0111764474107251
DE7,solar,2021-02-03 12:00:00,0.0062896467845451
DE7,solar,2021-02-03 15:00:00,0.0
DE7,solar,2021-02-03 18:00:00,0.0
DE7,solar,2021-02-03 21:00:00,0.0
DE7,solar,2021-02-04 00:00:00,0.0
DE7,solar,2021-02-04 03:00:00,0.0
DE7,solar,2021-02-04 06:00:00,0.0037468259938998
DE7,solar,2021-02-04 09:00:00,0.0111368680311788
DE7,solar,2021-02-04 12:00:00,0.0091521362186466
DE7,solar,2021-02-04 15:00:00,0.0
DE7,solar,2021-02-04 18:00:00,0.0
DE7,solar,2021-02-04 21:00:00,0.0
DE7,solar,2021-02-05 00:00:00,0.0
DE7,solar,2021-02-05 03:00:00,0.0
DE7,solar,2021-02-05 06:00:00,0.0033891534760536997
DE7,solar,2021-02-05 09:00:00,0.0156827330132883
DE7,solar,2021-02-05 12:00:00,0.0080620707852456
DE7,solar,2021-02-05 15:00:00,0.0
DE7,solar,2021-02-05 18:00:00,0.0
DE7,solar,2021-02-05 21:00:00,0.0
DE7,solar,2021-02-06 00:00:00,0.0
DE7,solar,2021-02-06 03:00:00,0.0
DE7,solar,2021-02-06 06:00:00,0.0033531216720299
DE7,solar,2021-02-06 09:00:00,0.0168920329660171
DE7,solar,2021-02-06 12:00:00,0.0201047552976904
DE7,solar,2021-02-06 15:00:00,0.0
DE7,solar,2021-02-06 18:00:00,0.0
DE7,solar,2021-02-06 21:00:00,0.0
DE7,solar,2021-02-07 00:00:00,0.0
DE7,solar,2021-02-07 03:00:00,0.0
DE7,solar,2021-02-07 06:00:00,0.0
DE7,solar,2021-02-07 09:00:00,0.021875962296216203
DE7,solar,2021-02-07 12:00:00,0.0186936315197756
DE7,solar,2021-02-07 15:00:00,0.0
DE7,solar,2021-02-07 18:00:00,0.0
DE7,solar,2021-02-07 21:00:00,0.0
DE7,solar,2021-02-08 00:00:00,0.0
DE7,solar,2021-02-08 03:00:00,0.0
DE7,solar,2021-02-08 06:00:00,0.0082732476886417
DE7,solar,2021-02-08 09:00:00,0.054721669833482305
DE7,solar,2021-02-08 12:00:00,0.0546019585782528
DE7,solar,2021-02-08 15:00:00,0.0054014099456816
DE7,solar,2021-02-08 18:00:00,0.0
DE7,solar,2021-02-08 21:00:00,0.0
DE7,solar,2021-02-09 00:00:00,0.0
DE7,solar,2021-02-09 03:00:00,0.0
DE7,solar,2021-02-09 06:00:00,0.0330038117334813
DE7,solar,2021-02-09 09:00:00,0.1283461325040717
DE7,solar,2021-02-09 12:00:00,0.0951375975151072
DE7,solar,2021-02-09 15:00:00,0.011719900475553902
DE7,solar,2021-02-09 18:00:00,0.0
DE7,solar,2021-02-09 21:00:00,0.0
DE7,solar,2021-02-10 00:00:00,0.0
DE7,solar,2021-02-10 03:00:00,0.0
DE7,solar,2021-02-10 06:00:00,0.0239667963327082
DE7,solar,2021-02-10 09:00:00,0.0705939385232727
DE7,solar,2021-02-10 12:00:00,0.045162530903002304
DE7,solar,2021-02-10 15:00:00,0.006973494965503699
DE7,solar,2021-02-10 18:00:00,0.0
DE7,solar,2021-02-10 21:00:00,0.0
DE7,solar,2021-02-11 00:00:00,0.0
DE7,solar,2021-02-11 03:00:00,0.0
DE7,solar,2021-02-11 06:00:00,0.043090023769683
DE7,solar,2021-02-11 09:00:00,0.1620391501386586
DE7,solar,2021-02-11 12:00:00,0.1188108543184881
DE7,solar,2021-02-11 15:00:00,0.019962346111084397
DE7,solar,2021-02-11 18:00:00,0.0
DE7,solar,2021-02-11 21:00:00,0.0
DE7,solar,2021-02-12 00:00:00,0.0
DE7,solar,2021-02-12 03:00:00,0.0
DE7,solar,2021-02-12 06:00:00,0.0576086917099107
DE7,solar,2021-02-12 09:00:00,0.2424935683483775
DE7,solar,2021-02-12 12:00:00,0.2082811691965169
DE7,solar,2021-02-12 15:00:00,0.0377801522414727
DE7,solar,2021-02-12 18:00:00,0.0
DE7,solar,2021-02-12 21:00:00,0.0
DE7,solar,2021-02-13 00:00:00,0.0
DE7,solar,2021-02-13 03:00:00,0.0
DE7,solar,2021-02-13 06:00:00,0.09504772531067342
DE7,solar,2021-02-13 09:00:00,0.4121994666526237
DE7,solar,2021-02-13 12:00:00,0.3458959457469127
DE7,solar,2021-02-13 15:00:00,0.057775871953768695
DE7,solar,2021-02-13 18:00:00,0.0
DE7,solar,2021-02-13 21:00:00,0.0
DE7,solar,2021-02-14 00:00:00,0.0
DE7,solar,2021-02-14 03:00:00,0.0
DE7,solar,2021-02-14 06:00:00,0.083768802475252
DE7,solar,2021-02-14 09:00:00,0.3375102471150801
DE7,solar,2021-02-14 12:00:00,0.2880810935105841
DE7,solar,2021-02-14 15:00:00,0.05327854414078571
DE7,solar,2021-02-14 18:00:00,0.0
DE7,solar,2021-02-14 21:00:00,0.0
DE7,waste,2021-01-18 00:00:00,1.0
DE7,waste,2021-01-18 03:00:00,1.0
DE7,waste,2021-01-18 06:00:00,1.0
DE7,waste,2021-01-18 09:00:00,1.0
DE7,waste,2021-01-18 12:00:00,1.0
DE7,waste,2021-01-18 15:00:00,1.0
DE7,waste,2021-01-18 18:00:00,1.0
DE7,waste,2021-01-18 21:00:00,1.0
DE7,waste,2021-01-19 00:00:00,1.0
DE7,waste,2021-01-19 03:00:00,1.0
DE7,waste,2021-01-19 06:00:00,1.0
DE7,waste,2021-01-19 09:00:00,1.0
DE7,waste,2021-01-19 12:00:00,1.0
DE7,waste,2021-01-19 15:00:00,1.0
DE7,waste,2021-01-19 18:00:00,1.0
DE7,waste,2021-01-19 21:00:00,1.0
DE7,waste,2021-01-20 00:00:00,1.0
DE7,waste,2021-01-20 03:00:00,1.0
DE7,waste,2021-01-20 06:00:00,1.0
DE7,waste,2021-01-20 09:00:00,1.0
DE7,waste,2021-01-20 12:00:00,1.0
DE7,waste,2021-01-20 15:00:00,1.0
DE7,waste,2021-01-20 18:00:00,1.0
DE7,waste,2021-01-20 21:00:00,1.0
DE7,waste,2021-01-21 00:00:00,1.0
DE7,waste,2021-01-21 03:00:00,1.0
DE7,waste,2021-01-21 06:00:00,1.0
DE7,waste,2021-01-21 09:00:00,1.0
DE7,waste,2021-01-21 12:00:00,1.0
DE7,waste,2021-01-21 15:00:00,1.0
DE7,waste,2021-01-21 18:00:00,1.0
DE7,waste,2021-01-21 21:00:00,1.0
DE7,waste,2021-01-22 00:00:00,1.0
DE7,waste,2021-01-22 03:00:00,1.0
DE7,waste,2021-01-22 06:00:00,1.0
DE7,waste,2021-01-22 09:00:00,1.0
DE7,waste,2021-01-22 12:00:00,1.0
DE7,waste,2021-01-22 15:00:00,1.0
DE7,waste,2021-01-22 18:00:00,1.0
DE7,waste,2021-01-22 21:00:00,1.0
DE7,waste,2021-01-23 00:00:00,1.0
DE7,waste,2021-01-23 03:00:00,1.0
DE7,waste,2021-01-23 06:00:00,1.0
DE7,waste,2021-01-23 09:00:00,1.0
DE7,waste,2021-01-23 12:00:00,1.0
DE7,waste,2021-01-23 15:00:00,1.0
DE7,waste,2021-01-23 18:00:00,1.0
DE7,waste,2021-01-23 21:00:00,1.0
DE7,waste,2021-01-24 00:00:00,1.0
DE7,waste,2021-01-24 03:00:00,1.0
DE7,waste,2021-01-24 06:00:00,1.0
DE7,waste,2021-01-24 09:00:00,1.0
DE7,waste,2021-01-24 12:00:00,1.0
DE7,waste,2021-01-24 15:00:00,1.0
DE7,waste,2021-01-24 18:00:00,1.0
DE7,waste,2021-01-24 21:00:00,1.0
DE7,waste,2021-01-25 00:00:00,1.0
DE7,waste,2021-01-25 03:00:00,1.0
DE7,waste,2021-01-25 06:00:00,1.0
DE7,waste,2021-01-25 09:00:00,1.0
DE7,waste,2021-01-25 12:00:00,1.0
DE7,waste,2021-01-25 15:00:00,1.0
DE7,waste,2021-01-25 18:00:00,1.0
DE7,waste,2021-01-25 21:00:00,1.0
DE7,waste,2021-01-26 00:00:00,1.0
DE7,waste,2021-01-26 03:00:00,1.0
DE7,waste,2021-01-26 06:00:00,1.0
DE7,waste,2021-01-26 09:00:00,1.0
DE7,waste,2021-01-26 12:00:00,1.0
DE7,waste,2021-01-26 15:00:00,1.0
DE7,waste,2021-01-26 18:00:00,1.0
DE7,waste,2021-01-26 21:00:00,1.0
DE7,waste,2021-01-27 00:00:00,1.0
DE7,waste,2021-01-27 03:00:00,1.0
DE7,waste,2021-01-27 06:00:00,1.0
DE7,waste,2021-01-27 09:00:00,1.0
DE7,waste,2021-01-27 12:00:00,1.0
DE7,waste,2021-01-27 15:00:00,1.0
DE7,waste,2021-01-27 18:00:00,1.0
DE7,waste,2021-01-27 21:00:00,1.0
DE7,waste,2021-01-28 00:00:00,1.0
DE7,waste,2021-01-28 03:00:00,1.0
DE7,waste,2021-01-28 06:00:00,1.0
DE7,waste,2021-01-28 09:00:00,1.0
DE7,waste,2021-01-28 12:00:00,1.0
DE7,waste,2021-01-28 15:00:00,1.0
DE7,waste,2021-01-28 18:00:00,1.0
DE7,waste,2021-01-28 21:00:00,1.0
DE7,waste,2021-01-29 00:00:00,1.0
DE7,waste,2021-01-29 03:00:00,1.0
DE7,waste,2021-01-29 06:00:00,1.0
DE7,waste,2021-01-29 09:00:00,1.0
DE7,waste,2021-01-29 12:00:00,1.0
DE7,waste,2021-01-29 15:00:00,1.0
DE7,waste,2021-01-29 18:00:00,1.0
DE7,waste,2021-01-29 21:00:00,1.0
DE7,waste,2021-01-30 00:00:00,1.0
DE7,waste,2021-01-30 03:00:00,1.0
DE7,waste,2021-01-30 06:00:00,1.0
DE7,waste,2021-01-30 09:00:00,1.0
DE7,waste,2021-01-30 12:00:00,1.0
DE7,waste,2021-01-30 15:00:00,1.0
DE7,waste,2021-01-30 18:00:00,1.0
DE7,waste,2021-01-30 21:00:00,1.0
DE7,waste,2021-01-31 00:00:00,1.0
DE7,waste,2021-01-31 03:00:00,1.0
DE7,waste,2021-01-31 06:00:00,1.0
DE7,waste,2021-01-31 09:00:00,1.0
DE7,waste,2021-01-31 12:00:00,1.0
DE7,waste,2021-01-31 15:00:00,1.0
DE7,waste,2021-01-31 18:00:00,1.0
DE7,waste,2021-01-31 21:00:00,1.0
DE7,waste,2021-02-01 00:00:00,1.0
DE7,waste,2021-02-01 03:00:00,1.0
DE7,waste,2021-02-01 06:00:00,1.0
DE7,waste,2021-02-01 09:00:00,1.0
DE7,waste,2021-02-01 12:00:00,1.0
DE7,waste,2021-02-01 15:00:00,1.0
DE7,waste,2021-02-01 18:00:00,1.0
DE7,waste,2021-02-01 21:00:00,1.0
DE7,waste,2021-02-02 00:00:00,1.0
DE7,waste,2021-02-02 03:00:00,1.0
DE7,waste,2021-02-02 06:00:00,1.0
DE7,waste,2021-02-02 09:00:00,1.0
DE7,waste,2021-02-02 12:00:00,1.0
DE7,waste,2021-02-02 15:00:00,1.0
DE7,waste,2021-02-02 18:00:00,1.0
DE7,waste,2021-02-02 21:00:00,1.0
DE7,waste,2021-02-03 00:00:00,1.0
DE7,waste,2021-02-03 03:00:00,1.0
DE7,waste,2021-02-03 06:00:00,1.0
DE7,waste,2021-02-03 09:00:00,1.0
DE7,waste,2021-02-03 12:00:00,1.0
DE7,waste,2021-02-03 15:00:00,1.0
DE7,waste,2021-02-03 18:00:00,1.0
DE7,waste,2021-02-03 21:00:00,1.0
DE7,waste,2021-02-04 00:00:00,1.0
DE7,waste,2021-02-04 03:00:00,1.0
DE7,waste,2021-02-04 06:00:00,1.0
DE7,waste,2021-02-04 09:00:00,1.0
DE7,waste,2021-02-04 12:00:00,1.0
DE7,waste,2021-02-04 15:00:00,1.0
DE7,waste,2021-02-04 18:00:00,1.0
DE7,waste,2021-02-04 21:00:00,1.0
DE7,waste,2021-02-05 00:00:00,1.0
DE7,waste,2021-02-05 03:00:00,1.0
DE7,waste,2021-02-05 06:00:00,1.0
DE7,waste,2021-02-05 09:00:00,1.0
DE7,waste,2021-02-05 12:00:00,1.0
DE7,waste,2021-02-05 15:00:00,1.0
DE7,waste,2021-02-05 18:00:00,1.0
DE7,waste,2021-02-05 21:00:00,1.0
DE7,waste,2021-02-06 00:00:00,1.0
DE7,waste,2021-02-06 03:00:00,1.0
DE7,waste,2021-02-06 06:00:00,1.0
DE7,waste,2021-02-06 09:00:00,1.0
DE7,waste,2021-02-06 12:00:00,1.0
DE7,waste,2021-02-06 15:00:00,1.0
DE7,waste,2021-02-06 18:00:00,1.0
DE7,waste,2021-02-06 21:00:00,1.0
DE7,waste,2021-02-07 00:00:00,1.0
DE7,waste,2021-02-07 03:00:00,1.0
DE7,waste,2021-02-07 06:00:00,1.0
DE7,waste,2021-02-07 09:00:00,1.0
DE7,waste,2021-02-07 12:00:00,1.0
DE7,waste,2021-02-07 15:00:00,1.0
DE7,waste,2021-02-07 18:00:00,1.0
DE7,waste,2021-02-07 21:00:00,1.0
DE7,waste,2021-02-08 00:00:00,1.0
DE7,waste,2021-02-08 03:00:00,1.0
DE7,waste,2021-02-08 06:00:00,1.0
DE7,waste,2021-02-08 09:00:00,1.0
DE7,waste,2021-02-08 12:00:00,1.0
DE7,waste,2021-02-08 15:00:00,1.0
DE7,waste,2021-02-08 18:00:00,1.0
DE7,waste,2021-02-08 21:00:00,1.0
DE7,waste,2021-02-09 00:00:00,1.0
DE7,waste,2021-02-09 03:00:00,1.0
DE7,waste,2021-02-09 06:00:00,1.0
DE7,waste,2021-02-09 09:00:00,1.0
DE7,waste,2021-02-09 12:00:00,1.0
DE7,waste,2021-02-09 15:00:00,1.0
DE7,waste,2021-02-09 18:00:00,1.0
DE7,waste,2021-02-09 21:00:00,1.0
DE7,waste,2021-02-10 00:00:00,1.0
DE7,waste,2021-02-10 03:00:00,1.0
DE7,waste,2021-02-10 06:00:00,1.0
DE7,waste,2021-02-10 09:00:00,1.0
DE7,waste,2021-02-10 12:00:00,1.0
DE7,waste,2021-02-10 15:00:00,1.0
DE7,waste,2021-02-10 18:00:00,1.0
DE7,waste,2021-02-10 21:00:00,1.0
DE7,waste,2021-02-11 00:00:00,1.0
DE7,waste,2021-02-11 03:00:00,1.0
DE7,waste,2021-02-11 06:00:00,1.0
DE7,waste,2021-02-11 09:00:00,1.0
DE7,waste,2021-02-11 12:00:00,1.0
DE7,waste,2021-02-11 15:00:00,1.0
DE7,waste,2021-02-11 18:00:00,1.0
DE7,waste,2021-02-11 21:00:00,1.0
DE7,waste,2021-02-12 00:00:00,1.0
DE7,waste,2021-02-12 03:00:00,1.0
DE7,waste,2021-02-12 06:00:00,1.0
DE7,waste,2021-02-12 09:00:00,1.0
DE7,waste,2021-02-12 12:00:00,1.0
DE7,waste,2021-02-12 15:00:00,1.0
DE7,waste,2021-02-12 18:00:00,1.0
DE7,waste,2021-02-12 21:00:00,1.0
DE7,waste,2021-02-13 00:00:00,1.0
DE7,waste,2021-02-13 03:00:00,1.0
DE7,waste,2021-02-13 06:00:00,1.0
DE7,waste,2021-02-13 09:00:00,1.0
DE7,waste,2021-02-13 12:00:00,1.0
DE7,waste,2021-02-13 15:00:00,1.0
DE7,waste,2021-02-13 18:00:00,1.0
DE7,waste,2021-02-13 21:00:00,1.0
DE7,waste,2021-02-14 00:00:00,1.0
DE7,waste,2021-02-14 03:00:00,1.0
DE7,waste,2021-02-14 06:00:00,1.0
DE7,waste,2021-02-14 09:00:00,1.0
DE7,waste,2021-02-14 12:00:00,1.0
DE7,waste,2021-02-14 15:00:00,1.0
DE7,waste,2021-02-14 18:00:00,1.0
DE7,waste,2021-02-14 21:00:00,1.0
DE8,biomass,2021-01-18 00:00:00,1.0
DE8,biomass,2021-01-18 03:00:00,1.0
DE8,biomass,2021-01-18 06:00:00,1.0
DE8,biomass,2021-01-18 09:00:00,1.0
DE8,biomass,2021-01-18 12:00:00,1.0
DE8,biomass,2021-01-18 15:00:00,1.0
DE8,biomass,2021-01-18 18:00:00,1.0
DE8,biomass,2021-01-18 21:00:00,1.0
DE8,biomass,2021-01-19 00:00:00,1.0
DE8,biomass,2021-01-19 03:00:00,1.0
DE8,biomass,2021-01-19 06:00:00,1.0
DE8,biomass,2021-01-19 09:00:00,1.0
DE8,biomass,2021-01-19 12:00:00,1.0
DE8,biomass,2021-01-19 15:00:00,1.0
DE8,biomass,2021-01-19 18:00:00,1.0
DE8,biomass,2021-01-19 21:00:00,1.0
DE8,biomass,2021-01-20 00:00:00,1.0
DE8,biomass,2021-01-20 03:00:00,1.0
DE8,biomass,2021-01-20 06:00:00,1.0
DE8,biomass,2021-01-20 09:00:00,1.0
DE8,biomass,2021-01-20 12:00:00,1.0
DE8,biomass,2021-01-20 15:00:00,1.0
DE8,biomass,2021-01-20 18:00:00,1.0
DE8,biomass,2021-01-20 21:00:00,1.0
DE8,biomass,2021-01-21 00:00:00,1.0
DE8,biomass,2021-01-21 03:00:00,1.0
DE8,biomass,2021-01-21 06:00:00,1.0
DE8,biomass,2021-01-21 09:00:00,1.0
DE8,biomass,2021-01-21 12:00:00,1.0
DE8,biomass,2021-01-21 15:00:00,1.0
DE8,biomass,2021-01-21 18:00:00,1.0
DE8,biomass,2021-01-21 21:00:00,1.0
DE8,biomass,2021-01-22 00:00:00,1.0
DE8,biomass,2021-01-22 03:00:00,1.0
DE8,biomass,2021-01-22 06:00:00,1.0
DE8,biomass,2021-01-22 09:00:00,1.0
DE8,biomass,2021-01-22 12:00:00,1.0
DE8,biomass,2021-01-22 15:00:00,1.0
DE8,biomass,2021-01-22 18:00:00,1.0
DE8,biomass,2021-01-22 21:00:00,1.0
DE8,biomass,2021-01-23 00:00:00,1.0
DE8,biomass,2021-01-23 03:00:00,1.0
DE8,biomass,2021-01-23 06:00:00,1.0
DE8,biomass,2021-01-23 09:00:00,1.0
DE8,biomass,2021-01-23 12:00:00,1.0
DE8,biomass,2021-01-23 15:00:00,1.0
DE8,biomass,2021-01-23 18:00:00,1.0
DE8,biomass,2021-01-23 21:00:00,1.0
DE8,biomass,2021-01-24 00:00:00,1.0
DE8,biomass,2021-01-24 03:00:00,1.0
DE8,biomass,2021-01-24 06:00:00,1.0
DE8,biomass,2021-01-24 09:00:00,1.0
DE8,biomass,2021-01-24 12:00:00,1.0
DE8,biomass,2021-01-24 15:00:00,1.0
DE8,biomass,2021-01-24 18:00:00,1.0
DE8,biomass,2021-01-24 21:00:00,1.0
DE8,biomass,2021-01-25 00:00:00,1.0
DE8,biomass,2021-01-25 03:00:00,1.0
DE8,biomass,2021-01-25 06:00:00,1.0
DE8,biomass,2021-01-25 09:00:00,1.0
DE8,biomass,2021-01-25 12:00:00,1.0
DE8,biomass,2021-01-25 15:00:00,1.0
DE8,biomass,2021-01-25 18:00:00,1.0
DE8,biomass,2021-01-25 21:00:00,1.0
DE8,biomass,2021-01-26 00:00:00,1.0
DE8,biomass,2021-01-26 03:00:00,1.0
DE8,biomass,2021-01-26 06:00:00,1.0
DE8,biomass,2021-01-26 09:00:00,1.0
DE8,biomass,2021-01-26 12:00:00,1.0
DE8,biomass,2021-01-26 15:00:00,1.0
DE8,biomass,2021-01-26 18:00:00,1.0
DE8,biomass,2021-01-26 21:00:00,1.0
DE8,biomass,2021-01-27 00:00:00,1.0
DE8,biomass,2021-01-27 03:00:00,1.0
DE8,biomass,2021-01-27 06:00:00,1.0
DE8,biomass,2021-01-27 09:00:00,1.0
DE8,biomass,2021-01-27 12:00:00,1.0
DE8,biomass,2021-01-27 15:00:00,1.0
DE8,biomass,2021-01-27 18:00:00,1.0
DE8,biomass,2021-01-27 21:00:00,1.0
DE8,biomass,2021-01-28 00:00:00,1.0
DE8,biomass,2021-01-28 03:00:00,1.0
DE8,biomass,2021-01-28 06:00:00,1.0
DE8,biomass,2021-01-28 09:00:00,1.0
DE8,biomass,2021-01-28 12:00:00,1.0
DE8,biomass,2021-01-28 15:00:00,1.0
DE8,biomass,2021-01-28 18:00:00,1.0
DE8,biomass,2021-01-28 21:00:00,1.0
DE8,biomass,2021-01-29 00:00:00,1.0
DE8,biomass,2021-01-29 03:00:00,1.0
DE8,biomass,2021-01-29 06:00:00,1.0
DE8,biomass,2021-01-29 09:00:00,1.0
DE8,biomass,2021-01-29 12:00:00,1.0
DE8,biomass,2021-01-29 15:00:00,1.0
DE8,biomass,2021-01-29 18:00:00,1.0
DE8,biomass,2021-01-29 21:00:00,1.0
DE8,biomass,2021-01-30 00:00:00,1.0
DE8,biomass,2021-01-30 03:00:00,1.0
DE8,biomass,2021-01-30 06:00:00,1.0
DE8,biomass,2021-01-30 09:00:00,1.0
DE8,biomass,2021-01-30 12:00:00,1.0
DE8,biomass,2021-01-30 15:00:00,1.0
DE8,biomass,2021-01-30 18:00:00,1.0
DE8,biomass,2021-01-30 21:00:00,1.0
DE8,biomass,2021-01-31 00:00:00,1.0
DE8,biomass,2021-01-31 03:00:00,1.0
DE8,biomass,2021-01-31 06:00:00,1.0
DE8,biomass,2021-01-31 09:00:00,1.0
DE8,biomass,2021-01-31 12:00:00,1.0
DE8,biomass,2021-01-31 15:00:00,1.0
DE8,biomass,2021-01-31 18:00:00,1.0
DE8,biomass,2021-01-31 21:00:00,1.0
DE8,biomass,2021-02-01 00:00:00,1.0
DE8,biomass,2021-02-01 03:00:00,1.0
DE8,biomass,2021-02-01 06:00:00,1.0
DE8,biomass,2021-02-01 09:00:00,1.0
DE8,biomass,2021-02-01 12:00:00,1.0
DE8,biomass,2021-02-01 15:00:00,1.0
DE8,biomass,2021-02-01 18:00:00,1.0
DE8,biomass,2021-02-01 21:00:00,1.0
DE8,biomass,2021-02-02 00:00:00,1.0
DE8,biomass,2021-02-02 03:00:00,1.0
DE8,biomass,2021-02-02 06:00:00,1.0
DE8,biomass,2021-02-02 09:00:00,1.0
DE8,biomass,2021-02-02 12:00:00,1.0
DE8,biomass,2021-02-02 15:00:00,1.0
DE8,biomass,2021-02-02 18:00:00,1.0
DE8,biomass,2021-02-02 21:00:00,1.0
DE8,biomass,2021-02-03 00:00:00,1.0
DE8,biomass,2021-02-03 03:00:00,1.0
DE8,biomass,2021-02-03 06:00:00,1.0
DE8,biomass,2021-02-03 09:00:00,1.0
DE8,biomass,2021-02-03 12:00:00,1.0
DE8,biomass,2021-02-03 15:00:00,1.0
DE8,biomass,2021-02-03 18:00:00,1.0
DE8,biomass,2021-02-03 21:00:00,1.0
DE8,biomass,2021-02-04 00:00:00,1.0
DE8,biomass,2021-02-04 03:00:00,1.0
DE8,biomass,2021-02-04 06:00:00,1.0
DE8,biomass,2021-02-04 09:00:00,1.0
DE8,biomass,2021-02-04 12:00:00,1.0
DE8,biomass,2021-02-04 15:00:00,1.0
DE8,biomass,2021-02-04 18:00:00,1.0
DE8,biomass,2021-02-04 21:00:00,1.0
DE8,biomass,2021-02-05 00:00:00,1.0
DE8,biomass,2021-02-05 03:00:00,1.0
DE8,biomass,2021-02-05 06:00:00,1.0
DE8,biomass,2021-02-05 09:00:00,1.0
DE8,biomass,2021-02-05 12:00:00,1.0
DE8,biomass,2021-02-05 15:00:00,1.0
DE8,biomass,2021-02-05 18:00:00,1.0
DE8,biomass,2021-02-05 21:00:00,1.0
DE8,biomass,2021-02-06 00:00:00,1.0
DE8,biomass,2021-02-06 03:00:00,1.0
DE8,biomass,2021-02-06 06:00:00,1.0
DE8,biomass,2021-02-06 09:00:00,1.0
DE8,biomass,2021-02-06 12:00:00,1.0
DE8,biomass,2021-02-06 15:00:00,1.0
DE8,biomass,2021-02-06 18:00:00,1.0
DE8,biomass,2021-02-06 21:00:00,1.0
DE8,biomass,2021-02-07 00:00:00,1.0
DE8,biomass,2021-02-07 03:00:00,1.0
DE8,biomass,2021-02-07 06:00:00,1.0
DE8,biomass,2021-02-07 09:00:00,1.0
DE8,biomass,2021-02-07 12:00:00,1.0
DE8,biomass,2021-02-07 15:00:00,1.0
DE8,biomass,2021-02-07 18:00:00,1.0
DE8,biomass,2021-02-07 21:00:00,1.0
DE8,biomass,2021-02-08 00:00:00,1.0
DE8,biomass,2021-02-08 03:00:00,1.0
DE8,biomass,2021-02-08 06:00:00,1.0
DE8,biomass,2021-02-08 09:00:00,1.0
DE8,biomass,2021-02-08 12:00:00,1.0
DE8,biomass,2021-02-08 15:00:00,1.0
DE8,biomass,2021-02-08 18:00:00,1.0
DE8,biomass,2021-02-08 21:00:00,1.0
DE8,biomass,2021-02-09 00:00:00,1.0
DE8,biomass,2021-02-09 03:00:00,1.0
DE8,biomass,2021-02-09 06:00:00,1.0
DE8,biomass,2021-02-09 09:00:00,1.0
DE8,biomass,2021-02-09 12:00:00,1.0
DE8,biomass,2021-02-09 15:00:00,1.0
DE8,biomass,2021-02-09 18:00:00,1.0
DE8,biomass,2021-02-09 21:00:00,1.0
DE8,biomass,2021-02-10 00:00:00,1.0
DE8,biomass,2021-02-10 03:00:00,1.0
DE8,biomass,2021-02-10 06:00:00,1.0
DE8,biomass,2021-02-10 09:00:00,1.0
DE8,biomass,2021-02-10 12:00:00,1.0
DE8,biomass,2021-02-10 15:00:00,1.0
DE8,biomass,2021-02-10 18:00:00,1.0
DE8,biomass,2021-02-10 21:00:00,1.0
DE8,biomass,2021-02-11 00:00:00,1.0
DE8,biomass,2021-02-11 03:00:00,1.0
DE8,biomass,2021-02-11 06:00:00,1.0
DE8,biomass,2021-02-11 09:00:00,1.0
DE8,biomass,2021-02-11 12:00:00,1.0
DE8,biomass,2021-02-11 15:00:00,1.0
DE8,biomass,2021-02-11 18:00:00,1.0
DE8,biomass,2021-02-11 21:00:00,1.0
DE8,biomass,2021-02-12 00:00:00,1.0
DE8,biomass,2021-02-12 03:00:00,1.0
DE8,biomass,2021-02-12 06:00:00,1.0
DE8,biomass,2021-02-12 09:00:00,1.0
DE8,biomass,2021-02-12 12:00:00,1.0
DE8,biomass,2021-02-12 15:00:00,1.0
DE8,biomass,2021-02-12 18:00:00,1.0
DE8,biomass,2021-02-12 21:00:00,1.0
DE8,biomass,2021-02-13 00:00:00,1.0
DE8,biomass,2021-02-13 03:00:00,1.0
DE8,biomass,2021-02-13 06:00:00,1.0
DE8,biomass,2021-02-13 09:00:00,1.0
DE8,biomass,2021-02-13 12:00:00,1.0
DE8,biomass,2021-02-13 15:00:00,1.0
DE8,biomass,2021-02-13 18:00:00,1.0
DE8,biomass,2021-02-13 21:00:00,1.0
DE8,biomass,2021-02-14 00:00:00,1.0
DE8,biomass,2021-02-14 03:00:00,1.0
DE8,biomass,2021-02-14 06:00:00,1.0
DE8,biomass,2021-02-14 09:00:00,1.0
DE8,biomass,2021-02-14 12:00:00,1.0
DE8,biomass,2021-02-14 15:00:00,1.0
DE8,biomass,2021-02-14 18:00:00,1.0
DE8,biomass,2021-02-14 21:00:00,1.0
DE8,ccgt,2021-01-18 00:00:00,1.0
DE8,ccgt,2021-01-18 03:00:00,1.0
DE8,ccgt,2021-01-18 06:00:00,1.0
DE8,ccgt,2021-01-18 09:00:00,1.0
DE8,ccgt,2021-01-18 12:00:00,1.0
DE8,ccgt,2021-01-18 15:00:00,1.0
DE8,ccgt,2021-01-18 18:00:00,1.0
DE8,ccgt,2021-01-18 21:00:00,1.0
DE8,ccgt,2021-01-19 00:00:00,1.0
DE8,ccgt,2021-01-19 03:00:00,1.0
DE8,ccgt,2021-01-19 06:00:00,1.0
DE8,ccgt,2021-01-19 09:00:00,1.0
DE8,ccgt,2021-01-19 12:00:00,1.0
DE8,ccgt,2021-01-19 15:00:00,1.0
DE8,ccgt,2021-01-19 18:00:00,1.0
DE8,ccgt,2021-01-19 21:00:00,1.0
DE8,ccgt,2021-01-20 00:00:00,1.0
DE8,ccgt,2021-01-20 03:00:00,1.0
DE8,ccgt,2021-01-20 06:00:00,1.0
DE8,ccgt,2021-01-20 09:00:00,1.0
DE8,ccgt,2021-01-20 12:00:00,1.0
DE8,ccgt,2021-01-20 15:00:00,1.0
DE8,ccgt,2021-01-20 18:00:00,1.0
DE8,ccgt,2021-01-20 21:00:00,1.0
DE8,ccgt,2021-01-21 00:00:00,1.0
DE8,ccgt,2021-01-21 03:00:00,1.0
DE8,ccgt,2021-01-21 06:00:00,1.0
DE8,ccgt,2021-01-21 09:00:00,1.0
DE8,ccgt,2021-01-21 12:00:00,1.0
DE8,ccgt,2021-01-21 15:00:00,1.0
DE8,ccgt,2021-01-21 18:00:00,1.0
DE8,ccgt,2021-01-21 21:00:00,1.0
DE8,ccgt,2021-01-22 00:00:00,1.0
DE8,ccgt,2021-01-22 03:00:00,1.0
DE8,ccgt,2021-01-22 06:00:00,1.0
DE8,ccgt,2021-01-22 09:00:00,1.0
DE8,ccgt,2021-01-22 12:00:00,1.0
DE8,ccgt,2021-01-22 15:00:00,1.0
DE8,ccgt,2021-01-22 18:00:00,1.0
DE8,ccgt,2021-01-22 21:00:00,1.0
DE8,ccgt,2021-01-23 00:00:00,1.0
DE8,ccgt,2021-01-23 03:00:00,1.0
DE8,ccgt,2021-01-23 06:00:00,1.0
DE8,ccgt,2021-01-23 09:00:00,1.0
DE8,ccgt,2021-01-23 12:00:00,1.0
DE8,ccgt,2021-01-23 15:00:00,1.0
DE8,ccgt,2021-01-23 18:00:00,1.0
DE8,ccgt,2021-01-23 21:00:00,1.0
DE8,ccgt,2021-01-24 00:00:00,1.0
DE8,ccgt,2021-01-24 03:00:00,1.0
DE8,ccgt,2021-01-24 06:00:00,1.0
DE8,ccgt,2021-01-24 09:00:00,1.0
DE8,ccgt,2021-01-24 12:00:00,1.0
DE8,ccgt,2021-01-24 15:00:00,1.0
DE8,ccgt,2021-01-24 18:00:00,1.0
DE8,ccgt,2021-01-24 21:00:00,1.0
DE8,ccgt,2021-01-25 00:00:00,1.0
DE8,ccgt,2021-01-25 03:00:00,1.0
DE8,ccgt,2021-01-25 06:00:00,1.0
DE8,ccgt,2021-01-25 09:00:00,1.0
DE8,ccgt,2021-01-25 12:00:00,1.0
DE8,ccgt,2021-01-25 15:00:00,1.0
DE8,ccgt,2021-01-25 18:00:00,1.0
DE8,ccgt,2021-01-25 21:00:00,1.0
DE8,ccgt,2021-01-26 00:00:00,1.0
DE8,ccgt,2021-01-26 03:00:00,1.0
DE8,ccgt,2021-01-26 06:00:00,1.0
DE8,ccgt,2021-01-26 09:00:00,1.0
DE8,ccgt,2021-01-26 12:00:00,1.0
DE8,ccgt,2021-01-26 15:00:00,1.0
DE8,ccgt,2021-01-26 18:00:00,1.0
DE8,ccgt,2021-01-26 21:00:00,1.0
DE8,ccgt,2021-01-27 00:00:00,1.0
DE8,ccgt,2021-01-27 03:00:00,1.0
DE8,ccgt,2021-01-27 06:00:00,1.0
DE8,ccgt,2021-01-27 09:00:00,1.0
DE8,ccgt,2021-01-27 12:00:00,1.0
DE8,ccgt,2021-01-27 15:00:00,1.0
DE8,ccgt,2021-01-27 18:00:00,1.0
DE8,ccgt,2021-01-27 21:00:00,1.0
DE8,ccgt,2021-01-28 00:00:00,1.0
DE8,ccgt,2021-01-28 03:00:00,1.0
DE8,ccgt,2021-01-28 06:00:00,1.0
DE8,ccgt,2021-01-28 09:00:00,1.0
DE8,ccgt,2021-01-28 12:00:00,1.0
DE8,ccgt,2021-01-28 15:00:00,1.0
DE8,ccgt,2021-01-28 18:00:00,1.0
DE8,ccgt,2021-01-28 21:00:00,1.0
DE8,ccgt,2021-01-29 00:00:00,1.0
DE8,ccgt,2021-01-29 03:00:00,1.0
DE8,ccgt,2021-01-29 06:00:00,1.0
DE8,ccgt,2021-01-29 09:00:00,1.0
DE8,ccgt,2021-01-29 12:00:00,1.0
DE8,ccgt,2021-01-29 15:00:00,1.0
DE8,ccgt,2021-01-29 18:00:00,1.0
DE8,ccgt,2021-01-29 21:00:00,1.0
DE8,ccgt,2021-01-30 00:00:00,1.0
DE8,ccgt,2021-01-30 03:00:00,1.0
DE8,ccgt,2021-01-30 06:00:00,1.0
DE8,ccgt,2021-01-30 09:00:00,1.0
DE8,ccgt,2021-01-30 12:00:00,1.0
DE8,ccgt,2021-01-30 15:00:00,1.0
DE8,ccgt,2021-01-30 18:00:00,1.0
DE8,ccgt,2021-01-30 21:00:00,1.0
DE8,ccgt,2021-01-31 00:00:00,1.0
DE8,ccgt,2021-01-31 03:00:00,1.0
DE8,ccgt,2021-01-31 06:00:00,1.0
DE8,ccgt,2021-01-31 09:00:00,1.0
DE8,ccgt,2021-01-31 12:00:00,1.0
DE8,ccgt,2021-01-31 15:00:00,1.0
DE8,ccgt,2021-01-31 18:00:00,1.0
DE8,ccgt,2021-01-31 21:00:00,1.0
DE8,ccgt,2021-02-01 00:00:00,1.0
DE8,ccgt,2021-02-01 03:00:00,1.0
DE8,ccgt,2021-02-01 06:00:00,1.0
DE8,ccgt,2021-02-01 09:00:00,1.0
DE8,ccgt,2021-02-01 12:00:00,1.0
DE8,ccgt,2021-02-01 15:00:00,1.0
DE8,ccgt,2021-02-01 18:00:00,1.0
DE8,ccgt,2021-02-01 21:00:00,1.0
DE8,ccgt,2021-02-02 00:00:00,1.0
DE8,ccgt,2021-02-02 03:00:00,1.0
DE8,ccgt,2021-02-02 06:00:00,1.0
DE8,ccgt,2021-02-02 09:00:00,1.0
DE8,ccgt,2021-02-02 12:00:00,1.0
DE8,ccgt,2021-02-02 15:00:00,1.0
DE8,ccgt,2021-02-02 18:00:00,1.0
DE8,ccgt,2021-02-02 21:00:00,1.0
DE8,ccgt,2021-02-03 00:00:00,1.0
DE8,ccgt,2021-02-03 03:00:00,1.0
DE8,ccgt,2021-02-03 06:00:00,1.0
DE8,ccgt,2021-02-03 09:00:00,1.0
DE8,ccgt,2021-02-03 12:00:00,1.0
DE8,ccgt,2021-02-03 15:00:00,1.0
DE8,ccgt,2021-02-03 18:00:00,1.0
DE8,ccgt,2021-02-03 21:00:00,1.0
DE8,ccgt,2021-02-04 00:00:00,1.0
DE8,ccgt,2021-02-04 03:00:00,1.0
DE8,ccgt,2021-02-04 06:00:00,1.0
DE8,ccgt,2021-02-04 09:00:00,1.0
DE8,ccgt,2021-02-04 12:00:00,1.0
DE8,ccgt,2021-02-04 15:00:00,1.0
DE8,ccgt,2021-02-04 18:00:00,1.0
DE8,ccgt,2021-02-04 21:00:00,1.0
DE8,ccgt,2021-02-05 00:00:00,1.0
DE8,ccgt,2021-02-05 03:00:00,1.0
DE8,ccgt,2021-02-05 06:00:00,1.0
DE8,ccgt,2021-02-05 09:00:00,1.0
DE8,ccgt,2021-02-05 12:00:00,1.0
DE8,ccgt,2021-02-05 15:00:00,1.0
DE8,ccgt,2021-02-05 18:00:00,1.0
DE8,ccgt,2021-02-05 21:00:00,1.0
DE8,ccgt,2021-02-06 00:00:00,1.0
DE8,ccgt,2021-02-06 03:00:00,1.0
DE8,ccgt,2021-02-06 06:00:00,1.0
DE8,ccgt,2021-02-06 09:00:00,1.0
DE8,ccgt,2021-02-06 12:00:00,1.0
DE8,ccgt,2021-02-06 15:00:00,1.0
DE8,ccgt,2021-02-06 18:00:00,1.0
DE8,ccgt,2021-02-06 21:00:00,1.0
DE8,ccgt,2021-02-07 00:00:00,1.0
DE8,ccgt,2021-02-07 03:00:00,1.0
DE8,ccgt,2021-02-07 06:00:00,1.0
DE8,ccgt,2021-02-07 09:00:00,1.0
DE8,ccgt,2021-02-07 12:00:00,1.0
DE8,ccgt,2021-02-07 15:00:00,1.0
DE8,ccgt,2021-02-07 18:00:00,1.0
DE8,ccgt,2021-02-07 21:00:00,1.0
DE8,ccgt,2021-02-08 00:00:00,1.0
DE8,ccgt,2021-02-08 03:00:00,1.0
DE8,ccgt,2021-02-08 06:00:00,1.0
DE8,ccgt,2021-02-08 09:00:00,1.0
DE8,ccgt,2021-02-08 12:00:00,1.0
DE8,ccgt,2021-02-08 15:00:00,1.0
DE8,ccgt,2021-02-08 18:00:00,1.0
DE8,ccgt,2021-02-08 21:00:00,1.0
DE8,ccgt,2021-02-09 00:00:00,1.0
DE8,ccgt,2021-02-09 03:00:00,1.0
DE8,ccgt,2021-02-09 06:00:00,1.0
DE8,ccgt,2021-02-09 09:00:00,1.0
DE8,ccgt,2021-02-09 12:00:00,1.0
DE8,ccgt,2021-02-09 15:00:00,1.0
DE8,ccgt,2021-02-09 18:00:00,1.0
DE8,ccgt,2021-02-09 21:00:00,1.0
DE8,ccgt,2021-02-10 00:00:00,1.0
DE8,ccgt,2021-02-10 03:00:00,1.0
DE8,ccgt,2021-02-10 06:00:00,1.0
DE8,ccgt,2021-02-10 09:00:00,1.0
DE8,ccgt,2021-02-10 12:00:00,1.0
DE8,ccgt,2021-02-10 15:00:00,1.0
DE8,ccgt,2021-02-10 18:00:00,1.0
DE8,ccgt,2021-02-10 21:00:00,1.0
DE8,ccgt,2021-02-11 00:00:00,1.0
DE8,ccgt,2021-02-11 03:00:00,1.0
DE8,ccgt,2021-02-11 06:00:00,1.0
DE8,ccgt,2021-02-11 09:00:00,1.0
DE8,ccgt,2021-02-11 12:00:00,1.0
DE8,ccgt,2021-02-11 15:00:00,1.0
DE8,ccgt,2021-02-11 18:00:00,1.0
DE8,ccgt,2021-02-11 21:00:00,1.0
DE8,ccgt,2021-02-12 00:00:00,1.0
DE8,ccgt,2021-02-12 03:00:00,1.0
DE8,ccgt,2021-02-12 06:00:00,1.0
DE8,ccgt,2021-02-12 09:00:00,1.0
DE8,ccgt,2021-02-12 12:00:00,1.0
DE8,ccgt,2021-02-12 15:00:00,1.0
DE8,ccgt,2021-02-12 18:00:00,1.0
DE8,ccgt,2021-02-12 21:00:00,1.0
DE8,ccgt,2021-02-13 00:00:00,1.0
DE8,ccgt,2021-02-13 03:00:00,1.0
DE8,ccgt,2021-02-13 06:00:00,1.0
DE8,ccgt,2021-02-13 09:00:00,1.0
DE8,ccgt,2021-02-13 12:00:00,1.0
DE8,ccgt,2021-02-13 15:00:00,1.0
DE8,ccgt,2021-02-13 18:00:00,1.0
DE8,ccgt,2021-02-13 21:00:00,1.0
DE8,ccgt,2021-02-14 00:00:00,1.0
DE8,ccgt,2021-02-14 03:00:00,1.0
DE8,ccgt,2021-02-14 06:00:00,1.0
DE8,ccgt,2021-02-14 09:00:00,1.0
DE8,ccgt,2021-02-14 12:00:00,1.0
DE8,ccgt,2021-02-14 15:00:00,1.0
DE8,ccgt,2021-02-14 18:00:00,1.0
DE8,ccgt,2021-02-14 21:00:00,1.0
DE8,coal,2021-01-18 00:00:00,0.0
DE8,coal,2021-01-18 03:00:00,0.0
DE8,coal,2021-01-18 06:00:00,0.0
DE8,coal,2021-01-18 09:00:00,0.0
DE8,coal,2021-01-18 12:00:00,0.0
DE8,coal,2021-01-18 15:00:00,0.0
DE8,coal,2021-01-18 18:00:00,0.0
DE8,coal,2021-01-18 21:00:00,0.0
DE8,coal,2021-01-19 00:00:00,0.0
DE8,coal,2021-01-19 03:00:00,0.0
DE8,coal,2021-01-19 06:00:00,0.0
DE8,coal,2021-01-19 09:00:00,0.0
DE8,coal,2021-01-19 12:00:00,0.0
DE8,coal,2021-01-19 15:00:00,0.0
DE8,coal,2021-01-19 18:00:00,0.0
DE8,coal,2021-01-19 21:00:00,0.0
DE8,coal,2021-01-20 00:00:00,0.0
DE8,coal,2021-01-20 03:00:00,0.0
DE8,coal,2021-01-20 06:00:00,0.0
DE8,coal,2021-01-20 09:00:00,0.0
DE8,coal,2021-01-20 12:00:00,0.0
DE8,coal,2021-01-20 15:00:00,0.0
DE8,coal,2021-01-20 18:00:00,0.0
DE8,coal,2021-01-20 21:00:00,0.0
DE8,coal,2021-01-21 00:00:00,0.0
DE8,coal,2021-01-21 03:00:00,0.0
DE8,coal,2021-01-21 06:00:00,0.0
DE8,coal,2021-01-21 09:00:00,0.0
DE8,coal,2021-01-21 12:00:00,0.0
DE8,coal,2021-01-21 15:00:00,0.0
DE8,coal,2021-01-21 18:00:00,0.0
DE8,coal,2021-01-21 21:00:00,0.0
DE8,coal,2021-01-22 00:00:00,0.0
DE8,coal,2021-01-22 03:00:00,0.0
DE8,coal,2021-01-22 06:00:00,0.0
DE8,coal,2021-01-22 09:00:00,0.0
DE8,coal,2021-01-22 12:00:00,0.0
DE8,coal,2021-01-22 15:00:00,0.0
DE8,coal,2021-01-22 18:00:00,0.0
DE8,coal,2021-01-22 21:00:00,0.0
DE8,coal,2021-01-23 00:00:00,0.0
DE8,coal,2021-01-23 03:00:00,0.0
DE8,coal,2021-01-23 06:00:00,0.0
DE8,coal,2021-01-23 09:00:00,0.0
DE8,coal,2021-01-23 12:00:00,0.0
DE8,coal,2021-01-23 15:00:00,0.0
DE8,coal,2021-01-23 18:00:00,0.0
DE8,coal,2021-01-23 21:00:00,0.0
DE8,coal,2021-01-24 00:00:00,0.0
DE8,coal,2021-01-24 03:00:00,0.0
DE8,coal,2021-01-24 06:00:00,0.0
DE8,coal,2021-01-24 09:00:00,0.0
DE8,coal,2021-01-24 12:00:00,0.0
DE8,coal,2021-01-24 15:00:00,0.0
DE8,coal,2021-01-24 18:00:00,0.0
DE8,coal,2021-01-24 21:00:00,0.0
DE8,coal,2021-01-25 00:00:00,0.0
DE8,coal,2021-01-25 03:00:00,0.0
DE8,coal,2021-01-25 06:00:00,0.0
DE8,coal,2021-01-25 09:00:00,0.0
DE8,coal,2021-01-25 12:00:00,0.0
DE8,coal,2021-01-25 15:00:00,0.0
DE8,coal,2021-01-25 18:00:00,0.0
DE8,coal,2021-01-25 21:00:00,0.0
DE8,coal,2021-01-26 00:00:00,0.0
DE8,coal,2021-01-26 03:00:00,0.0
DE8,coal,2021-01-26 06:00:00,0.0
DE8,coal,2021-01-26 09:00:00,0.0
DE8,coal,2021-01-26 12:00:00,0.0
DE8,coal,2021-01-26 15:00:00,0.0
DE8,coal,2021-01-26 18:00:00,0.0
DE8,coal,2021-01-26 21:00:00,0.0
DE8,coal,2021-01-27 00:00:00,0.0
DE8,coal,2021-01-27 03:00:00,0.0
DE8,coal,2021-01-27 06:00:00,0.0
DE8,coal,2021-01-27 09:00:00,0.0
DE8,coal,2021-01-27 12:00:00,0.0
DE8,coal,2021-01-27 15:00:00,0.0
DE8,coal,2021-01-27 18:00:00,0.0
DE8,coal,2021-01-27 21:00:00,0.0
DE8,coal,2021-01-28 00:00:00,0.0
DE8,coal,2021-01-28 03:00:00,0.0
DE8,coal,2021-01-28 06:00:00,0.0
DE8,coal,2021-01-28 09:00:00,0.0
DE8,coal,2021-01-28 12:00:00,0.0
DE8,coal,2021-01-28 15:00:00,0.0
DE8,coal,2021-01-28 18:00:00,0.0
DE8,coal,2021-01-28 21:00:00,0.0
DE8,coal,2021-01-29 00:00:00,0.0
DE8,coal,2021-01-29 03:00:00,0.0
DE8,coal,2021-01-29 06:00:00,0.0
DE8,coal,2021-01-29 09:00:00,0.0
DE8,coal,2021-01-29 12:00:00,0.0
DE8,coal,2021-01-29 15:00:00,0.0
DE8,coal,2021-01-29 18:00:00,0.0
DE8,coal,2021-01-29 21:00:00,0.0
DE8,coal,2021-01-30 00:00:00,0.0
DE8,coal,2021-01-30 03:00:00,0.0
DE8,coal,2021-01-30 06:00:00,0.0
DE8,coal,2021-01-30 09:00:00,0.0
DE8,coal,2021-01-30 12:00:00,0.0
DE8,coal,2021-01-30 15:00:00,0.0
DE8,coal,2021-01-30 18:00:00,0.0
DE8,coal,2021-01-30 21:00:00,0.0
DE8,coal,2021-01-31 00:00:00,0.0
DE8,coal,2021-01-31 03:00:00,0.0
DE8,coal,2021-01-31 06:00:00,0.0
DE8,coal,2021-01-31 09:00:00,0.0
DE8,coal,2021-01-31 12:00:00,0.0
DE8,coal,2021-01-31 15:00:00,0.0
DE8,coal,2021-01-31 18:00:00,0.0
DE8,coal,2021-01-31 21:00:00,0.0
DE8,coal,2021-02-01 00:00:00,0.0
DE8,coal,2021-02-01 03:00:00,0.0
DE8,coal,2021-02-01 06:00:00,0.0
DE8,coal,2021-02-01 09:00:00,0.0
DE8,coal,2021-02-01 12:00:00,0.0
DE8,coal,2021-02-01 15:00:00,0.0
DE8,coal,2021-02-01 18:00:00,0.0
DE8,coal,2021-02-01 21:00:00,0.0
DE8,coal,2021-02-02 00:00:00,0.0
DE8,coal,2021-02-02 03:00:00,0.0
DE8,coal,2021-02-02 06:00:00,0.0
DE8,coal,2021-02-02 09:00:00,0.0
DE8,coal,2021-02-02 12:00:00,0.0
DE8,coal,2021-02-02 15:00:00,0.0
DE8,coal,2021-02-02 18:00:00,0.0
DE8,coal,2021-02-02 21:00:00,0.0
DE8,coal,2021-02-03 00:00:00,0.0
DE8,coal,2021-02-03 03:00:00,0.0
DE8,coal,2021-02-03 06:00:00,0.0
DE8,coal,2021-02-03 09:00:00,0.0
DE8,coal,2021-02-03 12:00:00,0.0
DE8,coal,2021-02-03 15:00:00,0.0
DE8,coal,2021-02-03 18:00:00,0.0
DE8,coal,2021-02-03 21:00:00,0.0
DE8,coal,2021-02-04 00:00:00,0.0
DE8,coal,2021-02-04 03:00:00,0.0
DE8,coal,2021-02-04 06:00:00,0.0
DE8,coal,2021-02-04 09:00:00,0.0
DE8,coal,2021-02-04 12:00:00,0.0
DE8,coal,2021-02-04 15:00:00,0.0
DE8,coal,2021-02-04 18:00:00,0.0
DE8,coal,2021-02-04 21:00:00,0.0
DE8,coal,2021-02-05 00:00:00,0.0
DE8,coal,2021-02-05 03:00:00,0.0
DE8,coal,2021-02-05 06:00:00,0.0
DE8,coal,2021-02-05 09:00:00,0.0
DE8,coal,2021-02-05 12:00:00,0.0
DE8,coal,2021-02-05 15:00:00,0.0
DE8,coal,2021-02-05 18:00:00,0.0
DE8,coal,2021-02-05 21:00:00,0.0
DE8,coal,2021-02-06 00:00:00,0.0
DE8,coal,2021-02-06 03:00:00,0.0
DE8,coal,2021-02-06 06:00:00,0.0
DE8,coal,2021-02-06 09:00:00,0.0
DE8,coal,2021-02-06 12:00:00,0.0
DE8,coal,2021-02-06 15:00:00,0.0
DE8,coal,2021-02-06 18:00:00,0.0
DE8,coal,2021-02-06 21:00:00,0.0
DE8,coal,2021-02-07 00:00:00,0.0
DE8,coal,2021-02-07 03:00:00,0.0
DE8,coal,2021-02-07 06:00:00,0.0
DE8,coal,2021-02-07 09:00:00,0.0
DE8,coal,2021-02-07 12:00:00,0.0
DE8,coal,2021-02-07 15:00:00,0.0
DE8,coal,2021-02-07 18:00:00,0.0
DE8,coal,2021-02-07 21:00:00,0.0
DE8,coal,2021-02-08 00:00:00,0.0
DE8,coal,2021-02-08 03:00:00,0.0
DE8,coal,2021-02-08 06:00:00,0.0
DE8,coal,2021-02-08 09:00:00,0.0
DE8,coal,2021-02-08 12:00:00,0.0
DE8,coal,2021-02-08 15:00:00,0.0
DE8,coal,2021-02-08 18:00:00,0.0
DE8,coal,2021-02-08 21:00:00,0.0
DE8,coal,2021-02-09 00:00:00,0.0
DE8,coal,2021-02-09 03:00:00,0.0
DE8,coal,2021-02-09 06:00:00,0.0
DE8,coal,2021-02-09 09:00:00,0.0
DE8,coal,2021-02-09 12:00:00,0.0
DE8,coal,2021-02-09 15:00:00,0.0
DE8,coal,2021-02-09 18:00:00,0.0
DE8,coal,2021-02-09 21:00:00,0.0
DE8,coal,2021-02-10 00:00:00,0.0
DE8,coal,2021-02-10 03:00:00,0.0
DE8,coal,2021-02-10 06:00:00,0.0
DE8,coal,2021-02-10 09:00:00,0.0
DE8,coal,2021-02-10 12:00:00,0.0
DE8,coal,2021-02-10 15:00:00,0.0
DE8,coal,2021-02-10 18:00:00,0.0
DE8,coal,2021-02-10 21:00:00,0.0
DE8,coal,2021-02-11 00:00:00,0.0
DE8,coal,2021-02-11 03:00:00,0.0
DE8,coal,2021-02-11 06:00:00,0.0
DE8,coal,2021-02-11 09:00:00,0.0
DE8,coal,2021-02-11 12:00:00,0.0
DE8,coal,2021-02-11 15:00:00,0.0
DE8,coal,2021-02-11 18:00:00,0.0
DE8,coal,2021-02-11 21:00:00,0.0
DE8,coal,2021-02-12 00:00:00,0.0
DE8,coal,2021-02-12 03:00:00,0.0
DE8,coal,2021-02-12 06:00:00,0.0
DE8,coal,2021-02-12 09:00:00,0.0
DE8,coal,2021-02-12 12:00:00,0.0
DE8,coal,2021-02-12 15:00:00,0.0
DE8,coal,2021-02-12 18:00:00,0.0
DE8,coal,2021-02-12 21:00:00,0.0
DE8,coal,2021-02-13 00:00:00,0.0
DE8,coal,2021-02-13 03:00:00,0.0
DE8,coal,2021-02-13 06:00:00,0.0
DE8,coal,2021-02-13 09:00:00,0.0
DE8,coal,2021-02-13 12:00:00,0.0
DE8,coal,2021-02-13 15:00:00,0.0
DE8,coal,2021-02-13 18:00:00,0.0
DE8,coal,2021-02-13 21:00:00,0.0
DE8,coal,2021-02-14 00:00:00,0.0
DE8,coal,2021-02-14 03:00:00,0.0
DE8,coal,2021-02-14 06:00:00,0.0
DE8,coal,2021-02-14 09:00:00,0.0
DE8,coal,2021-02-14 12:00:00,0.0
DE8,coal,2021-02-14 15:00:00,0.0
DE8,coal,2021-02-14 18:00:00,0.0
DE8,coal,2021-02-14 21:00:00,0.0
DE8,ocgt,2021-01-18 00:00:00,1.0000000000000004
DE8,ocgt,2021-01-18 03:00:00,1.0000000000000004
DE8,ocgt,2021-01-18 06:00:00,1.0000000000000004
DE8,ocgt,2021-01-18 09:00:00,1.0000000000000004
DE8,ocgt,2021-01-18 12:00:00,1.0000000000000004
DE8,ocgt,2021-01-18 15:00:00,1.0000000000000004
DE8,ocgt,2021-01-18 18:00:00,1.0000000000000004
DE8,ocgt,2021-01-18 21:00:00,1.0000000000000004
DE8,ocgt,2021-01-19 00:00:00,1.0000000000000004
DE8,ocgt,2021-01-19 03:00:00,1.0000000000000004
DE8,ocgt,2021-01-19 06:00:00,1.0000000000000004
DE8,ocgt,2021-01-19 09:00:00,1.0000000000000004
DE8,ocgt,2021-01-19 12:00:00,1.0000000000000004
DE8,ocgt,2021-01-19 15:00:00,1.0000000000000004
DE8,ocgt,2021-01-19 18:00:00,1.0000000000000004
DE8,ocgt,2021-01-19 21:00:00,1.0000000000000004
DE8,ocgt,2021-01-20 00:00:00,1.0000000000000004
DE8,ocgt,2021-01-20 03:00:00,1.0000000000000004
DE8,ocgt,2021-01-20 06:00:00,1.0000000000000004
DE8,ocgt,2021-01-20 09:00:00,1.0000000000000004
DE8,ocgt,2021-01-20 12:00:00,1.0000000000000004
DE8,ocgt,2021-01-20 15:00:00,1.0000000000000004
DE8,ocgt,2021-01-20 18:00:00,1.0000000000000004
DE8,ocgt,2021-01-20 21:00:00,1.0000000000000004
DE8,ocgt,2021-01-21 00:00:00,1.0000000000000004
DE8,ocgt,2021-01-21 03:00:00,1.0000000000000004
DE8,ocgt,2021-01-21 06:00:00,1.0000000000000004
DE8,ocgt,2021-01-21 09:00:00,1.0000000000000004
DE8,ocgt,2021-01-21 12:00:00,1.0000000000000004
DE8,ocgt,2021-01-21 15:00:00,1.0000000000000004
DE8,ocgt,2021-01-21 18:00:00,1.0000000000000004
DE8,ocgt,2021-01-21 21:00:00,1.0000000000000004
DE8,ocgt,2021-01-22 00:00:00,1.0000000000000004
DE8,ocgt,2021-01-22 03:00:00,1.0000000000000004
DE8,ocgt,2021-01-22 06:00:00,1.0000000000000004
DE8,ocgt,2021-01-22 09:00:00,1.0000000000000004
DE8,ocgt,2021-01-22 12:00:00,1.0000000000000004
DE8,ocgt,2021-01-22 15:00:00,1.0000000000000004
DE8,ocgt,2021-01-22 18:00:00,1.0000000000000004
DE8,ocgt,2021-01-22 21:00:00,1.0000000000000004
DE8,ocgt,2021-01-23 00:00:00,1.0000000000000004
DE8,ocgt,2021-01-23 03:00:00,1.0000000000000004
DE8,ocgt,2021-01-23 06:00:00,1.0000000000000004
DE8,ocgt,2021-01-23 09:00:00,1.0000000000000004
DE8,ocgt,2021-01-23 12:00:00,1.0000000000000004
DE8,ocgt,2021-01-23 15:00:00,1.0000000000000004
DE8,ocgt,2021-01-23 18:00:00,1.0000000000000004
DE8,ocgt,2021-01-23 21:00:00,1.0000000000000004
DE8,ocgt,2021-01-24 00:00:00,1.0000000000000004
DE8,ocgt,2021-01-24 03:00:00,1.0000000000000004
DE8,ocgt,2021-01-24 06:00:00,1.0000000000000004
DE8,ocgt,2021-01-24 09:00:00,1.0000000000000004
DE8,ocgt,2021-01-24 12:00:00,1.0000000000000004
DE8,ocgt,2021-01-24 15:00:00,1.0000000000000004
DE8,ocgt,2021-01-24 18:00:00,1.0000000000000004
DE8,ocgt,2021-01-24 21:00:00,1.0000000000000004
DE8,ocgt,2021-01-25 00:00:00,1.0000000000000004
DE8,ocgt,2021-01-25 03:00:00,1.0000000000000004
DE8,ocgt,2021-01-25 06:00:00,1.0000000000000004
DE8,ocgt,2021-01-25 09:00:00,1.0000000000000004
DE8,ocgt,2021-01-25 12:00:00,1.0000000000000004
DE8,ocgt,2021-01-25 15:00:00,1.0000000000000004
DE8,ocgt,2021-01-25 18:00:00,1.0000000000000004
DE8,ocgt,2021-01-25 21:00:00,1.0000000000000004
DE8,ocgt,2021-01-26 00:00:00,1.0000000000000004
DE8,ocgt,2021-01-26 03:00:00,1.0000000000000004
DE8,ocgt,2021-01-26 06:00:00,1.0000000000000004
DE8,ocgt,2021-01-26 09:00:00,1.0000000000000004
DE8,ocgt,2021-01-26 12:00:00,1.0000000000000004
DE8,ocgt,2021-01-26 15:00:00,1.0000000000000004
DE8,ocgt,2021-01-26 18:00:00,1.0000000000000004
DE8,ocgt,2021-01-26 21:00:00,1.0000000000000004
DE8,ocgt,2021-01-27 00:00:00,1.0000000000000004
DE8,ocgt,2021-01-27 03:00:00,1.0000000000000004
DE8,ocgt,2021-01-27 06:00:00,1.0000000000000004
DE8,ocgt,2021-01-27 09:00:00,1.0000000000000004
DE8,ocgt,2021-01-27 12:00:00,1.0000000000000004
DE8,ocgt,2021-01-27 15:00:00,1.0000000000000004
DE8,ocgt,2021-01-27 18:00:00,1.0000000000000004
DE8,ocgt,2021-01-27 21:00:00,1.0000000000000004
DE8,ocgt,2021-01-28 00:00:00,1.0000000000000004
DE8,ocgt,2021-01-28 03:00:00,1.0000000000000004
DE8,ocgt,2021-01-28 06:00:00,1.0000000000000004
DE8,ocgt,2021-01-28 09:00:00,1.0000000000000004
DE8,ocgt,2021-01-28 12:00:00,1.0000000000000004
DE8,ocgt,2021-01-28 15:00:00,1.0000000000000004
DE8,ocgt,2021-01-28 18:00:00,1.0000000000000004
DE8,ocgt,2021-01-28 21:00:00,1.0000000000000004
DE8,ocgt,2021-01-29 00:00:00,1.0000000000000004
DE8,ocgt,2021-01-29 03:00:00,1.0000000000000004
DE8,ocgt,2021-01-29 06:00:00,1.0000000000000004
DE8,ocgt,2021-01-29 09:00:00,1.0000000000000004
DE8,ocgt,2021-01-29 12:00:00,1.0000000000000004
DE8,ocgt,2021-01-29 15:00:00,1.0000000000000004
DE8,ocgt,2021-01-29 18:00:00,1.0000000000000004
DE8,ocgt,2021-01-29 21:00:00,1.0000000000000004
DE8,ocgt,2021-01-30 00:00:00,1.0000000000000004
DE8,ocgt,2021-01-30 03:00:00,1.0000000000000004
DE8,ocgt,2021-01-30 06:00:00,1.0000000000000004
DE8,ocgt,2021-01-30 09:00:00,1.0000000000000004
DE8,ocgt,2021-01-30 12:00:00,1.0000000000000004
DE8,ocgt,2021-01-30 15:00:00,1.0000000000000004
DE8,ocgt,2021-01-30 18:00:00,1.0000000000000004
DE8,ocgt,2021-01-30 21:00:00,1.0000000000000004
DE8,ocgt,2021-01-31 00:00:00,1.0000000000000004
DE8,ocgt,2021-01-31 03:00:00,1.0000000000000004
DE8,ocgt,2021-01-31 06:00:00,1.0000000000000004
DE8,ocgt,2021-01-31 09:00:00,1.0000000000000004
DE8,ocgt,2021-01-31 12:00:00,1.0000000000000004
DE8,ocgt,2021-01-31 15:00:00,1.0000000000000004
DE8,ocgt,2021-01-31 18:00:00,1.0000000000000004
DE8,ocgt,2021-01-31 21:00:00,1.0000000000000004
DE8,ocgt,2021-02-01 00:00:00,1.0000000000000004
DE8,ocgt,2021-02-01 03:00:00,1.0000000000000004
DE8,ocgt,2021-02-01 06:00:00,1.0000000000000004
DE8,ocgt,2021-02-01 09:00:00,1.0000000000000004
DE8,ocgt,2021-02-01 12:00:00,1.0000000000000004
DE8,ocgt,2021-02-01 15:00:00,1.0000000000000004
DE8,ocgt,2021-02-01 18:00:00,1.0000000000000004
DE8,ocgt,2021-02-01 21:00:00,1.0000000000000004
DE8,ocgt,2021-02-02 00:00:00,1.0000000000000004
DE8,ocgt,2021-02-02 03:00:00,1.0000000000000004
DE8,ocgt,2021-02-02 06:00:00,1.0000000000000004
DE8,ocgt,2021-02-02 09:00:00,1.0000000000000004
DE8,ocgt,2021-02-02 12:00:00,1.0000000000000004
DE8,ocgt,2021-02-02 15:00:00,1.0000000000000004
DE8,ocgt,2021-02-02 18:00:00,1.0000000000000004
DE8,ocgt,2021-02-02 21:00:00,1.0000000000000004
DE8,ocgt,2021-02-03 00:00:00,1.0000000000000004
DE8,ocgt,2021-02-03 03:00:00,1.0000000000000004
DE8,ocgt,2021-02-03 06:00:00,1.0000000000000004
DE8,ocgt,2021-02-03 09:00:00,1.0000000000000004
DE8,ocgt,2021-02-03 12:00:00,1.0000000000000004
DE8,ocgt,2021-02-03 15:00:00,1.0000000000000004
DE8,ocgt,2021-02-03 18:00:00,1.0000000000000004
DE8,ocgt,2021-02-03 21:00:00,1.0000000000000004
DE8,ocgt,2021-02-04 00:00:00,1.0000000000000004
DE8,ocgt,2021-02-04 03:00:00,1.0000000000000004
DE8,ocgt,2021-02-04 06:00:00,1.0000000000000004
DE8,ocgt,2021-02-04 09:00:00,1.0000000000000004
DE8,ocgt,2021-02-04 12:00:00,1.0000000000000004
DE8,ocgt,2021-02-04 15:00:00,1.0000000000000004
DE8,ocgt,2021-02-04 18:00:00,1.0000000000000004
DE8,ocgt,2021-02-04 21:00:00,1.0000000000000004
DE8,ocgt,2021-02-05 00:00:00,1.0000000000000004
DE8,ocgt,2021-02-05 03:00:00,1.0000000000000004
DE8,ocgt,2021-02-05 06:00:00,1.0000000000000004
DE8,ocgt,2021-02-05 09:00:00,1.0000000000000004
DE8,ocgt,2021-02-05 12:00:00,1.0000000000000004
DE8,ocgt,2021-02-05 15:00:00,1.0000000000000004
DE8,ocgt,2021-02-05 18:00:00,1.0000000000000004
DE8,ocgt,2021-02-05 21:00:00,1.0000000000000004
DE8,ocgt,2021-02-06 00:00:00,1.0000000000000004
DE8,ocgt,2021-02-06 03:00:00,1.0000000000000004
DE8,ocgt,2021-02-06 06:00:00,1.0000000000000004
DE8,ocgt,2021-02-06 09:00:00,1.0000000000000004
DE8,ocgt,2021-02-06 12:00:00,1.0000000000000004
DE8,ocgt,2021-02-06 15:00:00,1.0000000000000004
DE8,ocgt,2021-02-06 18:00:00,1.0000000000000004
DE8,ocgt,2021-02-06 21:00:00,1.0000000000000004
DE8,ocgt,2021-02-07 00:00:00,1.0000000000000004
DE8,ocgt,2021-02-07 03:00:00,1.0000000000000004
DE8,ocgt,2021-02-07 06:00:00,1.0000000000000004
DE8,ocgt,2021-02-07 09:00:00,1.0000000000000004
DE8,ocgt,2021-02-07 12:00:00,1.0000000000000004
DE8,ocgt,2021-02-07 15:00:00,1.0000000000000004
DE8,ocgt,2021-02-07 18:00:00,1.0000000000000004
DE8,ocgt,2021-02-07 21:00:00,1.0000000000000004
DE8,ocgt,2021-02-08 00:00:00,1.0000000000000004
DE8,ocgt,2021-02-08 03:00:00,1.0000000000000004
DE8,ocgt,2021-02-08 06:00:00,1.0000000000000004
DE8,ocgt,2021-02-08 09:00:00,1.0000000000000004
DE8,ocgt,2021-02-08 12:00:00,1.0000000000000004
DE8,ocgt,2021-02-08 15:00:00,1.0000000000000004
DE8,ocgt,2021-02-08 18:00:00,1.0000000000000004
DE8,ocgt,2021-02-08 21:00:00,1.0000000000000004
DE8,ocgt,2021-02-09 00:00:00,1.0000000000000004
DE8,ocgt,2021-02-09 03:00:00,1.0000000000000004
DE8,ocgt,2021-02-09 06:00:00,1.0000000000000004
DE8,ocgt,2021-02-09 09:00:00,1.0000000000000004
DE8,ocgt,2021-02-09 12:00:00,1.0000000000000004
DE8,ocgt,2021-02-09 15:00:00,1.0000000000000004
DE8,ocgt,2021-02-09 18:00:00,1.0000000000000004
DE8,ocgt,2021-02-09 21:00:00,1.0000000000000004
DE8,ocgt,2021-02-10 00:00:00,1.0000000000000004
DE8,ocgt,2021-02-10 03:00:00,1.0000000000000004
DE8,ocgt,2021-02-10 06:00:00,1.0000000000000004
DE8,ocgt,2021-02-10 09:00:00,1.0000000000000004
DE8,ocgt,2021-02-10 12:00:00,1.0000000000000004
DE8,ocgt,2021-02-10 15:00:00,1.0000000000000004
DE8,ocgt,2021-02-10 18:00:00,1.0000000000000004
DE8,ocgt,2021-02-10 21:00:00,1.0000000000000004
DE8,ocgt,2021-02-11 00:00:00,1.0000000000000004
DE8,ocgt,2021-02-11 03:00:00,1.0000000000000004
DE8,ocgt,2021-02-11 06:00:00,1.0000000000000004
DE8,ocgt,2021-02-11 09:00:00,1.0000000000000004
DE8,ocgt,2021-02-11 12:00:00,1.0000000000000004
DE8,ocgt,2021-02-11 15:00:00,1.0000000000000004
DE8,ocgt,2021-02-11 18:00:00,1.0000000000000004
DE8,ocgt,2021-02-11 21:00:00,1.0000000000000004
DE8,ocgt,2021-02-12 00:00:00,1.0000000000000004
DE8,ocgt,2021-02-12 03:00:00,1.0000000000000004
DE8,ocgt,2021-02-12 06:00:00,1.0000000000000004
DE8,ocgt,2021-02-12 09:00:00,1.0000000000000004
DE8,ocgt,2021-02-12 12:00:00,1.0000000000000004
DE8,ocgt,2021-02-12 15:00:00,1.0000000000000004
DE8,ocgt,2021-02-12 18:00:00,1.0000000000000004
DE8,ocgt,2021-02-12 21:00:00,1.0000000000000004
DE8,ocgt,2021-02-13 00:00:00,1.0000000000000004
DE8,ocgt,2021-02-13 03:00:00,1.0000000000000004
DE8,ocgt,2021-02-13 06:00:00,1.0000000000000004
DE8,ocgt,2021-02-13 09:00:00,1.0000000000000004
DE8,ocgt,2021-02-13 12:00:00,1.0000000000000004
DE8,ocgt,2021-02-13 15:00:00,1.0000000000000004
DE8,ocgt,2021-02-13 18:00:00,1.0000000000000004
DE8,ocgt,2021-02-13 21:00:00,1.0000000000000004
DE8,ocgt,2021-02-14 00:00:00,1.0000000000000004
DE8,ocgt,2021-02-14 03:00:00,1.0000000000000004
DE8,ocgt,2021-02-14 06:00:00,1.0000000000000004
DE8,ocgt,2021-02-14 09:00:00,1.0000000000000004
DE8,ocgt,2021-02-14 12:00:00,1.0000000000000004
DE8,ocgt,2021-02-14 15:00:00,1.0000000000000004
DE8,ocgt,2021-02-14 18:00:00,1.0000000000000004
DE8,ocgt,2021-02-14 21:00:00,1.0000000000000004
DE8,offshore,2021-01-18 00:00:00,0.2310648347234717
DE8,offshore,2021-01-18 03:00:00,0.1965033063219023
DE8,offshore,2021-01-18 06:00:00,0.2996825197159029
DE8,offshore,2021-01-18 09:00:00,0.579062807569276
DE8,offshore,2021-01-18 12:00:00,0.8448351949851847
DE8,offshore,2021-01-18 15:00:00,0.9633158173558084
DE8,offshore,2021-01-18 18:00:00,0.9592018634227514
DE8,offshore,2021-01-18 21:00:00,0.9417563285497031
DE8,offshore,2021-01-19 00:00:00,0.963413756042194
DE8,offshore,2021-01-19 03:00:00,0.9554466199713229
DE8,offshore,2021-01-19 06:00:00,0.9579234844473676
DE8,offshore,2021-01-19 09:00:00,0.9852483097892901
DE8,offshore,2021-01-19 12:00:00,0.7681065015701268
DE8,offshore,2021-01-19 15:00:00,0.4816482537120722
DE8,offshore,2021-01-19 18:00:00,0.4886844045126642
DE8,offshore,2021-01-19 21:00:00,0.8591825185862391
DE8,offshore,2021-01-20 00:00:00,1.0
DE8,offshore,2021-01-20 03:00:00,0.999947994860606
DE8,offshore,2021-01-20 06:00:00,0.9999803008548541
DE8,offshore,2021-01-20 09:00:00,0.9999984983624711
DE8,offshore,2021-01-20 12:00:00,0.9999998862738665
DE8,offshore,2021-01-20 15:00:00,0.9999827246944343
DE8,offshore,2021-01-20 18:00:00,0.9999997748331708
DE8,offshore,2021-01-20 21:00:00,0.99998848834543
DE8,offshore,2021-01-21 00:00:00,1.0
DE8,offshore,2021-01-21 03:00:00,1.0
DE8,offshore,2021-01-21 06:00:00,1.0
DE8,offshore,2021-01-21 09:00:00,1.0
DE8,offshore,2021-01-21 12:00:00,1.0
DE8,offshore,2021-01-21 15:00:00,1.0
DE8,offshore,2021-01-21 18:00:00,1.0
DE8,offshore,2021-01-21 21:00:00,0.9987939491184208
DE8,offshore,2021-01-22 00:00:00,0.9540644423257645
DE8,offshore,2021-01-22 03:00:00,0.9564259314446558
DE8,offshore,2021-01-22 06:00:00,0.9998464182507995
DE8,offshore,2021-01-22 09:00:00,0.9998517467957021
DE8,offshore,2021-01-22 12:00:00,0.9997743113138992
DE8,offshore,2021-01-22 15:00:00,0.9994535439090017
DE8,offshore,2021-01-22 18:00:00,0.9969400876880458
DE8,offshore,2021-01-22 21:00:00,0.9783483987516316
DE8,offshore,2021-01-23 00:00:00,0.7016885102431063
DE8,offshore,2021-01-23 03:00:00,0.3280262714534849
DE8,offshore,2021-01-23 06:00:00,0.2556727618932793
DE8,offshore,2021-01-23 09:00:00,0.3412134254936762
DE8,offshore,2021-01-23 12:00:00,0.3661687844287646
DE8,offshore,2021-01-23 15:00:00,0.357314511445649
DE8,offshore,2021-01-23 18:00:00,0.4217000602235309
DE8,offshore,2021-01-23 21:00:00,0.2995181113797951
DE8,offshore,2021-01-24 00:00:00,0.1757117961283458
DE8,offshore,2021-01-24 03:00:00,0.1216716151488687
DE8,offshore,2021-01-24 06:00:00,0.0392276380107811
DE8,offshore,2021-01-24 09:00:00,0.0282027285184769
DE8,offshore,2021-01-24 12:00:00,0.0326035654653035
DE8,offshore,2021-01-24 15:00:00,0.06063590103156189
DE8,offshore,2021-01-24 18:00:00,0.0761431715080135
DE8,offshore,2021-01-24 21:00:00,0.064774424894667
DE8,offshore,2021-01-25 00:00:00,0.0535213590924509
DE8,offshore,2021-01-25 03:00:00,0.0643272143527423
DE8,offshore,2021-01-25 06:00:00,0.1177725415139607
DE8,offshore,2021-01-25 09:00:00,0.1333410178183613
DE8,offshore,2021-01-25 12:00:00,0.1791147918316689
DE8,offshore,2021-01-25 15:00:00,0.2401425577412709
DE8,offshore,2021-01-25 18:00:00,0.2890577610559921
DE8,offshore,2021-01-25 21:00:00,0.1651222785394411
DE8,offshore,2021-01-26 00:00:00,0.0801229610424425
DE8,offshore,2021-01-26 03:00:00,0.0505136165189353
DE8,offshore,2021-01-26 06:00:00,0.0633495501864804
DE8,offshore,2021-01-26 09:00:00,0.1523525669852453
DE8,offshore,2021-01-26 12:00:00,0.1902210138317435
DE8,offshore,2021-01-26 15:00:00,0.1397165434446232
DE8,offshore,2021-01-26 18:00:00,0.099588944225586
DE8,offshore,2021-01-26 21:00:00,0.1002739620978763
DE8,offshore,2021-01-27 00:00:00,0.1089522278537929
DE8,offshore,2021-01-27 03:00:00,0.0980330280695771
DE8,offshore,2021-01-27 06:00:00,0.1025419629426133
DE8,offshore,2021-01-27 09:00:00,0.1236685083609086
DE8,offshore,2021-01-27 12:00:00,0.0898345958952901
DE8,offshore,2021-01-27 15:00:00,0.0582270592679351
DE8,offshore,2021-01-27 18:00:00,0.05806085298053149
DE8,offshore,2021-01-27 21:00:00,0.0709392230243538
DE8,offshore,2021-01-28 00:00:00,0.1165577523856481
DE8,offshore,2021-01-28 03:00:00,0.088460572866482
DE8,offshore,2021-01-28 06:00:00,0.059569683048627003
DE8,offshore,2021-01-28 09:00:00,0.0187949710842949
DE8,offshore,2021-01-28 12:00:00,0.0253231919235716
DE8,offshore,2021-01-28 15:00:00,0.0381727209574566
DE8,offshore,2021-01-28 18:00:00,0.0411585203630965
DE8,offshore,2021-01-28 21:00:00,0.015347791956982701
DE8,offshore,2021-01-29 00:00:00,0.0157825942722607
DE8,offshore,2021-01-29 03:00:00,0.0610112253074285
DE8,offshore,2021-01-29 06:00:00,0.1395934485461304
DE8,offshore,2021-01-29 09:00:00,0.1615886191086084
DE8,offshore,2021-01-29 12:00:00,0.1751157020925146
DE8,offshore,2021-01-29 15:00:00,0.1414102343478321
DE8,offshore,2021-01-29 18:00:00,0.0934237886088603
DE8,offshore,2021-01-29 21:00:00,0.0902813819664367
DE8,offshore,2021-01-30 00:00:00,0.102330430009506
DE8,offshore,2021-01-30 03:00:00,0.1012196809886466
DE8,offshore,2021-01-30 06:00:00,0.0405264797329318
DE8,offshore,2021-01-30 09:00:00,0.0027308196896919
DE8,offshore,2021-01-30 12:00:00,0.0
DE8,offshore,2021-01-30 15:00:00,0.0157611729304896
DE8,offshore,2021-01-30 18:00:00,0.0353580491501674
DE8,offshore,2021-01-30 21:00:00,0.1061808800850234
DE8,offshore,2021-01-31 00:00:00,0.1603836175917619
DE8,offshore,2021-01-31 03:00:00,0.1895287186107579
DE8,offshore,2021-01-31 06:00:00,0.1880454295722365
DE8,offshore,2021-01-31 09:00:00,0.1426589307122255
DE8,offshore,2021-01-31 12:00:00,0.0861522583821963
DE8,offshore,2021-01-31 15:00:00,0.0635617136383699
DE8,offshore,2021-01-31 18:00:00,0.0436632551431256
DE8,offshore,2021-01-31 21:00:00,0.0317238724793038
DE8,offshore,2021-02-01 00:00:00,0.0363793218665536
DE8,offshore,2021-02-01 03:00:00,0.0687554225196172
DE8,offshore,2021-02-01 06:00:00,0.1128684927157178
DE8,offshore,2021-02-01 09:00:00,0.1301112857683567
DE8,offshore,2021-02-01 12:00:00,0.1047790913037654
DE8,offshore,2021-02-01 15:00:00,0.0841349682794006
DE8,offshore,2021-02-01 18:00:00,0.0259543519710037
DE8,offshore,2021-02-01 21:00:00,0.0
DE8,offshore,2021-02-02 00:00:00,0.0116217277792799
DE8,offshore,2021-02-02 03:00:00,0.0221198332014234
DE8,offshore,2021-02-02 06:00:00,0.0115320139423202
DE8,offshore,2021-02-02 09:00:00,0.0
DE8,offshore,2021-02-02 12:00:00,0.0
DE8,offshore,2021-02-02 15:00:00,0.007464412031361
DE8,offshore,2021-02-02 18:00:00,0.0346016628793154
DE8,offshore,2021-02-02 21:00:00,0.061042345916503
DE8,offshore,2021-02-03 00:00:00,0.0809669250297294
DE8,offshore,2021-02-03 03:00:00,0.1258322949956377
DE8,offshore,2021-02-03 06:00:00,0.2087959261067503
DE8,offshore,2021-02-03 09:00:00,0.2176802655752376
DE8,offshore,2021-02-03 12:00:00,0.208677606849916
DE8,offshore,2021-02-03 15:00:00,0.2140827077967566
DE8,offshore,2021-02-03 18:00:00,0.2188336094311609
DE8,offshore,2021-02-03 21:00:00,0.2180933662676776
DE8,offshore,2021-02-04 00:00:00,0.2189937779709468
DE8,offshore,2021-02-04 03:00:00,0.2101865066619203
DE8,offshore,2021-02-04 06:00:00,0.1971348854848576
DE8,offshore,2021-02-04 09:00:00,0.1589960579616971
DE8,offshore,2021-02-04 12:00:00,0.1067371396923147
DE8,offshore,2021-02-04 15:00:00,0.0943515019423915
DE8,offshore,2021-02-04 18:00:00,0.1008023387727851
DE8,offshore,2021-02-04 21:00:00,0.1042610897871769
DE8,offshore,2021-02-05 00:00:00,0.1164033569893005
DE8,offshore,2021-02-05 03:00:00,0.1471498663738587
DE8,offshore,2021-02-05 06:00:00,0.1998056351197962
DE8,offshore,2021-02-05 09:00:00,0.2138412696199395
DE8,offshore,2021-02-05 12:00:00,0.2131533426432333
DE8,offshore,2021-02-05 15:00:00,0.2202229071799356
DE8,offshore,2021-02-05 18:00:00,0.2211137262867669
DE8,offshore,2021-02-05 21:00:00,0.2212406933898476
DE8,offshore,2021-02-06 00:00:00,0.2212897669423325
DE8,offshore,2021-02-06 03:00:00,0.2276442048757204
DE8,offshore,2021-02-06 06:00:00,0.2465833146217609
DE8,offshore,2021-02-06 09:00:00,0.2773164426241877
DE8,offshore,2021-02-06 12:00:00,0.3186282396177827
DE8,offshore,2021-02-06 15:00:00,0.3689532631882022
DE8,offshore,2021-02-06 18:00:00,0.4263626827402672
DE8,offshore,2021-02-06 21:00:00,0.48865531994551914
DE8,offshore,2021-02-07 00:00:00,0.5534374999999998
DE8,offshore,2021-02-07 03:00:00,0.6182196800544804
DE8,offshore,2021-02-07 06:00:00,0.6805123172597323
DE8,offshore,2021-02-07 09:00:00,0.7379215405020715
DE8,offshore,2021-02-07 12:00:00,0.7882411455277575
DE8,offshore,2021-02-07 15:00:00,0.8295373781352134
DE8,offshore,2021-02-07 18:00:00,0.8602232472645288
DE8,offshore,2021-02-07 21:00:00,0.8791190590372083
DE8,offshore,2021-02-08 00:00:00,1.0
DE8,offshore,2021-02-08 03:00:00,0.9999998651723409
DE8,offshore,2021-02-08 06:00:00,0.9999986159335976
DE8,offshore,2021-02-08 09:00:00,0.9999477667935364
DE8,offshore,2021-02-08 12:00:00,0.9997748790775286
DE8,offshore,2021-02-08 15:00:00,0.9992768968008096
DE8,offshore,2021-02-08 18:00:00,0.9546648343443804
DE8,offshore,2021-02-08 21:00:00,0.8312685824814304
DE8,offshore,2021-02-09 00:00:00,0.7728654470438094
DE8,offshore,2021-02-09 03:00:00,0.7085452547098224
DE8,offshore,2021-02-09 06:00:00,0.7457557538081776
DE8,offshore,2021-02-09 09:00:00,0.7640326087650902
DE8,offshore,2021-02-09 12:00:00,0.7053672206184493
DE8,offshore,2021-02-09 15:00:00,0.8034998962977271
DE8,offshore,2021-02-09 18:00:00,0.8320470484189766
DE8,offshore,2021-02-09 21:00:00,0.8519069269266925
DE8,offshore,2021-02-10 00:00:00,0.8732472006437857
DE8,offshore,2021-02-10 03:00:00,0.8916099229376494
DE8,offshore,2021-02-10 06:00:00,0.885360785410139
DE8,offshore,2021-02-10 09:00:00,0.9308447989958434
DE8,offshore,2021-02-10 12:00:00,0.885252135276641
DE8,offshore,2021-02-10 15:00:00,0.8050179127924335
DE8,offshore,2021-02-10 18:00:00,0.6947116693726008
DE8,offshore,2021-02-10 21:00:00,0.478217042642076
DE8,offshore,2021-02-11 00:00:00,0.358884922968096
DE8,offshore,2021-02-11 03:00:00,0.3153992165014136
DE8,offshore,2021-02-11 06:00:00,0.284878424632993
DE8,offshore,2021-02-11 09:00:00,0.185807144504273
DE8,offshore,2021-02-11 12:00:00,0.1586428776152998
DE8,offshore,2021-02-11 15:00:00,0.3292466073530296
DE8,offshore,2021-02-11 18:00:00,0.4931835728954321
DE8,offshore,2021-02-11 21:00:00,0.6031399705194936
DE8,offshore,2021-02-12 00:00:00,0.416679159942018
DE8,offshore,2021-02-12 03:00:00,0.3729027204783694
DE8,offshore,2021-02-12 06:00:00,0.3393280491636242
DE8,offshore,2021-02-12 09:00:00,0.3073980087719997
DE8,offshore,2021-02-12 12:00:00,0.1727283764978896
DE8,offshore,2021-02-12 15:00:00,0.1626675900705809
DE8,offshore,2021-02-12 18:00:00,0.2097556340318478
DE8,offshore,2021-02-12 21:00:00,0.226456869310258
DE8,offshore,2021-02-13 00:00:00,0.1464050396862724
DE8,offshore,2021-02-13 03:00:00,0.0875045706543464
DE8,offshore,2021-02-13 06:00:00,0.0858770264554008
DE8,offshore,2021-02-13 09:00:00,0.0548368373195752
DE8,offshore,2021-02-13 12:00:00,0.0122395134480511
DE8,offshore,2021-02-13 15:00:00,0.014936873309994
DE8,offshore,2021-02-13 18:00:00,0.0246346586761514
DE8,offshore,2021-02-13 21:00:00,0.0492041697064736
DE8,offshore,2021-02-14 00:00:00,0.0936366113354522
DE8,offshore,2021-02-14 03:00:00,0.053130983110373
DE8,offshore,2021-02-14 06:00:00,0.0549067252830844
DE8,offshore,2021-02-14 09:00:00,0.0968623566007413
DE8,offshore,2021-02-14 12:00:00,0.110869005490368
DE8,offshore,2021-02-14 15:00:00,0.3188159098203351
DE8,offshore,2021-02-14 18:00:00,0.5506935570431769
DE8,offshore,2021-02-14 21:00:00,0.6537396839260279
DE8,oil,2021-01-18 00:00:00,1.0
DE8,oil,2021-01-18 03:00:00,1.0
DE8,oil,2021-01-18 06:00:00,1.0
DE8,oil,2021-01-18 09:00:00,1.0
DE8,oil,2021-01-18 12:00:00,1.0
DE8,oil,2021-01-18 15:00:00,1.0
DE8,oil,2021-01-18 18:00:00,1.0
DE8,oil,2021-01-18 21:00:00,1.0
DE8,oil,2021-01-19 00:00:00,1.0
DE8,oil,2021-01-19 03:00:00,1.0
DE8,oil,2021-01-19 06:00:00,1.0
DE8,oil,2021-01-19 09:00:00,1.0
DE8,oil,2021-01-19 12:00:00,1.0
DE8,oil,2021-01-19 15:00:00,1.0
DE8,oil,2021-01-19 18:00:00,1.0
DE8,oil,2021-01-19 21:00:00,1.0
DE8,oil,2021-01-20 00:00:00,1.0
DE8,oil,2021-01-20 03:00:00,1.0
DE8,oil,2021-01-20 06:00:00,1.0
DE8,oil,2021-01-20 09:00:00,1.0
DE8,oil,2021-01-20 12:00:00,1.0
DE8,oil,2021-01-20 15:00:00,1.0
DE8,oil,2021-01-20 18:00:00,1.0
DE8,oil,2021-01-20 21:00:00,1.0
DE8,oil,2021-01-21 00:00:00,1.0
DE8,oil,2021-01-21 03:00:00,1.0
DE8,oil,2021-01-21 06:00:00,1.0
DE8,oil,2021-01-21 09:00:00,1.0
DE8,oil,2021-01-21 12:00:00,1.0
DE8,oil,2021-01-21 15:00:00,1.0
DE8,oil,2021-01-21 18:00:00,1.0
DE8,oil,2021-01-21 21:00:00,1.0
DE8,oil,2021-01-22 00:00:00,1.0
DE8,oil,2021-01-22 03:00:00,1.0
DE8,oil,2021-01-22 06:00:00,1.0
DE8,oil,2021-01-22 09:00:00,1.0
DE8,oil,2021-01-22 12:00:00,1.0
DE8,oil,2021-01-22 15:00:00,1.0
DE8,oil,2021-01-22 18:00:00,1.0
DE8,oil,2021-01-22 21:00:00,1.0
DE8,oil,2021-01-23 00:00:00,1.0
DE8,oil,2021-01-23 03:00:00,1.0
DE8,oil,2021-01-23 06:00:00,1.0
DE8,oil,2021-01-23 09:00:00,1.0
DE8,oil,2021-01-23 12:00:00,1.0
DE8,oil,2021-01-23 15:00:00,1.0
DE8,oil,2021-01-23 18:00:00,1.0
DE8,oil,2021-01-23 21:00:00,1.0
DE8,oil,2021-01-24 00:00:00,1.0
DE8,oil,2021-01-24 03:00:00,1.0
DE8,oil,2021-01-24 06:00:00,1.0
DE8,oil,2021-01-24 09:00:00,1.0
DE8,oil,2021-01-24 12:00:00,1.0
DE8,oil,2021-01-24 15:00:00,1.0
DE8,oil,2021-01-24 18:00:00,1.0
DE8,oil,2021-01-24 21:00:00,1.0
DE8,oil,2021-01-25 00:00:00,1.0
DE8,oil,2021-01-25 03:00:00,1.0
DE8,oil,2021-01-25 06:00:00,1.0
DE8,oil,2021-01-25 09:00:00,1.0
DE8,oil,2021-01-25 12:00:00,1.0
DE8,oil,2021-01-25 15:00:00,1.0
DE8,oil,2021-01-25 18:00:00,1.0
DE8,oil,2021-01-25 21:00:00,1.0
DE8,oil,2021-01-26 00:00:00,1.0
DE8,oil,2021-01-26 03:00:00,1.0
DE8,oil,2021-01-26 06:00:00,1.0
DE8,oil,2021-01-26 09:00:00,1.0
DE8,oil,2021-01-26 12:00:00,1.0
DE8,oil,2021-01-26 15:00:00,1.0
DE8,oil,2021-01-26 18:00:00,1.0
DE8,oil,2021-01-26 21:00:00,1.0
DE8,oil,2021-01-27 00:00:00,1.0
DE8,oil,2021-01-27 03:00:00,1.0
DE8,oil,2021-01-27 06:00:00,1.0
DE8,oil,2021-01-27 09:00:00,1.0
DE8,oil,2021-01-27 12:00:00,1.0
DE8,oil,2021-01-27 15:00:00,1.0
DE8,oil,2021-01-27 18:00:00,1.0
DE8,oil,2021-01-27 21:00:00,1.0
DE8,oil,2021-01-28 00:00:00,1.0
DE8,oil,2021-01-28 03:00:00,1.0
DE8,oil,2021-01-28 06:00:00,1.0
DE8,oil,2021-01-28 09:00:00,1.0
DE8,oil,2021-01-28 12:00:00,1.0
DE8,oil,2021-01-28 15:00:00,1.0
DE8,oil,2021-01-28 18:00:00,1.0
DE8,oil,2021-01-28 21:00:00,1.0
DE8,oil,2021-01-29 00:00:00,1.0
DE8,oil,2021-01-29 03:00:00,1.0
DE8,oil,2021-01-29 06:00:00,1.0
DE8,oil,2021-01-29 09:00:00,1.0
DE8,oil,2021-01-29 12:00:00,1.0
DE8,oil,2021-01-29 15:00:00,1.0
DE8,oil,2021-01-29 18:00:00,1.0
DE8,oil,2021-01-29 21:00:00,1.0
DE8,oil,2021-01-30 00:00:00,1.0
DE8,oil,2021-01-30 03:00:00,1.0
DE8,oil,2021-01-30 06:00:00,1.0
DE8,oil,2021-01-30 09:00:00,1.0
DE8,oil,2021-01-30 12:00:00,1.0
DE8,oil,2021-01-30 15:00:00,1.0
DE8,oil,2021-01-30 18:00:00,1.0
DE8,oil,2021-01-30 21:00:00,1.0
DE8,oil,2021-01-31 00:00:00,1.0
DE8,oil,2021-01-31 03:00:00,1.0
DE8,oil,2021-01-31 06:00:00,1.0
DE8,oil,2021-01-31 09:00:00,1.0
DE8,oil,2021-01-31 12:00:00,1.0
DE8,oil,2021-01-31 15:00:00,1.0
DE8,oil,2021-01-31 18:00:00,1.0
DE8,oil,2021-01-31 21:00:00,1.0
DE8,oil,2021-02-01 00:00:00,1.0
DE8,oil,2021-02-01 03:00:00,1.0
DE8,oil,2021-02-01 06:00:00,1.0
DE8,oil,2021-02-01 09:00:00,1.0
DE8,oil,2021-02-01 12:00:00,1.0
DE8,oil,2021-02-01 15:00:00,1.0
DE8,oil,2021-02-01 18:00:00,1.0
DE8,oil,2021-02-01 21:00:00,1.0
DE8,oil,2021-02-02 00:00:00,1.0
DE8,oil,2021-02-02 03:00:00,1.0
DE8,oil,2021-02-02 06:00:00,1.0
DE8,oil,2021-02-02 09:00:00,1.0
DE8,oil,2021-02-02 12:00:00,1.0
DE8,oil,2021-02-02 15:00:00,1.0
DE8,oil,2021-02-02 18:00:00,1.0
DE8,oil,2021-02-02 21:00:00,1.0
DE8,oil,2021-02-03 00:00:00,1.0
DE8,oil,2021-02-03 03:00:00,1.0
DE8,oil,2021-02-03 06:00:00,1.0
DE8,oil,2021-02-03 09:00:00,1.0
DE8,oil,2021-02-03 12:00:00,1.0
DE8,oil,2021-02-03 15:00:00,1.0
DE8,oil,2021-02-03 18:00:00,1.0
DE8,oil,2021-02-03 21:00:00,1.0
DE8,oil,2021-02-04 00:00:00,1.0
DE8,oil,2021-02-04 03:00:00,1.0
DE8,oil,2021-02-04 06:00:00,1.0
DE8,oil,2021-02-04 09:00:00,1.0
DE8,oil,2021-02-04 12:00:00,1.0
DE8,oil,2021-02-04 15:00:00,1.0
DE8,oil,2021-02-04 18:00:00,1.0
DE8,oil,2021-02-04 21:00:00,1.0
DE8,oil,2021-02-05 00:00:00,1.0
DE8,oil,2021-02-05 03:00:00,1.0
DE8,oil,2021-02-05 06:00:00,1.0
DE8,oil,2021-02-05 09:00:00,1.0
DE8,oil,2021-02-05 12:00:00,1.0
DE8,oil,2021-02-05 15:00:00,1.0
DE8,oil,2021-02-05 18:00:00,1.0
DE8,oil,2021-02-05 21:00:00,1.0
DE8,oil,2021-02-06 00:00:00,1.0
DE8,oil,2021-02-06 03:00:00,1.0
DE8,oil,2021-02-06 06:00:00,1.0
DE8,oil,2021-02-06 09:00:00,1.0
DE8,oil,2021-02-06 12:00:00,1.0
DE8,oil,2021-02-06 15:00:00,1.0
DE8,oil,2021-02-06 18:00:00,1.0
DE8,oil,2021-02-06 21:00:00,1.0
DE8,oil,2021-02-07 00:00:00,1.0
DE8,oil,2021-02-07 03:00:00,1.0
DE8,oil,2021-02-07 06:00:00,1.0
DE8,oil,2021-02-07 09:00:00,1.0
DE8,oil,2021-02-07 12:00:00,1.0
DE8,oil,2021-02-07 15:00:00,1.0
DE8,oil,2021-02-07 18:00:00,1.0
DE8,oil,2021-02-07 21:00:00,1.0
DE8,oil,2021-02-08 00:00:00,1.0
DE8,oil,2021-02-08 03:00:00,1.0
DE8,oil,2021-02-08 06:00:00,1.0
DE8,oil,2021-02-08 09:00:00,1.0
DE8,oil,2021-02-08 12:00:00,1.0
DE8,oil,2021-02-08 15:00:00,1.0
DE8,oil,2021-02-08 18:00:00,1.0
DE8,oil,2021-02-08 21:00:00,1.0
DE8,oil,2021-02-09 00:00:00,1.0
DE8,oil,2021-02-09 03:00:00,1.0
DE8,oil,2021-02-09 06:00:00,1.0
DE8,oil,2021-02-09 09:00:00,1.0
DE8,oil,2021-02-09 12:00:00,1.0
DE8,oil,2021-02-09 15:00:00,1.0
DE8,oil,2021-02-09 18:00:00,1.0
DE8,oil,2021-02-09 21:00:00,1.0
DE8,oil,2021-02-10 00:00:00,1.0
DE8,oil,2021-02-10 03:00:00,1.0
DE8,oil,2021-02-10 06:00:00,1.0
DE8,oil,2021-02-10 09:00:00,1.0
DE8,oil,2021-02-10 12:00:00,1.0
DE8,oil,2021-02-10 15:00:00,1.0
DE8,oil,2021-02-10 18:00:00,1.0
DE8,oil,2021-02-10 21:00:00,1.0
DE8,oil,2021-02-11 00:00:00,1.0
DE8,oil,2021-02-11 03:00:00,1.0
DE8,oil,2021-02-11 06:00:00,1.0
DE8,oil,2021-02-11 09:00:00,1.0
DE8,oil,2021-02-11 12:00:00,1.0
DE8,oil,2021-02-11 15:00:00,1.0
DE8,oil,2021-02-11 18:00:00,1.0
DE8,oil,2021-02-11 21:00:00,1.0
DE8,oil,2021-02-12 00:00:00,1.0
DE8,oil,2021-02-12 03:00:00,1.0
DE8,oil,2021-02-12 06:00:00,1.0
DE8,oil,2021-02-12 09:00:00,1.0
DE8,oil,2021-02-12 12:00:00,1.0
DE8,oil,2021-02-12 15:00:00,1.0
DE8,oil,2021-02-12 18:00:00,1.0
DE8,oil,2021-02-12 21:00:00,1.0
DE8,oil,2021-02-13 00:00:00,1.0
DE8,oil,2021-02-13 03:00:00,1.0
DE8,oil,2021-02-13 06:00:00,1.0
DE8,oil,2021-02-13 09:00:00,1.0
DE8,oil,2021-02-13 12:00:00,1.0
DE8,oil,2021-02-13 15:00:00,1.0
DE8,oil,2021-02-13 18:00:00,1.0
DE8,oil,2021-02-13 21:00:00,1.0
DE8,oil,2021-02-14 00:00:00,1.0
DE8,oil,2021-02-14 03:00:00,1.0
DE8,oil,2021-02-14 06:00:00,1.0
DE8,oil,2021-02-14 09:00:00,1.0
DE8,oil,2021-02-14 12:00:00,1.0
DE8,oil,2021-02-14 15:00:00,1.0
DE8,oil,2021-02-14 18:00:00,1.0
DE8,oil,2021-02-14 21:00:00,1.0
DE8,onwind,2021-01-18 00:00:00,0.0761602295548623
DE8,onwind,2021-01-18 03:00:00,0.1083291439079927
DE8,onwind,2021-01-18 06:00:00,0.2215300987777007
DE8,onwind,2021-01-18 09:00:00,0.3517772470453942
DE8,onwind,2021-01-18 12:00:00,0.5872540093803446
DE8,onwind,2021-01-18 15:00:00,0.6398911709976912
DE8,onwind,2021-01-18 18:00:00,0.6189684260994066
DE8,onwind,2021-01-18 21:00:00,0.5545917333070546
DE8,onwind,2021-01-19 00:00:00,0.5617833446451329
DE8,onwind,2021-01-19 03:00:00,0.5042079190739516
DE8,onwind,2021-01-19 06:00:00,0.5737555474123733
DE8,onwind,2021-01-19 09:00:00,0.6716655793380367
DE8,onwind,2021-01-19 12:00:00,0.471239591046892
DE8,onwind,2021-01-19 15:00:00,0.3185398989143549
DE8,onwind,2021-01-19 18:00:00,0.4029289190152216
DE8,onwind,2021-01-19 21:00:00,0.8281546115350493
DE8,onwind,2021-01-20 00:00:00,0.9262840286903464
DE8,onwind,2021-01-20 03:00:00,0.9265357296856682
DE8,onwind,2021-01-20 06:00:00,0.925290936826341
DE8,onwind,2021-01-20 09:00:00,0.923757373500378
DE8,onwind,2021-01-20 12:00:00,0.9203382542090638
DE8,onwind,2021-01-20 15:00:00,0.869554040503329
DE8,onwind,2021-01-20 18:00:00,0.9008594416400332
DE8,onwind,2021-01-20 21:00:00,0.9277473763641688
DE8,onwind,2021-01-21 00:00:00,0.9630464433909304
DE8,onwind,2021-01-21 03:00:00,0.9938233276476898
DE8,onwind,2021-01-21 06:00:00,0.9999697929853505
DE8,onwind,2021-01-21 09:00:00,0.9674537444395552
DE8,onwind,2021-01-21 12:00:00,0.9543977847577723
DE8,onwind,2021-01-21 15:00:00,0.9733699826928652
DE8,onwind,2021-01-21 18:00:00,0.9536269484593684
DE8,onwind,2021-01-21 21:00:00,0.7936740447095865
DE8,onwind,2021-01-22 00:00:00,0.7644928046866556
DE8,onwind,2021-01-22 03:00:00,0.8420044588833987
DE8,onwind,2021-01-22 06:00:00,0.8599135135976897
DE8,onwind,2021-01-22 09:00:00,0.8950458263407505
DE8,onwind,2021-01-22 12:00:00,0.875606074343343
DE8,onwind,2021-01-22 15:00:00,0.7932914525251814
DE8,onwind,2021-01-22 18:00:00,0.71308305749076
DE8,onwind,2021-01-22 21:00:00,0.5041515234044299
DE8,onwind,2021-01-23 00:00:00,0.2564618355487088
DE8,onwind,2021-01-23 03:00:00,0.13420933336995
DE8,onwind,2021-01-23 06:00:00,0.1472718454478797
DE8,onwind,2021-01-23 09:00:00,0.2080453432878109
DE8,onwind,2021-01-23 12:00:00,0.2239189764617294
DE8,onwind,2021-01-23 15:00:00,0.17506969215460677
DE8,onwind,2021-01-23 18:00:00,0.1988045391818587
DE8,onwind,2021-01-23 21:00:00,0.1069205819873566
DE8,onwind,2021-01-24 00:00:00,0.0598388546014426
DE8,onwind,2021-01-24 03:00:00,0.0471997082000043
DE8,onwind,2021-01-24 06:00:00,0.024252284373988096
DE8,onwind,2021-01-24 09:00:00,0.0177201905534567
DE8,onwind,2021-01-24 12:00:00,0.0086244516631607
DE8,onwind,2021-01-24 15:00:00,0.0218591237135089
DE8,onwind,2021-01-24 18:00:00,0.0651063667845274
DE8,onwind,2021-01-24 21:00:00,0.0652376477951577
DE8,onwind,2021-01-25 00:00:00,0.08221804012091351
DE8,onwind,2021-01-25 03:00:00,0.0657689623464349
DE8,onwind,2021-01-25 06:00:00,0.0642215584483457
DE8,onwind,2021-01-25 09:00:00,0.05577407142783421
DE8,onwind,2021-01-25 12:00:00,0.0721973955485397
DE8,onwind,2021-01-25 15:00:00,0.1087727682975333
DE8,onwind,2021-01-25 18:00:00,0.1477771820811614
DE8,onwind,2021-01-25 21:00:00,0.1066674124251535
DE8,onwind,2021-01-26 00:00:00,0.052211187618125994
DE8,onwind,2021-01-26 03:00:00,0.0174441257337315
DE8,onwind,2021-01-26 06:00:00,0.0247860042809351
DE8,onwind,2021-01-26 09:00:00,0.0680268639451121
DE8,onwind,2021-01-26 12:00:00,0.0956661173522613
DE8,onwind,2021-01-26 15:00:00,0.07120151493869
DE8,onwind,2021-01-26 18:00:00,0.045458933881917
DE8,onwind,2021-01-26 21:00:00,0.0427046097053942
DE8,onwind,2021-01-27 00:00:00,0.0450031409008217
DE8,onwind,2021-01-27 03:00:00,0.044706454499503
DE8,onwind,2021-01-27 06:00:00,0.0459551938083582
DE8,onwind,2021-01-27 09:00:00,0.0544330850886722
DE8,onwind,2021-01-27 12:00:00,0.0450590633471286
DE8,onwind,2021-01-27 15:00:00,0.0293915277350698
DE8,onwind,2021-01-27 18:00:00,0.0287905691022131
DE8,onwind,2021-01-27 21:00:00,0.0353553974944097
DE8,onwind,2021-01-28 00:00:00,0.0501036679893601
DE8,onwind,2021-01-28 03:00:00,0.0289124514772847
DE8,onwind,2021-01-28 06:00:00,0.0123353512022607
DE8,onwind,2021-01-28 09:00:00,0.0025416738437972005
DE8,onwind,2021-01-28 12:00:00,0.007014773563932699
DE8,onwind,2021-01-28 15:00:00,0.013609504424478
DE8,onwind,2021-01-28 18:00:00,0.0156967415942671
DE8,onwind,2021-01-28 21:00:00,0.0085715888752712
DE8,onwind,2021-01-29 00:00:00,0.0186056102984991
DE8,onwind,2021-01-29 03:00:00,0.0532142748993607
DE8,onwind,2021-01-29 06:00:00,0.1096766069584693
DE8,onwind,2021-01-29 09:00:00,0.0956265705674295
DE8,onwind,2021-01-29 12:00:00,0.0960345262085779
DE8,onwind,2021-01-29 15:00:00,0.10388154805519638
DE8,onwind,2021-01-29 18:00:00,0.0732577762499342
DE8,onwind,2021-01-29 21:00:00,0.0549013078744064
DE8,onwind,2021-01-30 00:00:00,0.0440796412383374
DE8,onwind,2021-01-30 03:00:00,0.0447266427049461
DE8,onwind,2021-01-30 06:00:00,0.0185279419561201
DE8,onwind,2021-01-30 09:00:00,0.0
DE8,onwind,2021-01-30 12:00:00,0.0
DE8,onwind,2021-01-30 15:00:00,0.0
DE8,onwind,2021-01-30 18:00:00,0.0061942084223939
DE8,onwind,2021-01-30 21:00:00,0.0273102750781222
DE8,onwind,2021-01-31 00:00:00,0.0429935179105893
DE8,onwind,2021-01-31 03:00:00,0.0606333297769151
DE8,onwind,2021-01-31 06:00:00,0.0640636687362707
DE8,onwind,2021-01-31 09:00:00,0.04142936463916141
DE8,onwind,2021-01-31 12:00:00,0.0153258643452887
DE8,onwind,2021-01-31 15:00:00,0.0141982633100945
DE8,onwind,2021-01-31 18:00:00,0.022982576964578696
DE8,onwind,2021-01-31 21:00:00,0.0315873622973191
DE8,onwind,2021-02-01 00:00:00,0.0436037964684772
DE8,onwind,2021-02-01 03:00:00,0.0603879790713592
DE8,onwind,2021-02-01 06:00:00,0.0745868644303491
DE8,onwind,2021-02-01 09:00:00,0.0668226557158885
DE8,onwind,2021-02-01 12:00:00,0.0355287962900651
DE8,onwind,2021-02-01 15:00:00,0.0224126760950659
DE8,onwind,2021-02-01 18:00:00,0.0064161859962287
DE8,onwind,2021-02-01 21:00:00,0.0
DE8,onwind,2021-02-02 00:00:00,0.0073389842329677
DE8,onwind,2021-02-02 03:00:00,0.009760651540332402
DE8,onwind,2021-02-02 06:00:00,0.005289688398751901
DE8,onwind,2021-02-02 09:00:00,0.0
DE8,onwind,2021-02-02 12:00:00,0.0
DE8,onwind,2021-02-02 15:00:00,0.0114931066698357
DE8,onwind,2021-02-02 18:00:00,0.0265743513610041
DE8,onwind,2021-02-02 21:00:00,0.0360350962368273
DE8,onwind,2021-02-03 00:00:00,0.0407545361827282
DE8,onwind,2021-02-03 03:00:00,0.058141987654580896
DE8,onwind,2021-02-03 06:00:00,0.0943497313031337
DE8,onwind,2021-02-03 09:00:00,0.10110506906048251
DE8,onwind,2021-02-03 12:00:00,0.09264072359161359
DE8,onwind,2021-02-03 15:00:00,0.1005000408483142
DE8,onwind,2021-02-03 18:00:00,0.10528512251328398
DE8,onwind,2021-02-03 21:00:00,0.1011587349413162
DE8,onwind,2021-02-04 00:00:00,0.1039976300256488
DE8,onwind,2021-02-04 03:00:00,0.087677827050619
DE8,onwind,2021-02-04 06:00:00,0.077971759304276
DE8,onwind,2021-02-04 09:00:00,0.0570492592918354
DE8,onwind,2021-02-04 12:00:00,0.0392327925335847
DE8,onwind,2021-02-04 15:00:00,0.0358303440514203
DE8,onwind,2021-02-04 18:00:00,0.04232100767408149
DE8,onwind,2021-02-04 21:00:00,0.0447044737951621
DE8,onwind,2021-02-05 00:00:00,0.0577139159661498
DE8,onwind,2021-02-05 03:00:00,0.060824843669011294
DE8,onwind,2021-02-05 06:00:00,0.0876376053332513
DE8,onwind,2021-02-05 09:00:00,0.1019897930207502
DE8,onwind,2021-02-05 12:00:00,0.1061401817908553
DE8,onwind,2021-02-05 15:00:00,0.1330104837221248
DE8,onwind,2021-02-05 18:00:00,0.1516810598799698
DE8,onwind,2021-02-05 21:00:00,0.1603455157794154
DE8,onwind,2021-02-06 00:00:00,0.1587834886319503
DE8,onwind,2021-02-06 03:00:00,0.1602866504397916
DE8,onwind,2021-02-06 06:00:00,0.18496514717497484
DE8,onwind,2021-02-06 09:00:00,0.2315862885872348
DE8,onwind,2021-02-06 12:00:00,0.2863272666686897
DE8,onwind,2021-02-06 15:00:00,0.34796415417442683
DE8,onwind,2021-02-06 18:00:00,0.4342569420455445
DE8,onwind,2021-02-06 21:00:00,0.5040703433405405
DE8,onwind,2021-02-07 00:00:00,0.5886213902834194
DE8,onwind,2021-02-07 03:00:00,0.6708028277591351
DE8,onwind,2021-02-07 06:00:00,0.747662780531191
DE8,onwind,2021-02-07 09:00:00,0.8146458060808818
DE8,onwind,2021-02-07 12:00:00,0.8795106836167436
DE8,onwind,2021-02-07 15:00:00,0.9293017660523094
DE8,onwind,2021-02-07 18:00:00,0.9637053544183796
DE8,onwind,2021-02-07 21:00:00,0.948741520829235
DE8,onwind,2021-02-08 00:00:00,0.9469742127216686
DE8,onwind,2021-02-08 03:00:00,0.9462645485581196
DE8,onwind,2021-02-08 06:00:00,0.911606951505284
DE8,onwind,2021-02-08 09:00:00,0.9050707329619081
DE8,onwind,2021-02-08 12:00:00,0.8635703487136054
DE8,onwind,2021-02-08 15:00:00,0.792339815277665
DE8,onwind,2021-02-08 18:00:00,0.6143253731834847
DE8,onwind,2021-02-08 21:00:00,0.49610487635437994
DE8,onwind,2021-02-09 00:00:00,0.4661713992318253
DE8,onwind,2021-02-09 03:00:00,0.4402574212490682
DE8,onwind,2021-02-09 06:00:00,0.4119388799148626
DE8,onwind,2021-02-09 09:00:00,0.4560802536563075
DE8,onwind,2021-02-09 12:00:00,0.3618671168460248
DE8,onwind,2021-02-09 15:00:00,0.2863601534027815
DE8,onwind,2021-02-09 18:00:00,0.2721603067607713
DE8,onwind,2021-02-09 21:00:00,0.2712191536246844
DE8,onwind,2021-02-10 00:00:00,0.2588836069140846
DE8,onwind,2021-02-10 03:00:00,0.2977841395688874
DE8,onwind,2021-02-10 06:00:00,0.2914665403130062
DE8,onwind,2021-02-10 09:00:00,0.4132034879652375
DE8,onwind,2021-02-10 12:00:00,0.3916804253982504
DE8,onwind,2021-02-10 15:00:00,0.3092168806444725
DE8,onwind,2021-02-10 18:00:00,0.29760935698330165
DE8,onwind,2021-02-10 21:00:00,0.2329327529030327
DE8,onwind,2021-02-11 00:00:00,0.1761309537659231
DE8,onwind,2021-02-11 03:00:00,0.1391776190337589
DE8,onwind,2021-02-11 06:00:00,0.1159366833103294
DE8,onwind,2021-02-11 09:00:00,0.0529197033309208
DE8,onwind,2021-02-11 12:00:00,0.04638029688745799
DE8,onwind,2021-02-11 15:00:00,0.10864794489649729
DE8,onwind,2021-02-11 18:00:00,0.16195717875684656
DE8,onwind,2021-02-11 21:00:00,0.2079912618432303
DE8,onwind,2021-02-12 00:00:00,0.1758094339232479
DE8,onwind,2021-02-12 03:00:00,0.1658064948035449
DE8,onwind,2021-02-12 06:00:00,0.1857613855968398
DE8,onwind,2021-02-12 09:00:00,0.1443746735662065
DE8,onwind,2021-02-12 12:00:00,0.1219301050569996
DE8,onwind,2021-02-12 15:00:00,0.0991500445581526
DE8,onwind,2021-02-12 18:00:00,0.1178784289102972
DE8,onwind,2021-02-12 21:00:00,0.0911585715066131
DE8,onwind,2021-02-13 00:00:00,0.0618542587740005
DE8,onwind,2021-02-13 03:00:00,0.0417140839784689
DE8,onwind,2021-02-13 06:00:00,0.027620538948472502
DE8,onwind,2021-02-13 09:00:00,0.0109182517032362
DE8,onwind,2021-02-13 12:00:00,0.0013264530194866
DE8,onwind,2021-02-13 15:00:00,0.0037993298150731
DE8,onwind,2021-02-13 18:00:00,0.0093088116440418
DE8,onwind,2021-02-13 21:00:00,0.0213715775098271
DE8,onwind,2021-02-14 00:00:00,0.0617415564726423
DE8,onwind,2021-02-14 03:00:00,0.0574474957002929
DE8,onwind,2021-02-14 06:00:00,0.0711674976112448
DE8,onwind,2021-02-14 09:00:00,0.062774050663795
DE8,onwind,2021-02-14 12:00:00,0.0641255338214239
DE8,onwind,2021-02-14 15:00:00,0.2071944386198275
DE8,onwind,2021-02-14 18:00:00,0.3421747134125761
DE8,onwind,2021-02-14 21:00:00,0.4392200658282439
DE8,solar,2021-01-18 00:00:00,0.0
DE8,solar,2021-01-18 03:00:00,0.0
DE8,solar,2021-01-18 06:00:00,0.0091755326147828
DE8,solar,2021-01-18 09:00:00,0.0521530475129155
DE8,solar,2021-01-18 12:00:00,0.0433305497859728
DE8,solar,2021-01-18 15:00:00,0.0
DE8,solar,2021-01-18 18:00:00,0.0
DE8,solar,2021-01-18 21:00:00,0.0
DE8,solar,2021-01-19 00:00:00,0.0
DE8,solar,2021-01-19 03:00:00,0.0
DE8,solar,2021-01-19 06:00:00,0.0051163515779872
DE8,solar,2021-01-19 09:00:00,0.053730046506527296
DE8,solar,2021-01-19 12:00:00,0.0422970427371785
DE8,solar,2021-01-19 15:00:00,0.0
DE8,solar,2021-01-19 18:00:00,0.0
DE8,solar,2021-01-19 21:00:00,0.0
DE8,solar,2021-01-20 00:00:00,0.0
DE8,solar,2021-01-20 03:00:00,0.0
DE8,solar,2021-01-20 06:00:00,0.0081571629392262
DE8,solar,2021-01-20 09:00:00,0.0740547900835715
DE8,solar,2021-01-20 12:00:00,0.0805578466537375
DE8,solar,2021-01-20 15:00:00,0.0
DE8,solar,2021-01-20 18:00:00,0.0
DE8,solar,2021-01-20 21:00:00,0.0
DE8,solar,2021-01-21 00:00:00,0.0
DE8,solar,2021-01-21 03:00:00,0.0
DE8,solar,2021-01-21 06:00:00,0.0142894788914185
DE8,solar,2021-01-21 09:00:00,0.2659227634748316
DE8,solar,2021-01-21 12:00:00,0.2716437660408214
DE8,solar,2021-01-21 15:00:00,1.9377176923876456e-07
DE8,solar,2021-01-21 18:00:00,0.0
DE8,solar,2021-01-21 21:00:00,0.0
DE8,solar,2021-01-22 00:00:00,0.0
DE8,solar,2021-01-22 03:00:00,0.0
DE8,solar,2021-01-22 06:00:00,0.0340487102277993
DE8,solar,2021-01-22 09:00:00,0.159105872426635
DE8,solar,2021-01-22 12:00:00,0.1163891022249423
DE8,solar,2021-01-22 15:00:00,2.7736423385814665e-05
DE8,solar,2021-01-22 18:00:00,0.0
DE8,solar,2021-01-22 21:00:00,0.0
DE8,solar,2021-01-23 00:00:00,0.0
DE8,solar,2021-01-23 03:00:00,0.0
DE8,solar,2021-01-23 06:00:00,0.0238638299624191
DE8,solar,2021-01-23 09:00:00,0.2249442436188505
DE8,solar,2021-01-23 12:00:00,0.1664460235783783
DE8,solar,2021-01-23 15:00:00,3.2938752612256095e-05
DE8,solar,2021-01-23 18:00:00,0.0
DE8,solar,2021-01-23 21:00:00,0.0
DE8,solar,2021-01-24 00:00:00,0.0
DE8,solar,2021-01-24 03:00:00,0.0
DE8,solar,2021-01-24 06:00:00,0.0156513744064872
DE8,solar,2021-01-24 09:00:00,0.1227718711857474
DE8,solar,2021-01-24 12:00:00,0.1069194580355035
DE8,solar,2021-01-24 15:00:00,2.9055065657742046e-06
DE8,solar,2021-01-24 18:00:00,0.0
DE8,solar,2021-01-24 21:00:00,0.0
DE8,solar,2021-01-25 00:00:00,0.0
DE8,solar,2021-01-25 03:00:00,0.0
DE8,solar,2021-01-25 06:00:00,0.031837811763216
DE8,solar,2021-01-25 09:00:00,0.1925379981561196
DE8,solar,2021-01-25 12:00:00,0.1616645220749711
DE8,solar,2021-01-25 15:00:00,0.0
DE8,solar,2021-01-25 18:00:00,0.0
DE8,solar,2021-01-25 21:00:00,0.0
DE8,solar,2021-01-26 00:00:00,0.0
DE8,solar,2021-01-26 03:00:00,0.0
DE8,solar,2021-01-26 06:00:00,0.021237705178387703
DE8,solar,2021-01-26 09:00:00,0.1136640471723354
DE8,solar,2021-01-26 12:00:00,0.072146584001517
DE8,solar,2021-01-26 15:00:00,0.0
DE8,solar,2021-01-26 18:00:00,0.0
DE8,solar,2021-01-26 21:00:00,0.0
DE8,solar,2021-01-27 00:00:00,0.0
DE8,solar,2021-01-27 03:00:00,0.0
DE8,solar,2021-01-27 06:00:00,0.006543609191981201
DE8,solar,2021-01-27 09:00:00,0.0325290047595384
DE8,solar,2021-01-27 12:00:00,0.0100599378739159
DE8,solar,2021-01-27 15:00:00,0.0
DE8,solar,2021-01-27 18:00:00,0.0
DE8,solar,2021-01-27 21:00:00,0.0
DE8,solar,2021-01-28 00:00:00,0.0
DE8,solar,2021-01-28 03:00:00,0.0
DE8,solar,2021-01-28 06:00:00,0.0059421824548464
DE8,solar,2021-01-28 09:00:00,0.0298029871652243
DE8,solar,2021-01-28 12:00:00,0.0335389450905757
DE8,solar,2021-01-28 15:00:00,0.0
DE8,solar,2021-01-28 18:00:00,0.0
DE8,solar,2021-01-28 21:00:00,0.0
DE8,solar,2021-01-29 00:00:00,0.0
DE8,solar,2021-01-29 03:00:00,0.0
DE8,solar,2021-01-29 06:00:00,0.0037851354971468
DE8,solar,2021-01-29 09:00:00,0.0128163864966913
DE8,solar,2021-01-29 12:00:00,0.0091070925820694
DE8,solar,2021-01-29 15:00:00,0.0
DE8,solar,2021-01-29 18:00:00,0.0
DE8,solar,2021-01-29 21:00:00,0.0
DE8,solar,2021-01-30 00:00:00,0.0
DE8,solar,2021-01-30 03:00:00,0.0
DE8,solar,2021-01-30 06:00:00,0.0043316512601958
DE8,solar,2021-01-30 09:00:00,0.024675197779506
DE8,solar,2021-01-30 12:00:00,0.023147356598723
DE8,solar,2021-01-30 15:00:00,0.0
DE8,solar,2021-01-30 18:00:00,0.0
DE8,solar,2021-01-30 21:00:00,0.0
DE8,solar,2021-01-31 00:00:00,0.0
DE8,solar,2021-01-31 03:00:00,0.0
DE8,solar,2021-01-31 06:00:00,0.0053856141626425005
DE8,solar,2021-01-31 09:00:00,0.0294899300067227
DE8,solar,2021-01-31 12:00:00,0.033758108685434
DE8,solar,2021-01-31 15:00:00,0.0
DE8,solar,2021-01-31 18:00:00,0.0
DE8,solar,2021-01-31 21:00:00,0.0
DE8,solar,2021-02-01 00:00:00,0.0
DE8,solar,2021-02-01 03:00:00,0.0
DE8,solar,2021-02-01 06:00:00,0.0045623782583558
DE8,solar,2021-02-01 09:00:00,0.0256838943642484
DE8,solar,2021-02-01 12:00:00,0.0168728870728027
DE8,solar,2021-02-01 15:00:00,0.0
DE8,solar,2021-02-01 18:00:00,0.0
DE8,solar,2021-02-01 21:00:00,0.0
DE8,solar,2021-02-02 00:00:00,0.0
DE8,solar,2021-02-02 03:00:00,0.0
DE8,solar,2021-02-02 06:00:00,0.0041505462737736
DE8,solar,2021-02-02 09:00:00,0.0283707923358751
DE8,solar,2021-02-02 12:00:00,0.0192497318231291
DE8,solar,2021-02-02 15:00:00,0.0
DE8,solar,2021-02-02 18:00:00,0.0
DE8,solar,2021-02-02 21:00:00,0.0
DE8,solar,2021-02-03 00:00:00,0.0
DE8,solar,2021-02-03 03:00:00,0.0
DE8,solar,2021-02-03 06:00:00,0.0018365560956932
DE8,solar,2021-02-03 09:00:00,0.0083350091357414
DE8,solar,2021-02-03 12:00:00,0.007585383172308901
DE8,solar,2021-02-03 15:00:00,0.0
DE8,solar,2021-02-03 18:00:00,0.0
DE8,solar,2021-02-03 21:00:00,0.0
DE8,solar,2021-02-04 00:00:00,0.0
DE8,solar,2021-02-04 03:00:00,0.0
DE8,solar,2021-02-04 06:00:00,0.0025232334642681
DE8,solar,2021-02-04 09:00:00,0.00655827154631
DE8,solar,2021-02-04 12:00:00,0.005430752868772
DE8,solar,2021-02-04 15:00:00,0.0
DE8,solar,2021-02-04 18:00:00,0.0
DE8,solar,2021-02-04 21:00:00,0.0
DE8,solar,2021-02-05 00:00:00,0.0
DE8,solar,2021-02-05 03:00:00,0.0
DE8,solar,2021-02-05 06:00:00,0.0028996278239477
DE8,solar,2021-02-05 09:00:00,0.0103037442926119
DE8,solar,2021-02-05 12:00:00,0.0073717092561742
DE8,solar,2021-02-05 15:00:00,0.0
DE8,solar,2021-02-05 18:00:00,0.0
DE8,solar,2021-02-05 21:00:00,0.0
DE8,solar,2021-02-06 00:00:00,0.0
DE8,solar,2021-02-06 03:00:00,0.0
DE8,solar,2021-02-06 06:00:00,0.0048078547677923
DE8,solar,2021-02-06 09:00:00,0.0198438179034549
DE8,solar,2021-02-06 12:00:00,0.027995287073526
DE8,solar,2021-02-06 15:00:00,0.0039713304467583
DE8,solar,2021-02-06 18:00:00,0.0
DE8,solar,2021-02-06 21:00:00,0.0
DE8,solar,2021-02-07 00:00:00,0.0
DE8,solar,2021-02-07 03:00:00,0.0
DE8,solar,2021-02-07 06:00:00,0.0
DE8,solar,2021-02-07 09:00:00,0.028134775229012695
DE8,solar,2021-02-07 12:00:00,0.02219511621531
DE8,solar,2021-02-07 15:00:00,0.0
DE8,solar,2021-02-07 18:00:00,0.0
DE8,solar,2021-02-07 21:00:00,0.0
DE8,solar,2021-02-08 00:00:00,0.0
DE8,solar,2021-02-08 03:00:00,0.0
DE8,solar,2021-02-08 06:00:00,0.024518618902901395
DE8,solar,2021-02-08 09:00:00,0.1429046204820448
DE8,solar,2021-02-08 12:00:00,0.1246415116675156
DE8,solar,2021-02-08 15:00:00,0.008971846348705
DE8,solar,2021-02-08 18:00:00,0.0
DE8,solar,2021-02-08 21:00:00,0.0
DE8,solar,2021-02-09 00:00:00,0.0
DE8,solar,2021-02-09 03:00:00,0.0
DE8,solar,2021-02-09 06:00:00,0.0389152776385002
DE8,solar,2021-02-09 09:00:00,0.1312297615287961
DE8,solar,2021-02-09 12:00:00,0.08513034649652819
DE8,solar,2021-02-09 15:00:00,0.00496474083159
DE8,solar,2021-02-09 18:00:00,0.0
DE8,solar,2021-02-09 21:00:00,0.0
DE8,solar,2021-02-10 00:00:00,0.0
DE8,solar,2021-02-10 03:00:00,0.0
DE8,solar,2021-02-10 06:00:00,0.0349391707929011
DE8,solar,2021-02-10 09:00:00,0.1046991125760093
DE8,solar,2021-02-10 12:00:00,0.0905138061967002
DE8,solar,2021-02-10 15:00:00,0.0099264873233539
DE8,solar,2021-02-10 18:00:00,0.0
DE8,solar,2021-02-10 21:00:00,0.0
DE8,solar,2021-02-11 00:00:00,0.0
DE8,solar,2021-02-11 03:00:00,0.0
DE8,solar,2021-02-11 06:00:00,0.055852996175721405
DE8,solar,2021-02-11 09:00:00,0.1959131643473262
DE8,solar,2021-02-11 12:00:00,0.1408542561853993
DE8,solar,2021-02-11 15:00:00,0.0139277625491647
DE8,solar,2021-02-11 18:00:00,0.0
DE8,solar,2021-02-11 21:00:00,0.0
DE8,solar,2021-02-12 00:00:00,0.0
DE8,solar,2021-02-12 03:00:00,0.0
DE8,solar,2021-02-12 06:00:00,0.1037387923225546
DE8,solar,2021-02-12 09:00:00,0.45261220463119756
DE8,solar,2021-02-12 12:00:00,0.3701427860179802
DE8,solar,2021-02-12 15:00:00,0.0404458047123485
DE8,solar,2021-02-12 18:00:00,0.0
DE8,solar,2021-02-12 21:00:00,0.0
DE8,solar,2021-02-13 00:00:00,0.0
DE8,solar,2021-02-13 03:00:00,0.0
DE8,solar,2021-02-13 06:00:00,0.107233799993404
DE8,solar,2021-02-13 09:00:00,0.44681370585577407
DE8,solar,2021-02-13 12:00:00,0.377517330787715
DE8,solar,2021-02-13 15:00:00,0.0404559223968538
DE8,solar,2021-02-13 18:00:00,0.0
DE8,solar,2021-02-13 21:00:00,0.0
DE8,solar,2021-02-14 00:00:00,0.0
DE8,solar,2021-02-14 03:00:00,0.0
DE8,solar,2021-02-14 06:00:00,0.1093544673989805
DE8,solar,2021-02-14 09:00:00,0.4349957546509038
DE8,solar,2021-02-14 12:00:00,0.3558081639395635
DE8,solar,2021-02-14 15:00:00,0.04294402275521131
DE8,solar,2021-02-14 18:00:00,0.0
DE8,solar,2021-02-14 21:00:00,0.0
DE8,waste,2021-01-18 00:00:00,1.0
DE8,waste,2021-01-18 03:00:00,1.0
DE8,waste,2021-01-18 06:00:00,1.0
DE8,waste,2021-01-18 09:00:00,1.0
DE8,waste,2021-01-18 12:00:00,1.0
DE8,waste,2021-01-18 15:00:00,1.0
DE8,waste,2021-01-18 18:00:00,1.0
DE8,waste,2021-01-18 21:00:00,1.0
DE8,waste,2021-01-19 00:00:00,1.0
DE8,waste,2021-01-19 03:00:00,1.0
DE8,waste,2021-01-19 06:00:00,1.0
DE8,waste,2021-01-19 09:00:00,1.0
DE8,waste,2021-01-19 12:00:00,1.0
DE8,waste,2021-01-19 15:00:00,1.0
DE8,waste,2021-01-19 18:00:00,1.0
DE8,waste,2021-01-19 21:00:00,1.0
DE8,waste,2021-01-20 00:00:00,1.0
DE8,waste,2021-01-20 03:00:00,1.0
DE8,waste,2021-01-20 06:00:00,1.0
DE8,waste,2021-01-20 09:00:00,1.0
DE8,waste,2021-01-20 12:00:00,1.0
DE8,waste,2021-01-20 15:00:00,1.0
DE8,waste,2021-01-20 18:00:00,1.0
DE8,waste,2021-01-20 21:00:00,1.0
DE8,waste,2021-01-21 00:00:00,1.0
DE8,waste,2021-01-21 03:00:00,1.0
DE8,waste,2021-01-21 06:00:00,1.0
DE8,waste,2021-01-21 09:00:00,1.0
DE8,waste,2021-01-21 12:00:00,1.0
DE8,waste,2021-01-21 15:00:00,1.0
DE8,waste,2021-01-21 18:00:00,1.0
DE8,waste,2021-01-21 21:00:00,1.0
DE8,waste,2021-01-22 00:00:00,1.0
DE8,waste,2021-01-22 03:00:00,1.0
DE8,waste,2021-01-22 06:00:00,1.0
DE8,waste,2021-01-22 09:00:00,1.0
DE8,waste,2021-01-22 12:00:00,1.0
DE8,waste,2021-01-22 15:00:00,1.0
DE8,waste,2021-01-22 18:00:00,1.0
DE8,waste,2021-01-22 21:00:00,1.0
DE8,waste,2021-01-23 00:00:00,1.0
DE8,waste,2021-01-23 03:00:00,1.0
DE8,waste,2021-01-23 06:00:00,1.0
DE8,waste,2021-01-23 09:00:00,1.0
DE8,waste,2021-01-23 12:00:00,1.0
DE8,waste,2021-01-23 15:00:00,1.0
DE8,waste,2021-01-23 18:00:00,1.0
DE8,waste,2021-01-23 21:00:00,1.0
DE8,waste,2021-01-24 00:00:00,1.0
DE8,waste,2021-01-24 03:00:00,1.0
DE8,waste,2021-01-24 06:00:00,1.0
DE8,waste,2021-01-24 09:00:00,1.0
DE8,waste,2021-01-24 12:00:00,1.0
DE8,waste,2021-01-24 15:00:00,1.0
DE8,waste,2021-01-24 18:00:00,1.0
DE8,waste,2021-01-24 21:00:00,1.0
DE8,waste,2021-01-25 00:00:00,1.0
DE8,waste,2021-01-25 03:00:00,1.0
DE8,waste,2021-01-25 06:00:00,1.0
DE8,waste,2021-01-25 09:00:00,1.0
DE8,waste,2021-01-25 12:00:00,1.0
DE8,waste,2021-01-25 15:00:00,1.0
DE8,waste,2021-01-25 18:00:00,1.0
DE8,waste,2021-01-25 21:00:00,1.0
DE8,waste,2021-01-26 00:00:00,1.0
DE8,waste,2021-01-26 03:00:00,1.0
DE8,waste,2021-01-26 06:00:00,1.0
DE8,waste,2021-01-26 09:00:00,1.0
DE8,waste,2021-01-26 12:00:00,1.0
DE8,waste,2021-01-26 15:00:00,1.0
DE8,waste,2021-01-26 18:00:00,1.0
DE8,waste,2021-01-26 21:00:00,1.0
DE8,waste,2021-01-27 00:00:00,1.0
DE8,waste,2021-01-27 03:00:00,1.0
DE8,waste,2021-01-27 06:00:00,1.0
DE8,waste,2021-01-27 09:00:00,1.0
DE8,waste,2021-01-27 12:00:00,1.0
DE8,waste,2021-01-27 15:00:00,1.0
DE8,waste,2021-01-27 18:00:00,1.0
DE8,waste,2021-01-27 21:00:00,1.0
DE8,waste,2021-01-28 00:00:00,1.0
DE8,waste,2021-01-28 03:00:00,1.0
DE8,waste,2021-01-28 06:00:00,1.0
DE8,waste,2021-01-28 09:00:00,1.0
DE8,waste,2021-01-28 12:00:00,1.0
DE8,waste,2021-01-28 15:00:00,1.0
DE8,waste,2021-01-28 18:00:00,1.0
DE8,waste,2021-01-28 21:00:00,1.0
DE8,waste,2021-01-29 00:00:00,1.0
DE8,waste,2021-01-29 03:00:00,1.0
DE8,waste,2021-01-29 06:00:00,1.0
DE8,waste,2021-01-29 09:00:00,1.0
DE8,waste,2021-01-29 12:00:00,1.0
DE8,waste,2021-01-29 15:00:00,1.0
DE8,waste,2021-01-29 18:00:00,1.0
DE8,waste,2021-01-29 21:00:00,1.0
DE8,waste,2021-01-30 00:00:00,1.0
DE8,waste,2021-01-30 03:00:00,1.0
DE8,waste,2021-01-30 06:00:00,1.0
DE8,waste,2021-01-30 09:00:00,1.0
DE8,waste,2021-01-30 12:00:00,1.0
DE8,waste,2021-01-30 15:00:00,1.0
DE8,waste,2021-01-30 18:00:00,1.0
DE8,waste,2021-01-30 21:00:00,1.0
DE8,waste,2021-01-31 00:00:00,1.0
DE8,waste,2021-01-31 03:00:00,1.0
DE8,waste,2021-01-31 06:00:00,1.0
DE8,waste,2021-01-31 09:00:00,1.0
DE8,waste,2021-01-31 12:00:00,1.0
DE8,waste,2021-01-31 15:00:00,1.0
DE8,waste,2021-01-31 18:00:00,1.0
DE8,waste,2021-01-31 21:00:00,1.0
DE8,waste,2021-02-01 00:00:00,1.0
DE8,waste,2021-02-01 03:00:00,1.0
DE8,waste,2021-02-01 06:00:00,1.0
DE8,waste,2021-02-01 09:00:00,1.0
DE8,waste,2021-02-01 12:00:00,1.0
DE8,waste,2021-02-01 15:00:00,1.0
DE8,waste,2021-02-01 18:00:00,1.0
DE8,waste,2021-02-01 21:00:00,1.0
DE8,waste,2021-02-02 00:00:00,1.0
DE8,waste,2021-02-02 03:00:00,1.0
DE8,waste,2021-02-02 06:00:00,1.0
DE8,waste,2021-02-02 09:00:00,1.0
DE8,waste,2021-02-02 12:00:00,1.0
DE8,waste,2021-02-02 15:00:00,1.0
DE8,waste,2021-02-02 18:00:00,1.0
DE8,waste,2021-02-02 21:00:00,1.0
DE8,waste,2021-02-03 00:00:00,1.0
DE8,waste,2021-02-03 03:00:00,1.0
DE8,waste,2021-02-03 06:00:00,1.0
DE8,waste,2021-02-03 09:00:00,1.0
DE8,waste,2021-02-03 12:00:00,1.0
DE8,waste,2021-02-03 15:00:00,1.0
DE8,waste,2021-02-03 18:00:00,1.0
DE8,waste,2021-02-03 21:00:00,1.0
DE8,waste,2021-02-04 00:00:00,1.0
DE8,waste,2021-02-04 03:00:00,1.0
DE8,waste,2021-02-04 06:00:00,1.0
DE8,waste,2021-02-04 09:00:00,1.0
DE8,waste,2021-02-04 12:00:00,1.0
DE8,waste,2021-02-04 15:00:00,1.0
DE8,waste,2021-02-04 18:00:00,1.0
DE8,waste,2021-02-04 21:00:00,1.0
DE8,waste,2021-02-05 00:00:00,1.0
DE8,waste,2021-02-05 03:00:00,1.0
DE8,waste,2021-02-05 06:00:00,1.0
DE8,waste,2021-02-05 09:00:00,1.0
DE8,waste,2021-02-05 12:00:00,1.0
DE8,waste,2021-02-05 15:00:00,1.0
DE8,waste,2021-02-05 18:00:00,1.0
DE8,waste,2021-02-05 21:00:00,1.0
DE8,waste,2021-02-06 00:00:00,1.0
DE8,waste,2021-02-06 03:00:00,1.0
DE8,waste,2021-02-06 06:00:00,1.0
DE8,waste,2021-02-06 09:00:00,1.0
DE8,waste,2021-02-06 12:00:00,1.0
DE8,waste,2021-02-06 15:00:00,1.0
DE8,waste,2021-02-06 18:00:00,1.0
DE8,waste,2021-02-06 21:00:00,1.0
DE8,waste,2021-02-07 00:00:00,1.0
DE8,waste,2021-02-07 03:00:00,1.0
DE8,waste,2021-02-07 06:00:00,1.0
DE8,waste,2021-02-07 09:00:00,1.0
DE8,waste,2021-02-07 12:00:00,1.0
DE8,waste,2021-02-07 15:00:00,1.0
DE8,waste,2021-02-07 18:00:00,1.0
DE8,waste,2021-02-07 21:00:00,1.0
DE8,waste,2021-02-08 00:00:00,1.0
DE8,waste,2021-02-08 03:00:00,1.0
DE8,waste,2021-02-08 06:00:00,1.0
DE8,waste,2021-02-08 09:00:00,1.0
DE8,waste,2021-02-08 12:00:00,1.0
DE8,waste,2021-02-08 15:00:00,1.0
DE8,waste,2021-02-08 18:00:00,1.0
DE8,waste,2021-02-08 21:00:00,1.0
DE8,waste,2021-02-09 00:00:00,1.0
DE8,waste,2021-02-09 03:00:00,1.0
DE8,waste,2021-02-09 06:00:00,1.0
DE8,waste,2021-02-09 09:00:00,1.0
DE8,waste,2021-02-09 12:00:00,1.0
DE8,waste,2021-02-09 15:00:00,1.0
DE8,waste,2021-02-09 18:00:00,1.0
DE8,waste,2021-02-09 21:00:00,1.0
DE8,waste,2021-02-10 00:00:00,1.0
DE8,waste,2021-02-10 03:00:00,1.0
DE8,waste,2021-02-10 06:00:00,1.0
DE8,waste,2021-02-10 09:00:00,1.0
DE8,waste,2021-02-10 12:00:00,1.0
DE8,waste,2021-02-10 15:00:00,1.0
DE8,waste,2021-02-10 18:00:00,1.0
DE8,waste,2021-02-10 21:00:00,1.0
DE8,waste,2021-02-11 00:00:00,1.0
DE8,waste,2021-02-11 03:00:00,1.0
DE8,waste,2021-02-11 06:00:00,1.0
DE8,waste,2021-02-11 09:00:00,1.0
DE8,waste,2021-02-11 12:00:00,1.0
DE8,waste,2021-02-11 15:00:00,1.0
DE8,waste,2021-02-11 18:00:00,1.0
DE8,waste,2021-02-11 21:00:00,1.0
DE8,waste,2021-02-12 00:00:00,1.0
DE8,waste,2021-02-12 03:00:00,1.0
DE8,waste,2021-02-12 06:00:00,1.0
DE8,waste,2021-02-12 09:00:00,1.0
DE8,waste,2021-02-12 12:00:00,1.0
DE8,waste,2021-02-12 15:00:00,1.0
DE8,waste,2021-02-12 18:00:00,1.0
DE8,waste,2021-02-12 21:00:00,1.0
DE8,waste,2021-02-13 00:00:00,1.0
DE8,waste,2021-02-13 03:00:00,1.0
DE8,waste,2021-02-13 06:00:00,1.0
DE8,waste,2021-02-13 09:00:00,1.0
DE8,waste,2021-02-13 12:00:00,1.0
DE8,waste,2021-02-13 15:00:00,1.0
DE8,waste,2021-02-13 18:00:00,1.0
DE8,waste,2021-02-13 21:00:00,1.0
DE8,waste,2021-02-14 00:00:00,1.0
DE8,waste,2021-02-14 03:00:00,1.0
DE8,waste,2021-02-14 06:00:00,1.0
DE8,waste,2021-02-14 09:00:00,1.0
DE8,waste,2021-02-14 12:00:00,1.0
DE8,waste,2021-02-14 15:00:00,1.0
DE8,waste,2021-02-14 18:00:00,1.0
DE8,waste,2021-02-14 21:00:00,1.0
DE9,biomass,2021-01-18 00:00:00,1.0
DE9,biomass,2021-01-18 03:00:00,1.0
DE9,biomass,2021-01-18 06:00:00,1.0
DE9,biomass,2021-01-18 09:00:00,1.0
DE9,biomass,2021-01-18 12:00:00,1.0
DE9,biomass,2021-01-18 15:00:00,1.0
DE9,biomass,2021-01-18 18:00:00,1.0
DE9,biomass,2021-01-18 21:00:00,1.0
DE9,biomass,2021-01-19 00:00:00,1.0
DE9,biomass,2021-01-19 03:00:00,1.0
DE9,biomass,2021-01-19 06:00:00,1.0
DE9,biomass,2021-01-19 09:00:00,1.0
DE9,biomass,2021-01-19 12:00:00,1.0
DE9,biomass,2021-01-19 15:00:00,1.0
DE9,biomass,2021-01-19 18:00:00,1.0
DE9,biomass,2021-01-19 21:00:00,1.0
DE9,biomass,2021-01-20 00:00:00,1.0
DE9,biomass,2021-01-20 03:00:00,1.0
DE9,biomass,2021-01-20 06:00:00,1.0
DE9,biomass,2021-01-20 09:00:00,1.0
DE9,biomass,2021-01-20 12:00:00,1.0
DE9,biomass,2021-01-20 15:00:00,1.0
DE9,biomass,2021-01-20 18:00:00,1.0
DE9,biomass,2021-01-20 21:00:00,1.0
DE9,biomass,2021-01-21 00:00:00,1.0
DE9,biomass,2021-01-21 03:00:00,1.0
DE9,biomass,2021-01-21 06:00:00,1.0
DE9,biomass,2021-01-21 09:00:00,1.0
DE9,biomass,2021-01-21 12:00:00,1.0
DE9,biomass,2021-01-21 15:00:00,1.0
DE9,biomass,2021-01-21 18:00:00,1.0
DE9,biomass,2021-01-21 21:00:00,1.0
DE9,biomass,2021-01-22 00:00:00,1.0
DE9,biomass,2021-01-22 03:00:00,1.0
DE9,biomass,2021-01-22 06:00:00,1.0
DE9,biomass,2021-01-22 09:00:00,1.0
DE9,biomass,2021-01-22 12:00:00,1.0
DE9,biomass,2021-01-22 15:00:00,1.0
DE9,biomass,2021-01-22 18:00:00,1.0
DE9,biomass,2021-01-22 21:00:00,1.0
DE9,biomass,2021-01-23 00:00:00,1.0
DE9,biomass,2021-01-23 03:00:00,1.0
DE9,biomass,2021-01-23 06:00:00,1.0
DE9,biomass,2021-01-23 09:00:00,1.0
DE9,biomass,2021-01-23 12:00:00,1.0
DE9,biomass,2021-01-23 15:00:00,1.0
DE9,biomass,2021-01-23 18:00:00,1.0
DE9,biomass,2021-01-23 21:00:00,1.0
DE9,biomass,2021-01-24 00:00:00,1.0
DE9,biomass,2021-01-24 03:00:00,1.0
DE9,biomass,2021-01-24 06:00:00,1.0
DE9,biomass,2021-01-24 09:00:00,1.0
DE9,biomass,2021-01-24 12:00:00,1.0
DE9,biomass,2021-01-24 15:00:00,1.0
DE9,biomass,2021-01-24 18:00:00,1.0
DE9,biomass,2021-01-24 21:00:00,1.0
DE9,biomass,2021-01-25 00:00:00,1.0
DE9,biomass,2021-01-25 03:00:00,1.0
DE9,biomass,2021-01-25 06:00:00,1.0
DE9,biomass,2021-01-25 09:00:00,1.0
DE9,biomass,2021-01-25 12:00:00,1.0
DE9,biomass,2021-01-25 15:00:00,1.0
DE9,biomass,2021-01-25 18:00:00,1.0
DE9,biomass,2021-01-25 21:00:00,1.0
DE9,biomass,2021-01-26 00:00:00,1.0
DE9,biomass,2021-01-26 03:00:00,1.0
DE9,biomass,2021-01-26 06:00:00,1.0
DE9,biomass,2021-01-26 09:00:00,1.0
DE9,biomass,2021-01-26 12:00:00,1.0
DE9,biomass,2021-01-26 15:00:00,1.0
DE9,biomass,2021-01-26 18:00:00,1.0
DE9,biomass,2021-01-26 21:00:00,1.0
DE9,biomass,2021-01-27 00:00:00,1.0
DE9,biomass,2021-01-27 03:00:00,1.0
DE9,biomass,2021-01-27 06:00:00,1.0
DE9,biomass,2021-01-27 09:00:00,1.0
DE9,biomass,2021-01-27 12:00:00,1.0
DE9,biomass,2021-01-27 15:00:00,1.0
DE9,biomass,2021-01-27 18:00:00,1.0
DE9,biomass,2021-01-27 21:00:00,1.0
DE9,biomass,2021-01-28 00:00:00,1.0
DE9,biomass,2021-01-28 03:00:00,1.0
DE9,biomass,2021-01-28 06:00:00,1.0
DE9,biomass,2021-01-28 09:00:00,1.0
DE9,biomass,2021-01-28 12:00:00,1.0
DE9,biomass,2021-01-28 15:00:00,1.0
DE9,biomass,2021-01-28 18:00:00,1.0
DE9,biomass,2021-01-28 21:00:00,1.0
DE9,biomass,2021-01-29 00:00:00,1.0
DE9,biomass,2021-01-29 03:00:00,1.0
DE9,biomass,2021-01-29 06:00:00,1.0
DE9,biomass,2021-01-29 09:00:00,1.0
DE9,biomass,2021-01-29 12:00:00,1.0
DE9,biomass,2021-01-29 15:00:00,1.0
DE9,biomass,2021-01-29 18:00:00,1.0
DE9,biomass,2021-01-29 21:00:00,1.0
DE9,biomass,2021-01-30 00:00:00,1.0
DE9,biomass,2021-01-30 03:00:00,1.0
DE9,biomass,2021-01-30 06:00:00,1.0
DE9,biomass,2021-01-30 09:00:00,1.0
DE9,biomass,2021-01-30 12:00:00,1.0
DE9,biomass,2021-01-30 15:00:00,1.0
DE9,biomass,2021-01-30 18:00:00,1.0
DE9,biomass,2021-01-30 21:00:00,1.0
DE9,biomass,2021-01-31 00:00:00,1.0
DE9,biomass,2021-01-31 03:00:00,1.0
DE9,biomass,2021-01-31 06:00:00,1.0
DE9,biomass,2021-01-31 09:00:00,1.0
DE9,biomass,2021-01-31 12:00:00,1.0
DE9,biomass,2021-01-31 15:00:00,1.0
DE9,biomass,2021-01-31 18:00:00,1.0
DE9,biomass,2021-01-31 21:00:00,1.0
DE9,biomass,2021-02-01 00:00:00,1.0
DE9,biomass,2021-02-01 03:00:00,1.0
DE9,biomass,2021-02-01 06:00:00,1.0
DE9,biomass,2021-02-01 09:00:00,1.0
DE9,biomass,2021-02-01 12:00:00,1.0
DE9,biomass,2021-02-01 15:00:00,1.0
DE9,biomass,2021-02-01 18:00:00,1.0
DE9,biomass,2021-02-01 21:00:00,1.0
DE9,biomass,2021-02-02 00:00:00,1.0
DE9,biomass,2021-02-02 03:00:00,1.0
DE9,biomass,2021-02-02 06:00:00,1.0
DE9,biomass,2021-02-02 09:00:00,1.0
DE9,biomass,2021-02-02 12:00:00,1.0
DE9,biomass,2021-02-02 15:00:00,1.0
DE9,biomass,2021-02-02 18:00:00,1.0
DE9,biomass,2021-02-02 21:00:00,1.0
DE9,biomass,2021-02-03 00:00:00,1.0
DE9,biomass,2021-02-03 03:00:00,1.0
DE9,biomass,2021-02-03 06:00:00,1.0
DE9,biomass,2021-02-03 09:00:00,1.0
DE9,biomass,2021-02-03 12:00:00,1.0
DE9,biomass,2021-02-03 15:00:00,1.0
DE9,biomass,2021-02-03 18:00:00,1.0
DE9,biomass,2021-02-03 21:00:00,1.0
DE9,biomass,2021-02-04 00:00:00,1.0
DE9,biomass,2021-02-04 03:00:00,1.0
DE9,biomass,2021-02-04 06:00:00,1.0
DE9,biomass,2021-02-04 09:00:00,1.0
DE9,biomass,2021-02-04 12:00:00,1.0
DE9,biomass,2021-02-04 15:00:00,1.0
DE9,biomass,2021-02-04 18:00:00,1.0
DE9,biomass,2021-02-04 21:00:00,1.0
DE9,biomass,2021-02-05 00:00:00,1.0
DE9,biomass,2021-02-05 03:00:00,1.0
DE9,biomass,2021-02-05 06:00:00,1.0
DE9,biomass,2021-02-05 09:00:00,1.0
DE9,biomass,2021-02-05 12:00:00,1.0
DE9,biomass,2021-02-05 15:00:00,1.0
DE9,biomass,2021-02-05 18:00:00,1.0
DE9,biomass,2021-02-05 21:00:00,1.0
DE9,biomass,2021-02-06 00:00:00,1.0
DE9,biomass,2021-02-06 03:00:00,1.0
DE9,biomass,2021-02-06 06:00:00,1.0
DE9,biomass,2021-02-06 09:00:00,1.0
DE9,biomass,2021-02-06 12:00:00,1.0
DE9,biomass,2021-02-06 15:00:00,1.0
DE9,biomass,2021-02-06 18:00:00,1.0
DE9,biomass,2021-02-06 21:00:00,1.0
DE9,biomass,2021-02-07 00:00:00,1.0
DE9,biomass,2021-02-07 03:00:00,1.0
DE9,biomass,2021-02-07 06:00:00,1.0
DE9,biomass,2021-02-07 09:00:00,1.0
DE9,biomass,2021-02-07 12:00:00,1.0
DE9,biomass,2021-02-07 15:00:00,1.0
DE9,biomass,2021-02-07 18:00:00,1.0
DE9,biomass,2021-02-07 21:00:00,1.0
DE9,biomass,2021-02-08 00:00:00,1.0
DE9,biomass,2021-02-08 03:00:00,1.0
DE9,biomass,2021-02-08 06:00:00,1.0
DE9,biomass,2021-02-08 09:00:00,1.0
DE9,biomass,2021-02-08 12:00:00,1.0
DE9,biomass,2021-02-08 15:00:00,1.0
DE9,biomass,2021-02-08 18:00:00,1.0
DE9,biomass,2021-02-08 21:00:00,1.0
DE9,biomass,2021-02-09 00:00:00,1.0
DE9,biomass,2021-02-09 03:00:00,1.0
DE9,biomass,2021-02-09 06:00:00,1.0
DE9,biomass,2021-02-09 09:00:00,1.0
DE9,biomass,2021-02-09 12:00:00,1.0
DE9,biomass,2021-02-09 15:00:00,1.0
DE9,biomass,2021-02-09 18:00:00,1.0
DE9,biomass,2021-02-09 21:00:00,1.0
DE9,biomass,2021-02-10 00:00:00,1.0
DE9,biomass,2021-02-10 03:00:00,1.0
DE9,biomass,2021-02-10 06:00:00,1.0
DE9,biomass,2021-02-10 09:00:00,1.0
DE9,biomass,2021-02-10 12:00:00,1.0
DE9,biomass,2021-02-10 15:00:00,1.0
DE9,biomass,2021-02-10 18:00:00,1.0
DE9,biomass,2021-02-10 21:00:00,1.0
DE9,biomass,2021-02-11 00:00:00,1.0
DE9,biomass,2021-02-11 03:00:00,1.0
DE9,biomass,2021-02-11 06:00:00,1.0
DE9,biomass,2021-02-11 09:00:00,1.0
DE9,biomass,2021-02-11 12:00:00,1.0
DE9,biomass,2021-02-11 15:00:00,1.0
DE9,biomass,2021-02-11 18:00:00,1.0
DE9,biomass,2021-02-11 21:00:00,1.0
DE9,biomass,2021-02-12 00:00:00,1.0
DE9,biomass,2021-02-12 03:00:00,1.0
DE9,biomass,2021-02-12 06:00:00,1.0
DE9,biomass,2021-02-12 09:00:00,1.0
DE9,biomass,2021-02-12 12:00:00,1.0
DE9,biomass,2021-02-12 15:00:00,1.0
DE9,biomass,2021-02-12 18:00:00,1.0
DE9,biomass,2021-02-12 21:00:00,1.0
DE9,biomass,2021-02-13 00:00:00,1.0
DE9,biomass,2021-02-13 03:00:00,1.0
DE9,biomass,2021-02-13 06:00:00,1.0
DE9,biomass,2021-02-13 09:00:00,1.0
DE9,biomass,2021-02-13 12:00:00,1.0
DE9,biomass,2021-02-13 15:00:00,1.0
DE9,biomass,2021-02-13 18:00:00,1.0
DE9,biomass,2021-02-13 21:00:00,1.0
DE9,biomass,2021-02-14 00:00:00,1.0
DE9,biomass,2021-02-14 03:00:00,1.0
DE9,biomass,2021-02-14 06:00:00,1.0
DE9,biomass,2021-02-14 09:00:00,1.0
DE9,biomass,2021-02-14 12:00:00,1.0
DE9,biomass,2021-02-14 15:00:00,1.0
DE9,biomass,2021-02-14 18:00:00,1.0
DE9,biomass,2021-02-14 21:00:00,1.0
DE9,ccgt,2021-01-18 00:00:00,1.0
DE9,ccgt,2021-01-18 03:00:00,1.0
DE9,ccgt,2021-01-18 06:00:00,1.0
DE9,ccgt,2021-01-18 09:00:00,1.0
DE9,ccgt,2021-01-18 12:00:00,1.0
DE9,ccgt,2021-01-18 15:00:00,1.0
DE9,ccgt,2021-01-18 18:00:00,1.0
DE9,ccgt,2021-01-18 21:00:00,1.0
DE9,ccgt,2021-01-19 00:00:00,1.0
DE9,ccgt,2021-01-19 03:00:00,1.0
DE9,ccgt,2021-01-19 06:00:00,1.0
DE9,ccgt,2021-01-19 09:00:00,1.0
DE9,ccgt,2021-01-19 12:00:00,1.0
DE9,ccgt,2021-01-19 15:00:00,1.0
DE9,ccgt,2021-01-19 18:00:00,1.0
DE9,ccgt,2021-01-19 21:00:00,1.0
DE9,ccgt,2021-01-20 00:00:00,1.0
DE9,ccgt,2021-01-20 03:00:00,1.0
DE9,ccgt,2021-01-20 06:00:00,1.0
DE9,ccgt,2021-01-20 09:00:00,1.0
DE9,ccgt,2021-01-20 12:00:00,1.0
DE9,ccgt,2021-01-20 15:00:00,1.0
DE9,ccgt,2021-01-20 18:00:00,1.0
DE9,ccgt,2021-01-20 21:00:00,1.0
DE9,ccgt,2021-01-21 00:00:00,1.0
DE9,ccgt,2021-01-21 03:00:00,1.0
DE9,ccgt,2021-01-21 06:00:00,1.0
DE9,ccgt,2021-01-21 09:00:00,1.0
DE9,ccgt,2021-01-21 12:00:00,1.0
DE9,ccgt,2021-01-21 15:00:00,1.0
DE9,ccgt,2021-01-21 18:00:00,1.0
DE9,ccgt,2021-01-21 21:00:00,1.0
DE9,ccgt,2021-01-22 00:00:00,1.0
DE9,ccgt,2021-01-22 03:00:00,1.0
DE9,ccgt,2021-01-22 06:00:00,1.0
DE9,ccgt,2021-01-22 09:00:00,1.0
DE9,ccgt,2021-01-22 12:00:00,1.0
DE9,ccgt,2021-01-22 15:00:00,1.0
DE9,ccgt,2021-01-22 18:00:00,1.0
DE9,ccgt,2021-01-22 21:00:00,1.0
DE9,ccgt,2021-01-23 00:00:00,1.0
DE9,ccgt,2021-01-23 03:00:00,1.0
DE9,ccgt,2021-01-23 06:00:00,1.0
DE9,ccgt,2021-01-23 09:00:00,1.0
DE9,ccgt,2021-01-23 12:00:00,1.0
DE9,ccgt,2021-01-23 15:00:00,1.0
DE9,ccgt,2021-01-23 18:00:00,1.0
DE9,ccgt,2021-01-23 21:00:00,1.0
DE9,ccgt,2021-01-24 00:00:00,1.0
DE9,ccgt,2021-01-24 03:00:00,1.0
DE9,ccgt,2021-01-24 06:00:00,1.0
DE9,ccgt,2021-01-24 09:00:00,1.0
DE9,ccgt,2021-01-24 12:00:00,1.0
DE9,ccgt,2021-01-24 15:00:00,1.0
DE9,ccgt,2021-01-24 18:00:00,1.0
DE9,ccgt,2021-01-24 21:00:00,1.0
DE9,ccgt,2021-01-25 00:00:00,1.0
DE9,ccgt,2021-01-25 03:00:00,1.0
DE9,ccgt,2021-01-25 06:00:00,1.0
DE9,ccgt,2021-01-25 09:00:00,1.0
DE9,ccgt,2021-01-25 12:00:00,1.0
DE9,ccgt,2021-01-25 15:00:00,1.0
DE9,ccgt,2021-01-25 18:00:00,1.0
DE9,ccgt,2021-01-25 21:00:00,1.0
DE9,ccgt,2021-01-26 00:00:00,1.0
DE9,ccgt,2021-01-26 03:00:00,1.0
DE9,ccgt,2021-01-26 06:00:00,1.0
DE9,ccgt,2021-01-26 09:00:00,1.0
DE9,ccgt,2021-01-26 12:00:00,1.0
DE9,ccgt,2021-01-26 15:00:00,1.0
DE9,ccgt,2021-01-26 18:00:00,1.0
DE9,ccgt,2021-01-26 21:00:00,1.0
DE9,ccgt,2021-01-27 00:00:00,1.0
DE9,ccgt,2021-01-27 03:00:00,1.0
DE9,ccgt,2021-01-27 06:00:00,1.0
DE9,ccgt,2021-01-27 09:00:00,1.0
DE9,ccgt,2021-01-27 12:00:00,1.0
DE9,ccgt,2021-01-27 15:00:00,1.0
DE9,ccgt,2021-01-27 18:00:00,1.0
DE9,ccgt,2021-01-27 21:00:00,1.0
DE9,ccgt,2021-01-28 00:00:00,1.0
DE9,ccgt,2021-01-28 03:00:00,1.0
DE9,ccgt,2021-01-28 06:00:00,1.0
DE9,ccgt,2021-01-28 09:00:00,1.0
DE9,ccgt,2021-01-28 12:00:00,1.0
DE9,ccgt,2021-01-28 15:00:00,1.0
DE9,ccgt,2021-01-28 18:00:00,1.0
DE9,ccgt,2021-01-28 21:00:00,1.0
DE9,ccgt,2021-01-29 00:00:00,1.0
DE9,ccgt,2021-01-29 03:00:00,1.0
DE9,ccgt,2021-01-29 06:00:00,1.0
DE9,ccgt,2021-01-29 09:00:00,1.0
DE9,ccgt,2021-01-29 12:00:00,1.0
DE9,ccgt,2021-01-29 15:00:00,1.0
DE9,ccgt,2021-01-29 18:00:00,1.0
DE9,ccgt,2021-01-29 21:00:00,1.0
DE9,ccgt,2021-01-30 00:00:00,1.0
DE9,ccgt,2021-01-30 03:00:00,1.0
DE9,ccgt,2021-01-30 06:00:00,1.0
DE9,ccgt,2021-01-30 09:00:00,1.0
DE9,ccgt,2021-01-30 12:00:00,1.0
DE9,ccgt,2021-01-30 15:00:00,1.0
DE9,ccgt,2021-01-30 18:00:00,1.0
DE9,ccgt,2021-01-30 21:00:00,1.0
DE9,ccgt,2021-01-31 00:00:00,1.0
DE9,ccgt,2021-01-31 03:00:00,1.0
DE9,ccgt,2021-01-31 06:00:00,1.0
DE9,ccgt,2021-01-31 09:00:00,1.0
DE9,ccgt,2021-01-31 12:00:00,1.0
DE9,ccgt,2021-01-31 15:00:00,1.0
DE9,ccgt,2021-01-31 18:00:00,1.0
DE9,ccgt,2021-01-31 21:00:00,1.0
DE9,ccgt,2021-02-01 00:00:00,1.0
DE9,ccgt,2021-02-01 03:00:00,1.0
DE9,ccgt,2021-02-01 06:00:00,1.0
DE9,ccgt,2021-02-01 09:00:00,1.0
DE9,ccgt,2021-02-01 12:00:00,1.0
DE9,ccgt,2021-02-01 15:00:00,1.0
DE9,ccgt,2021-02-01 18:00:00,1.0
DE9,ccgt,2021-02-01 21:00:00,1.0
DE9,ccgt,2021-02-02 00:00:00,1.0
DE9,ccgt,2021-02-02 03:00:00,1.0
DE9,ccgt,2021-02-02 06:00:00,1.0
DE9,ccgt,2021-02-02 09:00:00,1.0
DE9,ccgt,2021-02-02 12:00:00,1.0
DE9,ccgt,2021-02-02 15:00:00,1.0
DE9,ccgt,2021-02-02 18:00:00,1.0
DE9,ccgt,2021-02-02 21:00:00,1.0
DE9,ccgt,2021-02-03 00:00:00,1.0
DE9,ccgt,2021-02-03 03:00:00,1.0
DE9,ccgt,2021-02-03 06:00:00,1.0
DE9,ccgt,2021-02-03 09:00:00,1.0
DE9,ccgt,2021-02-03 12:00:00,1.0
DE9,ccgt,2021-02-03 15:00:00,1.0
DE9,ccgt,2021-02-03 18:00:00,1.0
DE9,ccgt,2021-02-03 21:00:00,1.0
DE9,ccgt,2021-02-04 00:00:00,1.0
DE9,ccgt,2021-02-04 03:00:00,1.0
DE9,ccgt,2021-02-04 06:00:00,1.0
DE9,ccgt,2021-02-04 09:00:00,1.0
DE9,ccgt,2021-02-04 12:00:00,1.0
DE9,ccgt,2021-02-04 15:00:00,1.0
DE9,ccgt,2021-02-04 18:00:00,1.0
DE9,ccgt,2021-02-04 21:00:00,1.0
DE9,ccgt,2021-02-05 00:00:00,1.0
DE9,ccgt,2021-02-05 03:00:00,1.0
DE9,ccgt,2021-02-05 06:00:00,1.0
DE9,ccgt,2021-02-05 09:00:00,1.0
DE9,ccgt,2021-02-05 12:00:00,1.0
DE9,ccgt,2021-02-05 15:00:00,1.0
DE9,ccgt,2021-02-05 18:00:00,1.0
DE9,ccgt,2021-02-05 21:00:00,1.0
DE9,ccgt,2021-02-06 00:00:00,1.0
DE9,ccgt,2021-02-06 03:00:00,1.0
DE9,ccgt,2021-02-06 06:00:00,1.0
DE9,ccgt,2021-02-06 09:00:00,1.0
DE9,ccgt,2021-02-06 12:00:00,1.0
DE9,ccgt,2021-02-06 15:00:00,1.0
DE9,ccgt,2021-02-06 18:00:00,1.0
DE9,ccgt,2021-02-06 21:00:00,1.0
DE9,ccgt,2021-02-07 00:00:00,1.0
DE9,ccgt,2021-02-07 03:00:00,1.0
DE9,ccgt,2021-02-07 06:00:00,1.0
DE9,ccgt,2021-02-07 09:00:00,1.0
DE9,ccgt,2021-02-07 12:00:00,1.0
DE9,ccgt,2021-02-07 15:00:00,1.0
DE9,ccgt,2021-02-07 18:00:00,1.0
DE9,ccgt,2021-02-07 21:00:00,1.0
DE9,ccgt,2021-02-08 00:00:00,1.0
DE9,ccgt,2021-02-08 03:00:00,1.0
DE9,ccgt,2021-02-08 06:00:00,1.0
DE9,ccgt,2021-02-08 09:00:00,1.0
DE9,ccgt,2021-02-08 12:00:00,1.0
DE9,ccgt,2021-02-08 15:00:00,1.0
DE9,ccgt,2021-02-08 18:00:00,1.0
DE9,ccgt,2021-02-08 21:00:00,1.0
DE9,ccgt,2021-02-09 00:00:00,1.0
DE9,ccgt,2021-02-09 03:00:00,1.0
DE9,ccgt,2021-02-09 06:00:00,1.0
DE9,ccgt,2021-02-09 09:00:00,1.0
DE9,ccgt,2021-02-09 12:00:00,1.0
DE9,ccgt,2021-02-09 15:00:00,1.0
DE9,ccgt,2021-02-09 18:00:00,1.0
DE9,ccgt,2021-02-09 21:00:00,1.0
DE9,ccgt,2021-02-10 00:00:00,1.0
DE9,ccgt,2021-02-10 03:00:00,1.0
DE9,ccgt,2021-02-10 06:00:00,1.0
DE9,ccgt,2021-02-10 09:00:00,1.0
DE9,ccgt,2021-02-10 12:00:00,1.0
DE9,ccgt,2021-02-10 15:00:00,1.0
DE9,ccgt,2021-02-10 18:00:00,1.0
DE9,ccgt,2021-02-10 21:00:00,1.0
DE9,ccgt,2021-02-11 00:00:00,1.0
DE9,ccgt,2021-02-11 03:00:00,1.0
DE9,ccgt,2021-02-11 06:00:00,1.0
DE9,ccgt,2021-02-11 09:00:00,1.0
DE9,ccgt,2021-02-11 12:00:00,1.0
DE9,ccgt,2021-02-11 15:00:00,1.0
DE9,ccgt,2021-02-11 18:00:00,1.0
DE9,ccgt,2021-02-11 21:00:00,1.0
DE9,ccgt,2021-02-12 00:00:00,1.0
DE9,ccgt,2021-02-12 03:00:00,1.0
DE9,ccgt,2021-02-12 06:00:00,1.0
DE9,ccgt,2021-02-12 09:00:00,1.0
DE9,ccgt,2021-02-12 12:00:00,1.0
DE9,ccgt,2021-02-12 15:00:00,1.0
DE9,ccgt,2021-02-12 18:00:00,1.0
DE9,ccgt,2021-02-12 21:00:00,1.0
DE9,ccgt,2021-02-13 00:00:00,1.0
DE9,ccgt,2021-02-13 03:00:00,1.0
DE9,ccgt,2021-02-13 06:00:00,1.0
DE9,ccgt,2021-02-13 09:00:00,1.0
DE9,ccgt,2021-02-13 12:00:00,1.0
DE9,ccgt,2021-02-13 15:00:00,1.0
DE9,ccgt,2021-02-13 18:00:00,1.0
DE9,ccgt,2021-02-13 21:00:00,1.0
DE9,ccgt,2021-02-14 00:00:00,1.0
DE9,ccgt,2021-02-14 03:00:00,1.0
DE9,ccgt,2021-02-14 06:00:00,1.0
DE9,ccgt,2021-02-14 09:00:00,1.0
DE9,ccgt,2021-02-14 12:00:00,1.0
DE9,ccgt,2021-02-14 15:00:00,1.0
DE9,ccgt,2021-02-14 18:00:00,1.0
DE9,ccgt,2021-02-14 21:00:00,1.0
DE9,lignite,2021-01-18 00:00:00,0.0
DE9,lignite,2021-01-18 03:00:00,0.0
DE9,lignite,2021-01-18 06:00:00,0.0
DE9,lignite,2021-01-18 09:00:00,0.0
DE9,lignite,2021-01-18 12:00:00,0.0
DE9,lignite,2021-01-18 15:00:00,0.0
DE9,lignite,2021-01-18 18:00:00,0.0
DE9,lignite,2021-01-18 21:00:00,0.0
DE9,lignite,2021-01-19 00:00:00,0.0
DE9,lignite,2021-01-19 03:00:00,0.0
DE9,lignite,2021-01-19 06:00:00,0.0
DE9,lignite,2021-01-19 09:00:00,0.0
DE9,lignite,2021-01-19 12:00:00,0.0
DE9,lignite,2021-01-19 15:00:00,0.0
DE9,lignite,2021-01-19 18:00:00,0.0
DE9,lignite,2021-01-19 21:00:00,0.0
DE9,lignite,2021-01-20 00:00:00,0.0
DE9,lignite,2021-01-20 03:00:00,0.0
DE9,lignite,2021-01-20 06:00:00,0.0
DE9,lignite,2021-01-20 09:00:00,0.0
DE9,lignite,2021-01-20 12:00:00,0.0
DE9,lignite,2021-01-20 15:00:00,0.0
DE9,lignite,2021-01-20 18:00:00,0.0
DE9,lignite,2021-01-20 21:00:00,0.0
DE9,lignite,2021-01-21 00:00:00,0.0
DE9,lignite,2021-01-21 03:00:00,0.0
DE9,lignite,2021-01-21 06:00:00,0.0
DE9,lignite,2021-01-21 09:00:00,0.0
DE9,lignite,2021-01-21 12:00:00,0.0
DE9,lignite,2021-01-21 15:00:00,0.0
DE9,lignite,2021-01-21 18:00:00,0.0
DE9,lignite,2021-01-21 21:00:00,0.0
DE9,lignite,2021-01-22 00:00:00,0.0
DE9,lignite,2021-01-22 03:00:00,0.0
DE9,lignite,2021-01-22 06:00:00,0.0
DE9,lignite,2021-01-22 09:00:00,0.0
DE9,lignite,2021-01-22 12:00:00,0.0
DE9,lignite,2021-01-22 15:00:00,0.0
DE9,lignite,2021-01-22 18:00:00,0.0
DE9,lignite,2021-01-22 21:00:00,0.0
DE9,lignite,2021-01-23 00:00:00,0.0
DE9,lignite,2021-01-23 03:00:00,0.0
DE9,lignite,2021-01-23 06:00:00,0.0
DE9,lignite,2021-01-23 09:00:00,0.0
DE9,lignite,2021-01-23 12:00:00,0.0
DE9,lignite,2021-01-23 15:00:00,0.0
DE9,lignite,2021-01-23 18:00:00,0.0
DE9,lignite,2021-01-23 21:00:00,0.0
DE9,lignite,2021-01-24 00:00:00,0.0
DE9,lignite,2021-01-24 03:00:00,0.0
DE9,lignite,2021-01-24 06:00:00,0.0
DE9,lignite,2021-01-24 09:00:00,0.0
DE9,lignite,2021-01-24 12:00:00,0.0
DE9,lignite,2021-01-24 15:00:00,0.0
DE9,lignite,2021-01-24 18:00:00,0.0
DE9,lignite,2021-01-24 21:00:00,0.0
DE9,lignite,2021-01-25 00:00:00,0.0
DE9,lignite,2021-01-25 03:00:00,0.0
DE9,lignite,2021-01-25 06:00:00,0.0
DE9,lignite,2021-01-25 09:00:00,0.0
DE9,lignite,2021-01-25 12:00:00,0.0
DE9,lignite,2021-01-25 15:00:00,0.0
DE9,lignite,2021-01-25 18:00:00,0.0
DE9,lignite,2021-01-25 21:00:00,0.0
DE9,lignite,2021-01-26 00:00:00,0.0
DE9,lignite,2021-01-26 03:00:00,0.0
DE9,lignite,2021-01-26 06:00:00,0.0
DE9,lignite,2021-01-26 09:00:00,0.0
DE9,lignite,2021-01-26 12:00:00,0.0
DE9,lignite,2021-01-26 15:00:00,0.0
DE9,lignite,2021-01-26 18:00:00,0.0
DE9,lignite,2021-01-26 21:00:00,0.0
DE9,lignite,2021-01-27 00:00:00,0.0
DE9,lignite,2021-01-27 03:00:00,0.0
DE9,lignite,2021-01-27 06:00:00,0.0
DE9,lignite,2021-01-27 09:00:00,0.0
DE9,lignite,2021-01-27 12:00:00,0.0
DE9,lignite,2021-01-27 15:00:00,0.0
DE9,lignite,2021-01-27 18:00:00,0.0
DE9,lignite,2021-01-27 21:00:00,0.0
DE9,lignite,2021-01-28 00:00:00,0.0
DE9,lignite,2021-01-28 03:00:00,0.0
DE9,lignite,2021-01-28 06:00:00,0.0
DE9,lignite,2021-01-28 09:00:00,0.0
DE9,lignite,2021-01-28 12:00:00,0.0
DE9,lignite,2021-01-28 15:00:00,0.0
DE9,lignite,2021-01-28 18:00:00,0.0
DE9,lignite,2021-01-28 21:00:00,0.0
DE9,lignite,2021-01-29 00:00:00,0.0
DE9,lignite,2021-01-29 03:00:00,0.0
DE9,lignite,2021-01-29 06:00:00,0.0
DE9,lignite,2021-01-29 09:00:00,0.0
DE9,lignite,2021-01-29 12:00:00,0.0
DE9,lignite,2021-01-29 15:00:00,0.0
DE9,lignite,2021-01-29 18:00:00,0.0
DE9,lignite,2021-01-29 21:00:00,0.0
DE9,lignite,2021-01-30 00:00:00,0.0
DE9,lignite,2021-01-30 03:00:00,0.0
DE9,lignite,2021-01-30 06:00:00,0.0
DE9,lignite,2021-01-30 09:00:00,0.0
DE9,lignite,2021-01-30 12:00:00,0.0
DE9,lignite,2021-01-30 15:00:00,0.0
DE9,lignite,2021-01-30 18:00:00,0.0
DE9,lignite,2021-01-30 21:00:00,0.0
DE9,lignite,2021-01-31 00:00:00,0.0
DE9,lignite,2021-01-31 03:00:00,0.0
DE9,lignite,2021-01-31 06:00:00,0.0
DE9,lignite,2021-01-31 09:00:00,0.0
DE9,lignite,2021-01-31 12:00:00,0.0
DE9,lignite,2021-01-31 15:00:00,0.0
DE9,lignite,2021-01-31 18:00:00,0.0
DE9,lignite,2021-01-31 21:00:00,0.0
DE9,lignite,2021-02-01 00:00:00,0.0
DE9,lignite,2021-02-01 03:00:00,0.0
DE9,lignite,2021-02-01 06:00:00,0.0
DE9,lignite,2021-02-01 09:00:00,0.0
DE9,lignite,2021-02-01 12:00:00,0.0
DE9,lignite,2021-02-01 15:00:00,0.0
DE9,lignite,2021-02-01 18:00:00,0.0
DE9,lignite,2021-02-01 21:00:00,0.0
DE9,lignite,2021-02-02 00:00:00,0.0
DE9,lignite,2021-02-02 03:00:00,0.0
DE9,lignite,2021-02-02 06:00:00,0.0
DE9,lignite,2021-02-02 09:00:00,0.0
DE9,lignite,2021-02-02 12:00:00,0.0
DE9,lignite,2021-02-02 15:00:00,0.0
DE9,lignite,2021-02-02 18:00:00,0.0
DE9,lignite,2021-02-02 21:00:00,0.0
DE9,lignite,2021-02-03 00:00:00,0.0
DE9,lignite,2021-02-03 03:00:00,0.0
DE9,lignite,2021-02-03 06:00:00,0.0
DE9,lignite,2021-02-03 09:00:00,0.0
DE9,lignite,2021-02-03 12:00:00,0.0
DE9,lignite,2021-02-03 15:00:00,0.0
DE9,lignite,2021-02-03 18:00:00,0.0
DE9,lignite,2021-02-03 21:00:00,0.0
DE9,lignite,2021-02-04 00:00:00,0.0
DE9,lignite,2021-02-04 03:00:00,0.0
DE9,lignite,2021-02-04 06:00:00,0.0
DE9,lignite,2021-02-04 09:00:00,0.0
DE9,lignite,2021-02-04 12:00:00,0.0
DE9,lignite,2021-02-04 15:00:00,0.0
DE9,lignite,2021-02-04 18:00:00,0.0
DE9,lignite,2021-02-04 21:00:00,0.0
DE9,lignite,2021-02-05 00:00:00,0.0
DE9,lignite,2021-02-05 03:00:00,0.0
DE9,lignite,2021-02-05 06:00:00,0.0
DE9,lignite,2021-02-05 09:00:00,0.0
DE9,lignite,2021-02-05 12:00:00,0.0
DE9,lignite,2021-02-05 15:00:00,0.0
DE9,lignite,2021-02-05 18:00:00,0.0
DE9,lignite,2021-02-05 21:00:00,0.0
DE9,lignite,2021-02-06 00:00:00,0.0
DE9,lignite,2021-02-06 03:00:00,0.0
DE9,lignite,2021-02-06 06:00:00,0.0
DE9,lignite,2021-02-06 09:00:00,0.0
DE9,lignite,2021-02-06 12:00:00,0.0
DE9,lignite,2021-02-06 15:00:00,0.0
DE9,lignite,2021-02-06 18:00:00,0.0
DE9,lignite,2021-02-06 21:00:00,0.0
DE9,lignite,2021-02-07 00:00:00,0.0
DE9,lignite,2021-02-07 03:00:00,0.0
DE9,lignite,2021-02-07 06:00:00,0.0
DE9,lignite,2021-02-07 09:00:00,0.0
DE9,lignite,2021-02-07 12:00:00,0.0
DE9,lignite,2021-02-07 15:00:00,0.0
DE9,lignite,2021-02-07 18:00:00,0.0
DE9,lignite,2021-02-07 21:00:00,0.0
DE9,lignite,2021-02-08 00:00:00,0.0
DE9,lignite,2021-02-08 03:00:00,0.0
DE9,lignite,2021-02-08 06:00:00,0.0
DE9,lignite,2021-02-08 09:00:00,0.0
DE9,lignite,2021-02-08 12:00:00,0.0
DE9,lignite,2021-02-08 15:00:00,0.0
DE9,lignite,2021-02-08 18:00:00,0.0
DE9,lignite,2021-02-08 21:00:00,0.0
DE9,lignite,2021-02-09 00:00:00,0.0
DE9,lignite,2021-02-09 03:00:00,0.0
DE9,lignite,2021-02-09 06:00:00,0.0
DE9,lignite,2021-02-09 09:00:00,0.0
DE9,lignite,2021-02-09 12:00:00,0.0
DE9,lignite,2021-02-09 15:00:00,0.0
DE9,lignite,2021-02-09 18:00:00,0.0
DE9,lignite,2021-02-09 21:00:00,0.0
DE9,lignite,2021-02-10 00:00:00,0.0
DE9,lignite,2021-02-10 03:00:00,0.0
DE9,lignite,2021-02-10 06:00:00,0.0
DE9,lignite,2021-02-10 09:00:00,0.0
DE9,lignite,2021-02-10 12:00:00,0.0
DE9,lignite,2021-02-10 15:00:00,0.0
DE9,lignite,2021-02-10 18:00:00,0.0
DE9,lignite,2021-02-10 21:00:00,0.0
DE9,lignite,2021-02-11 00:00:00,0.0
DE9,lignite,2021-02-11 03:00:00,0.0
DE9,lignite,2021-02-11 06:00:00,0.0
DE9,lignite,2021-02-11 09:00:00,0.0
DE9,lignite,2021-02-11 12:00:00,0.0
DE9,lignite,2021-02-11 15:00:00,0.0
DE9,lignite,2021-02-11 18:00:00,0.0
DE9,lignite,2021-02-11 21:00:00,0.0
DE9,lignite,2021-02-12 00:00:00,0.0
DE9,lignite,2021-02-12 03:00:00,0.0
DE9,lignite,2021-02-12 06:00:00,0.0
DE9,lignite,2021-02-12 09:00:00,0.0
DE9,lignite,2021-02-12 12:00:00,0.0
DE9,lignite,2021-02-12 15:00:00,0.0
DE9,lignite,2021-02-12 18:00:00,0.0
DE9,lignite,2021-02-12 21:00:00,0.0
DE9,lignite,2021-02-13 00:00:00,0.0
DE9,lignite,2021-02-13 03:00:00,0.0
DE9,lignite,2021-02-13 06:00:00,0.0
DE9,lignite,2021-02-13 09:00:00,0.0
DE9,lignite,2021-02-13 12:00:00,0.0
DE9,lignite,2021-02-13 15:00:00,0.0
DE9,lignite,2021-02-13 18:00:00,0.0
DE9,lignite,2021-02-13 21:00:00,0.0
DE9,lignite,2021-02-14 00:00:00,0.0
DE9,lignite,2021-02-14 03:00:00,0.0
DE9,lignite,2021-02-14 06:00:00,0.0
DE9,lignite,2021-02-14 09:00:00,0.0
DE9,lignite,2021-02-14 12:00:00,0.0
DE9,lignite,2021-02-14 15:00:00,0.0
DE9,lignite,2021-02-14 18:00:00,0.0
DE9,lignite,2021-02-14 21:00:00,0.0
DE9,ocgt,2021-01-18 00:00:00,1.0000000000000007
DE9,ocgt,2021-01-18 03:00:00,1.0000000000000007
DE9,ocgt,2021-01-18 06:00:00,1.0000000000000007
DE9,ocgt,2021-01-18 09:00:00,1.0000000000000007
DE9,ocgt,2021-01-18 12:00:00,1.0000000000000007
DE9,ocgt,2021-01-18 15:00:00,1.0000000000000007
DE9,ocgt,2021-01-18 18:00:00,1.0000000000000007
DE9,ocgt,2021-01-18 21:00:00,1.0000000000000007
DE9,ocgt,2021-01-19 00:00:00,1.0000000000000007
DE9,ocgt,2021-01-19 03:00:00,1.0000000000000007
DE9,ocgt,2021-01-19 06:00:00,1.0000000000000007
DE9,ocgt,2021-01-19 09:00:00,1.0000000000000007
DE9,ocgt,2021-01-19 12:00:00,1.0000000000000007
DE9,ocgt,2021-01-19 15:00:00,1.0000000000000007
DE9,ocgt,2021-01-19 18:00:00,1.0000000000000007
DE9,ocgt,2021-01-19 21:00:00,1.0000000000000007
DE9,ocgt,2021-01-20 00:00:00,1.0000000000000007
DE9,ocgt,2021-01-20 03:00:00,1.0000000000000007
DE9,ocgt,2021-01-20 06:00:00,1.0000000000000007
DE9,ocgt,2021-01-20 09:00:00,1.0000000000000007
DE9,ocgt,2021-01-20 12:00:00,1.0000000000000007
DE9,ocgt,2021-01-20 15:00:00,1.0000000000000007
DE9,ocgt,2021-01-20 18:00:00,1.0000000000000007
DE9,ocgt,2021-01-20 21:00:00,1.0000000000000007
DE9,ocgt,2021-01-21 00:00:00,1.0000000000000007
DE9,ocgt,2021-01-21 03:00:00,1.0000000000000007
DE9,ocgt,2021-01-21 06:00:00,1.0000000000000007
DE9,ocgt,2021-01-21 09:00:00,1.0000000000000007
DE9,ocgt,2021-01-21 12:00:00,1.0000000000000007
DE9,ocgt,2021-01-21 15:00:00,1.0000000000000007
DE9,ocgt,2021-01-21 18:00:00,1.0000000000000007
DE9,ocgt,2021-01-21 21:00:00,1.0000000000000007
DE9,ocgt,2021-01-22 00:00:00,1.0000000000000007
DE9,ocgt,2021-01-22 03:00:00,1.0000000000000007
DE9,ocgt,2021-01-22 06:00:00,1.0000000000000007
DE9,ocgt,2021-01-22 09:00:00,1.0000000000000007
DE9,ocgt,2021-01-22 12:00:00,1.0000000000000007
DE9,ocgt,2021-01-22 15:00:00,1.0000000000000007
DE9,ocgt,2021-01-22 18:00:00,1.0000000000000007
DE9,ocgt,2021-01-22 21:00:00,1.0000000000000007
DE9,ocgt,2021-01-23 00:00:00,1.0000000000000007
DE9,ocgt,2021-01-23 03:00:00,1.0000000000000007
DE9,ocgt,2021-01-23 06:00:00,1.0000000000000007
DE9,ocgt,2021-01-23 09:00:00,1.0000000000000007
DE9,ocgt,2021-01-23 12:00:00,1.0000000000000007
DE9,ocgt,2021-01-23 15:00:00,1.0000000000000007
DE9,ocgt,2021-01-23 18:00:00,1.0000000000000007
DE9,ocgt,2021-01-23 21:00:00,1.0000000000000007
DE9,ocgt,2021-01-24 00:00:00,1.0000000000000007
DE9,ocgt,2021-01-24 03:00:00,1.0000000000000007
DE9,ocgt,2021-01-24 06:00:00,1.0000000000000007
DE9,ocgt,2021-01-24 09:00:00,1.0000000000000007
DE9,ocgt,2021-01-24 12:00:00,1.0000000000000007
DE9,ocgt,2021-01-24 15:00:00,1.0000000000000007
DE9,ocgt,2021-01-24 18:00:00,1.0000000000000007
DE9,ocgt,2021-01-24 21:00:00,1.0000000000000007
DE9,ocgt,2021-01-25 00:00:00,1.0000000000000007
DE9,ocgt,2021-01-25 03:00:00,1.0000000000000007
DE9,ocgt,2021-01-25 06:00:00,1.0000000000000007
DE9,ocgt,2021-01-25 09:00:00,1.0000000000000007
DE9,ocgt,2021-01-25 12:00:00,1.0000000000000007
DE9,ocgt,2021-01-25 15:00:00,1.0000000000000007
DE9,ocgt,2021-01-25 18:00:00,1.0000000000000007
DE9,ocgt,2021-01-25 21:00:00,1.0000000000000007
DE9,ocgt,2021-01-26 00:00:00,1.0000000000000007
DE9,ocgt,2021-01-26 03:00:00,1.0000000000000007
DE9,ocgt,2021-01-26 06:00:00,1.0000000000000007
DE9,ocgt,2021-01-26 09:00:00,1.0000000000000007
DE9,ocgt,2021-01-26 12:00:00,1.0000000000000007
DE9,ocgt,2021-01-26 15:00:00,1.0000000000000007
DE9,ocgt,2021-01-26 18:00:00,1.0000000000000007
DE9,ocgt,2021-01-26 21:00:00,1.0000000000000007
DE9,ocgt,2021-01-27 00:00:00,1.0000000000000007
DE9,ocgt,2021-01-27 03:00:00,1.0000000000000007
DE9,ocgt,2021-01-27 06:00:00,1.0000000000000007
DE9,ocgt,2021-01-27 09:00:00,1.0000000000000007
DE9,ocgt,2021-01-27 12:00:00,1.0000000000000007
DE9,ocgt,2021-01-27 15:00:00,1.0000000000000007
DE9,ocgt,2021-01-27 18:00:00,1.0000000000000007
DE9,ocgt,2021-01-27 21:00:00,1.0000000000000007
DE9,ocgt,2021-01-28 00:00:00,1.0000000000000007
DE9,ocgt,2021-01-28 03:00:00,1.0000000000000007
DE9,ocgt,2021-01-28 06:00:00,1.0000000000000007
DE9,ocgt,2021-01-28 09:00:00,1.0000000000000007
DE9,ocgt,2021-01-28 12:00:00,1.0000000000000007
DE9,ocgt,2021-01-28 15:00:00,1.0000000000000007
DE9,ocgt,2021-01-28 18:00:00,1.0000000000000007
DE9,ocgt,2021-01-28 21:00:00,1.0000000000000007
DE9,ocgt,2021-01-29 00:00:00,1.0000000000000007
DE9,ocgt,2021-01-29 03:00:00,1.0000000000000007
DE9,ocgt,2021-01-29 06:00:00,1.0000000000000007
DE9,ocgt,2021-01-29 09:00:00,1.0000000000000007
DE9,ocgt,2021-01-29 12:00:00,1.0000000000000007
DE9,ocgt,2021-01-29 15:00:00,1.0000000000000007
DE9,ocgt,2021-01-29 18:00:00,1.0000000000000007
DE9,ocgt,2021-01-29 21:00:00,1.0000000000000007
DE9,ocgt,2021-01-30 00:00:00,1.0000000000000007
DE9,ocgt,2021-01-30 03:00:00,1.0000000000000007
DE9,ocgt,2021-01-30 06:00:00,1.0000000000000007
DE9,ocgt,2021-01-30 09:00:00,1.0000000000000007
DE9,ocgt,2021-01-30 12:00:00,1.0000000000000007
DE9,ocgt,2021-01-30 15:00:00,1.0000000000000007
DE9,ocgt,2021-01-30 18:00:00,1.0000000000000007
DE9,ocgt,2021-01-30 21:00:00,1.0000000000000007
DE9,ocgt,2021-01-31 00:00:00,1.0000000000000007
DE9,ocgt,2021-01-31 03:00:00,1.0000000000000007
DE9,ocgt,2021-01-31 06:00:00,1.0000000000000007
DE9,ocgt,2021-01-31 09:00:00,1.0000000000000007
DE9,ocgt,2021-01-31 12:00:00,1.0000000000000007
DE9,ocgt,2021-01-31 15:00:00,1.0000000000000007
DE9,ocgt,2021-01-31 18:00:00,1.0000000000000007
DE9,ocgt,2021-01-31 21:00:00,1.0000000000000007
DE9,ocgt,2021-02-01 00:00:00,1.0000000000000007
DE9,ocgt,2021-02-01 03:00:00,1.0000000000000007
DE9,ocgt,2021-02-01 06:00:00,1.0000000000000007
DE9,ocgt,2021-02-01 09:00:00,1.0000000000000007
DE9,ocgt,2021-02-01 12:00:00,1.0000000000000007
DE9,ocgt,2021-02-01 15:00:00,1.0000000000000007
DE9,ocgt,2021-02-01 18:00:00,1.0000000000000007
DE9,ocgt,2021-02-01 21:00:00,1.0000000000000007
DE9,ocgt,2021-02-02 00:00:00,1.0000000000000007
DE9,ocgt,2021-02-02 03:00:00,1.0000000000000007
DE9,ocgt,2021-02-02 06:00:00,1.0000000000000007
DE9,ocgt,2021-02-02 09:00:00,1.0000000000000007
DE9,ocgt,2021-02-02 12:00:00,1.0000000000000007
DE9,ocgt,2021-02-02 15:00:00,1.0000000000000007
DE9,ocgt,2021-02-02 18:00:00,1.0000000000000007
DE9,ocgt,2021-02-02 21:00:00,1.0000000000000007
DE9,ocgt,2021-02-03 00:00:00,1.0000000000000007
DE9,ocgt,2021-02-03 03:00:00,1.0000000000000007
DE9,ocgt,2021-02-03 06:00:00,1.0000000000000007
DE9,ocgt,2021-02-03 09:00:00,1.0000000000000007
DE9,ocgt,2021-02-03 12:00:00,1.0000000000000007
DE9,ocgt,2021-02-03 15:00:00,1.0000000000000007
DE9,ocgt,2021-02-03 18:00:00,1.0000000000000007
DE9,ocgt,2021-02-03 21:00:00,1.0000000000000007
DE9,ocgt,2021-02-04 00:00:00,1.0000000000000007
DE9,ocgt,2021-02-04 03:00:00,1.0000000000000007
DE9,ocgt,2021-02-04 06:00:00,1.0000000000000007
DE9,ocgt,2021-02-04 09:00:00,1.0000000000000007
DE9,ocgt,2021-02-04 12:00:00,1.0000000000000007
DE9,ocgt,2021-02-04 15:00:00,1.0000000000000007
DE9,ocgt,2021-02-04 18:00:00,1.0000000000000007
DE9,ocgt,2021-02-04 21:00:00,1.0000000000000007
DE9,ocgt,2021-02-05 00:00:00,1.0000000000000007
DE9,ocgt,2021-02-05 03:00:00,1.0000000000000007
DE9,ocgt,2021-02-05 06:00:00,1.0000000000000007
DE9,ocgt,2021-02-05 09:00:00,1.0000000000000007
DE9,ocgt,2021-02-05 12:00:00,1.0000000000000007
DE9,ocgt,2021-02-05 15:00:00,1.0000000000000007
DE9,ocgt,2021-02-05 18:00:00,1.0000000000000007
DE9,ocgt,2021-02-05 21:00:00,1.0000000000000007
DE9,ocgt,2021-02-06 00:00:00,1.0000000000000007
DE9,ocgt,2021-02-06 03:00:00,1.0000000000000007
DE9,ocgt,2021-02-06 06:00:00,1.0000000000000007
DE9,ocgt,2021-02-06 09:00:00,1.0000000000000007
DE9,ocgt,2021-02-06 12:00:00,1.0000000000000007
DE9,ocgt,2021-02-06 15:00:00,1.0000000000000007
DE9,ocgt,2021-02-06 18:00:00,1.0000000000000007
DE9,ocgt,2021-02-06 21:00:00,1.0000000000000007
DE9,ocgt,2021-02-07 00:00:00,1.0000000000000007
DE9,ocgt,2021-02-07 03:00:00,1.0000000000000007
DE9,ocgt,2021-02-07 06:00:00,1.0000000000000007
DE9,ocgt,2021-02-07 09:00:00,1.0000000000000007
DE9,ocgt,2021-02-07 12:00:00,1.0000000000000007
DE9,ocgt,2021-02-07 15:00:00,1.0000000000000007
DE9,ocgt,2021-02-07 18:00:00,1.0000000000000007
DE9,ocgt,2021-02-07 21:00:00,1.0000000000000007
DE9,ocgt,2021-02-08 00:00:00,1.0000000000000007
DE9,ocgt,2021-02-08 03:00:00,1.0000000000000007
DE9,ocgt,2021-02-08 06:00:00,1.0000000000000007
DE9,ocgt,2021-02-08 09:00:00,1.0000000000000007
DE9,ocgt,2021-02-08 12:00:00,1.0000000000000007
DE9,ocgt,2021-02-08 15:00:00,1.0000000000000007
DE9,ocgt,2021-02-08 18:00:00,1.0000000000000007
DE9,ocgt,2021-02-08 21:00:00,1.0000000000000007
DE9,ocgt,2021-02-09 00:00:00,1.0000000000000007
DE9,ocgt,2021-02-09 03:00:00,1.0000000000000007
DE9,ocgt,2021-02-09 06:00:00,1.0000000000000007
DE9,ocgt,2021-02-09 09:00:00,1.0000000000000007
DE9,ocgt,2021-02-09 12:00:00,1.0000000000000007
DE9,ocgt,2021-02-09 15:00:00,1.0000000000000007
DE9,ocgt,2021-02-09 18:00:00,1.0000000000000007
DE9,ocgt,2021-02-09 21:00:00,1.0000000000000007
DE9,ocgt,2021-02-10 00:00:00,1.0000000000000007
DE9,ocgt,2021-02-10 03:00:00,1.0000000000000007
DE9,ocgt,2021-02-10 06:00:00,1.0000000000000007
DE9,ocgt,2021-02-10 09:00:00,1.0000000000000007
DE9,ocgt,2021-02-10 12:00:00,1.0000000000000007
DE9,ocgt,2021-02-10 15:00:00,1.0000000000000007
DE9,ocgt,2021-02-10 18:00:00,1.0000000000000007
DE9,ocgt,2021-02-10 21:00:00,1.0000000000000007
DE9,ocgt,2021-02-11 00:00:00,1.0000000000000007
DE9,ocgt,2021-02-11 03:00:00,1.0000000000000007
DE9,ocgt,2021-02-11 06:00:00,1.0000000000000007
DE9,ocgt,2021-02-11 09:00:00,1.0000000000000007
DE9,ocgt,2021-02-11 12:00:00,1.0000000000000007
DE9,ocgt,2021-02-11 15:00:00,1.0000000000000007
DE9,ocgt,2021-02-11 18:00:00,1.0000000000000007
DE9,ocgt,2021-02-11 21:00:00,1.0000000000000007
DE9,ocgt,2021-02-12 00:00:00,1.0000000000000007
DE9,ocgt,2021-02-12 03:00:00,1.0000000000000007
DE9,ocgt,2021-02-12 06:00:00,1.0000000000000007
DE9,ocgt,2021-02-12 09:00:00,1.0000000000000007
DE9,ocgt,2021-02-12 12:00:00,1.0000000000000007
DE9,ocgt,2021-02-12 15:00:00,1.0000000000000007
DE9,ocgt,2021-02-12 18:00:00,1.0000000000000007
DE9,ocgt,2021-02-12 21:00:00,1.0000000000000007
DE9,ocgt,2021-02-13 00:00:00,1.0000000000000007
DE9,ocgt,2021-02-13 03:00:00,1.0000000000000007
DE9,ocgt,2021-02-13 06:00:00,1.0000000000000007
DE9,ocgt,2021-02-13 09:00:00,1.0000000000000007
DE9,ocgt,2021-02-13 12:00:00,1.0000000000000007
DE9,ocgt,2021-02-13 15:00:00,1.0000000000000007
DE9,ocgt,2021-02-13 18:00:00,1.0000000000000007
DE9,ocgt,2021-02-13 21:00:00,1.0000000000000007
DE9,ocgt,2021-02-14 00:00:00,1.0000000000000007
DE9,ocgt,2021-02-14 03:00:00,1.0000000000000007
DE9,ocgt,2021-02-14 06:00:00,1.0000000000000007
DE9,ocgt,2021-02-14 09:00:00,1.0000000000000007
DE9,ocgt,2021-02-14 12:00:00,1.0000000000000007
DE9,ocgt,2021-02-14 15:00:00,1.0000000000000007
DE9,ocgt,2021-02-14 18:00:00,1.0000000000000007
DE9,ocgt,2021-02-14 21:00:00,1.0000000000000007
DE9,oil,2021-01-18 00:00:00,1.0
DE9,oil,2021-01-18 03:00:00,1.0
DE9,oil,2021-01-18 06:00:00,1.0
DE9,oil,2021-01-18 09:00:00,1.0
DE9,oil,2021-01-18 12:00:00,1.0
DE9,oil,2021-01-18 15:00:00,1.0
DE9,oil,2021-01-18 18:00:00,1.0
DE9,oil,2021-01-18 21:00:00,1.0
DE9,oil,2021-01-19 00:00:00,1.0
DE9,oil,2021-01-19 03:00:00,1.0
DE9,oil,2021-01-19 06:00:00,1.0
DE9,oil,2021-01-19 09:00:00,1.0
DE9,oil,2021-01-19 12:00:00,1.0
DE9,oil,2021-01-19 15:00:00,1.0
DE9,oil,2021-01-19 18:00:00,1.0
DE9,oil,2021-01-19 21:00:00,1.0
DE9,oil,2021-01-20 00:00:00,1.0
DE9,oil,2021-01-20 03:00:00,1.0
DE9,oil,2021-01-20 06:00:00,1.0
DE9,oil,2021-01-20 09:00:00,1.0
DE9,oil,2021-01-20 12:00:00,1.0
DE9,oil,2021-01-20 15:00:00,1.0
DE9,oil,2021-01-20 18:00:00,1.0
DE9,oil,2021-01-20 21:00:00,1.0
DE9,oil,2021-01-21 00:00:00,1.0
DE9,oil,2021-01-21 03:00:00,1.0
DE9,oil,2021-01-21 06:00:00,1.0
DE9,oil,2021-01-21 09:00:00,1.0
DE9,oil,2021-01-21 12:00:00,1.0
DE9,oil,2021-01-21 15:00:00,1.0
DE9,oil,2021-01-21 18:00:00,1.0
DE9,oil,2021-01-21 21:00:00,1.0
DE9,oil,2021-01-22 00:00:00,1.0
DE9,oil,2021-01-22 03:00:00,1.0
DE9,oil,2021-01-22 06:00:00,1.0
DE9,oil,2021-01-22 09:00:00,1.0
DE9,oil,2021-01-22 12:00:00,1.0
DE9,oil,2021-01-22 15:00:00,1.0
DE9,oil,2021-01-22 18:00:00,1.0
DE9,oil,2021-01-22 21:00:00,1.0
DE9,oil,2021-01-23 00:00:00,1.0
DE9,oil,2021-01-23 03:00:00,1.0
DE9,oil,2021-01-23 06:00:00,1.0
DE9,oil,2021-01-23 09:00:00,1.0
DE9,oil,2021-01-23 12:00:00,1.0
DE9,oil,2021-01-23 15:00:00,1.0
DE9,oil,2021-01-23 18:00:00,1.0
DE9,oil,2021-01-23 21:00:00,1.0
DE9,oil,2021-01-24 00:00:00,1.0
DE9,oil,2021-01-24 03:00:00,1.0
DE9,oil,2021-01-24 06:00:00,1.0
DE9,oil,2021-01-24 09:00:00,1.0
DE9,oil,2021-01-24 12:00:00,1.0
DE9,oil,2021-01-24 15:00:00,1.0
DE9,oil,2021-01-24 18:00:00,1.0
DE9,oil,2021-01-24 21:00:00,1.0
DE9,oil,2021-01-25 00:00:00,1.0
DE9,oil,2021-01-25 03:00:00,1.0
DE9,oil,2021-01-25 06:00:00,1.0
DE9,oil,2021-01-25 09:00:00,1.0
DE9,oil,2021-01-25 12:00:00,1.0
DE9,oil,2021-01-25 15:00:00,1.0
DE9,oil,2021-01-25 18:00:00,1.0
DE9,oil,2021-01-25 21:00:00,1.0
DE9,oil,2021-01-26 00:00:00,1.0
DE9,oil,2021-01-26 03:00:00,1.0
DE9,oil,2021-01-26 06:00:00,1.0
DE9,oil,2021-01-26 09:00:00,1.0
DE9,oil,2021-01-26 12:00:00,1.0
DE9,oil,2021-01-26 15:00:00,1.0
DE9,oil,2021-01-26 18:00:00,1.0
DE9,oil,2021-01-26 21:00:00,1.0
DE9,oil,2021-01-27 00:00:00,1.0
DE9,oil,2021-01-27 03:00:00,1.0
DE9,oil,2021-01-27 06:00:00,1.0
DE9,oil,2021-01-27 09:00:00,1.0
DE9,oil,2021-01-27 12:00:00,1.0
DE9,oil,2021-01-27 15:00:00,1.0
DE9,oil,2021-01-27 18:00:00,1.0
DE9,oil,2021-01-27 21:00:00,1.0
DE9,oil,2021-01-28 00:00:00,1.0
DE9,oil,2021-01-28 03:00:00,1.0
DE9,oil,2021-01-28 06:00:00,1.0
DE9,oil,2021-01-28 09:00:00,1.0
DE9,oil,2021-01-28 12:00:00,1.0
DE9,oil,2021-01-28 15:00:00,1.0
DE9,oil,2021-01-28 18:00:00,1.0
DE9,oil,2021-01-28 21:00:00,1.0
DE9,oil,2021-01-29 00:00:00,1.0
DE9,oil,2021-01-29 03:00:00,1.0
DE9,oil,2021-01-29 06:00:00,1.0
DE9,oil,2021-01-29 09:00:00,1.0
DE9,oil,2021-01-29 12:00:00,1.0
DE9,oil,2021-01-29 15:00:00,1.0
DE9,oil,2021-01-29 18:00:00,1.0
DE9,oil,2021-01-29 21:00:00,1.0
DE9,oil,2021-01-30 00:00:00,1.0
DE9,oil,2021-01-30 03:00:00,1.0
DE9,oil,2021-01-30 06:00:00,1.0
DE9,oil,2021-01-30 09:00:00,1.0
DE9,oil,2021-01-30 12:00:00,1.0
DE9,oil,2021-01-30 15:00:00,1.0
DE9,oil,2021-01-30 18:00:00,1.0
DE9,oil,2021-01-30 21:00:00,1.0
DE9,oil,2021-01-31 00:00:00,1.0
DE9,oil,2021-01-31 03:00:00,1.0
DE9,oil,2021-01-31 06:00:00,1.0
DE9,oil,2021-01-31 09:00:00,1.0
DE9,oil,2021-01-31 12:00:00,1.0
DE9,oil,2021-01-31 15:00:00,1.0
DE9,oil,2021-01-31 18:00:00,1.0
DE9,oil,2021-01-31 21:00:00,1.0
DE9,oil,2021-02-01 00:00:00,1.0
DE9,oil,2021-02-01 03:00:00,1.0
DE9,oil,2021-02-01 06:00:00,1.0
DE9,oil,2021-02-01 09:00:00,1.0
DE9,oil,2021-02-01 12:00:00,1.0
DE9,oil,2021-02-01 15:00:00,1.0
DE9,oil,2021-02-01 18:00:00,1.0
DE9,oil,2021-02-01 21:00:00,1.0
DE9,oil,2021-02-02 00:00:00,1.0
DE9,oil,2021-02-02 03:00:00,1.0
DE9,oil,2021-02-02 06:00:00,1.0
DE9,oil,2021-02-02 09:00:00,1.0
DE9,oil,2021-02-02 12:00:00,1.0
DE9,oil,2021-02-02 15:00:00,1.0
DE9,oil,2021-02-02 18:00:00,1.0
DE9,oil,2021-02-02 21:00:00,1.0
DE9,oil,2021-02-03 00:00:00,1.0
DE9,oil,2021-02-03 03:00:00,1.0
DE9,oil,2021-02-03 06:00:00,1.0
DE9,oil,2021-02-03 09:00:00,1.0
DE9,oil,2021-02-03 12:00:00,1.0
DE9,oil,2021-02-03 15:00:00,1.0
DE9,oil,2021-02-03 18:00:00,1.0
DE9,oil,2021-02-03 21:00:00,1.0
DE9,oil,2021-02-04 00:00:00,1.0
DE9,oil,2021-02-04 03:00:00,1.0
DE9,oil,2021-02-04 06:00:00,1.0
DE9,oil,2021-02-04 09:00:00,1.0
DE9,oil,2021-02-04 12:00:00,1.0
DE9,oil,2021-02-04 15:00:00,1.0
DE9,oil,2021-02-04 18:00:00,1.0
DE9,oil,2021-02-04 21:00:00,1.0
DE9,oil,2021-02-05 00:00:00,1.0
DE9,oil,2021-02-05 03:00:00,1.0
DE9,oil,2021-02-05 06:00:00,1.0
DE9,oil,2021-02-05 09:00:00,1.0
DE9,oil,2021-02-05 12:00:00,1.0
DE9,oil,2021-02-05 15:00:00,1.0
DE9,oil,2021-02-05 18:00:00,1.0
DE9,oil,2021-02-05 21:00:00,1.0
DE9,oil,2021-02-06 00:00:00,1.0
DE9,oil,2021-02-06 03:00:00,1.0
DE9,oil,2021-02-06 06:00:00,1.0
DE9,oil,2021-02-06 09:00:00,1.0
DE9,oil,2021-02-06 12:00:00,1.0
DE9,oil,2021-02-06 15:00:00,1.0
DE9,oil,2021-02-06 18:00:00,1.0
DE9,oil,2021-02-06 21:00:00,1.0
DE9,oil,2021-02-07 00:00:00,1.0
DE9,oil,2021-02-07 03:00:00,1.0
DE9,oil,2021-02-07 06:00:00,1.0
DE9,oil,2021-02-07 09:00:00,1.0
DE9,oil,2021-02-07 12:00:00,1.0
DE9,oil,2021-02-07 15:00:00,1.0
DE9,oil,2021-02-07 18:00:00,1.0
DE9,oil,2021-02-07 21:00:00,1.0
DE9,oil,2021-02-08 00:00:00,1.0
DE9,oil,2021-02-08 03:00:00,1.0
DE9,oil,2021-02-08 06:00:00,1.0
DE9,oil,2021-02-08 09:00:00,1.0
DE9,oil,2021-02-08 12:00:00,1.0
DE9,oil,2021-02-08 15:00:00,1.0
DE9,oil,2021-02-08 18:00:00,1.0
DE9,oil,2021-02-08 21:00:00,1.0
DE9,oil,2021-02-09 00:00:00,1.0
DE9,oil,2021-02-09 03:00:00,1.0
DE9,oil,2021-02-09 06:00:00,1.0
DE9,oil,2021-02-09 09:00:00,1.0
DE9,oil,2021-02-09 12:00:00,1.0
DE9,oil,2021-02-09 15:00:00,1.0
DE9,oil,2021-02-09 18:00:00,1.0
DE9,oil,2021-02-09 21:00:00,1.0
DE9,oil,2021-02-10 00:00:00,1.0
DE9,oil,2021-02-10 03:00:00,1.0
DE9,oil,2021-02-10 06:00:00,1.0
DE9,oil,2021-02-10 09:00:00,1.0
DE9,oil,2021-02-10 12:00:00,1.0
DE9,oil,2021-02-10 15:00:00,1.0
DE9,oil,2021-02-10 18:00:00,1.0
DE9,oil,2021-02-10 21:00:00,1.0
DE9,oil,2021-02-11 00:00:00,1.0
DE9,oil,2021-02-11 03:00:00,1.0
DE9,oil,2021-02-11 06:00:00,1.0
DE9,oil,2021-02-11 09:00:00,1.0
DE9,oil,2021-02-11 12:00:00,1.0
DE9,oil,2021-02-11 15:00:00,1.0
DE9,oil,2021-02-11 18:00:00,1.0
DE9,oil,2021-02-11 21:00:00,1.0
DE9,oil,2021-02-12 00:00:00,1.0
DE9,oil,2021-02-12 03:00:00,1.0
DE9,oil,2021-02-12 06:00:00,1.0
DE9,oil,2021-02-12 09:00:00,1.0
DE9,oil,2021-02-12 12:00:00,1.0
DE9,oil,2021-02-12 15:00:00,1.0
DE9,oil,2021-02-12 18:00:00,1.0
DE9,oil,2021-02-12 21:00:00,1.0
DE9,oil,2021-02-13 00:00:00,1.0
DE9,oil,2021-02-13 03:00:00,1.0
DE9,oil,2021-02-13 06:00:00,1.0
DE9,oil,2021-02-13 09:00:00,1.0
DE9,oil,2021-02-13 12:00:00,1.0
DE9,oil,2021-02-13 15:00:00,1.0
DE9,oil,2021-02-13 18:00:00,1.0
DE9,oil,2021-02-13 21:00:00,1.0
DE9,oil,2021-02-14 00:00:00,1.0
DE9,oil,2021-02-14 03:00:00,1.0
DE9,oil,2021-02-14 06:00:00,1.0
DE9,oil,2021-02-14 09:00:00,1.0
DE9,oil,2021-02-14 12:00:00,1.0
DE9,oil,2021-02-14 15:00:00,1.0
DE9,oil,2021-02-14 18:00:00,1.0
DE9,oil,2021-02-14 21:00:00,1.0
DE9,onwind,2021-01-18 00:00:00,0.05841399490528229
DE9,onwind,2021-01-18 03:00:00,0.0588077942661928
DE9,onwind,2021-01-18 06:00:00,0.1139402581759699
DE9,onwind,2021-01-18 09:00:00,0.1916904424385345
DE9,onwind,2021-01-18 12:00:00,0.2447931677329178
DE9,onwind,2021-01-18 15:00:00,0.39364511994828566
DE9,onwind,2021-01-18 18:00:00,0.5882147512300397
DE9,onwind,2021-01-18 21:00:00,0.6132635213178429
DE9,onwind,2021-01-19 00:00:00,0.5788920673447545
DE9,onwind,2021-01-19 03:00:00,0.5269603952114137
DE9,onwind,2021-01-19 06:00:00,0.5536747332530704
DE9,onwind,2021-01-19 09:00:00,0.6363685740531134
DE9,onwind,2021-01-19 12:00:00,0.7857544448945706
DE9,onwind,2021-01-19 15:00:00,0.8097942904345699
DE9,onwind,2021-01-19 18:00:00,0.8460006652844206
DE9,onwind,2021-01-19 21:00:00,0.8639422390750422
DE9,onwind,2021-01-20 00:00:00,0.7539779556868486
DE9,onwind,2021-01-20 03:00:00,0.7401300583653486
DE9,onwind,2021-01-20 06:00:00,0.7808138381633628
DE9,onwind,2021-01-20 09:00:00,0.6705720180589777
DE9,onwind,2021-01-20 12:00:00,0.7310828709094449
DE9,onwind,2021-01-20 15:00:00,0.6622467351937785
DE9,onwind,2021-01-20 18:00:00,0.6777688953427448
DE9,onwind,2021-01-20 21:00:00,0.7032829106253453
DE9,onwind,2021-01-21 00:00:00,0.7786662147393576
DE9,onwind,2021-01-21 03:00:00,0.8603950763711318
DE9,onwind,2021-01-21 06:00:00,0.953317339931749
DE9,onwind,2021-01-21 09:00:00,0.9641320260662786
DE9,onwind,2021-01-21 12:00:00,0.8719085237645414
DE9,onwind,2021-01-21 15:00:00,0.8017844216779575
DE9,onwind,2021-01-21 18:00:00,0.7300155783717743
DE9,onwind,2021-01-21 21:00:00,0.84124078558396
DE9,onwind,2021-01-22 00:00:00,0.9409367558040057
DE9,onwind,2021-01-22 03:00:00,0.9591217527328024
DE9,onwind,2021-01-22 06:00:00,0.9647716477095684
DE9,onwind,2021-01-22 09:00:00,0.46599860305685786
DE9,onwind,2021-01-22 12:00:00,0.1773820513201358
DE9,onwind,2021-01-22 15:00:00,0.0706240107118315
DE9,onwind,2021-01-22 18:00:00,0.028343466091407196
DE9,onwind,2021-01-22 21:00:00,0.0480799739488333
DE9,onwind,2021-01-23 00:00:00,0.1650376456871258
DE9,onwind,2021-01-23 03:00:00,0.2143696934068824
DE9,onwind,2021-01-23 06:00:00,0.3028840948272415
DE9,onwind,2021-01-23 09:00:00,0.2611474342612723
DE9,onwind,2021-01-23 12:00:00,0.14924130330097
DE9,onwind,2021-01-23 15:00:00,0.0657366455256126
DE9,onwind,2021-01-23 18:00:00,0.070363643089197
DE9,onwind,2021-01-23 21:00:00,0.0744451244406661
DE9,onwind,2021-01-24 00:00:00,0.0692688646362911
DE9,onwind,2021-01-24 03:00:00,0.0870925013992128
DE9,onwind,2021-01-24 06:00:00,0.1110409759647497
DE9,onwind,2021-01-24 09:00:00,0.1037973210748237
DE9,onwind,2021-01-24 12:00:00,0.0836095658773352
DE9,onwind,2021-01-24 15:00:00,0.0762420907323298
DE9,onwind,2021-01-24 18:00:00,0.1241366135198718
DE9,onwind,2021-01-24 21:00:00,0.1434124173917331
DE9,onwind,2021-01-25 00:00:00,0.12330969161872189
DE9,onwind,2021-01-25 03:00:00,0.085681336772216
DE9,onwind,2021-01-25 06:00:00,0.02939363244392
DE9,onwind,2021-01-25 09:00:00,0.0
DE9,onwind,2021-01-25 12:00:00,0.0117247014345439
DE9,onwind,2021-01-25 15:00:00,0.050710977087900296
DE9,onwind,2021-01-25 18:00:00,0.0735003786490009
DE9,onwind,2021-01-25 21:00:00,0.1117613927720644
DE9,onwind,2021-01-26 00:00:00,0.1496048044918694
DE9,onwind,2021-01-26 03:00:00,0.1433287187176445
DE9,onwind,2021-01-26 06:00:00,0.11459367301125559
DE9,onwind,2021-01-26 09:00:00,0.0370324791461262
DE9,onwind,2021-01-26 12:00:00,0.0267737022689206
DE9,onwind,2021-01-26 15:00:00,0.0449771716776322
DE9,onwind,2021-01-26 18:00:00,0.0887040752479343
DE9,onwind,2021-01-26 21:00:00,0.075209780348799
DE9,onwind,2021-01-27 00:00:00,0.0549181836158649
DE9,onwind,2021-01-27 03:00:00,0.0439379439541701
DE9,onwind,2021-01-27 06:00:00,0.0376974396410152
DE9,onwind,2021-01-27 09:00:00,0.0260833842721582
DE9,onwind,2021-01-27 12:00:00,0.0168272619351758
DE9,onwind,2021-01-27 15:00:00,0.0309666463929611
DE9,onwind,2021-01-27 18:00:00,0.057865114185076096
DE9,onwind,2021-01-27 21:00:00,0.056939904437461795
DE9,onwind,2021-01-28 00:00:00,0.0773179267330262
DE9,onwind,2021-01-28 03:00:00,0.0932757535262035
DE9,onwind,2021-01-28 06:00:00,0.0692134818998058
DE9,onwind,2021-01-28 09:00:00,0.03845881368023
DE9,onwind,2021-01-28 12:00:00,0.0093226157288926
DE9,onwind,2021-01-28 15:00:00,0.0024312087884879
DE9,onwind,2021-01-28 18:00:00,0.0142844236864751
DE9,onwind,2021-01-28 21:00:00,0.0035946333290157
DE9,onwind,2021-01-29 00:00:00,0.0
DE9,onwind,2021-01-29 03:00:00,0.0045907763979362
DE9,onwind,2021-01-29 06:00:00,0.0248160785238649
DE9,onwind,2021-01-29 09:00:00,0.0300742256297378
DE9,onwind,2021-01-29 12:00:00,0.030487065611310402
DE9,onwind,2021-01-29 15:00:00,0.055912150904294494
DE9,onwind,2021-01-29 18:00:00,0.0556733478406584
DE9,onwind,2021-01-29 21:00:00,0.05784493650245049
DE9,onwind,2021-01-30 00:00:00,0.0762285759742572
DE9,onwind,2021-01-30 03:00:00,0.0721316084931646
DE9,onwind,2021-01-30 06:00:00,0.036316022239918
DE9,onwind,2021-01-30 09:00:00,0.0169319641813112
DE9,onwind,2021-01-30 12:00:00,0.0027464171368523
DE9,onwind,2021-01-30 15:00:00,0.0
DE9,onwind,2021-01-30 18:00:00,0.0047419173964572
DE9,onwind,2021-01-30 21:00:00,0.0044588921206839
DE9,onwind,2021-01-31 00:00:00,0.0030635973210291
DE9,onwind,2021-01-31 03:00:00,0.0027908593827752
DE9,onwind,2021-01-31 06:00:00,0.0054359582432952
DE9,onwind,2021-01-31 09:00:00,0.0028054601597094
DE9,onwind,2021-01-31 12:00:00,0.0
DE9,onwind,2021-01-31 15:00:00,0.0083829589543182
DE9,onwind,2021-01-31 18:00:00,0.025693776278739696
DE9,onwind,2021-01-31 21:00:00,0.0330127259369646
DE9,onwind,2021-02-01 00:00:00,0.0379126553104804
DE9,onwind,2021-02-01 03:00:00,0.0502980006043134
DE9,onwind,2021-02-01 06:00:00,0.0588898735948083
DE9,onwind,2021-02-01 09:00:00,0.0398557582413826
DE9,onwind,2021-02-01 12:00:00,0.0248933665849601
DE9,onwind,2021-02-01 15:00:00,0.0345289616571825
DE9,onwind,2021-02-01 18:00:00,0.0406403034723814
DE9,onwind,2021-02-01 21:00:00,0.0386497627471568
DE9,onwind,2021-02-02 00:00:00,0.0429612708300454
DE9,onwind,2021-02-02 03:00:00,0.0431563937603141
DE9,onwind,2021-02-02 06:00:00,0.0352691689722097
DE9,onwind,2021-02-02 09:00:00,0.020794523393006
DE9,onwind,2021-02-02 12:00:00,0.0189871000893005
DE9,onwind,2021-02-02 15:00:00,0.0431383842177112
DE9,onwind,2021-02-02 18:00:00,0.061739071893866
DE9,onwind,2021-02-02 21:00:00,0.0766520583176148
DE9,onwind,2021-02-03 00:00:00,0.0770597115337227
DE9,onwind,2021-02-03 03:00:00,0.1000318525205759
DE9,onwind,2021-02-03 06:00:00,0.0948793089709163
DE9,onwind,2021-02-03 09:00:00,0.0636573535731632
DE9,onwind,2021-02-03 12:00:00,0.0477190451292285
DE9,onwind,2021-02-03 15:00:00,0.0946566935994009
DE9,onwind,2021-02-03 18:00:00,0.1774687739784909
DE9,onwind,2021-02-03 21:00:00,0.1776004023252216
DE9,onwind,2021-02-04 00:00:00,0.1434789952041651
DE9,onwind,2021-02-04 03:00:00,0.11288578110070051
DE9,onwind,2021-02-04 06:00:00,0.0763522513616749
DE9,onwind,2021-02-04 09:00:00,0.0424963176795418
DE9,onwind,2021-02-04 12:00:00,0.0275326684162878
DE9,onwind,2021-02-04 15:00:00,0.0083521824926334
DE9,onwind,2021-02-04 18:00:00,0.0044789088484121
DE9,onwind,2021-02-04 21:00:00,0.0083975365488765
DE9,onwind,2021-02-05 00:00:00,0.0136412913199934
DE9,onwind,2021-02-05 03:00:00,0.0157090765183332
DE9,onwind,2021-02-05 06:00:00,0.0206885221573195
DE9,onwind,2021-02-05 09:00:00,0.015887063190013
DE9,onwind,2021-02-05 12:00:00,0.0183848525577041
DE9,onwind,2021-02-05 15:00:00,0.0295424444621574
DE9,onwind,2021-02-05 18:00:00,0.0362582203742596
DE9,onwind,2021-02-05 21:00:00,0.0309764827774656
DE9,onwind,2021-02-06 00:00:00,0.0345509994454085
DE9,onwind,2021-02-06 03:00:00,0.0506998929583186
DE9,onwind,2021-02-06 06:00:00,0.0714120822094896
DE9,onwind,2021-02-06 09:00:00,0.1070899458374355
DE9,onwind,2021-02-06 12:00:00,0.1509734019123363
DE9,onwind,2021-02-06 15:00:00,0.2319245141362833
DE9,onwind,2021-02-06 18:00:00,0.3160683120416089
DE9,onwind,2021-02-06 21:00:00,0.3813702446121372
DE9,onwind,2021-02-07 00:00:00,0.4240140002072138
DE9,onwind,2021-02-07 03:00:00,0.5318941721710325
DE9,onwind,2021-02-07 06:00:00,0.6059972545317006
DE9,onwind,2021-02-07 09:00:00,0.6534167008806867
DE9,onwind,2021-02-07 12:00:00,0.6256880781368397
DE9,onwind,2021-02-07 15:00:00,0.6779279903622277
DE9,onwind,2021-02-07 18:00:00,0.742220751764166
DE9,onwind,2021-02-07 21:00:00,0.6069040607541749
DE9,onwind,2021-02-08 00:00:00,0.49553591719045265
DE9,onwind,2021-02-08 03:00:00,0.3540079391392624
DE9,onwind,2021-02-08 06:00:00,0.2567339107459264
DE9,onwind,2021-02-08 09:00:00,0.17667193566689543
DE9,onwind,2021-02-08 12:00:00,0.0677937615297959
DE9,onwind,2021-02-08 15:00:00,0.0339822666139206
DE9,onwind,2021-02-08 18:00:00,0.0336132759187382
DE9,onwind,2021-02-08 21:00:00,0.0433439249038188
DE9,onwind,2021-02-09 00:00:00,0.0103610781440722
DE9,onwind,2021-02-09 03:00:00,0.0006857519806696
DE9,onwind,2021-02-09 06:00:00,0.0002095200304431
DE9,onwind,2021-02-09 09:00:00,0.000147851057401
DE9,onwind,2021-02-09 12:00:00,0.000241404668141
DE9,onwind,2021-02-09 15:00:00,0.0050746359882491
DE9,onwind,2021-02-09 18:00:00,0.0066449380246537005
DE9,onwind,2021-02-09 21:00:00,0.0038701836840455
DE9,onwind,2021-02-10 00:00:00,0.0126553335618933
DE9,onwind,2021-02-10 03:00:00,0.0096401852694734
DE9,onwind,2021-02-10 06:00:00,0.0043005087007563
DE9,onwind,2021-02-10 09:00:00,0.001772423736643
DE9,onwind,2021-02-10 12:00:00,0.0313831764237998
DE9,onwind,2021-02-10 15:00:00,0.0655301661278793
DE9,onwind,2021-02-10 18:00:00,0.0596126542053315
DE9,onwind,2021-02-10 21:00:00,0.0673114062506876
DE9,onwind,2021-02-11 00:00:00,0.1002666113528686
DE9,onwind,2021-02-11 03:00:00,0.1317115171749738
DE9,onwind,2021-02-11 06:00:00,0.1526808334944297
DE9,onwind,2021-02-11 09:00:00,0.1564980743131983
DE9,onwind,2021-02-11 12:00:00,0.1559178165763918
DE9,onwind,2021-02-11 15:00:00,0.0839632471793329
DE9,onwind,2021-02-11 18:00:00,0.0717067593842334
DE9,onwind,2021-02-11 21:00:00,0.0393360884167219
DE9,onwind,2021-02-12 00:00:00,0.0097784054870504
DE9,onwind,2021-02-12 03:00:00,0.009367588791607
DE9,onwind,2021-02-12 06:00:00,0.0123782462224342
DE9,onwind,2021-02-12 09:00:00,0.0100675345598161
DE9,onwind,2021-02-12 12:00:00,0.0356873831744717
DE9,onwind,2021-02-12 15:00:00,0.0367116388835509
DE9,onwind,2021-02-12 18:00:00,0.0830088912041513
DE9,onwind,2021-02-12 21:00:00,0.10013607370290202
DE9,onwind,2021-02-13 00:00:00,0.0719635233326375
DE9,onwind,2021-02-13 03:00:00,0.0661025551164938
DE9,onwind,2021-02-13 06:00:00,0.0448349514828697
DE9,onwind,2021-02-13 09:00:00,0.0113855558029205
DE9,onwind,2021-02-13 12:00:00,0.026797490640397097
DE9,onwind,2021-02-13 15:00:00,0.030929508645836802
DE9,onwind,2021-02-13 18:00:00,0.0767972027623585
DE9,onwind,2021-02-13 21:00:00,0.0910829848420151
DE9,onwind,2021-02-14 00:00:00,0.0936494912592231
DE9,onwind,2021-02-14 03:00:00,0.09143802683457189
DE9,onwind,2021-02-14 06:00:00,0.04970934581871779
DE9,onwind,2021-02-14 09:00:00,0.0060235878335277
DE9,onwind,2021-02-14 12:00:00,0.0025279248445779
DE9,onwind,2021-02-14 15:00:00,0.0049569801176565
DE9,onwind,2021-02-14 18:00:00,0.0320516674394148
DE9,onwind,2021-02-14 21:00:00,0.0930919857201211
DE9,solar,2021-01-18 00:00:00,0.0
DE9,solar,2021-01-18 03:00:00,0.0
DE9,solar,2021-01-18 06:00:00,0.0227668300724237
DE9,solar,2021-01-18 09:00:00,0.0678704056755525
DE9,solar,2021-01-18 12:00:00,0.0690656424437872
DE9,solar,2021-01-18 15:00:00,0.0
DE9,solar,2021-01-18 18:00:00,0.0
DE9,solar,2021-01-18 21:00:00,0.0
DE9,solar,2021-01-19 00:00:00,0.0
DE9,solar,2021-01-19 03:00:00,0.0
DE9,solar,2021-01-19 06:00:00,0.0153338507867529
DE9,solar,2021-01-19 09:00:00,0.0705886660810656
DE9,solar,2021-01-19 12:00:00,0.0348870149812837
DE9,solar,2021-01-19 15:00:00,0.0
DE9,solar,2021-01-19 18:00:00,0.0
DE9,solar,2021-01-19 21:00:00,0.0
DE9,solar,2021-01-20 00:00:00,0.0
DE9,solar,2021-01-20 03:00:00,0.0
DE9,solar,2021-01-20 06:00:00,0.0366102120850116
DE9,solar,2021-01-20 09:00:00,0.20762192157923787
DE9,solar,2021-01-20 12:00:00,0.168392932988962
DE9,solar,2021-01-20 15:00:00,2.993514570795202e-07
DE9,solar,2021-01-20 18:00:00,0.0
DE9,solar,2021-01-20 21:00:00,0.0
DE9,solar,2021-01-21 00:00:00,0.0
DE9,solar,2021-01-21 03:00:00,0.0
DE9,solar,2021-01-21 06:00:00,0.0734294084572984
DE9,solar,2021-01-21 09:00:00,0.3633044762101749
DE9,solar,2021-01-21 12:00:00,0.17668900791516473
DE9,solar,2021-01-21 15:00:00,5.063081771676137e-06
DE9,solar,2021-01-21 18:00:00,0.0
DE9,solar,2021-01-21 21:00:00,0.0
DE9,solar,2021-01-22 00:00:00,0.0
DE9,solar,2021-01-22 03:00:00,0.0
DE9,solar,2021-01-22 06:00:00,0.04193250373517729
DE9,solar,2021-01-22 09:00:00,0.1524114878575573
DE9,solar,2021-01-22 12:00:00,0.051278566891702106
DE9,solar,2021-01-22 15:00:00,4.121334776189723e-06
DE9,solar,2021-01-22 18:00:00,0.0
DE9,solar,2021-01-22 21:00:00,0.0
DE9,solar,2021-01-23 00:00:00,0.0
DE9,solar,2021-01-23 03:00:00,0.0
DE9,solar,2021-01-23 06:00:00,0.005344498455256
DE9,solar,2021-01-23 09:00:00,0.0481393356924511
DE9,solar,2021-01-23 12:00:00,0.0557205350464989
DE9,solar,2021-01-23 15:00:00,2.877917886555536e-05
DE9,solar,2021-01-23 18:00:00,0.0
DE9,solar,2021-01-23 21:00:00,0.0
DE9,solar,2021-01-24 00:00:00,0.0
DE9,solar,2021-01-24 03:00:00,0.0
DE9,solar,2021-01-24 06:00:00,0.0135066716162044
DE9,solar,2021-01-24 09:00:00,0.0745764321519935
DE9,solar,2021-01-24 12:00:00,0.0570488035076969
DE9,solar,2021-01-24 15:00:00,6.102644192698816e-05
DE9,solar,2021-01-24 18:00:00,0.0
DE9,solar,2021-01-24 21:00:00,0.0
DE9,solar,2021-01-25 00:00:00,0.0
DE9,solar,2021-01-25 03:00:00,0.0
DE9,solar,2021-01-25 06:00:00,0.0385400728177341
DE9,solar,2021-01-25 09:00:00,0.18228387192607257
DE9,solar,2021-01-25 12:00:00,0.1526512661648017
DE9,solar,2021-01-25 15:00:00,0.0
DE9,solar,2021-01-25 18:00:00,0.0
DE9,solar,2021-01-25 21:00:00,0.0
DE9,solar,2021-01-26 00:00:00,0.0
DE9,solar,2021-01-26 03:00:00,0.0
DE9,solar,2021-01-26 06:00:00,0.0191071686609298
DE9,solar,2021-01-26 09:00:00,0.0370357020232337
DE9,solar,2021-01-26 12:00:00,0.0166304421614367
DE9,solar,2021-01-26 15:00:00,0.0
DE9,solar,2021-01-26 18:00:00,0.0
DE9,solar,2021-01-26 21:00:00,0.0
DE9,solar,2021-01-27 00:00:00,0.0
DE9,solar,2021-01-27 03:00:00,0.0
DE9,solar,2021-01-27 06:00:00,0.0059766553348651
DE9,solar,2021-01-27 09:00:00,0.0367157645123963
DE9,solar,2021-01-27 12:00:00,0.0385329234542919
DE9,solar,2021-01-27 15:00:00,0.0
DE9,solar,2021-01-27 18:00:00,0.0
DE9,solar,2021-01-27 21:00:00,0.0
DE9,solar,2021-01-28 00:00:00,0.0
DE9,solar,2021-01-28 03:00:00,0.0
DE9,solar,2021-01-28 06:00:00,0.0020524671095966
DE9,solar,2021-01-28 09:00:00,0.0091472411215911
DE9,solar,2021-01-28 12:00:00,0.0082840085830867
DE9,solar,2021-01-28 15:00:00,0.0
DE9,solar,2021-01-28 18:00:00,0.0
DE9,solar,2021-01-28 21:00:00,0.0
DE9,solar,2021-01-29 00:00:00,0.0
DE9,solar,2021-01-29 03:00:00,0.0
DE9,solar,2021-01-29 06:00:00,0.0025917830902823006
DE9,solar,2021-01-29 09:00:00,0.0147947169087031
DE9,solar,2021-01-29 12:00:00,0.0102030993317724
DE9,solar,2021-01-29 15:00:00,0.0
DE9,solar,2021-01-29 18:00:00,0.0
DE9,solar,2021-01-29 21:00:00,0.0
DE9,solar,2021-01-30 00:00:00,0.0
DE9,solar,2021-01-30 03:00:00,0.0
DE9,solar,2021-01-30 06:00:00,0.0034809331421043997
DE9,solar,2021-01-30 09:00:00,0.0094062567376765
DE9,solar,2021-01-30 12:00:00,0.0129268383079285
DE9,solar,2021-01-30 15:00:00,0.0
DE9,solar,2021-01-30 18:00:00,0.0
DE9,solar,2021-01-30 21:00:00,0.0
DE9,solar,2021-01-31 00:00:00,0.0
DE9,solar,2021-01-31 03:00:00,0.0
DE9,solar,2021-01-31 06:00:00,0.013427351815551101
DE9,solar,2021-01-31 09:00:00,0.060499298519300894
DE9,solar,2021-01-31 12:00:00,0.0515034167502796
DE9,solar,2021-01-31 15:00:00,0.0021362792193585
DE9,solar,2021-01-31 18:00:00,0.0
DE9,solar,2021-01-31 21:00:00,0.0
DE9,solar,2021-02-01 00:00:00,0.0
DE9,solar,2021-02-01 03:00:00,0.0
DE9,solar,2021-02-01 06:00:00,0.0099204241599769
DE9,solar,2021-02-01 09:00:00,0.0369054866121695
DE9,solar,2021-02-01 12:00:00,0.0237121468761487
DE9,solar,2021-02-01 15:00:00,0.0
DE9,solar,2021-02-01 18:00:00,0.0
DE9,solar,2021-02-01 21:00:00,0.0
DE9,solar,2021-02-02 00:00:00,0.0
DE9,solar,2021-02-02 03:00:00,0.0
DE9,solar,2021-02-02 06:00:00,0.0047751830090031
DE9,solar,2021-02-02 09:00:00,0.017298393043419
DE9,solar,2021-02-02 12:00:00,0.0121028190310524
DE9,solar,2021-02-02 15:00:00,0.0
DE9,solar,2021-02-02 18:00:00,0.0
DE9,solar,2021-02-02 21:00:00,0.0
DE9,solar,2021-02-03 00:00:00,0.0
DE9,solar,2021-02-03 03:00:00,0.0
DE9,solar,2021-02-03 06:00:00,0.0077865964714288
DE9,solar,2021-02-03 09:00:00,0.0176982914732378
DE9,solar,2021-02-03 12:00:00,0.0172433387404269
DE9,solar,2021-02-03 15:00:00,0.0
DE9,solar,2021-02-03 18:00:00,0.0
DE9,solar,2021-02-03 21:00:00,0.0
DE9,solar,2021-02-04 00:00:00,0.0
DE9,solar,2021-02-04 03:00:00,0.0
DE9,solar,2021-02-04 06:00:00,0.005484993274524999
DE9,solar,2021-02-04 09:00:00,0.019988397804743
DE9,solar,2021-02-04 12:00:00,0.0209769201413869
DE9,solar,2021-02-04 15:00:00,0.0
DE9,solar,2021-02-04 18:00:00,0.0
DE9,solar,2021-02-04 21:00:00,0.0
DE9,solar,2021-02-05 00:00:00,0.0
DE9,solar,2021-02-05 03:00:00,0.0
DE9,solar,2021-02-05 06:00:00,0.005807128734440001
DE9,solar,2021-02-05 09:00:00,0.021806024771099598
DE9,solar,2021-02-05 12:00:00,0.011929924286133
DE9,solar,2021-02-05 15:00:00,0.0
DE9,solar,2021-02-05 18:00:00,0.0
DE9,solar,2021-02-05 21:00:00,0.0
DE9,solar,2021-02-06 00:00:00,0.0
DE9,solar,2021-02-06 03:00:00,0.0
DE9,solar,2021-02-06 06:00:00,0.0047557155072449
DE9,solar,2021-02-06 09:00:00,0.024846899679672605
DE9,solar,2021-02-06 12:00:00,0.0270780390959974
DE9,solar,2021-02-06 15:00:00,0.0
DE9,solar,2021-02-06 18:00:00,0.0
DE9,solar,2021-02-06 21:00:00,0.0
DE9,solar,2021-02-07 00:00:00,0.0
DE9,solar,2021-02-07 03:00:00,0.0
DE9,solar,2021-02-07 06:00:00,0.0202183283887452
DE9,solar,2021-02-07 09:00:00,0.09523486740559518
DE9,solar,2021-02-07 12:00:00,0.0461576378257779
DE9,solar,2021-02-07 15:00:00,0.0
DE9,solar,2021-02-07 18:00:00,0.0
DE9,solar,2021-02-07 21:00:00,0.0
DE9,solar,2021-02-08 00:00:00,0.0
DE9,solar,2021-02-08 03:00:00,0.0
DE9,solar,2021-02-08 06:00:00,0.0151310036086017
DE9,solar,2021-02-08 09:00:00,0.0776537956100623
DE9,solar,2021-02-08 12:00:00,0.0621029820266567
DE9,solar,2021-02-08 15:00:00,0.0049489172250818
DE9,solar,2021-02-08 18:00:00,0.0
DE9,solar,2021-02-08 21:00:00,0.0
DE9,solar,2021-02-09 00:00:00,0.0
DE9,solar,2021-02-09 03:00:00,0.0
DE9,solar,2021-02-09 06:00:00,0.0504714358964207
DE9,solar,2021-02-09 09:00:00,0.1469543477334529
DE9,solar,2021-02-09 12:00:00,0.1141581397907711
DE9,solar,2021-02-09 15:00:00,0.0112548196076917
DE9,solar,2021-02-09 18:00:00,0.0
DE9,solar,2021-02-09 21:00:00,0.0
DE9,solar,2021-02-10 00:00:00,0.0
DE9,solar,2021-02-10 03:00:00,0.0
DE9,solar,2021-02-10 06:00:00,0.0771013353628179
DE9,solar,2021-02-10 09:00:00,0.2677542090851445
DE9,solar,2021-02-10 12:00:00,0.1420388212425066
DE9,solar,2021-02-10 15:00:00,0.0096682002704138
DE9,solar,2021-02-10 18:00:00,0.0
DE9,solar,2021-02-10 21:00:00,0.0
DE9,solar,2021-02-11 00:00:00,0.0
DE9,solar,2021-02-11 03:00:00,0.0
DE9,solar,2021-02-11 06:00:00,0.0539531978188969
DE9,solar,2021-02-11 09:00:00,0.1356240958014572
DE9,solar,2021-02-11 12:00:00,0.0778034597580466
DE9,solar,2021-02-11 15:00:00,0.0097251430787628
DE9,solar,2021-02-11 18:00:00,0.0
DE9,solar,2021-02-11 21:00:00,0.0
DE9,solar,2021-02-12 00:00:00,0.0
DE9,solar,2021-02-12 03:00:00,0.0
DE9,solar,2021-02-12 06:00:00,0.0529563527438093
DE9,solar,2021-02-12 09:00:00,0.1222026167231029
DE9,solar,2021-02-12 12:00:00,0.09196029607442731
DE9,solar,2021-02-12 15:00:00,0.0149339749643854
DE9,solar,2021-02-12 18:00:00,0.0
DE9,solar,2021-02-12 21:00:00,0.0
DE9,solar,2021-02-13 00:00:00,0.0
DE9,solar,2021-02-13 03:00:00,0.0
DE9,solar,2021-02-13 06:00:00,0.0737183654704272
DE9,solar,2021-02-13 09:00:00,0.1724742717555135
DE9,solar,2021-02-13 12:00:00,0.11793198460633808
DE9,solar,2021-02-13 15:00:00,0.0128500166347701
DE9,solar,2021-02-13 18:00:00,0.0
DE9,solar,2021-02-13 21:00:00,0.0
DE9,solar,2021-02-14 00:00:00,0.0
DE9,solar,2021-02-14 03:00:00,0.0
DE9,solar,2021-02-14 06:00:00,0.10800478417662651
DE9,solar,2021-02-14 09:00:00,0.3279771318076971
DE9,solar,2021-02-14 12:00:00,0.2777635651095634
DE9,solar,2021-02-14 15:00:00,0.0341381559306074
DE9,solar,2021-02-14 18:00:00,0.0
DE9,solar,2021-02-14 21:00:00,0.0
DE9,waste,2021-01-18 00:00:00,1.0
DE9,waste,2021-01-18 03:00:00,1.0
DE9,waste,2021-01-18 06:00:00,1.0
DE9,waste,2021-01-18 09:00:00,1.0
DE9,waste,2021-01-18 12:00:00,1.0
DE9,waste,2021-01-18 15:00:00,1.0
DE9,waste,2021-01-18 18:00:00,1.0
DE9,waste,2021-01-18 21:00:00,1.0
DE9,waste,2021-01-19 00:00:00,1.0
DE9,waste,2021-01-19 03:00:00,1.0
DE9,waste,2021-01-19 06:00:00,1.0
DE9,waste,2021-01-19 09:00:00,1.0
DE9,waste,2021-01-19 12:00:00,1.0
DE9,waste,2021-01-19 15:00:00,1.0
DE9,waste,2021-01-19 18:00:00,1.0
DE9,waste,2021-01-19 21:00:00,1.0
DE9,waste,2021-01-20 00:00:00,1.0
DE9,waste,2021-01-20 03:00:00,1.0
DE9,waste,2021-01-20 06:00:00,1.0
DE9,waste,2021-01-20 09:00:00,1.0
DE9,waste,2021-01-20 12:00:00,1.0
DE9,waste,2021-01-20 15:00:00,1.0
DE9,waste,2021-01-20 18:00:00,1.0
DE9,waste,2021-01-20 21:00:00,1.0
DE9,waste,2021-01-21 00:00:00,1.0
DE9,waste,2021-01-21 03:00:00,1.0
DE9,waste,2021-01-21 06:00:00,1.0
DE9,waste,2021-01-21 09:00:00,1.0
DE9,waste,2021-01-21 12:00:00,1.0
DE9,waste,2021-01-21 15:00:00,1.0
DE9,waste,2021-01-21 18:00:00,1.0
DE9,waste,2021-01-21 21:00:00,1.0
DE9,waste,2021-01-22 00:00:00,1.0
DE9,waste,2021-01-22 03:00:00,1.0
DE9,waste,2021-01-22 06:00:00,1.0
DE9,waste,2021-01-22 09:00:00,1.0
DE9,waste,2021-01-22 12:00:00,1.0
DE9,waste,2021-01-22 15:00:00,1.0
DE9,waste,2021-01-22 18:00:00,1.0
DE9,waste,2021-01-22 21:00:00,1.0
DE9,waste,2021-01-23 00:00:00,1.0
DE9,waste,2021-01-23 03:00:00,1.0
DE9,waste,2021-01-23 06:00:00,1.0
DE9,waste,2021-01-23 09:00:00,1.0
DE9,waste,2021-01-23 12:00:00,1.0
DE9,waste,2021-01-23 15:00:00,1.0
DE9,waste,2021-01-23 18:00:00,1.0
DE9,waste,2021-01-23 21:00:00,1.0
DE9,waste,2021-01-24 00:00:00,1.0
DE9,waste,2021-01-24 03:00:00,1.0
DE9,waste,2021-01-24 06:00:00,1.0
DE9,waste,2021-01-24 09:00:00,1.0
DE9,waste,2021-01-24 12:00:00,1.0
DE9,waste,2021-01-24 15:00:00,1.0
DE9,waste,2021-01-24 18:00:00,1.0
DE9,waste,2021-01-24 21:00:00,1.0
DE9,waste,2021-01-25 00:00:00,1.0
DE9,waste,2021-01-25 03:00:00,1.0
DE9,waste,2021-01-25 06:00:00,1.0
DE9,waste,2021-01-25 09:00:00,1.0
DE9,waste,2021-01-25 12:00:00,1.0
DE9,waste,2021-01-25 15:00:00,1.0
DE9,waste,2021-01-25 18:00:00,1.0
DE9,waste,2021-01-25 21:00:00,1.0
DE9,waste,2021-01-26 00:00:00,1.0
DE9,waste,2021-01-26 03:00:00,1.0
DE9,waste,2021-01-26 06:00:00,1.0
DE9,waste,2021-01-26 09:00:00,1.0
DE9,waste,2021-01-26 12:00:00,1.0
DE9,waste,2021-01-26 15:00:00,1.0
DE9,waste,2021-01-26 18:00:00,1.0
DE9,waste,2021-01-26 21:00:00,1.0
DE9,waste,2021-01-27 00:00:00,1.0
DE9,waste,2021-01-27 03:00:00,1.0
DE9,waste,2021-01-27 06:00:00,1.0
DE9,waste,2021-01-27 09:00:00,1.0
DE9,waste,2021-01-27 12:00:00,1.0
DE9,waste,2021-01-27 15:00:00,1.0
DE9,waste,2021-01-27 18:00:00,1.0
DE9,waste,2021-01-27 21:00:00,1.0
DE9,waste,2021-01-28 00:00:00,1.0
DE9,waste,2021-01-28 03:00:00,1.0
DE9,waste,2021-01-28 06:00:00,1.0
DE9,waste,2021-01-28 09:00:00,1.0
DE9,waste,2021-01-28 12:00:00,1.0
DE9,waste,2021-01-28 15:00:00,1.0
DE9,waste,2021-01-28 18:00:00,1.0
DE9,waste,2021-01-28 21:00:00,1.0
DE9,waste,2021-01-29 00:00:00,1.0
DE9,waste,2021-01-29 03:00:00,1.0
DE9,waste,2021-01-29 06:00:00,1.0
DE9,waste,2021-01-29 09:00:00,1.0
DE9,waste,2021-01-29 12:00:00,1.0
DE9,waste,2021-01-29 15:00:00,1.0
DE9,waste,2021-01-29 18:00:00,1.0
DE9,waste,2021-01-29 21:00:00,1.0
DE9,waste,2021-01-30 00:00:00,1.0
DE9,waste,2021-01-30 03:00:00,1.0
DE9,waste,2021-01-30 06:00:00,1.0
DE9,waste,2021-01-30 09:00:00,1.0
DE9,waste,2021-01-30 12:00:00,1.0
DE9,waste,2021-01-30 15:00:00,1.0
DE9,waste,2021-01-30 18:00:00,1.0
DE9,waste,2021-01-30 21:00:00,1.0
DE9,waste,2021-01-31 00:00:00,1.0
DE9,waste,2021-01-31 03:00:00,1.0
DE9,waste,2021-01-31 06:00:00,1.0
DE9,waste,2021-01-31 09:00:00,1.0
DE9,waste,2021-01-31 12:00:00,1.0
DE9,waste,2021-01-31 15:00:00,1.0
DE9,waste,2021-01-31 18:00:00,1.0
DE9,waste,2021-01-31 21:00:00,1.0
DE9,waste,2021-02-01 00:00:00,1.0
DE9,waste,2021-02-01 03:00:00,1.0
DE9,waste,2021-02-01 06:00:00,1.0
DE9,waste,2021-02-01 09:00:00,1.0
DE9,waste,2021-02-01 12:00:00,1.0
DE9,waste,2021-02-01 15:00:00,1.0
DE9,waste,2021-02-01 18:00:00,1.0
DE9,waste,2021-02-01 21:00:00,1.0
DE9,waste,2021-02-02 00:00:00,1.0
DE9,waste,2021-02-02 03:00:00,1.0
DE9,waste,2021-02-02 06:00:00,1.0
DE9,waste,2021-02-02 09:00:00,1.0
DE9,waste,2021-02-02 12:00:00,1.0
DE9,waste,2021-02-02 15:00:00,1.0
DE9,waste,2021-02-02 18:00:00,1.0
DE9,waste,2021-02-02 21:00:00,1.0
DE9,waste,2021-02-03 00:00:00,1.0
DE9,waste,2021-02-03 03:00:00,1.0
DE9,waste,2021-02-03 06:00:00,1.0
DE9,waste,2021-02-03 09:00:00,1.0
DE9,waste,2021-02-03 12:00:00,1.0
DE9,waste,2021-02-03 15:00:00,1.0
DE9,waste,2021-02-03 18:00:00,1.0
DE9,waste,2021-02-03 21:00:00,1.0
DE9,waste,2021-02-04 00:00:00,1.0
DE9,waste,2021-02-04 03:00:00,1.0
DE9,waste,2021-02-04 06:00:00,1.0
DE9,waste,2021-02-04 09:00:00,1.0
DE9,waste,2021-02-04 12:00:00,1.0
DE9,waste,2021-02-04 15:00:00,1.0
DE9,waste,2021-02-04 18:00:00,1.0
DE9,waste,2021-02-04 21:00:00,1.0
DE9,waste,2021-02-05 00:00:00,1.0
DE9,waste,2021-02-05 03:00:00,1.0
DE9,waste,2021-02-05 06:00:00,1.0
DE9,waste,2021-02-05 09:00:00,1.0
DE9,waste,2021-02-05 12:00:00,1.0
DE9,waste,2021-02-05 15:00:00,1.0
DE9,waste,2021-02-05 18:00:00,1.0
DE9,waste,2021-02-05 21:00:00,1.0
DE9,waste,2021-02-06 00:00:00,1.0
DE9,waste,2021-02-06 03:00:00,1.0
DE9,waste,2021-02-06 06:00:00,1.0
DE9,waste,2021-02-06 09:00:00,1.0
DE9,waste,2021-02-06 12:00:00,1.0
DE9,waste,2021-02-06 15:00:00,1.0
DE9,waste,2021-02-06 18:00:00,1.0
DE9,waste,2021-02-06 21:00:00,1.0
DE9,waste,2021-02-07 00:00:00,1.0
DE9,waste,2021-02-07 03:00:00,1.0
DE9,waste,2021-02-07 06:00:00,1.0
DE9,waste,2021-02-07 09:00:00,1.0
DE9,waste,2021-02-07 12:00:00,1.0
DE9,waste,2021-02-07 15:00:00,1.0
DE9,waste,2021-02-07 18:00:00,1.0
DE9,waste,2021-02-07 21:00:00,1.0
DE9,waste,2021-02-08 00:00:00,1.0
DE9,waste,2021-02-08 03:00:00,1.0
DE9,waste,2021-02-08 06:00:00,1.0
DE9,waste,2021-02-08 09:00:00,1.0
DE9,waste,2021-02-08 12:00:00,1.0
DE9,waste,2021-02-08 15:00:00,1.0
DE9,waste,2021-02-08 18:00:00,1.0
DE9,waste,2021-02-08 21:00:00,1.0
DE9,waste,2021-02-09 00:00:00,1.0
DE9,waste,2021-02-09 03:00:00,1.0
DE9,waste,2021-02-09 06:00:00,1.0
DE9,waste,2021-02-09 09:00:00,1.0
DE9,waste,2021-02-09 12:00:00,1.0
DE9,waste,2021-02-09 15:00:00,1.0
DE9,waste,2021-02-09 18:00:00,1.0
DE9,waste,2021-02-09 21:00:00,1.0
DE9,waste,2021-02-10 00:00:00,1.0
DE9,waste,2021-02-10 03:00:00,1.0
DE9,waste,2021-02-10 06:00:00,1.0
DE9,waste,2021-02-10 09:00:00,1.0
DE9,waste,2021-02-10 12:00:00,1.0
DE9,waste,2021-02-10 15:00:00,1.0
DE9,waste,2021-02-10 18:00:00,1.0
DE9,waste,2021-02-10 21:00:00,1.0
DE9,waste,2021-02-11 00:00:00,1.0
DE9,waste,2021-02-11 03:00:00,1.0
DE9,waste,2021-02-11 06:00:00,1.0
DE9,waste,2021-02-11 09:00:00,1.0
DE9,waste,2021-02-11 12:00:00,1.0
DE9,waste,2021-02-11 15:00:00,1.0
DE9,waste,2021-02-11 18:00:00,1.0
DE9,waste,2021-02-11 21:00:00,1.0
DE9,waste,2021-02-12 00:00:00,1.0
DE9,waste,2021-02-12 03:00:00,1.0
DE9,waste,2021-02-12 06:00:00,1.0
DE9,waste,2021-02-12 09:00:00,1.0
DE9,waste,2021-02-12 12:00:00,1.0
DE9,waste,2021-02-12 15:00:00,1.0
DE9,waste,2021-02-12 18:00:00,1.0
DE9,waste,2021-02-12 21:00:00,1.0
DE9,waste,2021-02-13 00:00:00,1.0
DE9,waste,2021-02-13 03:00:00,1.0
DE9,waste,2021-02-13 06:00:00,1.0
DE9,waste,2021-02-13 09:00:00,1.0
DE9,waste,2021-02-13 12:00:00,1.0
DE9,waste,2021-02-13 15:00:00,1.0
DE9,waste,2021-02-13 18:00:00,1.0
DE9,waste,2021-02-13 21:00:00,1.0
DE9,waste,2021-02-14 00:00:00,1.0
DE9,waste,2021-02-14 03:00:00,1.0
DE9,waste,2021-02-14 06:00:00,1.0
DE9,waste,2021-02-14 09:00:00,1.0
DE9,waste,2021-02-14 12:00:00,1.0
DE9,waste,2021-02-14 15:00:00,1.0
DE9,waste,2021-02-14 18:00:00,1.0
DE9,waste,2021-02-14 21:00:00,1.0
