bus,tech,timestamp,p_max_pu
DE0,onwind,2021-01-25 00:00:00,0.42
DE0,offwind,2021-01-25 00:00:00,0.462
DE0,solar,2021-01-25 00:00:00,0.0
DE0,ocgt,2021-01-25 00:00:00,1.0
DE0,ccgt,2021-01-25 00:00:00,1.0
DE1,onwind,2021-01-25 00:00:00,0.42
DE1,offwind,2021-01-25 00:00:00,0.462
DE1,solar,2021-01-25 00:00:00,0.0
DE1,ocgt,2021-01-25 00:00:00,1.0
DE1,ccgt,2021-01-25 00:00:00,1.0
DE2,onwind,2021-01-25 00:00:00,0.42
DE2,offwind,2021-01-25 00:00:00,0.462
DE2,solar,2021-01-25 00:00:00,0.0
DE2,ocgt,2021-01-25 00:00:00,1.0
DE2,ccgt,2021-01-25 00:00:00,1.0
DE3,onwind,2021-01-25 00:00:00,0.2975
DE3,offwind,2021-01-25 00:00:00,0.3272
DE3,solar,2021-01-25 00:00:00,0.0
DE3,ocgt,2021-01-25 00:00:00,1.0
DE3,ccgt,2021-01-25 00:00:00,1.0
DE4,onwind,2021-01-25 00:00:00,0.2975
DE4,offwind,2021-01-25 00:00:00,0.3272
DE4,solar,2021-01-25 00:00:00,0.0
DE4,ocgt,2021-01-25 00:00:00,1.0
DE4,ccgt,2021-01-25 00:00:00,1.0
DE5,onwind,2021-01-25 00:00:00,0.2975
DE5,offwind,2021-01-25 00:00:00,0.3272
DE5,solar,2021-01-25 00:00:00,0.0
DE5,ocgt,2021-01-25 00:00:00,1.0
DE5,ccgt,2021-01-25 00:00:00,1.0
DE6,onwind,2021-01-25 00:00:00,0.2975
DE6,offwind,2021-01-25 00:00:00,0.3272
DE6,solar,2021-01-25 00:00:00,0.0
DE6,ocgt,2021-01-25 00:00:00,1.0
DE6,ccgt,2021-01-25 00:00:00,1.0
DE7,onwind,2021-01-25 00:00:00,0.2975
DE7,offwind,2021-01-25 00:00:00,0.3272
DE7,solar,2021-01-25 00:00:00,0.0
DE7,ocgt,2021-01-25 00:00:00,1.0
DE7,ccgt,2021-01-25 00:00:00,1.0
DE8,onwind,2021-01-25 00:00:00,0.2975
DE8,offwind,2021-01-25 00:00:00,0.3272
DE8,solar,2021-01-25 00:00:00,0.0
DE8,ocgt,2021-01-25 00:00:00,1.0
DE8,ccgt,2021-01-25 00:00:00,1.0
DE9,onwind,2021-01-25 00:00:00,0.2975
DE9,offwind,2021-01-25 00:00:00,0.3272
DE9,solar,2021-01-25 00:00:00,0.0
DE9,ocgt,2021-01-25 00:00:00,1.0
DE9,ccgt,2021-01-25 00:00:00,1.0
DE0,onwind,2021-01-25 03:00:00,0.4574
DE0,offwind,2021-01-25 03:00:00,0.5031
DE0,solar,2021-01-25 03:00:00,0.0
DE0,ocgt,2021-01-25 03:00:00,1.0
DE0,ccgt,2021-01-25 03:00:00,1.0
DE1,onwind,2021-01-25 03:00:00,0.4574
DE1,offwind,2021-01-25 03:00:00,0.5031
DE1,solar,2021-01-25 03:00:00,0.0
DE1,ocgt,2021-01-25 03:00:00,1.0
DE1,ccgt,2021-01-25 03:00:00,1.0
DE2,onwind,2021-01-25 03:00:00,0.4574
DE2,offwind,2021-01-25 03:00:00,0.5031
DE2,solar,2021-01-25 03:00:00,0.0
DE2,ocgt,2021-01-25 03:00:00,1.0
DE2,ccgt,2021-01-25 03:00:00,1.0
DE3,onwind,2021-01-25 03:00:00,0.324
DE3,offwind,2021-01-25 03:00:00,0.3564
DE3,solar,2021-01-25 03:00:00,0.0
DE3,ocgt,2021-01-25 03:00:00,1.0
DE3,ccgt,2021-01-25 03:00:00,1.0
DE4,onwind,2021-01-25 03:00:00,0.324
DE4,offwind,2021-01-25 03:00:00,0.3564
DE4,solar,2021-01-25 03:00:00,0.0
DE4,ocgt,2021-01-25 03:00:00,1.0
DE4,ccgt,2021-01-25 03:00:00,1.0
DE5,onwind,2021-01-25 03:00:00,0.324
DE5,offwind,2021-01-25 03:00:00,0.3564
DE5,solar,2021-01-25 03:00:00,0.0
DE5,ocgt,2021-01-25 03:00:00,1.0
DE5,ccgt,2021-01-25 03:00:00,1.0
DE6,onwind,2021-01-25 03:00:00,0.324
DE6,offwind,2021-01-25 03:00:00,0.3564
DE6,solar,2021-01-25 03:00:00,0.0
DE6,ocgt,2021-01-25 03:00:00,1.0
DE6,ccgt,2021-01-25 03:00:00,1.0
DE7,onwind,2021-01-25 03:00:00,0.324
DE7,offwind,2021-01-25 03:00:00,0.3564
DE7,solar,2021-01-25 03:00:00,0.0
DE7,ocgt,2021-01-25 03:00:00,1.0
DE7,ccgt,2021-01-25 03:00:00,1.0
DE8,onwind,2021-01-25 03:00:00,0.324
DE8,offwind,2021-01-25 03:00:00,0.3564
DE8,solar,2021-01-25 03:00:00,0.0
DE8,ocgt,2021-01-25 03:00:00,1.0
DE8,ccgt,2021-01-25 03:00:00,1.0
DE9,onwind,2021-01-25 03:00:00,0.324
DE9,offwind,2021-01-25 03:00:00,0.3564
DE9,solar,2021-01-25 03:00:00,0.0
DE9,ocgt,2021-01-25 03:00:00,1.0
DE9,ccgt,2021-01-25 03:00:00,1.0
DE0,onwind,2021-01-25 06:00:00,0.4942
DE0,offwind,2021-01-25 06:00:00,0.5436
DE0,solar,2021-01-25 06:00:00,0.0
DE0,ocgt,2021-01-25 06:00:00,1.0
DE0,ccgt,2021-01-25 06:00:00,1.0
DE1,onwind,2021-01-25 06:00:00,0.4942
DE1,offwind,2021-01-25 06:00:00,0.5436
DE1,solar,2021-01-25 06:00:00,0.0
DE1,ocgt,2021-01-25 06:00:00,1.0
DE1,ccgt,2021-01-25 06:00:00,1.0
DE2,onwind,2021-01-25 06:00:00,0.4942
DE2,offwind,2021-01-25 06:00:00,0.5436
DE2,solar,2021-01-25 06:00:00,0.0
DE2,ocgt,2021-01-25 06:00:00,1.0
DE2,ccgt,2021-01-25 06:00:00,1.0
DE3,onwind,2021-01-25 06:00:00,0.3501
DE3,offwind,2021-01-25 06:00:00,0.3851
DE3,solar,2021-01-25 06:00:00,0.0
DE3,ocgt,2021-01-25 06:00:00,1.0
DE3,ccgt,2021-01-25 06:00:00,1.0
DE4,onwind,2021-01-25 06:00:00,0.3501
DE4,offwind,2021-01-25 06:00:00,0.3851
DE4,solar,2021-01-25 06:00:00,0.0
DE4,ocgt,2021-01-25 06:00:00,1.0
DE4,ccgt,2021-01-25 06:00:00,1.0
DE5,onwind,2021-01-25 06:00:00,0.3501
DE5,offwind,2021-01-25 06:00:00,0.3851
DE5,solar,2021-01-25 06:00:00,0.0
DE5,ocgt,2021-01-25 06:00:00,1.0
DE5,ccgt,2021-01-25 06:00:00,1.0
DE6,onwind,2021-01-25 06:00:00,0.3501
DE6,offwind,2021-01-25 06:00:00,0.3851
DE6,solar,2021-01-25 06:00:00,0.0
DE6,ocgt,2021-01-25 06:00:00,1.0
DE6,ccgt,2021-01-25 06:00:00,1.0
DE7,onwind,2021-01-25 06:00:00,0.3501
DE7,offwind,2021-01-25 06:00:00,0.3851
DE7,solar,2021-01-25 06:00:00,0.0
DE7,ocgt,2021-01-25 06:00:00,1.0
DE7,ccgt,2021-01-25 06:00:00,1.0
DE8,onwind,2021-01-25 06:00:00,0.3501
DE8,offwind,2021-01-25 06:00:00,0.3851
DE8,solar,2021-01-25 06:00:00,0.0
DE8,ocgt,2021-01-25 06:00:00,1.0
DE8,ccgt,2021-01-25 06:00:00,1.0
DE9,onwind,2021-01-25 06:00:00,0.3501
DE9,offwind,2021-01-25 06:00:00,0.3851
DE9,solar,2021-01-25 06:00:00,0.0
DE9,ocgt,2021-01-25 06:00:00,1.0
DE9,ccgt,2021-01-25 06:00:00,1.0
DE0,onwind,2021-01-25 09:00:00,0.5299
DE0,offwind,2021-01-25 09:00:00,0.5829
DE0,solar,2021-01-25 09:00:00,0.7071
DE0,ocgt,2021-01-25 09:00:00,1.0
DE0,ccgt,2021-01-25 09:00:00,1.0
DE1,onwind,2021-01-25 09:00:00,0.5299
DE1,offwind,2021-01-25 09:00:00,0.5829
DE1,solar,2021-01-25 09:00:00,0.7071
DE1,ocgt,2021-01-25 09:00:00,1.0
DE1,ccgt,2021-01-25 09:00:00,1.0
DE2,onwind,2021-01-25 09:00:00,0.5299
DE2,offwind,2021-01-25 09:00:00,0.5829
DE2,solar,2021-01-25 09:00:00,0.7071
DE2,ocgt,2021-01-25 09:00:00,1.0
DE2,ccgt,2021-01-25 09:00:00,1.0
DE3,onwind,2021-01-25 09:00:00,0.3753
DE3,offwind,2021-01-25 09:00:00,0.4129
DE3,solar,2021-01-25 09:00:00,0.7071
DE3,ocgt,2021-01-25 09:00:00,1.0
DE3,ccgt,2021-01-25 09:00:00,1.0
DE4,onwind,2021-01-25 09:00:00,0.3753
DE4,offwind,2021-01-25 09:00:00,0.4129
DE4,solar,2021-01-25 09:00:00,0.7071
DE4,ocgt,2021-01-25 09:00:00,1.0
DE4,ccgt,2021-01-25 09:00:00,1.0
DE5,onwind,2021-01-25 09:00:00,0.3753
DE5,offwind,2021-01-25 09:00:00,0.4129
DE5,solar,2021-01-25 09:00:00,0.7071
DE5,ocgt,2021-01-25 09:00:00,1.0
DE5,ccgt,2021-01-25 09:00:00,1.0
DE6,onwind,2021-01-25 09:00:00,0.3753
DE6,offwind,2021-01-25 09:00:00,0.4129
DE6,solar,2021-01-25 09:00:00,0.7071
DE6,ocgt,2021-01-25 09:00:00,1.0
DE6,ccgt,2021-01-25 09:00:00,1.0
DE7,onwind,2021-01-25 09:00:00,0.3753
DE7,offwind,2021-01-25 09:00:00,0.4129
DE7,solar,2021-01-25 09:00:00,0.6718
DE7,ocgt,2021-01-25 09:00:00,1.0
DE7,ccgt,2021-01-25 09:00:00,1.0
DE8,onwind,2021-01-25 09:00:00,0.3753
DE8,offwind,2021-01-25 09:00:00,0.4129
DE8,solar,2021-01-25 09:00:00,0.6718
DE8,ocgt,2021-01-25 09:00:00,1.0
DE8,ccgt,2021-01-25 09:00:00,1.0
DE9,onwind,2021-01-25 09:00:00,0.3753
DE9,offwind,2021-01-25 09:00:00,0.4129
DE9,solar,2021-01-25 09:00:00,0.6718
DE9,ocgt,2021-01-25 09:00:00,1.0
DE9,ccgt,2021-01-25 09:00:00,1.0
DE0,onwind,2021-01-25 12:00:00,0.5638
DE0,offwind,2021-01-25 12:00:00,0.6202
DE0,solar,2021-01-25 12:00:00,1.0
DE0,ocgt,2021-01-25 12:00:00,1.0
DE0,ccgt,2021-01-25 12:00:00,1.0
DE1,onwind,2021-01-25 12:00:00,0.5638
DE1,offwind,2021-01-25 12:00:00,0.6202
DE1,solar,2021-01-25 12:00:00,1.0
DE1,ocgt,2021-01-25 12:00:00,1.0
DE1,ccgt,2021-01-25 12:00:00,1.0
DE2,onwind,2021-01-25 12:00:00,0.5638
DE2,offwind,2021-01-25 12:00:00,0.6202
DE2,solar,2021-01-25 12:00:00,1.0
DE2,ocgt,2021-01-25 12:00:00,1.0
DE2,ccgt,2021-01-25 12:00:00,1.0
DE3,onwind,2021-01-25 12:00:00,0.3994
DE3,offwind,2021-01-25 12:00:00,0.4393
DE3,solar,2021-01-25 12:00:00,1.0
DE3,ocgt,2021-01-25 12:00:00,1.0
DE3,ccgt,2021-01-25 12:00:00,1.0
DE4,onwind,2021-01-25 12:00:00,0.3994
DE4,offwind,2021-01-25 12:00:00,0.4393
DE4,solar,2021-01-25 12:00:00,1.0
DE4,ocgt,2021-01-25 12:00:00,1.0
DE4,ccgt,2021-01-25 12:00:00,1.0
DE5,onwind,2021-01-25 12:00:00,0.3994
DE5,offwind,2021-01-25 12:00:00,0.4393
DE5,solar,2021-01-25 12:00:00,1.0
DE5,ocgt,2021-01-25 12:00:00,1.0
DE5,ccgt,2021-01-25 12:00:00,1.0
DE6,onwind,2021-01-25 12:00:00,0.3994
DE6,offwind,2021-01-25 12:00:00,0.4393
DE6,solar,2021-01-25 12:00:00,1.0
DE6,ocgt,2021-01-25 12:00:00,1.0
DE6,ccgt,2021-01-25 12:00:00,1.0
DE7,onwind,2021-01-25 12:00:00,0.3994
DE7,offwind,2021-01-25 12:00:00,0.4393
DE7,solar,2021-01-25 12:00:00,0.95
DE7,ocgt,2021-01-25 12:00:00,1.0
DE7,ccgt,2021-01-25 12:00:00,1.0
DE8,onwind,2021-01-25 12:00:00,0.3994
DE8,offwind,2021-01-25 12:00:00,0.4393
DE8,solar,2021-01-25 12:00:00,0.95
DE8,ocgt,2021-01-25 12:00:00,1.0
DE8,ccgt,2021-01-25 12:00:00,1.0
DE9,onwind,2021-01-25 12:00:00,0.3994
DE9,offwind,2021-01-25 12:00:00,0.4393
DE9,solar,2021-01-25 12:00:00,0.95
DE9,ocgt,2021-01-25 12:00:00,1.0
DE9,ccgt,2021-01-25 12:00:00,1.0
DE0,onwind,2021-01-25 15:00:00,0.5955
DE0,offwind,2021-01-25 15:00:00,0.6551
DE0,solar,2021-01-25 15:00:00,0.7071
DE0,ocgt,2021-01-25 15:00:00,1.0
DE0,ccgt,2021-01-25 15:00:00,1.0
DE1,onwind,2021-01-25 15:00:00,0.5955
DE1,offwind,2021-01-25 15:00:00,0.6551
DE1,solar,2021-01-25 15:00:00,0.7071
DE1,ocgt,2021-01-25 15:00:00,1.0
DE1,ccgt,2021-01-25 15:00:00,1.0
DE2,onwind,2021-01-25 15:00:00,0.5955
DE2,offwind,2021-01-25 15:00:00,0.6551
DE2,solar,2021-01-25 15:00:00,0.7071
DE2,ocgt,2021-01-25 15:00:00,1.0
DE2,ccgt,2021-01-25 15:00:00,1.0
DE3,onwind,2021-01-25 15:00:00,0.4218
DE3,offwind,2021-01-25 15:00:00,0.464
DE3,solar,2021-01-25 15:00:00,0.7071
DE3,ocgt,2021-01-25 15:00:00,1.0
DE3,ccgt,2021-01-25 15:00:00,1.0
DE4,onwind,2021-01-25 15:00:00,0.4218
DE4,offwind,2021-01-25 15:00:00,0.464
DE4,solar,2021-01-25 15:00:00,0.7071
DE4,ocgt,2021-01-25 15:00:00,1.0
DE4,ccgt,2021-01-25 15:00:00,1.0
DE5,onwind,2021-01-25 15:00:00,0.4218
DE5,offwind,2021-01-25 15:00:00,0.464
DE5,solar,2021-01-25 15:00:00,0.7071
DE5,ocgt,2021-01-25 15:00:00,1.0
DE5,ccgt,2021-01-25 15:00:00,1.0
DE6,onwind,2021-01-25 15:00:00,0.4218
DE6,offwind,2021-01-25 15:00:00,0.464
DE6,solar,2021-01-25 15:00:00,0.7071
DE6,ocgt,2021-01-25 15:00:00,1.0
DE6,ccgt,2021-01-25 15:00:00,1.0
DE7,onwind,2021-01-25 15:00:00,0.4218
DE7,offwind,2021-01-25 15:00:00,0.464
DE7,solar,2021-01-25 15:00:00,0.6718
DE7,ocgt,2021-01-25 15:00:00,1.0
DE7,ccgt,2021-01-25 15:00:00,1.0
DE8,onwind,2021-01-25 15:00:00,0.4218
DE8,offwind,2021-01-25 15:00:00,0.464
DE8,solar,2021-01-25 15:00:00,0.6718
DE8,ocgt,2021-01-25 15:00:00,1.0
DE8,ccgt,2021-01-25 15:00:00,1.0
DE9,onwind,2021-01-25 15:00:00,0.4218
DE9,offwind,2021-01-25 15:00:00,0.464
DE9,solar,2021-01-25 15:00:00,0.6718
DE9,ocgt,2021-01-25 15:00:00,1.0
DE9,ccgt,2021-01-25 15:00:00,1.0
DE0,onwind,2021-01-25 18:00:00,0.6245
DE0,offwind,2021-01-25 18:00:00,0.6869
DE0,solar,2021-01-25 18:00:00,0.0
DE0,ocgt,2021-01-25 18:00:00,1.0
DE0,ccgt,2021-01-25 18:00:00,1.0
DE1,onwind,2021-01-25 18:00:00,0.6245
DE1,offwind,2021-01-25 18:00:00,0.6869
DE1,solar,2021-01-25 18:00:00,0.0
DE1,ocgt,2021-01-25 18:00:00,1.0
DE1,ccgt,2021-01-25 18:00:00,1.0
DE2,onwind,2021-01-25 18:00:00,0.6245
DE2,offwind,2021-01-25 18:00:00,0.6869
DE2,solar,2021-01-25 18:00:00,0.0
DE2,ocgt,2021-01-25 18:00:00,1.0
DE2,ccgt,2021-01-25 18:00:00,1.0
DE3,onwind,2021-01-25 18:00:00,0.4423
DE3,offwind,2021-01-25 18:00:00,0.4866
DE3,solar,2021-01-25 18:00:00,0.0
DE3,ocgt,2021-01-25 18:00:00,1.0
DE3,ccgt,2021-01-25 18:00:00,1.0
DE4,onwind,2021-01-25 18:00:00,0.4423
DE4,offwind,2021-01-25 18:00:00,0.4866
DE4,solar,2021-01-25 18:00:00,0.0
DE4,ocgt,2021-01-25 18:00:00,1.0
DE4,ccgt,2021-01-25 18:00:00,1.0
DE5,onwind,2021-01-25 18:00:00,0.4423
DE5,offwind,2021-01-25 18:00:00,0.4866
DE5,solar,2021-01-25 18:00:00,0.0
DE5,ocgt,2021-01-25 18:00:00,1.0
DE5,ccgt,2021-01-25 18:00:00,1.0
DE6,onwind,2021-01-25 18:00:00,0.4423
DE6,offwind,2021-01-25 18:00:00,0.4866
DE6,solar,2021-01-25 18:00:00,0.0
DE6,ocgt,2021-01-25 18:00:00,1.0
DE6,ccgt,2021-01-25 18:00:00,1.0
DE7,onwind,2021-01-25 18:00:00,0.4423
DE7,offwind,2021-01-25 18:00:00,0.4866
DE7,solar,2021-01-25 18:00:00,0.0
DE7,ocgt,2021-01-25 18:00:00,1.0
DE7,ccgt,2021-01-25 18:00:00,1.0
DE8,onwind,2021-01-25 18:00:00,0.4423
DE8,offwind,2021-01-25 18:00:00,0.4866
DE8,solar,2021-01-25 18:00:00,0.0
DE8,ocgt,2021-01-25 18:00:00,1.0
DE8,ccgt,2021-01-25 18:00:00,1.0
DE9,onwind,2021-01-25 18:00:00,0.4423
DE9,offwind,2021-01-25 18:00:00,0.4866
DE9,solar,2021-01-25 18:00:00,0.0
DE9,ocgt,2021-01-25 18:00:00,1.0
DE9,ccgt,2021-01-25 18:00:00,1.0
DE0,onwind,2021-01-25 21:00:00,0.6503
DE0,offwind,2021-01-25 21:00:00,0.7153
DE0,solar,2021-01-25 21:00:00,0.0
DE0,ocgt,2021-01-25 21:00:00,1.0
DE0,ccgt,2021-01-25 21:00:00,1.0
DE1,onwind,2021-01-25 21:00:00,0.6503
DE1,offwind,2021-01-25 21:00:00,0.7153
DE1,solar,2021-01-25 21:00:00,0.0
DE1,ocgt,2021-01-25 21:00:00,1.0
DE1,ccgt,2021-01-25 21:00:00,1.0
DE2,onwind,2021-01-25 21:00:00,0.6503
DE2,offwind,2021-01-25 21:00:00,0.7153
DE2,solar,2021-01-25 21:00:00,0.0
DE2,ocgt,2021-01-25 21:00:00,1.0
DE2,ccgt,2021-01-25 21:00:00,1.0
DE3,onwind,2021-01-25 21:00:00,0.4606
DE3,offwind,2021-01-25 21:00:00,0.5067
DE3,solar,2021-01-25 21:00:00,0.0
DE3,ocgt,2021-01-25 21:00:00,1.0
DE3,ccgt,2021-01-25 21:00:00,1.0
DE4,onwind,2021-01-25 21:00:00,0.4606
DE4,offwind,2021-01-25 21:00:00,0.5067
DE4,solar,2021-01-25 21:00:00,0.0
DE4,ocgt,2021-01-25 21:00:00,1.0
DE4,ccgt,2021-01-25 21:00:00,1.0
DE5,onwind,2021-01-25 21:00:00,0.4606
DE5,offwind,2021-01-25 21:00:00,0.5067
DE5,solar,2021-01-25 21:00:00,0.0
DE5,ocgt,2021-01-25 21:00:00,1.0
DE5,ccgt,2021-01-25 21:00:00,1.0
DE6,onwind,2021-01-25 21:00:00,0.4606
DE6,offwind,2021-01-25 21:00:00,0.5067
DE6,solar,2021-01-25 21:00:00,0.0
DE6,ocgt,2021-01-25 21:00:00,1.0
DE6,ccgt,2021-01-25 21:00:00,1.0
DE7,onwind,2021-01-25 21:00:00,0.4606
DE7,offwind,2021-01-25 21:00:00,0.5067
DE7,solar,2021-01-25 21:00:00,0.0
DE7,ocgt,2021-01-25 21:00:00,1.0
DE7,ccgt,2021-01-25 21:00:00,1.0
DE8,onwind,2021-01-25 21:00:00,0.4606
DE8,offwind,2021-01-25 21:00:00,0.5067
DE8,solar,2021-01-25 21:00:00,0.0
DE8,ocgt,2021-01-25 21:00:00,1.0
DE8,ccgt,2021-01-25 21:00:00,1.0
DE9,onwind,2021-01-25 21:00:00,0.4606
DE9,offwind,2021-01-25 21:00:00,0.5067
DE9,solar,2021-01-25 21:00:00,0.0
DE9,ocgt,2021-01-25 21:00:00,1.0
DE9,ccgt,2021-01-25 21:00:00,1.0
DE0,onwind,2021-01-26 00:00:00,0.7053
DE0,offwind,2021-01-26 00:00:00,0.7758
DE0,solar,2021-01-26 00:00:00,0.0
DE0,ocgt,2021-01-26 00:00:00,1.0
DE0,ccgt,2021-01-26 00:00:00,1.0
DE1,onwind,2021-01-26 00:00:00,0.7053
DE1,offwind,2021-01-26 00:00:00,0.7758
DE1,solar,2021-01-26 00:00:00,0.0
DE1,ocgt,2021-01-26 00:00:00,1.0
DE1,ccgt,2021-01-26 00:00:00,1.0
DE2,onwind,2021-01-26 00:00:00,0.7053
DE2,offwind,2021-01-26 00:00:00,0.7758
DE2,solar,2021-01-26 00:00:00,0.0
DE2,ocgt,2021-01-26 00:00:00,1.0
DE2,ccgt,2021-01-26 00:00:00,1.0
DE3,onwind,2021-01-26 00:00:00,0.4996
DE3,offwind,2021-01-26 00:00:00,0.5496
DE3,solar,2021-01-26 00:00:00,0.0
DE3,ocgt,2021-01-26 00:00:00,1.0
DE3,ccgt,2021-01-26 00:00:00,1.0
DE4,onwind,2021-01-26 00:00:00,0.4996
DE4,offwind,2021-01-26 00:00:00,0.5496
DE4,solar,2021-01-26 00:00:00,0.0
DE4,ocgt,2021-01-26 00:00:00,1.0
DE4,ccgt,2021-01-26 00:00:00,1.0
DE5,onwind,2021-01-26 00:00:00,0.4996
DE5,offwind,2021-01-26 00:00:00,0.5496
DE5,solar,2021-01-26 00:00:00,0.0
DE5,ocgt,2021-01-26 00:00:00,1.0
DE5,ccgt,2021-01-26 00:00:00,1.0
DE6,onwind,2021-01-26 00:00:00,0.4996
DE6,offwind,2021-01-26 00:00:00,0.5496
DE6,solar,2021-01-26 00:00:00,0.0
DE6,ocgt,2021-01-26 00:00:00,1.0
DE6,ccgt,2021-01-26 00:00:00,1.0
DE7,onwind,2021-01-26 00:00:00,0.4996
DE7,offwind,2021-01-26 00:00:00,0.5496
DE7,solar,2021-01-26 00:00:00,0.0
DE7,ocgt,2021-01-26 00:00:00,1.0
DE7,ccgt,2021-01-26 00:00:00,1.0
DE8,onwind,2021-01-26 00:00:00,0.4996
DE8,offwind,2021-01-26 00:00:00,0.5496
DE8,solar,2021-01-26 00:00:00,0.0
DE8,ocgt,2021-01-26 00:00:00,1.0
DE8,ccgt,2021-01-26 00:00:00,1.0
DE9,onwind,2021-01-26 00:00:00,0.4996
DE9,offwind,2021-01-26 00:00:00,0.5496
DE9,solar,2021-01-26 00:00:00,0.0
DE9,ocgt,2021-01-26 00:00:00,1.0
DE9,ccgt,2021-01-26 00:00:00,1.0
DE0,onwind,2021-01-26 03:00:00,0.7146
DE0,offwind,2021-01-26 03:00:00,0.7861
DE0,solar,2021-01-26 03:00:00,0.0
DE0,ocgt,2021-01-26 03:00:00,1.0
DE0,ccgt,2021-01-26 03:00:00,1.0
DE1,onwind,2021-01-26 03:00:00,0.7146
DE1,offwind,2021-01-26 03:00:00,0.7861
DE1,solar,2021-01-26 03:00:00,0.0
DE1,ocgt,2021-01-26 03:00:00,1.0
DE1,ccgt,2021-01-26 03:00:00,1.0
DE2,onwind,2021-01-26 03:00:00,0.7146
DE2,offwind,2021-01-26 03:00:00,0.7861
DE2,solar,2021-01-26 03:00:00,0.0
DE2,ocgt,2021-01-26 03:00:00,1.0
DE2,ccgt,2021-01-26 03:00:00,1.0
DE3,onwind,2021-01-26 03:00:00,0.5062
DE3,offwind,2021-01-26 03:00:00,0.5568
DE3,solar,2021-01-26 03:00:00,0.0
DE3,ocgt,2021-01-26 03:00:00,1.0
DE3,ccgt,2021-01-26 03:00:00,1.0
DE4,onwind,2021-01-26 03:00:00,0.5062
DE4,offwind,2021-01-26 03:00:00,0.5568
DE4,solar,2021-01-26 03:00:00,0.0
DE4,ocgt,2021-01-26 03:00:00,1.0
DE4,ccgt,2021-01-26 03:00:00,1.0
DE5,onwind,2021-01-26 03:00:00,0.5062
DE5,offwind,2021-01-26 03:00:00,0.5568
DE5,solar,2021-01-26 03:00:00,0.0
DE5,ocgt,2021-01-26 03:00:00,1.0
DE5,ccgt,2021-01-26 03:00:00,1.0
DE6,onwind,2021-01-26 03:00:00,0.5062
DE6,offwind,2021-01-26 03:00:00,0.5568
DE6,solar,2021-01-26 03:00:00,0.0
DE6,ocgt,2021-01-26 03:00:00,1.0
DE6,ccgt,2021-01-26 03:00:00,1.0
DE7,onwind,2021-01-26 03:00:00,0.5062
DE7,offwind,2021-01-26 03:00:00,0.5568
DE7,solar,2021-01-26 03:00:00,0.0
DE7,ocgt,2021-01-26 03:00:00,1.0
DE7,ccgt,2021-01-26 03:00:00,1.0
DE8,onwind,2021-01-26 03:00:00,0.5062
DE8,offwind,2021-01-26 03:00:00,0.5568
DE8,solar,2021-01-26 03:00:00,0.0
DE8,ocgt,2021-01-26 03:00:00,1.0
DE8,ccgt,2021-01-26 03:00:00,1.0
DE9,onwind,2021-01-26 03:00:00,0.5062
DE9,offwind,2021-01-26 03:00:00,0.5568
DE9,solar,2021-01-26 03:00:00,0.0
DE9,ocgt,2021-01-26 03:00:00,1.0
DE9,ccgt,2021-01-26 03:00:00,1.0
DE0,onwind,2021-01-26 06:00:00,0.7194
DE0,offwind,2021-01-26 06:00:00,0.7913
DE0,solar,2021-01-26 06:00:00,0.0
DE0,ocgt,2021-01-26 06:00:00,1.0
DE0,ccgt,2021-01-26 06:00:00,1.0
DE1,onwind,2021-01-26 06:00:00,0.7194
DE1,offwind,2021-01-26 06:00:00,0.7913
DE1,solar,2021-01-26 06:00:00,0.0
DE1,ocgt,2021-01-26 06:00:00,1.0
DE1,ccgt,2021-01-26 06:00:00,1.0
DE2,onwind,2021-01-26 06:00:00,0.7194
DE2,offwind,2021-01-26 06:00:00,0.7913
DE2,solar,2021-01-26 06:00:00,0.0
DE2,ocgt,2021-01-26 06:00:00,1.0
DE2,ccgt,2021-01-26 06:00:00,1.0
DE3,onwind,2021-01-26 06:00:00,0.5096
DE3,offwind,2021-01-26 06:00:00,0.5605
DE3,solar,2021-01-26 06:00:00,0.0
DE3,ocgt,2021-01-26 06:00:00,1.0
DE3,ccgt,2021-01-26 06:00:00,1.0
DE4,onwind,2021-01-26 06:00:00,0.5096
DE4,offwind,2021-01-26 06:00:00,0.5605
DE4,solar,2021-01-26 06:00:00,0.0
DE4,ocgt,2021-01-26 06:00:00,1.0
DE4,ccgt,2021-01-26 06:00:00,1.0
DE5,onwind,2021-01-26 06:00:00,0.5096
DE5,offwind,2021-01-26 06:00:00,0.5605
DE5,solar,2021-01-26 06:00:00,0.0
DE5,ocgt,2021-01-26 06:00:00,1.0
DE5,ccgt,2021-01-26 06:00:00,1.0
DE6,onwind,2021-01-26 06:00:00,0.5096
DE6,offwind,2021-01-26 06:00:00,0.5605
DE6,solar,2021-01-26 06:00:00,0.0
DE6,ocgt,2021-01-26 06:00:00,1.0
DE6,ccgt,2021-01-26 06:00:00,1.0
DE7,onwind,2021-01-26 06:00:00,0.5096
DE7,offwind,2021-01-26 06:00:00,0.5605
DE7,solar,2021-01-26 06:00:00,0.0
DE7,ocgt,2021-01-26 06:00:00,1.0
DE7,ccgt,2021-01-26 06:00:00,1.0
DE8,onwind,2021-01-26 06:00:00,0.5096
DE8,offwind,2021-01-26 06:00:00,0.5605
DE8,solar,2021-01-26 06:00:00,0.0
DE8,ocgt,2021-01-26 06:00:00,1.0
DE8,ccgt,2021-01-26 06:00:00,1.0
DE9,onwind,2021-01-26 06:00:00,0.5096
DE9,offwind,2021-01-26 06:00:00,0.5605
DE9,solar,2021-01-26 06:00:00,0.0
DE9,ocgt,2021-01-26 06:00:00,1.0
DE9,ccgt,2021-01-26 06:00:00,1.0
DE0,onwind,2021-01-26 09:00:00,0.7194
DE0,offwind,2021-01-26 09:00:00,0.7914
DE0,solar,2021-01-26 09:00:00,0.7071
DE0,ocgt,2021-01-26 09:00:00,1.0
DE0,ccgt,2021-01-26 09:00:00,1.0
DE1,onwind,2021-01-26 09:00:00,0.7194
DE1,offwind,2021-01-26 09:00:00,0.7914
DE1,solar,2021-01-26 09:00:00,0.7071
DE1,ocgt,2021-01-26 09:00:00,1.0
DE1,ccgt,2021-01-26 09:00:00,1.0
DE2,onwind,2021-01-26 09:00:00,0.7194
DE2,offwind,2021-01-26 09:00:00,0.7914
DE2,solar,2021-01-26 09:00:00,0.7071
DE2,ocgt,2021-01-26 09:00:00,1.0
DE2,ccgt,2021-01-26 09:00:00,1.0
DE3,onwind,2021-01-26 09:00:00,0.5096
DE3,offwind,2021-01-26 09:00:00,0.5606
DE3,solar,2021-01-26 09:00:00,0.7071
DE3,ocgt,2021-01-26 09:00:00,1.0
DE3,ccgt,2021-01-26 09:00:00,1.0
DE4,onwind,2021-01-26 09:00:00,0.5096
DE4,offwind,2021-01-26 09:00:00,0.5606
DE4,solar,2021-01-26 09:00:00,0.7071
DE4,ocgt,2021-01-26 09:00:00,1.0
DE4,ccgt,2021-01-26 09:00:00,1.0
DE5,onwind,2021-01-26 09:00:00,0.5096
DE5,offwind,2021-01-26 09:00:00,0.5606
DE5,solar,2021-01-26 09:00:00,0.7071
DE5,ocgt,2021-01-26 09:00:00,1.0
DE5,ccgt,2021-01-26 09:00:00,1.0
DE6,onwind,2021-01-26 09:00:00,0.5096
DE6,offwind,2021-01-26 09:00:00,0.5606
DE6,solar,2021-01-26 09:00:00,0.7071
DE6,ocgt,2021-01-26 09:00:00,1.0
DE6,ccgt,2021-01-26 09:00:00,1.0
DE7,onwind,2021-01-26 09:00:00,0.5096
DE7,offwind,2021-01-26 09:00:00,0.5606
DE7,solar,2021-01-26 09:00:00,0.6718
DE7,ocgt,2021-01-26 09:00:00,1.0
DE7,ccgt,2021-01-26 09:00:00,1.0
DE8,onwind,2021-01-26 09:00:00,0.5096
DE8,offwind,2021-01-26 09:00:00,0.5606
DE8,solar,2021-01-26 09:00:00,0.6718
DE8,ocgt,2021-01-26 09:00:00,1.0
DE8,ccgt,2021-01-26 09:00:00,1.0
DE9,onwind,2021-01-26 09:00:00,0.5096
DE9,offwind,2021-01-26 09:00:00,0.5606
DE9,solar,2021-01-26 09:00:00,0.6718
DE9,ocgt,2021-01-26 09:00:00,1.0
DE9,ccgt,2021-01-26 09:00:00,1.0
DE0,onwind,2021-01-26 12:00:00,0.7148
DE0,offwind,2021-01-26 12:00:00,0.7863
DE0,solar,2021-01-26 12:00:00,1.0
DE0,ocgt,2021-01-26 12:00:00,1.0
DE0,ccgt,2021-01-26 12:00:00,1.0
DE1,onwind,2021-01-26 12:00:00,0.7148
DE1,offwind,2021-01-26 12:00:00,0.7863
DE1,solar,2021-01-26 12:00:00,1.0
DE1,ocgt,2021-01-26 12:00:00,1.0
DE1,ccgt,2021-01-26 12:00:00,1.0
DE2,onwind,2021-01-26 12:00:00,0.7148
DE2,offwind,2021-01-26 12:00:00,0.7863
DE2,solar,2021-01-26 12:00:00,1.0
DE2,ocgt,2021-01-26 12:00:00,1.0
DE2,ccgt,2021-01-26 12:00:00,1.0
DE3,onwind,2021-01-26 12:00:00,0.5063
DE3,offwind,2021-01-26 12:00:00,0.557
DE3,solar,2021-01-26 12:00:00,1.0
DE3,ocgt,2021-01-26 12:00:00,1.0
DE3,ccgt,2021-01-26 12:00:00,1.0
DE4,onwind,2021-01-26 12:00:00,0.5063
DE4,offwind,2021-01-26 12:00:00,0.557
DE4,solar,2021-01-26 12:00:00,1.0
DE4,ocgt,2021-01-26 12:00:00,1.0
DE4,ccgt,2021-01-26 12:00:00,1.0
DE5,onwind,2021-01-26 12:00:00,0.5063
DE5,offwind,2021-01-26 12:00:00,0.557
DE5,solar,2021-01-26 12:00:00,1.0
DE5,ocgt,2021-01-26 12:00:00,1.0
DE5,ccgt,2021-01-26 12:00:00,1.0
DE6,onwind,2021-01-26 12:00:00,0.5063
DE6,offwind,2021-01-26 12:00:00,0.557
DE6,solar,2021-01-26 12:00:00,1.0
DE6,ocgt,2021-01-26 12:00:00,1.0
DE6,ccgt,2021-01-26 12:00:00,1.0
DE7,onwind,2021-01-26 12:00:00,0.5063
DE7,offwind,2021-01-26 12:00:00,0.557
DE7,solar,2021-01-26 12:00:00,0.95
DE7,ocgt,2021-01-26 12:00:00,1.0
DE7,ccgt,2021-01-26 12:00:00,1.0
DE8,onwind,2021-01-26 12:00:00,0.5063
DE8,offwind,2021-01-26 12:00:00,0.557
DE8,solar,2021-01-26 12:00:00,0.95
DE8,ocgt,2021-01-26 12:00:00,1.0
DE8,ccgt,2021-01-26 12:00:00,1.0
DE9,onwind,2021-01-26 12:00:00,0.5063
DE9,offwind,2021-01-26 12:00:00,0.557
DE9,solar,2021-01-26 12:00:00,0.95
DE9,ocgt,2021-01-26 12:00:00,1.0
DE9,ccgt,2021-01-26 12:00:00,1.0
DE0,onwind,2021-01-26 15:00:00,0.7056
DE0,offwind,2021-01-26 15:00:00,0.7762
DE0,solar,2021-01-26 15:00:00,0.7071
DE0,ocgt,2021-01-26 15:00:00,1.0
DE0,ccgt,2021-01-26 15:00:00,1.0
DE1,onwind,2021-01-26 15:00:00,0.7056
DE1,offwind,2021-01-26 15:00:00,0.7762
DE1,solar,2021-01-26 15:00:00,0.7071
DE1,ocgt,2021-01-26 15:00:00,1.0
DE1,ccgt,2021-01-26 15:00:00,1.0
DE2,onwind,2021-01-26 15:00:00,0.7056
DE2,offwind,2021-01-26 15:00:00,0.7762
DE2,solar,2021-01-26 15:00:00,0.7071
DE2,ocgt,2021-01-26 15:00:00,1.0
DE2,ccgt,2021-01-26 15:00:00,1.0
DE3,onwind,2021-01-26 15:00:00,0.4998
DE3,offwind,2021-01-26 15:00:00,0.5498
DE3,solar,2021-01-26 15:00:00,0.7071
DE3,ocgt,2021-01-26 15:00:00,1.0
DE3,ccgt,2021-01-26 15:00:00,1.0
DE4,onwind,2021-01-26 15:00:00,0.4998
DE4,offwind,2021-01-26 15:00:00,0.5498
DE4,solar,2021-01-26 15:00:00,0.7071
DE4,ocgt,2021-01-26 15:00:00,1.0
DE4,ccgt,2021-01-26 15:00:00,1.0
DE5,onwind,2021-01-26 15:00:00,0.4998
DE5,offwind,2021-01-26 15:00:00,0.5498
DE5,solar,2021-01-26 15:00:00,0.7071
DE5,ocgt,2021-01-26 15:00:00,1.0
DE5,ccgt,2021-01-26 15:00:00,1.0
DE6,onwind,2021-01-26 15:00:00,0.4998
DE6,offwind,2021-01-26 15:00:00,0.5498
DE6,solar,2021-01-26 15:00:00,0.7071
DE6,ocgt,2021-01-26 15:00:00,1.0
DE6,ccgt,2021-01-26 15:00:00,1.0
DE7,onwind,2021-01-26 15:00:00,0.4998
DE7,offwind,2021-01-26 15:00:00,0.5498
DE7,solar,2021-01-26 15:00:00,0.6718
DE7,ocgt,2021-01-26 15:00:00,1.0
DE7,ccgt,2021-01-26 15:00:00,1.0
DE8,onwind,2021-01-26 15:00:00,0.4998
DE8,offwind,2021-01-26 15:00:00,0.5498
DE8,solar,2021-01-26 15:00:00,0.6718
DE8,ocgt,2021-01-26 15:00:00,1.0
DE8,ccgt,2021-01-26 15:00:00,1.0
DE9,onwind,2021-01-26 15:00:00,0.4998
DE9,offwind,2021-01-26 15:00:00,0.5498
DE9,solar,2021-01-26 15:00:00,0.6718
DE9,ocgt,2021-01-26 15:00:00,1.0
DE9,ccgt,2021-01-26 15:00:00,1.0
DE0,onwind,2021-01-26 18:00:00,0.692
DE0,offwind,2021-01-26 18:00:00,0.7612
DE0,solar,2021-01-26 18:00:00,0.0
DE0,ocgt,2021-01-26 18:00:00,1.0
DE0,ccgt,2021-01-26 18:00:00,1.0
DE1,onwind,2021-01-26 18:00:00,0.692
DE1,offwind,2021-01-26 18:00:00,0.7612
DE1,solar,2021-01-26 18:00:00,0.0
DE1,ocgt,2021-01-26 18:00:00,1.0
DE1,ccgt,2021-01-26 18:00:00,1.0
DE2,onwind,2021-01-26 18:00:00,0.692
DE2,offwind,2021-01-26 18:00:00,0.7612
DE2,solar,2021-01-26 18:00:00,0.0
DE2,ocgt,2021-01-26 18:00:00,1.0
DE2,ccgt,2021-01-26 18:00:00,1.0
DE3,onwind,2021-01-26 18:00:00,0.4901
DE3,offwind,2021-01-26 18:00:00,0.5391
DE3,solar,2021-01-26 18:00:00,0.0
DE3,ocgt,2021-01-26 18:00:00,1.0
DE3,ccgt,2021-01-26 18:00:00,1.0
DE4,onwind,2021-01-26 18:00:00,0.4901
DE4,offwind,2021-01-26 18:00:00,0.5391
DE4,solar,2021-01-26 18:00:00,0.0
DE4,ocgt,2021-01-26 18:00:00,1.0
DE4,ccgt,2021-01-26 18:00:00,1.0
DE5,onwind,2021-01-26 18:00:00,0.4901
DE5,offwind,2021-01-26 18:00:00,0.5391
DE5,solar,2021-01-26 18:00:00,0.0
DE5,ocgt,2021-01-26 18:00:00,1.0
DE5,ccgt,2021-01-26 18:00:00,1.0
DE6,onwind,2021-01-26 18:00:00,0.4901
DE6,offwind,2021-01-26 18:00:00,0.5391
DE6,solar,2021-01-26 18:00:00,0.0
DE6,ocgt,2021-01-26 18:00:00,1.0
DE6,ccgt,2021-01-26 18:00:00,1.0
DE7,onwind,2021-01-26 18:00:00,0.4901
DE7,offwind,2021-01-26 18:00:00,0.5391
DE7,solar,2021-01-26 18:00:00,0.0
DE7,ocgt,2021-01-26 18:00:00,1.0
DE7,ccgt,2021-01-26 18:00:00,1.0
DE8,onwind,2021-01-26 18:00:00,0.4901
DE8,offwind,2021-01-26 18:00:00,0.5391
DE8,solar,2021-01-26 18:00:00,0.0
DE8,ocgt,2021-01-26 18:00:00,1.0
DE8,ccgt,2021-01-26 18:00:00,1.0
DE9,onwind,2021-01-26 18:00:00,0.4901
DE9,offwind,2021-01-26 18:00:00,0.5391
DE9,solar,2021-01-26 18:00:00,0.0
DE9,ocgt,2021-01-26 18:00:00,1.0
DE9,ccgt,2021-01-26 18:00:00,1.0
DE0,onwind,2021-01-26 21:00:00,0.674
DE0,offwind,2021-01-26 21:00:00,0.7414
DE0,solar,2021-01-26 21:00:00,0.0
DE0,ocgt,2021-01-26 21:00:00,1.0
DE0,ccgt,2021-01-26 21:00:00,1.0
DE1,onwind,2021-01-26 21:00:00,0.674
DE1,offwind,2021-01-26 21:00:00,0.7414
DE1,solar,2021-01-26 21:00:00,0.0
DE1,ocgt,2021-01-26 21:00:00,1.0
DE1,ccgt,2021-01-26 21:00:00,1.0
DE2,onwind,2021-01-26 21:00:00,0.674
DE2,offwind,2021-01-26 21:00:00,0.7414
DE2,solar,2021-01-26 21:00:00,0.0
DE2,ocgt,2021-01-26 21:00:00,1.0
DE2,ccgt,2021-01-26 21:00:00,1.0
DE3,onwind,2021-01-26 21:00:00,0.4774
DE3,offwind,2021-01-26 21:00:00,0.5252
DE3,solar,2021-01-26 21:00:00,0.0
DE3,ocgt,2021-01-26 21:00:00,1.0
DE3,ccgt,2021-01-26 21:00:00,1.0
DE4,onwind,2021-01-26 21:00:00,0.4774
DE4,offwind,2021-01-26 21:00:00,0.5252
DE4,solar,2021-01-26 21:00:00,0.0
DE4,ocgt,2021-01-26 21:00:00,1.0
DE4,ccgt,2021-01-26 21:00:00,1.0
DE5,onwind,2021-01-26 21:00:00,0.4774
DE5,offwind,2021-01-26 21:00:00,0.5252
DE5,solar,2021-01-26 21:00:00,0.0
DE5,ocgt,2021-01-26 21:00:00,1.0
DE5,ccgt,2021-01-26 21:00:00,1.0
DE6,onwind,2021-01-26 21:00:00,0.4774
DE6,offwind,2021-01-26 21:00:00,0.5252
DE6,solar,2021-01-26 21:00:00,0.0
DE6,ocgt,2021-01-26 21:00:00,1.0
DE6,ccgt,2021-01-26 21:00:00,1.0
DE7,onwind,2021-01-26 21:00:00,0.4774
DE7,offwind,2021-01-26 21:00:00,0.5252
DE7,solar,2021-01-26 21:00:00,0.0
DE7,ocgt,2021-01-26 21:00:00,1.0
DE7,ccgt,2021-01-26 21:00:00,1.0
DE8,onwind,2021-01-26 21:00:00,0.4774
DE8,offwind,2021-01-26 21:00:00,0.5252
DE8,solar,2021-01-26 21:00:00,0.0
DE8,ocgt,2021-01-26 21:00:00,1.0
DE8,ccgt,2021-01-26 21:00:00,1.0
DE9,onwind,2021-01-26 21:00:00,0.4774
DE9,offwind,2021-01-26 21:00:00,0.5252
DE9,solar,2021-01-26 21:00:00,0.0
DE9,ocgt,2021-01-26 21:00:00,1.0
DE9,ccgt,2021-01-26 21:00:00,1.0
DE0,onwind,2021-01-27 00:00:00,0.5963
DE0,offwind,2021-01-27 00:00:00,0.656
DE0,solar,2021-01-27 00:00:00,0.0
DE0,ocgt,2021-01-27 00:00:00,1.0
DE0,ccgt,2021-01-27 00:00:00,1.0
DE1,onwind,2021-01-27 00:00:00,0.5963
DE1,offwind,2021-01-27 00:00:00,0.656
DE1,solar,2021-01-27 00:00:00,0.0
DE1,ocgt,2021-01-27 00:00:00,1.0
DE1,ccgt,2021-01-27 00:00:00,1.0
DE2,onwind,2021-01-27 00:00:00,0.5963
DE2,offwind,2021-01-27 00:00:00,0.656
DE2,solar,2021-01-27 00:00:00,0.0
DE2,ocgt,2021-01-27 00:00:00,1.0
DE2,ccgt,2021-01-27 00:00:00,1.0
DE3,onwind,2021-01-27 00:00:00,0.4224
DE3,offwind,2021-01-27 00:00:00,0.4646
DE3,solar,2021-01-27 00:00:00,0.0
DE3,ocgt,2021-01-27 00:00:00,1.0
DE3,ccgt,2021-01-27 00:00:00,1.0
DE4,onwind,2021-01-27 00:00:00,0.4224
DE4,offwind,2021-01-27 00:00:00,0.4646
DE4,solar,2021-01-27 00:00:00,0.0
DE4,ocgt,2021-01-27 00:00:00,1.0
DE4,ccgt,2021-01-27 00:00:00,1.0
DE5,onwind,2021-01-27 00:00:00,0.4224
DE5,offwind,2021-01-27 00:00:00,0.4646
DE5,solar,2021-01-27 00:00:00,0.0
DE5,ocgt,2021-01-27 00:00:00,1.0
DE5,ccgt,2021-01-27 00:00:00,1.0
DE6,onwind,2021-01-27 00:00:00,0.4224
DE6,offwind,2021-01-27 00:00:00,0.4646
DE6,solar,2021-01-27 00:00:00,0.0
DE6,ocgt,2021-01-27 00:00:00,1.0
DE6,ccgt,2021-01-27 00:00:00,1.0
DE7,onwind,2021-01-27 00:00:00,0.4224
DE7,offwind,2021-01-27 00:00:00,0.4646
DE7,solar,2021-01-27 00:00:00,0.0
DE7,ocgt,2021-01-27 00:00:00,1.0
DE7,ccgt,2021-01-27 00:00:00,1.0
DE8,onwind,2021-01-27 00:00:00,0.4224
DE8,offwind,2021-01-27 00:00:00,0.4646
DE8,solar,2021-01-27 00:00:00,0.0
DE8,ocgt,2021-01-27 00:00:00,1.0
DE8,ccgt,2021-01-27 00:00:00,1.0
DE9,onwind,2021-01-27 00:00:00,0.4224
DE9,offwind,2021-01-27 00:00:00,0.4646
DE9,solar,2021-01-27 00:00:00,0.0
DE9,ocgt,2021-01-27 00:00:00,1.0
DE9,ccgt,2021-01-27 00:00:00,1.0
DE0,onwind,2021-01-27 03:00:00,0.5647
DE0,offwind,2021-01-27 03:00:00,0.6212
DE0,solar,2021-01-27 03:00:00,0.0
DE0,ocgt,2021-01-27 03:00:00,1.0
DE0,ccgt,2021-01-27 03:00:00,1.0
DE1,onwind,2021-01-27 03:00:00,0.5647
DE1,offwind,2021-01-27 03:00:00,0.6212
DE1,solar,2021-01-27 03:00:00,0.0
DE1,ocgt,2021-01-27 03:00:00,1.0
DE1,ccgt,2021-01-27 03:00:00,1.0
DE2,onwind,2021-01-27 03:00:00,0.5647
DE2,offwind,2021-01-27 03:00:00,0.6212
DE2,solar,2021-01-27 03:00:00,0.0
DE2,ocgt,2021-01-27 03:00:00,1.0
DE2,ccgt,2021-01-27 03:00:00,1.0
DE3,onwind,2021-01-27 03:00:00,0.4
DE3,offwind,2021-01-27 03:00:00,0.44
DE3,solar,2021-01-27 03:00:00,0.0
DE3,ocgt,2021-01-27 03:00:00,1.0
DE3,ccgt,2021-01-27 03:00:00,1.0
DE4,onwind,2021-01-27 03:00:00,0.4
DE4,offwind,2021-01-27 03:00:00,0.44
DE4,solar,2021-01-27 03:00:00,0.0
DE4,ocgt,2021-01-27 03:00:00,1.0
DE4,ccgt,2021-01-27 03:00:00,1.0
DE5,onwind,2021-01-27 03:00:00,0.4
DE5,offwind,2021-01-27 03:00:00,0.44
DE5,solar,2021-01-27 03:00:00,0.0
DE5,ocgt,2021-01-27 03:00:00,1.0
DE5,ccgt,2021-01-27 03:00:00,1.0
DE6,onwind,2021-01-27 03:00:00,0.4
DE6,offwind,2021-01-27 03:00:00,0.44
DE6,solar,2021-01-27 03:00:00,0.0
DE6,ocgt,2021-01-27 03:00:00,1.0
DE6,ccgt,2021-01-27 03:00:00,1.0
DE7,onwind,2021-01-27 03:00:00,0.4
DE7,offwind,2021-01-27 03:00:00,0.44
DE7,solar,2021-01-27 03:00:00,0.0
DE7,ocgt,2021-01-27 03:00:00,1.0
DE7,ccgt,2021-01-27 03:00:00,1.0
DE8,onwind,2021-01-27 03:00:00,0.4
DE8,offwind,2021-01-27 03:00:00,0.44
DE8,solar,2021-01-27 03:00:00,0.0
DE8,ocgt,2021-01-27 03:00:00,1.0
DE8,ccgt,2021-01-27 03:00:00,1.0
DE9,onwind,2021-01-27 03:00:00,0.4
DE9,offwind,2021-01-27 03:00:00,0.44
DE9,solar,2021-01-27 03:00:00,0.0
DE9,ocgt,2021-01-27 03:00:00,1.0
DE9,ccgt,2021-01-27 03:00:00,1.0
DE0,onwind,2021-01-27 06:00:00,0.5308
DE0,offwind,2021-01-27 06:00:00,0.5839
DE0,solar,2021-01-27 06:00:00,0.0
DE0,ocgt,2021-01-27 06:00:00,1.0
DE0,ccgt,2021-01-27 06:00:00,1.0
DE1,onwind,2021-01-27 06:00:00,0.5308
DE1,offwind,2021-01-27 06:00:00,0.5839
DE1,solar,2021-01-27 06:00:00,0.0
DE1,ocgt,2021-01-27 06:00:00,1.0
DE1,ccgt,2021-01-27 06:00:00,1.0
DE2,onwind,2021-01-27 06:00:00,0.5308
DE2,offwind,2021-01-27 06:00:00,0.5839
DE2,solar,2021-01-27 06:00:00,0.0
DE2,ocgt,2021-01-27 06:00:00,1.0
DE2,ccgt,2021-01-27 06:00:00,1.0
DE3,onwind,2021-01-27 06:00:00,0.376
DE3,offwind,2021-01-27 06:00:00,0.4136
DE3,solar,2021-01-27 06:00:00,0.0
DE3,ocgt,2021-01-27 06:00:00,1.0
DE3,ccgt,2021-01-27 06:00:00,1.0
DE4,onwind,2021-01-27 06:00:00,0.376
DE4,offwind,2021-01-27 06:00:00,0.4136
DE4,solar,2021-01-27 06:00:00,0.0
DE4,ocgt,2021-01-27 06:00:00,1.0
DE4,ccgt,2021-01-27 06:00:00,1.0
DE5,onwind,2021-01-27 06:00:00,0.376
DE5,offwind,2021-01-27 06:00:00,0.4136
DE5,solar,2021-01-27 06:00:00,0.0
DE5,ocgt,2021-01-27 06:00:00,1.0
DE5,ccgt,2021-01-27 06:00:00,1.0
DE6,onwind,2021-01-27 06:00:00,0.376
DE6,offwind,2021-01-27 06:00:00,0.4136
DE6,solar,2021-01-27 06:00:00,0.0
DE6,ocgt,2021-01-27 06:00:00,1.0
DE6,ccgt,2021-01-27 06:00:00,1.0
DE7,onwind,2021-01-27 06:00:00,0.376
DE7,offwind,2021-01-27 06:00:00,0.4136
DE7,solar,2021-01-27 06:00:00,0.0
DE7,ocgt,2021-01-27 06:00:00,1.0
DE7,ccgt,2021-01-27 06:00:00,1.0
DE8,onwind,2021-01-27 06:00:00,0.376
DE8,offwind,2021-01-27 06:00:00,0.4136
DE8,solar,2021-01-27 06:00:00,0.0
DE8,ocgt,2021-01-27 06:00:00,1.0
DE8,ccgt,2021-01-27 06:00:00,1.0
DE9,onwind,2021-01-27 06:00:00,0.376
DE9,offwind,2021-01-27 06:00:00,0.4136
DE9,solar,2021-01-27 06:00:00,0.0
DE9,ocgt,2021-01-27 06:00:00,1.0
DE9,ccgt,2021-01-27 06:00:00,1.0
DE0,onwind,2021-01-27 09:00:00,0.4952
DE0,offwind,2021-01-27 09:00:00,0.5447
DE0,solar,2021-01-27 09:00:00,0.7071
DE0,ocgt,2021-01-27 09:00:00,1.0
DE0,ccgt,2021-01-27 09:00:00,1.0
DE1,onwind,2021-01-27 09:00:00,0.4952
DE1,offwind,2021-01-27 09:00:00,0.5447
DE1,solar,2021-01-27 09:00:00,0.7071
DE1,ocgt,2021-01-27 09:00:00,1.0
DE1,ccgt,2021-01-27 09:00:00,1.0
DE2,onwind,2021-01-27 09:00:00,0.4952
DE2,offwind,2021-01-27 09:00:00,0.5447
DE2,solar,2021-01-27 09:00:00,0.7071
DE2,ocgt,2021-01-27 09:00:00,1.0
DE2,ccgt,2021-01-27 09:00:00,1.0
DE3,onwind,2021-01-27 09:00:00,0.3508
DE3,offwind,2021-01-27 09:00:00,0.3858
DE3,solar,2021-01-27 09:00:00,0.7071
DE3,ocgt,2021-01-27 09:00:00,1.0
DE3,ccgt,2021-01-27 09:00:00,1.0
DE4,onwind,2021-01-27 09:00:00,0.3508
DE4,offwind,2021-01-27 09:00:00,0.3858
DE4,solar,2021-01-27 09:00:00,0.7071
DE4,ocgt,2021-01-27 09:00:00,1.0
DE4,ccgt,2021-01-27 09:00:00,1.0
DE5,onwind,2021-01-27 09:00:00,0.3508
DE5,offwind,2021-01-27 09:00:00,0.3858
DE5,solar,2021-01-27 09:00:00,0.7071
DE5,ocgt,2021-01-27 09:00:00,1.0
DE5,ccgt,2021-01-27 09:00:00,1.0
DE6,onwind,2021-01-27 09:00:00,0.3508
DE6,offwind,2021-01-27 09:00:00,0.3858
DE6,solar,2021-01-27 09:00:00,0.7071
DE6,ocgt,2021-01-27 09:00:00,1.0
DE6,ccgt,2021-01-27 09:00:00,1.0
DE7,onwind,2021-01-27 09:00:00,0.3508
DE7,offwind,2021-01-27 09:00:00,0.3858
DE7,solar,2021-01-27 09:00:00,0.6718
DE7,ocgt,2021-01-27 09:00:00,1.0
DE7,ccgt,2021-01-27 09:00:00,1.0
DE8,onwind,2021-01-27 09:00:00,0.3508
DE8,offwind,2021-01-27 09:00:00,0.3858
DE8,solar,2021-01-27 09:00:00,0.6718
DE8,ocgt,2021-01-27 09:00:00,1.0
DE8,ccgt,2021-01-27 09:00:00,1.0
DE9,onwind,2021-01-27 09:00:00,0.3508
DE9,offwind,2021-01-27 09:00:00,0.3858
DE9,solar,2021-01-27 09:00:00,0.6718
DE9,ocgt,2021-01-27 09:00:00,1.0
DE9,ccgt,2021-01-27 09:00:00,1.0
DE0,onwind,2021-01-27 12:00:00,0.4584
DE0,offwind,2021-01-27 12:00:00,0.5042
DE0,solar,2021-01-27 12:00:00,1.0
DE0,ocgt,2021-01-27 12:00:00,1.0
DE0,ccgt,2021-01-27 12:00:00,1.0
DE1,onwind,2021-01-27 12:00:00,0.4584
DE1,offwind,2021-01-27 12:00:00,0.5042
DE1,solar,2021-01-27 12:00:00,1.0
DE1,ocgt,2021-01-27 12:00:00,1.0
DE1,ccgt,2021-01-27 12:00:00,1.0
DE2,onwind,2021-01-27 12:00:00,0.4584
DE2,offwind,2021-01-27 12:00:00,0.5042
DE2,solar,2021-01-27 12:00:00,1.0
DE2,ocgt,2021-01-27 12:00:00,1.0
DE2,ccgt,2021-01-27 12:00:00,1.0
DE3,onwind,2021-01-27 12:00:00,0.3247
DE3,offwind,2021-01-27 12:00:00,0.3572
DE3,solar,2021-01-27 12:00:00,1.0
DE3,ocgt,2021-01-27 12:00:00,1.0
DE3,ccgt,2021-01-27 12:00:00,1.0
DE4,onwind,2021-01-27 12:00:00,0.3247
DE4,offwind,2021-01-27 12:00:00,0.3572
DE4,solar,2021-01-27 12:00:00,1.0
DE4,ocgt,2021-01-27 12:00:00,1.0
DE4,ccgt,2021-01-27 12:00:00,1.0
DE5,onwind,2021-01-27 12:00:00,0.3247
DE5,offwind,2021-01-27 12:00:00,0.3572
DE5,solar,2021-01-27 12:00:00,1.0
DE5,ocgt,2021-01-27 12:00:00,1.0
DE5,ccgt,2021-01-27 12:00:00,1.0
DE6,onwind,2021-01-27 12:00:00,0.3247
DE6,offwind,2021-01-27 12:00:00,0.3572
DE6,solar,2021-01-27 12:00:00,1.0
DE6,ocgt,2021-01-27 12:00:00,1.0
DE6,ccgt,2021-01-27 12:00:00,1.0
DE7,onwind,2021-01-27 12:00:00,0.3247
DE7,offwind,2021-01-27 12:00:00,0.3572
DE7,solar,2021-01-27 12:00:00,0.95
DE7,ocgt,2021-01-27 12:00:00,1.0
DE7,ccgt,2021-01-27 12:00:00,1.0
DE8,onwind,2021-01-27 12:00:00,0.3247
DE8,offwind,2021-01-27 12:00:00,0.3572
DE8,solar,2021-01-27 12:00:00,0.95
DE8,ocgt,2021-01-27 12:00:00,1.0
DE8,ccgt,2021-01-27 12:00:00,1.0
DE9,onwind,2021-01-27 12:00:00,0.3247
DE9,offwind,2021-01-27 12:00:00,0.3572
DE9,solar,2021-01-27 12:00:00,0.95
DE9,ocgt,2021-01-27 12:00:00,1.0
DE9,ccgt,2021-01-27 12:00:00,1.0
DE0,onwind,2021-01-27 15:00:00,0.421
DE0,offwind,2021-01-27 15:00:00,0.4631
DE0,solar,2021-01-27 15:00:00,0.7071
DE0,ocgt,2021-01-27 15:00:00,1.0
DE0,ccgt,2021-01-27 15:00:00,1.0
DE1,onwind,2021-01-27 15:00:00,0.421
DE1,offwind,2021-01-27 15:00:00,0.4631
DE1,solar,2021-01-27 15:00:00,0.7071
DE1,ocgt,2021-01-27 15:00:00,1.0
DE1,ccgt,2021-01-27 15:00:00,1.0
DE2,onwind,2021-01-27 15:00:00,0.421
DE2,offwind,2021-01-27 15:00:00,0.4631
DE2,solar,2021-01-27 15:00:00,0.7071
DE2,ocgt,2021-01-27 15:00:00,1.0
DE2,ccgt,2021-01-27 15:00:00,1.0
DE3,onwind,2021-01-27 15:00:00,0.2982
DE3,offwind,2021-01-27 15:00:00,0.328
DE3,solar,2021-01-27 15:00:00,0.7071
DE3,ocgt,2021-01-27 15:00:00,1.0
DE3,ccgt,2021-01-27 15:00:00,1.0
DE4,onwind,2021-01-27 15:00:00,0.2982
DE4,offwind,2021-01-27 15:00:00,0.328
DE4,solar,2021-01-27 15:00:00,0.7071
DE4,ocgt,2021-01-27 15:00:00,1.0
DE4,ccgt,2021-01-27 15:00:00,1.0
DE5,onwind,2021-01-27 15:00:00,0.2982
DE5,offwind,2021-01-27 15:00:00,0.328
DE5,solar,2021-01-27 15:00:00,0.7071
DE5,ocgt,2021-01-27 15:00:00,1.0
DE5,ccgt,2021-01-27 15:00:00,1.0
DE6,onwind,2021-01-27 15:00:00,0.2982
DE6,offwind,2021-01-27 15:00:00,0.328
DE6,solar,2021-01-27 15:00:00,0.7071
DE6,ocgt,2021-01-27 15:00:00,1.0
DE6,ccgt,2021-01-27 15:00:00,1.0
DE7,onwind,2021-01-27 15:00:00,0.2982
DE7,offwind,2021-01-27 15:00:00,0.328
DE7,solar,2021-01-27 15:00:00,0.6718
DE7,ocgt,2021-01-27 15:00:00,1.0
DE7,ccgt,2021-01-27 15:00:00,1.0
DE8,onwind,2021-01-27 15:00:00,0.2982
DE8,offwind,2021-01-27 15:00:00,0.328
DE8,solar,2021-01-27 15:00:00,0.6718
DE8,ocgt,2021-01-27 15:00:00,1.0
DE8,ccgt,2021-01-27 15:00:00,1.0
DE9,onwind,2021-01-27 15:00:00,0.2982
DE9,offwind,2021-01-27 15:00:00,0.328
DE9,solar,2021-01-27 15:00:00,0.6718
DE9,ocgt,2021-01-27 15:00:00,1.0
DE9,ccgt,2021-01-27 15:00:00,1.0
DE0,onwind,2021-01-27 18:00:00,0.3836
DE0,offwind,2021-01-27 18:00:00,0.4219
DE0,solar,2021-01-27 18:00:00,0.0
DE0,ocgt,2021-01-27 18:00:00,1.0
DE0,ccgt,2021-01-27 18:00:00,1.0
DE1,onwind,2021-01-27 18:00:00,0.3836
DE1,offwind,2021-01-27 18:00:00,0.4219
DE1,solar,2021-01-27 18:00:00,0.0
DE1,ocgt,2021-01-27 18:00:00,1.0
DE1,ccgt,2021-01-27 18:00:00,1.0
DE2,onwind,2021-01-27 18:00:00,0.3836
DE2,offwind,2021-01-27 18:00:00,0.4219
DE2,solar,2021-01-27 18:00:00,0.0
DE2,ocgt,2021-01-27 18:00:00,1.0
DE2,ccgt,2021-01-27 18:00:00,1.0
DE3,onwind,2021-01-27 18:00:00,0.2717
DE3,offwind,2021-01-27 18:00:00,0.2989
DE3,solar,2021-01-27 18:00:00,0.0
DE3,ocgt,2021-01-27 18:00:00,1.0
DE3,ccgt,2021-01-27 18:00:00,1.0
DE4,onwind,2021-01-27 18:00:00,0.2717
DE4,offwind,2021-01-27 18:00:00,0.2989
DE4,solar,2021-01-27 18:00:00,0.0
DE4,ocgt,2021-01-27 18:00:00,1.0
DE4,ccgt,2021-01-27 18:00:00,1.0
DE5,onwind,2021-01-27 18:00:00,0.2717
DE5,offwind,2021-01-27 18:00:00,0.2989
DE5,solar,2021-01-27 18:00:00,0.0
DE5,ocgt,2021-01-27 18:00:00,1.0
DE5,ccgt,2021-01-27 18:00:00,1.0
DE6,onwind,2021-01-27 18:00:00,0.2717
DE6,offwind,2021-01-27 18:00:00,0.2989
DE6,solar,2021-01-27 18:00:00,0.0
DE6,ocgt,2021-01-27 18:00:00,1.0
DE6,ccgt,2021-01-27 18:00:00,1.0
DE7,onwind,2021-01-27 18:00:00,0.2717
DE7,offwind,2021-01-27 18:00:00,0.2989
DE7,solar,2021-01-27 18:00:00,0.0
DE7,ocgt,2021-01-27 18:00:00,1.0
DE7,ccgt,2021-01-27 18:00:00,1.0
DE8,onwind,2021-01-27 18:00:00,0.2717
DE8,offwind,2021-01-27 18:00:00,0.2989
DE8,solar,2021-01-27 18:00:00,0.0
DE8,ocgt,2021-01-27 18:00:00,1.0
DE8,ccgt,2021-01-27 18:00:00,1.0
DE9,onwind,2021-01-27 18:00:00,0.2717
DE9,offwind,2021-01-27 18:00:00,0.2989
DE9,solar,2021-01-27 18:00:00,0.0
DE9,ocgt,2021-01-27 18:00:00,1.0
DE9,ccgt,2021-01-27 18:00:00,1.0
DE0,onwind,2021-01-27 21:00:00,0.3467
DE0,offwind,2021-01-27 21:00:00,0.3814
DE0,solar,2021-01-27 21:00:00,0.0
DE0,ocgt,2021-01-27 21:00:00,1.0
DE0,ccgt,2021-01-27 21:00:00,1.0
DE1,onwind,2021-01-27 21:00:00,0.3467
DE1,offwind,2021-01-27 21:00:00,0.3814
DE1,solar,2021-01-27 21:00:00,0.0
DE1,ocgt,2021-01-27 21:00:00,1.0
DE1,ccgt,2021-01-27 21:00:00,1.0
DE2,onwind,2021-01-27 21:00:00,0.3467
DE2,offwind,2021-01-27 21:00:00,0.3814
DE2,solar,2021-01-27 21:00:00,0.0
DE2,ocgt,2021-01-27 21:00:00,1.0
DE2,ccgt,2021-01-27 21:00:00,1.0
DE3,onwind,2021-01-27 21:00:00,0.2456
DE3,offwind,2021-01-27 21:00:00,0.2702
DE3,solar,2021-01-27 21:00:00,0.0
DE3,ocgt,2021-01-27 21:00:00,1.0
DE3,ccgt,2021-01-27 21:00:00,1.0
DE4,onwind,2021-01-27 21:00:00,0.2456
DE4,offwind,2021-01-27 21:00:00,0.2702
DE4,solar,2021-01-27 21:00:00,0.0
DE4,ocgt,2021-01-27 21:00:00,1.0
DE4,ccgt,2021-01-27 21:00:00,1.0
DE5,onwind,2021-01-27 21:00:00,0.2456
DE5,offwind,2021-01-27 21:00:00,0.2702
DE5,solar,2021-01-27 21:00:00,0.0
DE5,ocgt,2021-01-27 21:00:00,1.0
DE5,ccgt,2021-01-27 21:00:00,1.0
DE6,onwind,2021-01-27 21:00:00,0.2456
DE6,offwind,2021-01-27 21:00:00,0.2702
DE6,solar,2021-01-27 21:00:00,0.0
DE6,ocgt,2021-01-27 21:00:00,1.0
DE6,ccgt,2021-01-27 21:00:00,1.0
DE7,onwind,2021-01-27 21:00:00,0.2456
DE7,offwind,2021-01-27 21:00:00,0.2702
DE7,solar,2021-01-27 21:00:00,0.0
DE7,ocgt,2021-01-27 21:00:00,1.0
DE7,ccgt,2021-01-27 21:00:00,1.0
DE8,onwind,2021-01-27 21:00:00,0.2456
DE8,offwind,2021-01-27 21:00:00,0.2702
DE8,solar,2021-01-27 21:00:00,0.0
DE8,ocgt,2021-01-27 21:00:00,1.0
DE8,ccgt,2021-01-27 21:00:00,1.0
DE9,onwind,2021-01-27 21:00:00,0.2456
DE9,offwind,2021-01-27 21:00:00,0.2702
DE9,solar,2021-01-27 21:00:00,0.0
DE9,ocgt,2021-01-27 21:00:00,1.0
DE9,ccgt,2021-01-27 21:00:00,1.0
DE0,onwind,2021-01-28 00:00:00,0.2437
DE0,offwind,2021-01-28 00:00:00,0.268
DE0,solar,2021-01-28 00:00:00,0.0
DE0,ocgt,2021-01-28 00:00:00,1.0
DE0,ccgt,2021-01-28 00:00:00,1.0
DE1,onwind,2021-01-28 00:00:00,0.2437
DE1,offwind,2021-01-28 00:00:00,0.268
DE1,solar,2021-01-28 00:00:00,0.0
DE1,ocgt,2021-01-28 00:00:00,1.0
DE1,ccgt,2021-01-28 00:00:00,1.0
DE2,onwind,2021-01-28 00:00:00,0.2437
DE2,offwind,2021-01-28 00:00:00,0.268
DE2,solar,2021-01-28 00:00:00,0.0
DE2,ocgt,2021-01-28 00:00:00,1.0
DE2,ccgt,2021-01-28 00:00:00,1.0
DE3,onwind,2021-01-28 00:00:00,0.1726
DE3,offwind,2021-01-28 00:00:00,0.1899
DE3,solar,2021-01-28 00:00:00,0.0
DE3,ocgt,2021-01-28 00:00:00,1.0
DE3,ccgt,2021-01-28 00:00:00,1.0
DE4,onwind,2021-01-28 00:00:00,0.1726
DE4,offwind,2021-01-28 00:00:00,0.1899
DE4,solar,2021-01-28 00:00:00,0.0
DE4,ocgt,2021-01-28 00:00:00,1.0
DE4,ccgt,2021-01-28 00:00:00,1.0
DE5,onwind,2021-01-28 00:00:00,0.1726
DE5,offwind,2021-01-28 00:00:00,0.1899
DE5,solar,2021-01-28 00:00:00,0.0
DE5,ocgt,2021-01-28 00:00:00,1.0
DE5,ccgt,2021-01-28 00:00:00,1.0
DE6,onwind,2021-01-28 00:00:00,0.1726
DE6,offwind,2021-01-28 00:00:00,0.1899
DE6,solar,2021-01-28 00:00:00,0.0
DE6,ocgt,2021-01-28 00:00:00,1.0
DE6,ccgt,2021-01-28 00:00:00,1.0
DE7,onwind,2021-01-28 00:00:00,0.1726
DE7,offwind,2021-01-28 00:00:00,0.1899
DE7,solar,2021-01-28 00:00:00,0.0
DE7,ocgt,2021-01-28 00:00:00,1.0
DE7,ccgt,2021-01-28 00:00:00,1.0
DE8,onwind,2021-01-28 00:00:00,0.1726
DE8,offwind,2021-01-28 00:00:00,0.1899
DE8,solar,2021-01-28 00:00:00,0.0
DE8,ocgt,2021-01-28 00:00:00,1.0
DE8,ccgt,2021-01-28 00:00:00,1.0
DE9,onwind,2021-01-28 00:00:00,0.1726
DE9,offwind,2021-01-28 00:00:00,0.1899
DE9,solar,2021-01-28 00:00:00,0.0
DE9,ocgt,2021-01-28 00:00:00,1.0
DE9,ccgt,2021-01-28 00:00:00,1.0
DE0,onwind,2021-01-28 03:00:00,0.2148
DE0,offwind,2021-01-28 03:00:00,0.2363
DE0,solar,2021-01-28 03:00:00,0.0
DE0,ocgt,2021-01-28 03:00:00,1.0
DE0,ccgt,2021-01-28 03:00:00,1.0
DE1,onwind,2021-01-28 03:00:00,0.2148
DE1,offwind,2021-01-28 03:00:00,0.2363
DE1,solar,2021-01-28 03:00:00,0.0
DE1,ocgt,2021-01-28 03:00:00,1.0
DE1,ccgt,2021-01-28 03:00:00,1.0
DE2,onwind,2021-01-28 03:00:00,0.2148
DE2,offwind,2021-01-28 03:00:00,0.2363
DE2,solar,2021-01-28 03:00:00,0.0
DE2,ocgt,2021-01-28 03:00:00,1.0
DE2,ccgt,2021-01-28 03:00:00,1.0
DE3,onwind,2021-01-28 03:00:00,0.1521
DE3,offwind,2021-01-28 03:00:00,0.1674
DE3,solar,2021-01-28 03:00:00,0.0
DE3,ocgt,2021-01-28 03:00:00,1.0
DE3,ccgt,2021-01-28 03:00:00,1.0
DE4,onwind,2021-01-28 03:00:00,0.1521
DE4,offwind,2021-01-28 03:00:00,0.1674
DE4,solar,2021-01-28 03:00:00,0.0
DE4,ocgt,2021-01-28 03:00:00,1.0
DE4,ccgt,2021-01-28 03:00:00,1.0
DE5,onwind,2021-01-28 03:00:00,0.1521
DE5,offwind,2021-01-28 03:00:00,0.1674
DE5,solar,2021-01-28 03:00:00,0.0
DE5,ocgt,2021-01-28 03:00:00,1.0
DE5,ccgt,2021-01-28 03:00:00,1.0
DE6,onwind,2021-01-28 03:00:00,0.1521
DE6,offwind,2021-01-28 03:00:00,0.1674
DE6,solar,2021-01-28 03:00:00,0.0
DE6,ocgt,2021-01-28 03:00:00,1.0
DE6,ccgt,2021-01-28 03:00:00,1.0
DE7,onwind,2021-01-28 03:00:00,0.1521
DE7,offwind,2021-01-28 03:00:00,0.1674
DE7,solar,2021-01-28 03:00:00,0.0
DE7,ocgt,2021-01-28 03:00:00,1.0
DE7,ccgt,2021-01-28 03:00:00,1.0
DE8,onwind,2021-01-28 03:00:00,0.1521
DE8,offwind,2021-01-28 03:00:00,0.1674
DE8,solar,2021-01-28 03:00:00,0.0
DE8,ocgt,2021-01-28 03:00:00,1.0
DE8,ccgt,2021-01-28 03:00:00,1.0
DE9,onwind,2021-01-28 03:00:00,0.1521
DE9,offwind,2021-01-28 03:00:00,0.1674
DE9,solar,2021-01-28 03:00:00,0.0
DE9,ocgt,2021-01-28 03:00:00,1.0
DE9,ccgt,2021-01-28 03:00:00,1.0
DE0,onwind,2021-01-28 06:00:00,0.1891
DE0,offwind,2021-01-28 06:00:00,0.208
DE0,solar,2021-01-28 06:00:00,0.0
DE0,ocgt,2021-01-28 06:00:00,1.0
DE0,ccgt,2021-01-28 06:00:00,1.0
DE1,onwind,2021-01-28 06:00:00,0.1891
DE1,offwind,2021-01-28 06:00:00,0.208
DE1,solar,2021-01-28 06:00:00,0.0
DE1,ocgt,2021-01-28 06:00:00,1.0
DE1,ccgt,2021-01-28 06:00:00,1.0
DE2,onwind,2021-01-28 06:00:00,0.1891
DE2,offwind,2021-01-28 06:00:00,0.208
DE2,solar,2021-01-28 06:00:00,0.0
DE2,ocgt,2021-01-28 06:00:00,1.0
DE2,ccgt,2021-01-28 06:00:00,1.0
DE3,onwind,2021-01-28 06:00:00,0.1339
DE3,offwind,2021-01-28 06:00:00,0.1473
DE3,solar,2021-01-28 06:00:00,0.0
DE3,ocgt,2021-01-28 06:00:00,1.0
DE3,ccgt,2021-01-28 06:00:00,1.0
DE4,onwind,2021-01-28 06:00:00,0.1339
DE4,offwind,2021-01-28 06:00:00,0.1473
DE4,solar,2021-01-28 06:00:00,0.0
DE4,ocgt,2021-01-28 06:00:00,1.0
DE4,ccgt,2021-01-28 06:00:00,1.0
DE5,onwind,2021-01-28 06:00:00,0.1339
DE5,offwind,2021-01-28 06:00:00,0.1473
DE5,solar,2021-01-28 06:00:00,0.0
DE5,ocgt,2021-01-28 06:00:00,1.0
DE5,ccgt,2021-01-28 06:00:00,1.0
DE6,onwind,2021-01-28 06:00:00,0.1339
DE6,offwind,2021-01-28 06:00:00,0.1473
DE6,solar,2021-01-28 06:00:00,0.0
DE6,ocgt,2021-01-28 06:00:00,1.0
DE6,ccgt,2021-01-28 06:00:00,1.0
DE7,onwind,2021-01-28 06:00:00,0.1339
DE7,offwind,2021-01-28 06:00:00,0.1473
DE7,solar,2021-01-28 06:00:00,0.0
DE7,ocgt,2021-01-28 06:00:00,1.0
DE7,ccgt,2021-01-28 06:00:00,1.0
DE8,onwind,2021-01-28 06:00:00,0.1339
DE8,offwind,2021-01-28 06:00:00,0.1473
DE8,solar,2021-01-28 06:00:00,0.0
DE8,ocgt,2021-01-28 06:00:00,1.0
DE8,ccgt,2021-01-28 06:00:00,1.0
DE9,onwind,2021-01-28 06:00:00,0.1339
DE9,offwind,2021-01-28 06:00:00,0.1473
DE9,solar,2021-01-28 06:00:00,0.0
DE9,ocgt,2021-01-28 06:00:00,1.0
DE9,ccgt,2021-01-28 06:00:00,1.0
DE0,onwind,2021-01-28 09:00:00,0.167
DE0,offwind,2021-01-28 09:00:00,0.1837
DE0,solar,2021-01-28 09:00:00,0.7071
DE0,ocgt,2021-01-28 09:00:00,1.0
DE0,ccgt,2021-01-28 09:00:00,1.0
DE1,onwind,2021-01-28 09:00:00,0.167
DE1,offwind,2021-01-28 09:00:00,0.1837
DE1,solar,2021-01-28 09:00:00,0.7071
DE1,ocgt,2021-01-28 09:00:00,1.0
DE1,ccgt,2021-01-28 09:00:00,1.0
DE2,onwind,2021-01-28 09:00:00,0.167
DE2,offwind,2021-01-28 09:00:00,0.1837
DE2,solar,2021-01-28 09:00:00,0.7071
DE2,ocgt,2021-01-28 09:00:00,1.0
DE2,ccgt,2021-01-28 09:00:00,1.0
DE3,onwind,2021-01-28 09:00:00,0.1183
DE3,offwind,2021-01-28 09:00:00,0.1301
DE3,solar,2021-01-28 09:00:00,0.7071
DE3,ocgt,2021-01-28 09:00:00,1.0
DE3,ccgt,2021-01-28 09:00:00,1.0
DE4,onwind,2021-01-28 09:00:00,0.1183
DE4,offwind,2021-01-28 09:00:00,0.1301
DE4,solar,2021-01-28 09:00:00,0.7071
DE4,ocgt,2021-01-28 09:00:00,1.0
DE4,ccgt,2021-01-28 09:00:00,1.0
DE5,onwind,2021-01-28 09:00:00,0.1183
DE5,offwind,2021-01-28 09:00:00,0.1301
DE5,solar,2021-01-28 09:00:00,0.7071
DE5,ocgt,2021-01-28 09:00:00,1.0
DE5,ccgt,2021-01-28 09:00:00,1.0
DE6,onwind,2021-01-28 09:00:00,0.1183
DE6,offwind,2021-01-28 09:00:00,0.1301
DE6,solar,2021-01-28 09:00:00,0.7071
DE6,ocgt,2021-01-28 09:00:00,1.0
DE6,ccgt,2021-01-28 09:00:00,1.0
DE7,onwind,2021-01-28 09:00:00,0.1183
DE7,offwind,2021-01-28 09:00:00,0.1301
DE7,solar,2021-01-28 09:00:00,0.6718
DE7,ocgt,2021-01-28 09:00:00,1.0
DE7,ccgt,2021-01-28 09:00:00,1.0
DE8,onwind,2021-01-28 09:00:00,0.1183
DE8,offwind,2021-01-28 09:00:00,0.1301
DE8,solar,2021-01-28 09:00:00,0.6718
DE8,ocgt,2021-01-28 09:00:00,1.0
DE8,ccgt,2021-01-28 09:00:00,1.0
DE9,onwind,2021-01-28 09:00:00,0.1183
DE9,offwind,2021-01-28 09:00:00,0.1301
DE9,solar,2021-01-28 09:00:00,0.6718
DE9,ocgt,2021-01-28 09:00:00,1.0
DE9,ccgt,2021-01-28 09:00:00,1.0
DE0,onwind,2021-01-28 12:00:00,0.1489
DE0,offwind,2021-01-28 12:00:00,0.1638
DE0,solar,2021-01-28 12:00:00,1.0
DE0,ocgt,2021-01-28 12:00:00,1.0
DE0,ccgt,2021-01-28 12:00:00,1.0
DE1,onwind,2021-01-28 12:00:00,0.1489
DE1,offwind,2021-01-28 12:00:00,0.1638
DE1,solar,2021-01-28 12:00:00,1.0
DE1,ocgt,2021-01-28 12:00:00,1.0
DE1,ccgt,2021-01-28 12:00:00,1.0
DE2,onwind,2021-01-28 12:00:00,0.1489
DE2,offwind,2021-01-28 12:00:00,0.1638
DE2,solar,2021-01-28 12:00:00,1.0
DE2,ocgt,2021-01-28 12:00:00,1.0
DE2,ccgt,2021-01-28 12:00:00,1.0
DE3,onwind,2021-01-28 12:00:00,0.1055
DE3,offwind,2021-01-28 12:00:00,0.116
DE3,solar,2021-01-28 12:00:00,1.0
DE3,ocgt,2021-01-28 12:00:00,1.0
DE3,ccgt,2021-01-28 12:00:00,1.0
DE4,onwind,2021-01-28 12:00:00,0.1055
DE4,offwind,2021-01-28 12:00:00,0.116
DE4,solar,2021-01-28 12:00:00,1.0
DE4,ocgt,2021-01-28 12:00:00,1.0
DE4,ccgt,2021-01-28 12:00:00,1.0
DE5,onwind,2021-01-28 12:00:00,0.1055
DE5,offwind,2021-01-28 12:00:00,0.116
DE5,solar,2021-01-28 12:00:00,1.0
DE5,ocgt,2021-01-28 12:00:00,1.0
DE5,ccgt,2021-01-28 12:00:00,1.0
DE6,onwind,2021-01-28 12:00:00,0.1055
DE6,offwind,2021-01-28 12:00:00,0.116
DE6,solar,2021-01-28 12:00:00,1.0
DE6,ocgt,2021-01-28 12:00:00,1.0
DE6,ccgt,2021-01-28 12:00:00,1.0
DE7,onwind,2021-01-28 12:00:00,0.1055
DE7,offwind,2021-01-28 12:00:00,0.116
DE7,solar,2021-01-28 12:00:00,0.95
DE7,ocgt,2021-01-28 12:00:00,1.0
DE7,ccgt,2021-01-28 12:00:00,1.0
DE8,onwind,2021-01-28 12:00:00,0.1055
DE8,offwind,2021-01-28 12:00:00,0.116
DE8,solar,2021-01-28 12:00:00,0.95
DE8,ocgt,2021-01-28 12:00:00,1.0
DE8,ccgt,2021-01-28 12:00:00,1.0
DE9,onwind,2021-01-28 12:00:00,0.1055
DE9,offwind,2021-01-28 12:00:00,0.116
DE9,solar,2021-01-28 12:00:00,0.95
DE9,ocgt,2021-01-28 12:00:00,1.0
DE9,ccgt,2021-01-28 12:00:00,1.0
DE0,onwind,2021-01-28 15:00:00,0.135
DE0,offwind,2021-01-28 15:00:00,0.1485
DE0,solar,2021-01-28 15:00:00,0.7071
DE0,ocgt,2021-01-28 15:00:00,1.0
DE0,ccgt,2021-01-28 15:00:00,1.0
DE1,onwind,2021-01-28 15:00:00,0.135
DE1,offwind,2021-01-28 15:00:00,0.1485
DE1,solar,2021-01-28 15:00:00,0.7071
DE1,ocgt,2021-01-28 15:00:00,1.0
DE1,ccgt,2021-01-28 15:00:00,1.0
DE2,onwind,2021-01-28 15:00:00,0.135
DE2,offwind,2021-01-28 15:00:00,0.1485
DE2,solar,2021-01-28 15:00:00,0.7071
DE2,ocgt,2021-01-28 15:00:00,1.0
DE2,ccgt,2021-01-28 15:00:00,1.0
DE3,onwind,2021-01-28 15:00:00,0.0956
DE3,offwind,2021-01-28 15:00:00,0.1052
DE3,solar,2021-01-28 15:00:00,0.7071
DE3,ocgt,2021-01-28 15:00:00,1.0
DE3,ccgt,2021-01-28 15:00:00,1.0
DE4,onwind,2021-01-28 15:00:00,0.0956
DE4,offwind,2021-01-28 15:00:00,0.1052
DE4,solar,2021-01-28 15:00:00,0.7071
DE4,ocgt,2021-01-28 15:00:00,1.0
DE4,ccgt,2021-01-28 15:00:00,1.0
DE5,onwind,2021-01-28 15:00:00,0.0956
DE5,offwind,2021-01-28 15:00:00,0.1052
DE5,solar,2021-01-28 15:00:00,0.7071
DE5,ocgt,2021-01-28 15:00:00,1.0
DE5,ccgt,2021-01-28 15:00:00,1.0
DE6,onwind,2021-01-28 15:00:00,0.0956
DE6,offwind,2021-01-28 15:00:00,0.1052
DE6,solar,2021-01-28 15:00:00,0.7071
DE6,ocgt,2021-01-28 15:00:00,1.0
DE6,ccgt,2021-01-28 15:00:00,1.0
DE7,onwind,2021-01-28 15:00:00,0.0956
DE7,offwind,2021-01-28 15:00:00,0.1052
DE7,solar,2021-01-28 15:00:00,0.6718
DE7,ocgt,2021-01-28 15:00:00,1.0
DE7,ccgt,2021-01-28 15:00:00,1.0
DE8,onwind,2021-01-28 15:00:00,0.0956
DE8,offwind,2021-01-28 15:00:00,0.1052
DE8,solar,2021-01-28 15:00:00,0.6718
DE8,ocgt,2021-01-28 15:00:00,1.0
DE8,ccgt,2021-01-28 15:00:00,1.0
DE9,onwind,2021-01-28 15:00:00,0.0956
DE9,offwind,2021-01-28 15:00:00,0.1052
DE9,solar,2021-01-28 15:00:00,0.6718
DE9,ocgt,2021-01-28 15:00:00,1.0
DE9,ccgt,2021-01-28 15:00:00,1.0
DE0,onwind,2021-01-28 18:00:00,0.1255
DE0,offwind,2021-01-28 18:00:00,0.1381
DE0,solar,2021-01-28 18:00:00,0.0
DE0,ocgt,2021-01-28 18:00:00,1.0
DE0,ccgt,2021-01-28 18:00:00,1.0
DE1,onwind,2021-01-28 18:00:00,0.1255
DE1,offwind,2021-01-28 18:00:00,0.1381
DE1,solar,2021-01-28 18:00:00,0.0
DE1,ocgt,2021-01-28 18:00:00,1.0
DE1,ccgt,2021-01-28 18:00:00,1.0
DE2,onwind,2021-01-28 18:00:00,0.1255
DE2,offwind,2021-01-28 18:00:00,0.1381
DE2,solar,2021-01-28 18:00:00,0.0
DE2,ocgt,2021-01-28 18:00:00,1.0
DE2,ccgt,2021-01-28 18:00:00,1.0
DE3,onwind,2021-01-28 18:00:00,0.0889
DE3,offwind,2021-01-28 18:00:00,0.0978
DE3,solar,2021-01-28 18:00:00,0.0
DE3,ocgt,2021-01-28 18:00:00,1.0
DE3,ccgt,2021-01-28 18:00:00,1.0
DE4,onwind,2021-01-28 18:00:00,0.0889
DE4,offwind,2021-01-28 18:00:00,0.0978
DE4,solar,2021-01-28 18:00:00,0.0
DE4,ocgt,2021-01-28 18:00:00,1.0
DE4,ccgt,2021-01-28 18:00:00,1.0
DE5,onwind,2021-01-28 18:00:00,0.0889
DE5,offwind,2021-01-28 18:00:00,0.0978
DE5,solar,2021-01-28 18:00:00,0.0
DE5,ocgt,2021-01-28 18:00:00,1.0
DE5,ccgt,2021-01-28 18:00:00,1.0
DE6,onwind,2021-01-28 18:00:00,0.0889
DE6,offwind,2021-01-28 18:00:00,0.0978
DE6,solar,2021-01-28 18:00:00,0.0
DE6,ocgt,2021-01-28 18:00:00,1.0
DE6,ccgt,2021-01-28 18:00:00,1.0
DE7,onwind,2021-01-28 18:00:00,0.0889
DE7,offwind,2021-01-28 18:00:00,0.0978
DE7,solar,2021-01-28 18:00:00,0.0
DE7,ocgt,2021-01-28 18:00:00,1.0
DE7,ccgt,2021-01-28 18:00:00,1.0
DE8,onwind,2021-01-28 18:00:00,0.0889
DE8,offwind,2021-01-28 18:00:00,0.0978
DE8,solar,2021-01-28 18:00:00,0.0
DE8,ocgt,2021-01-28 18:00:00,1.0
DE8,ccgt,2021-01-28 18:00:00,1.0
DE9,onwind,2021-01-28 18:00:00,0.0889
DE9,offwind,2021-01-28 18:00:00,0.0978
DE9,solar,2021-01-28 18:00:00,0.0
DE9,ocgt,2021-01-28 18:00:00,1.0
DE9,ccgt,2021-01-28 18:00:00,1.0
DE0,onwind,2021-01-28 21:00:00,0.1207
DE0,offwind,2021-01-28 21:00:00,0.1328
DE0,solar,2021-01-28 21:00:00,0.0
DE0,ocgt,2021-01-28 21:00:00,1.0
DE0,ccgt,2021-01-28 21:00:00,1.0
DE1,onwind,2021-01-28 21:00:00,0.1207
DE1,offwind,2021-01-28 21:00:00,0.1328
DE1,solar,2021-01-28 21:00:00,0.0
DE1,ocgt,2021-01-28 21:00:00,1.0
DE1,ccgt,2021-01-28 21:00:00,1.0
DE2,onwind,2021-01-28 21:00:00,0.1207
DE2,offwind,2021-01-28 21:00:00,0.1328
DE2,solar,2021-01-28 21:00:00,0.0
DE2,ocgt,2021-01-28 21:00:00,1.0
DE2,ccgt,2021-01-28 21:00:00,1.0
DE3,onwind,2021-01-28 21:00:00,0.0855
DE3,offwind,2021-01-28 21:00:00,0.094
DE3,solar,2021-01-28 21:00:00,0.0
DE3,ocgt,2021-01-28 21:00:00,1.0
DE3,ccgt,2021-01-28 21:00:00,1.0
DE4,onwind,2021-01-28 21:00:00,0.0855
DE4,offwind,2021-01-28 21:00:00,0.094
DE4,solar,2021-01-28 21:00:00,0.0
DE4,ocgt,2021-01-28 21:00:00,1.0
DE4,ccgt,2021-01-28 21:00:00,1.0
DE5,onwind,2021-01-28 21:00:00,0.0855
DE5,offwind,2021-01-28 21:00:00,0.094
DE5,solar,2021-01-28 21:00:00,0.0
DE5,ocgt,2021-01-28 21:00:00,1.0
DE5,ccgt,2021-01-28 21:00:00,1.0
DE6,onwind,2021-01-28 21:00:00,0.0855
DE6,offwind,2021-01-28 21:00:00,0.094
DE6,solar,2021-01-28 21:00:00,0.0
DE6,ocgt,2021-01-28 21:00:00,1.0
DE6,ccgt,2021-01-28 21:00:00,1.0
DE7,onwind,2021-01-28 21:00:00,0.0855
DE7,offwind,2021-01-28 21:00:00,0.094
DE7,solar,2021-01-28 21:00:00,0.0
DE7,ocgt,2021-01-28 21:00:00,1.0
DE7,ccgt,2021-01-28 21:00:00,1.0
DE8,onwind,2021-01-28 21:00:00,0.0855
DE8,offwind,2021-01-28 21:00:00,0.094
DE8,solar,2021-01-28 21:00:00,0.0
DE8,ocgt,2021-01-28 21:00:00,1.0
DE8,ccgt,2021-01-28 21:00:00,1.0
DE9,onwind,2021-01-28 21:00:00,0.0855
DE9,offwind,2021-01-28 21:00:00,0.094
DE9,solar,2021-01-28 21:00:00,0.0
DE9,ocgt,2021-01-28 21:00:00,1.0
DE9,ccgt,2021-01-28 21:00:00,1.0
DE0,onwind,2021-01-29 00:00:00,0.1347
DE0,offwind,2021-01-29 00:00:00,0.1482
DE0,solar,2021-01-29 00:00:00,0.0
DE0,ocgt,2021-01-29 00:00:00,1.0
DE0,ccgt,2021-01-29 00:00:00,1.0
DE1,onwind,2021-01-29 00:00:00,0.1347
DE1,offwind,2021-01-29 00:00:00,0.1482
DE1,solar,2021-01-29 00:00:00,0.0
DE1,ocgt,2021-01-29 00:00:00,1.0
DE1,ccgt,2021-01-29 00:00:00,1.0
DE2,onwind,2021-01-29 00:00:00,0.1347
DE2,offwind,2021-01-29 00:00:00,0.1482
DE2,solar,2021-01-29 00:00:00,0.0
DE2,ocgt,2021-01-29 00:00:00,1.0
DE2,ccgt,2021-01-29 00:00:00,1.0
DE3,onwind,2021-01-29 00:00:00,0.0954
DE3,offwind,2021-01-29 00:00:00,0.1049
DE3,solar,2021-01-29 00:00:00,0.0
DE3,ocgt,2021-01-29 00:00:00,1.0
DE3,ccgt,2021-01-29 00:00:00,1.0
DE4,onwind,2021-01-29 00:00:00,0.0954
DE4,offwind,2021-01-29 00:00:00,0.1049
DE4,solar,2021-01-29 00:00:00,0.0
DE4,ocgt,2021-01-29 00:00:00,1.0
DE4,ccgt,2021-01-29 00:00:00,1.0
DE5,onwind,2021-01-29 00:00:00,0.0954
DE5,offwind,2021-01-29 00:00:00,0.1049
DE5,solar,2021-01-29 00:00:00,0.0
DE5,ocgt,2021-01-29 00:00:00,1.0
DE5,ccgt,2021-01-29 00:00:00,1.0
DE6,onwind,2021-01-29 00:00:00,0.0954
DE6,offwind,2021-01-29 00:00:00,0.1049
DE6,solar,2021-01-29 00:00:00,0.0
DE6,ocgt,2021-01-29 00:00:00,1.0
DE6,ccgt,2021-01-29 00:00:00,1.0
DE7,onwind,2021-01-29 00:00:00,0.0954
DE7,offwind,2021-01-29 00:00:00,0.1049
DE7,solar,2021-01-29 00:00:00,0.0
DE7,ocgt,2021-01-29 00:00:00,1.0
DE7,ccgt,2021-01-29 00:00:00,1.0
DE8,onwind,2021-01-29 00:00:00,0.0954
DE8,offwind,2021-01-29 00:00:00,0.1049
DE8,solar,2021-01-29 00:00:00,0.0
DE8,ocgt,2021-01-29 00:00:00,1.0
DE8,ccgt,2021-01-29 00:00:00,1.0
DE9,onwind,2021-01-29 00:00:00,0.0954
DE9,offwind,2021-01-29 00:00:00,0.1049
DE9,solar,2021-01-29 00:00:00,0.0
DE9,ocgt,2021-01-29 00:00:00,1.0
DE9,ccgt,2021-01-29 00:00:00,1.0
DE0,onwind,2021-01-29 03:00:00,0.1485
DE0,offwind,2021-01-29 03:00:00,0.1633
DE0,solar,2021-01-29 03:00:00,0.0
DE0,ocgt,2021-01-29 03:00:00,1.0
DE0,ccgt,2021-01-29 03:00:00,1.0
DE1,onwind,2021-01-29 03:00:00,0.1485
DE1,offwind,2021-01-29 03:00:00,0.1633
DE1,solar,2021-01-29 03:00:00,0.0
DE1,ocgt,2021-01-29 03:00:00,1.0
DE1,ccgt,2021-01-29 03:00:00,1.0
DE2,onwind,2021-01-29 03:00:00,0.1485
DE2,offwind,2021-01-29 03:00:00,0.1633
DE2,solar,2021-01-29 03:00:00,0.0
DE2,ocgt,2021-01-29 03:00:00,1.0
DE2,ccgt,2021-01-29 03:00:00,1.0
DE3,onwind,2021-01-29 03:00:00,0.1052
DE3,offwind,2021-01-29 03:00:00,0.1157
DE3,solar,2021-01-29 03:00:00,0.0
DE3,ocgt,2021-01-29 03:00:00,1.0
DE3,ccgt,2021-01-29 03:00:00,1.0
DE4,onwind,2021-01-29 03:00:00,0.1052
DE4,offwind,2021-01-29 03:00:00,0.1157
DE4,solar,2021-01-29 03:00:00,0.0
DE4,ocgt,2021-01-29 03:00:00,1.0
DE4,ccgt,2021-01-29 03:00:00,1.0
DE5,onwind,2021-01-29 03:00:00,0.1052
DE5,offwind,2021-01-29 03:00:00,0.1157
DE5,solar,2021-01-29 03:00:00,0.0
DE5,ocgt,2021-01-29 03:00:00,1.0
DE5,ccgt,2021-01-29 03:00:00,1.0
DE6,onwind,2021-01-29 03:00:00,0.1052
DE6,offwind,2021-01-29 03:00:00,0.1157
DE6,solar,2021-01-29 03:00:00,0.0
DE6,ocgt,2021-01-29 03:00:00,1.0
DE6,ccgt,2021-01-29 03:00:00,1.0
DE7,onwind,2021-01-29 03:00:00,0.1052
DE7,offwind,2021-01-29 03:00:00,0.1157
DE7,solar,2021-01-29 03:00:00,0.0
DE7,ocgt,2021-01-29 03:00:00,1.0
DE7,ccgt,2021-01-29 03:00:00,1.0
DE8,onwind,2021-01-29 03:00:00,0.1052
DE8,offwind,2021-01-29 03:00:00,0.1157
DE8,solar,2021-01-29 03:00:00,0.0
DE8,ocgt,2021-01-29 03:00:00,1.0
DE8,ccgt,2021-01-29 03:00:00,1.0
DE9,onwind,2021-01-29 03:00:00,0.1052
DE9,offwind,2021-01-29 03:00:00,0.1157
DE9,solar,2021-01-29 03:00:00,0.0
DE9,ocgt,2021-01-29 03:00:00,1.0
DE9,ccgt,2021-01-29 03:00:00,1.0
DE0,onwind,2021-01-29 06:00:00,0.1665
DE0,offwind,2021-01-29 06:00:00,0.1831
DE0,solar,2021-01-29 06:00:00,0.0
DE0,ocgt,2021-01-29 06:00:00,1.0
DE0,ccgt,2021-01-29 06:00:00,1.0
DE1,onwind,2021-01-29 06:00:00,0.1665
DE1,offwind,2021-01-29 06:00:00,0.1831
DE1,solar,2021-01-29 06:00:00,0.0
DE1,ocgt,2021-01-29 06:00:00,1.0
DE1,ccgt,2021-01-29 06:00:00,1.0
DE2,onwind,2021-01-29 06:00:00,0.1665
DE2,offwind,2021-01-29 06:00:00,0.1831
DE2,solar,2021-01-29 06:00:00,0.0
DE2,ocgt,2021-01-29 06:00:00,1.0
DE2,ccgt,2021-01-29 06:00:00,1.0
DE3,onwind,2021-01-29 06:00:00,0.1179
DE3,offwind,2021-01-29 06:00:00,0.1297
DE3,solar,2021-01-29 06:00:00,0.0
DE3,ocgt,2021-01-29 06:00:00,1.0
DE3,ccgt,2021-01-29 06:00:00,1.0
DE4,onwind,2021-01-29 06:00:00,0.1179
DE4,offwind,2021-01-29 06:00:00,0.1297
DE4,solar,2021-01-29 06:00:00,0.0
DE4,ocgt,2021-01-29 06:00:00,1.0
DE4,ccgt,2021-01-29 06:00:00,1.0
DE5,onwind,2021-01-29 06:00:00,0.1179
DE5,offwind,2021-01-29 06:00:00,0.1297
DE5,solar,2021-01-29 06:00:00,0.0
DE5,ocgt,2021-01-29 06:00:00,1.0
DE5,ccgt,2021-01-29 06:00:00,1.0
DE6,onwind,2021-01-29 06:00:00,0.1179
DE6,offwind,2021-01-29 06:00:00,0.1297
DE6,solar,2021-01-29 06:00:00,0.0
DE6,ocgt,2021-01-29 06:00:00,1.0
DE6,ccgt,2021-01-29 06:00:00,1.0
DE7,onwind,2021-01-29 06:00:00,0.1179
DE7,offwind,2021-01-29 06:00:00,0.1297
DE7,solar,2021-01-29 06:00:00,0.0
DE7,ocgt,2021-01-29 06:00:00,1.0
DE7,ccgt,2021-01-29 06:00:00,1.0
DE8,onwind,2021-01-29 06:00:00,0.1179
DE8,offwind,2021-01-29 06:00:00,0.1297
DE8,solar,2021-01-29 06:00:00,0.0
DE8,ocgt,2021-01-29 06:00:00,1.0
DE8,ccgt,2021-01-29 06:00:00,1.0
DE9,onwind,2021-01-29 06:00:00,0.1179
DE9,offwind,2021-01-29 06:00:00,0.1297
DE9,solar,2021-01-29 06:00:00,0.0
DE9,ocgt,2021-01-29 06:00:00,1.0
DE9,ccgt,2021-01-29 06:00:00,1.0
DE0,onwind,2021-01-29 09:00:00,0.1885
DE0,offwind,2021-01-29 09:00:00,0.2073
DE0,solar,2021-01-29 09:00:00,0.7071
DE0,ocgt,2021-01-29 09:00:00,1.0
DE0,ccgt,2021-01-29 09:00:00,1.0
DE1,onwind,2021-01-29 09:00:00,0.1885
DE1,offwind,2021-01-29 09:00:00,0.2073
DE1,solar,2021-01-29 09:00:00,0.7071
DE1,ocgt,2021-01-29 09:00:00,1.0
DE1,ccgt,2021-01-29 09:00:00,1.0
DE2,onwind,2021-01-29 09:00:00,0.1885
DE2,offwind,2021-01-29 09:00:00,0.2073
DE2,solar,2021-01-29 09:00:00,0.7071
DE2,ocgt,2021-01-29 09:00:00,1.0
DE2,ccgt,2021-01-29 09:00:00,1.0
DE3,onwind,2021-01-29 09:00:00,0.1335
DE3,offwind,2021-01-29 09:00:00,0.1468
DE3,solar,2021-01-29 09:00:00,0.7071
DE3,ocgt,2021-01-29 09:00:00,1.0
DE3,ccgt,2021-01-29 09:00:00,1.0
DE4,onwind,2021-01-29 09:00:00,0.1335
DE4,offwind,2021-01-29 09:00:00,0.1468
DE4,solar,2021-01-29 09:00:00,0.7071
DE4,ocgt,2021-01-29 09:00:00,1.0
DE4,ccgt,2021-01-29 09:00:00,1.0
DE5,onwind,2021-01-29 09:00:00,0.1335
DE5,offwind,2021-01-29 09:00:00,0.1468
DE5,solar,2021-01-29 09:00:00,0.7071
DE5,ocgt,2021-01-29 09:00:00,1.0
DE5,ccgt,2021-01-29 09:00:00,1.0
DE6,onwind,2021-01-29 09:00:00,0.1335
DE6,offwind,2021-01-29 09:00:00,0.1468
DE6,solar,2021-01-29 09:00:00,0.7071
DE6,ocgt,2021-01-29 09:00:00,1.0
DE6,ccgt,2021-01-29 09:00:00,1.0
DE7,onwind,2021-01-29 09:00:00,0.1335
DE7,offwind,2021-01-29 09:00:00,0.1468
DE7,solar,2021-01-29 09:00:00,0.6718
DE7,ocgt,2021-01-29 09:00:00,1.0
DE7,ccgt,2021-01-29 09:00:00,1.0
DE8,onwind,2021-01-29 09:00:00,0.1335
DE8,offwind,2021-01-29 09:00:00,0.1468
DE8,solar,2021-01-29 09:00:00,0.6718
DE8,ocgt,2021-01-29 09:00:00,1.0
DE8,ccgt,2021-01-29 09:00:00,1.0
DE9,onwind,2021-01-29 09:00:00,0.1335
DE9,offwind,2021-01-29 09:00:00,0.1468
DE9,solar,2021-01-29 09:00:00,0.6718
DE9,ocgt,2021-01-29 09:00:00,1.0
DE9,ccgt,2021-01-29 09:00:00,1.0
DE0,onwind,2021-01-29 12:00:00,0.2141
DE0,offwind,2021-01-29 12:00:00,0.2355
DE0,solar,2021-01-29 12:00:00,1.0
DE0,ocgt,2021-01-29 12:00:00,1.0
DE0,ccgt,2021-01-29 12:00:00,1.0
DE1,onwind,2021-01-29 12:00:00,0.2141
DE1,offwind,2021-01-29 12:00:00,0.2355
DE1,solar,2021-01-29 12:00:00,1.0
DE1,ocgt,2021-01-29 12:00:00,1.0
DE1,ccgt,2021-01-29 12:00:00,1.0
DE2,onwind,2021-01-29 12:00:00,0.2141
DE2,offwind,2021-01-29 12:00:00,0.2355
DE2,solar,2021-01-29 12:00:00,1.0
DE2,ocgt,2021-01-29 12:00:00,1.0
DE2,ccgt,2021-01-29 12:00:00,1.0
DE3,onwind,2021-01-29 12:00:00,0.1516
DE3,offwind,2021-01-29 12:00:00,0.1668
DE3,solar,2021-01-29 12:00:00,1.0
DE3,ocgt,2021-01-29 12:00:00,1.0
DE3,ccgt,2021-01-29 12:00:00,1.0
DE4,onwind,2021-01-29 12:00:00,0.1516
DE4,offwind,2021-01-29 12:00:00,0.1668
DE4,solar,2021-01-29 12:00:00,1.0
DE4,ocgt,2021-01-29 12:00:00,1.0
DE4,ccgt,2021-01-29 12:00:00,1.0
DE5,onwind,2021-01-29 12:00:00,0.1516
DE5,offwind,2021-01-29 12:00:00,0.1668
DE5,solar,2021-01-29 12:00:00,1.0
DE5,ocgt,2021-01-29 12:00:00,1.0
DE5,ccgt,2021-01-29 12:00:00,1.0
DE6,onwind,2021-01-29 12:00:00,0.1516
DE6,offwind,2021-01-29 12:00:00,0.1668
DE6,solar,2021-01-29 12:00:00,1.0
DE6,ocgt,2021-01-29 12:00:00,1.0
DE6,ccgt,2021-01-29 12:00:00,1.0
DE7,onwind,2021-01-29 12:00:00,0.1516
DE7,offwind,2021-01-29 12:00:00,0.1668
DE7,solar,2021-01-29 12:00:00,0.95
DE7,ocgt,2021-01-29 12:00:00,1.0
DE7,ccgt,2021-01-29 12:00:00,1.0
DE8,onwind,2021-01-29 12:00:00,0.1516
DE8,offwind,2021-01-29 12:00:00,0.1668
DE8,solar,2021-01-29 12:00:00,0.95
DE8,ocgt,2021-01-29 12:00:00,1.0
DE8,ccgt,2021-01-29 12:00:00,1.0
DE9,onwind,2021-01-29 12:00:00,0.1516
DE9,offwind,2021-01-29 12:00:00,0.1668
DE9,solar,2021-01-29 12:00:00,0.95
DE9,ocgt,2021-01-29 12:00:00,1.0
DE9,ccgt,2021-01-29 12:00:00,1.0
DE0,onwind,2021-01-29 15:00:00,0.2429
DE0,offwind,2021-01-29 15:00:00,0.2671
DE0,solar,2021-01-29 15:00:00,0.7071
DE0,ocgt,2021-01-29 15:00:00,1.0
DE0,ccgt,2021-01-29 15:00:00,1.0
DE1,onwind,2021-01-29 15:00:00,0.2429
DE1,offwind,2021-01-29 15:00:00,0.2671
DE1,solar,2021-01-29 15:00:00,0.7071
DE1,ocgt,2021-01-29 15:00:00,1.0
DE1,ccgt,2021-01-29 15:00:00,1.0
DE2,onwind,2021-01-29 15:00:00,0.2429
DE2,offwind,2021-01-29 15:00:00,0.2671
DE2,solar,2021-01-29 15:00:00,0.7071
DE2,ocgt,2021-01-29 15:00:00,1.0
DE2,ccgt,2021-01-29 15:00:00,1.0
DE3,onwind,2021-01-29 15:00:00,0.172
DE3,offwind,2021-01-29 15:00:00,0.1892
DE3,solar,2021-01-29 15:00:00,0.7071
DE3,ocgt,2021-01-29 15:00:00,1.0
DE3,ccgt,2021-01-29 15:00:00,1.0
DE4,onwind,2021-01-29 15:00:00,0.172
DE4,offwind,2021-01-29 15:00:00,0.1892
DE4,solar,2021-01-29 15:00:00,0.7071
DE4,ocgt,2021-01-29 15:00:00,1.0
DE4,ccgt,2021-01-29 15:00:00,1.0
DE5,onwind,2021-01-29 15:00:00,0.172
DE5,offwind,2021-01-29 15:00:00,0.1892
DE5,solar,2021-01-29 15:00:00,0.7071
DE5,ocgt,2021-01-29 15:00:00,1.0
DE5,ccgt,2021-01-29 15:00:00,1.0
DE6,onwind,2021-01-29 15:00:00,0.172
DE6,offwind,2021-01-29 15:00:00,0.1892
DE6,solar,2021-01-29 15:00:00,0.7071
DE6,ocgt,2021-01-29 15:00:00,1.0
DE6,ccgt,2021-01-29 15:00:00,1.0
DE7,onwind,2021-01-29 15:00:00,0.172
DE7,offwind,2021-01-29 15:00:00,0.1892
DE7,solar,2021-01-29 15:00:00,0.6718
DE7,ocgt,2021-01-29 15:00:00,1.0
DE7,ccgt,2021-01-29 15:00:00,1.0
DE8,onwind,2021-01-29 15:00:00,0.172
DE8,offwind,2021-01-29 15:00:00,0.1892
DE8,solar,2021-01-29 15:00:00,0.6718
DE8,ocgt,2021-01-29 15:00:00,1.0
DE8,ccgt,2021-01-29 15:00:00,1.0
DE9,onwind,2021-01-29 15:00:00,0.172
DE9,offwind,2021-01-29 15:00:00,0.1892
DE9,solar,2021-01-29 15:00:00,0.6718
DE9,ocgt,2021-01-29 15:00:00,1.0
DE9,ccgt,2021-01-29 15:00:00,1.0
DE0,onwind,2021-01-29 18:00:00,0.2744
DE0,offwind,2021-01-29 18:00:00,0.3019
DE0,solar,2021-01-29 18:00:00,0.0
DE0,ocgt,2021-01-29 18:00:00,1.0
DE0,ccgt,2021-01-29 18:00:00,1.0
DE1,onwind,2021-01-29 18:00:00,0.2744
DE1,offwind,2021-01-29 18:00:00,0.3019
DE1,solar,2021-01-29 18:00:00,0.0
DE1,ocgt,2021-01-29 18:00:00,1.0
DE1,ccgt,2021-01-29 18:00:00,1.0
DE2,onwind,2021-01-29 18:00:00,0.2744
DE2,offwind,2021-01-29 18:00:00,0.3019
DE2,solar,2021-01-29 18:00:00,0.0
DE2,ocgt,2021-01-29 18:00:00,1.0
DE2,ccgt,2021-01-29 18:00:00,1.0
DE3,onwind,2021-01-29 18:00:00,0.1944
DE3,offwind,2021-01-29 18:00:00,0.2138
DE3,solar,2021-01-29 18:00:00,0.0
DE3,ocgt,2021-01-29 18:00:00,1.0
DE3,ccgt,2021-01-29 18:00:00,1.0
DE4,onwind,2021-01-29 18:00:00,0.1944
DE4,offwind,2021-01-29 18:00:00,0.2138
DE4,solar,2021-01-29 18:00:00,0.0
DE4,ocgt,2021-01-29 18:00:00,1.0
DE4,ccgt,2021-01-29 18:00:00,1.0
DE5,onwind,2021-01-29 18:00:00,0.1944
DE5,offwind,2021-01-29 18:00:00,0.2138
DE5,solar,2021-01-29 18:00:00,0.0
DE5,ocgt,2021-01-29 18:00:00,1.0
DE5,ccgt,2021-01-29 18:00:00,1.0
DE6,onwind,2021-01-29 18:00:00,0.1944
DE6,offwind,2021-01-29 18:00:00,0.2138
DE6,solar,2021-01-29 18:00:00,0.0
DE6,ocgt,2021-01-29 18:00:00,1.0
DE6,ccgt,2021-01-29 18:00:00,1.0
DE7,onwind,2021-01-29 18:00:00,0.1944
DE7,offwind,2021-01-29 18:00:00,0.2138
DE7,solar,2021-01-29 18:00:00,0.0
DE7,ocgt,2021-01-29 18:00:00,1.0
DE7,ccgt,2021-01-29 18:00:00,1.0
DE8,onwind,2021-01-29 18:00:00,0.1944
DE8,offwind,2021-01-29 18:00:00,0.2138
DE8,solar,2021-01-29 18:00:00,0.0
DE8,ocgt,2021-01-29 18:00:00,1.0
DE8,ccgt,2021-01-29 18:00:00,1.0
DE9,onwind,2021-01-29 18:00:00,0.1944
DE9,offwind,2021-01-29 18:00:00,0.2138
DE9,solar,2021-01-29 18:00:00,0.0
DE9,ocgt,2021-01-29 18:00:00,1.0
DE9,ccgt,2021-01-29 18:00:00,1.0
DE0,onwind,2021-01-29 21:00:00,0.3083
DE0,offwind,2021-01-29 21:00:00,0.3391
DE0,solar,2021-01-29 21:00:00,0.0
DE0,ocgt,2021-01-29 21:00:00,1.0
DE0,ccgt,2021-01-29 21:00:00,1.0
DE1,onwind,2021-01-29 21:00:00,0.3083
DE1,offwind,2021-01-29 21:00:00,0.3391
DE1,solar,2021-01-29 21:00:00,0.0
DE1,ocgt,2021-01-29 21:00:00,1.0
DE1,ccgt,2021-01-29 21:00:00,1.0
DE2,onwind,2021-01-29 21:00:00,0.3083
DE2,offwind,2021-01-29 21:00:00,0.3391
DE2,solar,2021-01-29 21:00:00,0.0
DE2,ocgt,2021-01-29 21:00:00,1.0
DE2,ccgt,2021-01-29 21:00:00,1.0
DE3,onwind,2021-01-29 21:00:00,0.2184
DE3,offwind,2021-01-29 21:00:00,0.2402
DE3,solar,2021-01-29 21:00:00,0.0
DE3,ocgt,2021-01-29 21:00:00,1.0
DE3,ccgt,2021-01-29 21:00:00,1.0
DE4,onwind,2021-01-29 21:00:00,0.2184
DE4,offwind,2021-01-29 21:00:00,0.2402
DE4,solar,2021-01-29 21:00:00,0.0
DE4,ocgt,2021-01-29 21:00:00,1.0
DE4,ccgt,2021-01-29 21:00:00,1.0
DE5,onwind,2021-01-29 21:00:00,0.2184
DE5,offwind,2021-01-29 21:00:00,0.2402
DE5,solar,2021-01-29 21:00:00,0.0
DE5,ocgt,2021-01-29 21:00:00,1.0
DE5,ccgt,2021-01-29 21:00:00,1.0
DE6,onwind,2021-01-29 21:00:00,0.2184
DE6,offwind,2021-01-29 21:00:00,0.2402
DE6,solar,2021-01-29 21:00:00,0.0
DE6,ocgt,2021-01-29 21:00:00,1.0
DE6,ccgt,2021-01-29 21:00:00,1.0
DE7,onwind,2021-01-29 21:00:00,0.2184
DE7,offwind,2021-01-29 21:00:00,0.2402
DE7,solar,2021-01-29 21:00:00,0.0
DE7,ocgt,2021-01-29 21:00:00,1.0
DE7,ccgt,2021-01-29 21:00:00,1.0
DE8,onwind,2021-01-29 21:00:00,0.2184
DE8,offwind,2021-01-29 21:00:00,0.2402
DE8,solar,2021-01-29 21:00:00,0.0
DE8,ocgt,2021-01-29 21:00:00,1.0
DE8,ccgt,2021-01-29 21:00:00,1.0
DE9,onwind,2021-01-29 21:00:00,0.2184
DE9,offwind,2021-01-29 21:00:00,0.2402
DE9,solar,2021-01-29 21:00:00,0.0
DE9,ocgt,2021-01-29 21:00:00,1.0
DE9,ccgt,2021-01-29 21:00:00,1.0
DE0,onwind,2021-01-30 00:00:00,0.42
DE0,offwind,2021-01-30 00:00:00,0.462
DE0,solar,2021-01-30 00:00:00,0.0
DE0,ocgt,2021-01-30 00:00:00,1.0
DE0,ccgt,2021-01-30 00:00:00,1.0
DE1,onwind,2021-01-30 00:00:00,0.42
DE1,offwind,2021-01-30 00:00:00,0.462
DE1,solar,2021-01-30 00:00:00,0.0
DE1,ocgt,2021-01-30 00:00:00,1.0
DE1,ccgt,2021-01-30 00:00:00,1.0
DE2,onwind,2021-01-30 00:00:00,0.42
DE2,offwind,2021-01-30 00:00:00,0.462
DE2,solar,2021-01-30 00:00:00,0.0
DE2,ocgt,2021-01-30 00:00:00,1.0
DE2,ccgt,2021-01-30 00:00:00,1.0
DE3,onwind,2021-01-30 00:00:00,0.2975
DE3,offwind,2021-01-30 00:00:00,0.3272
DE3,solar,2021-01-30 00:00:00,0.0
DE3,ocgt,2021-01-30 00:00:00,1.0
DE3,ccgt,2021-01-30 00:00:00,1.0
DE4,onwind,2021-01-30 00:00:00,0.2975
DE4,offwind,2021-01-30 00:00:00,0.3272
DE4,solar,2021-01-30 00:00:00,0.0
DE4,ocgt,2021-01-30 00:00:00,1.0
DE4,ccgt,2021-01-30 00:00:00,1.0
DE5,onwind,2021-01-30 00:00:00,0.2975
DE5,offwind,2021-01-30 00:00:00,0.3272
DE5,solar,2021-01-30 00:00:00,0.0
DE5,ocgt,2021-01-30 00:00:00,1.0
DE5,ccgt,2021-01-30 00:00:00,1.0
DE6,onwind,2021-01-30 00:00:00,0.2975
DE6,offwind,2021-01-30 00:00:00,0.3272
DE6,solar,2021-01-30 00:00:00,0.0
DE6,ocgt,2021-01-30 00:00:00,1.0
DE6,ccgt,2021-01-30 00:00:00,1.0
DE7,onwind,2021-01-30 00:00:00,0.2975
DE7,offwind,2021-01-30 00:00:00,0.3272
DE7,solar,2021-01-30 00:00:00,0.0
DE7,ocgt,2021-01-30 00:00:00,1.0
DE7,ccgt,2021-01-30 00:00:00,1.0
DE8,onwind,2021-01-30 00:00:00,0.2975
DE8,offwind,2021-01-30 00:00:00,0.3272
DE8,solar,2021-01-30 00:00:00,0.0
DE8,ocgt,2021-01-30 00:00:00,1.0
DE8,ccgt,2021-01-30 00:00:00,1.0
DE9,onwind,2021-01-30 00:00:00,0.2975
DE9,offwind,2021-01-30 00:00:00,0.3272
DE9,solar,2021-01-30 00:00:00,0.0
DE9,ocgt,2021-01-30 00:00:00,1.0
DE9,ccgt,2021-01-30 00:00:00,1.0
DE0,onwind,2021-01-30 03:00:00,0.4574
DE0,offwind,2021-01-30 03:00:00,0.5031
DE0,solar,2021-01-30 03:00:00,0.0
DE0,ocgt,2021-01-30 03:00:00,1.0
DE0,ccgt,2021-01-30 03:00:00,1.0
DE1,onwind,2021-01-30 03:00:00,0.4574
DE1,offwind,2021-01-30 03:00:00,0.5031
DE1,solar,2021-01-30 03:00:00,0.0
DE1,ocgt,2021-01-30 03:00:00,1.0
DE1,ccgt,2021-01-30 03:00:00,1.0
DE2,onwind,2021-01-30 03:00:00,0.4574
DE2,offwind,2021-01-30 03:00:00,0.5031
DE2,solar,2021-01-30 03:00:00,0.0
DE2,ocgt,2021-01-30 03:00:00,1.0
DE2,ccgt,2021-01-30 03:00:00,1.0
DE3,onwind,2021-01-30 03:00:00,0.324
DE3,offwind,2021-01-30 03:00:00,0.3564
DE3,solar,2021-01-30 03:00:00,0.0
DE3,ocgt,2021-01-30 03:00:00,1.0
DE3,ccgt,2021-01-30 03:00:00,1.0
DE4,onwind,2021-01-30 03:00:00,0.324
DE4,offwind,2021-01-30 03:00:00,0.3564
DE4,solar,2021-01-30 03:00:00,0.0
DE4,ocgt,2021-01-30 03:00:00,1.0
DE4,ccgt,2021-01-30 03:00:00,1.0
DE5,onwind,2021-01-30 03:00:00,0.324
DE5,offwind,2021-01-30 03:00:00,0.3564
DE5,solar,2021-01-30 03:00:00,0.0
DE5,ocgt,2021-01-30 03:00:00,1.0
DE5,ccgt,2021-01-30 03:00:00,1.0
DE6,onwind,2021-01-30 03:00:00,0.324
DE6,offwind,2021-01-30 03:00:00,0.3564
DE6,solar,2021-01-30 03:00:00,0.0
DE6,ocgt,2021-01-30 03:00:00,1.0
DE6,ccgt,2021-01-30 03:00:00,1.0
DE7,onwind,2021-01-30 03:00:00,0.324
DE7,offwind,2021-01-30 03:00:00,0.3564
DE7,solar,2021-01-30 03:00:00,0.0
DE7,ocgt,2021-01-30 03:00:00,1.0
DE7,ccgt,2021-01-30 03:00:00,1.0
DE8,onwind,2021-01-30 03:00:00,0.324
DE8,offwind,2021-01-30 03:00:00,0.3564
DE8,solar,2021-01-30 03:00:00,0.0
DE8,ocgt,2021-01-30 03:00:00,1.0
DE8,ccgt,2021-01-30 03:00:00,1.0
DE9,onwind,2021-01-30 03:00:00,0.324
DE9,offwind,2021-01-30 03:00:00,0.3564
DE9,solar,2021-01-30 03:00:00,0.0
DE9,ocgt,2021-01-30 03:00:00,1.0
DE9,ccgt,2021-01-30 03:00:00,1.0
DE0,onwind,2021-01-30 06:00:00,0.4942
DE0,offwind,2021-01-30 06:00:00,0.5436
DE0,solar,2021-01-30 06:00:00,0.0
DE0,ocgt,2021-01-30 06:00:00,1.0
DE0,ccgt,2021-01-30 06:00:00,1.0
DE1,onwind,2021-01-30 06:00:00,0.4942
DE1,offwind,2021-01-30 06:00:00,0.5436
DE1,solar,2021-01-30 06:00:00,0.0
DE1,ocgt,2021-01-30 06:00:00,1.0
DE1,ccgt,2021-01-30 06:00:00,1.0
DE2,onwind,2021-01-30 06:00:00,0.4942
DE2,offwind,2021-01-30 06:00:00,0.5436
DE2,solar,2021-01-30 06:00:00,0.0
DE2,ocgt,2021-01-30 06:00:00,1.0
DE2,ccgt,2021-01-30 06:00:00,1.0
DE3,onwind,2021-01-30 06:00:00,0.3501
DE3,offwind,2021-01-30 06:00:00,0.3851
DE3,solar,2021-01-30 06:00:00,0.0
DE3,ocgt,2021-01-30 06:00:00,1.0
DE3,ccgt,2021-01-30 06:00:00,1.0
DE4,onwind,2021-01-30 06:00:00,0.3501
DE4,offwind,2021-01-30 06:00:00,0.3851
DE4,solar,2021-01-30 06:00:00,0.0
DE4,ocgt,2021-01-30 06:00:00,1.0
DE4,ccgt,2021-01-30 06:00:00,1.0
DE5,onwind,2021-01-30 06:00:00,0.3501
DE5,offwind,2021-01-30 06:00:00,0.3851
DE5,solar,2021-01-30 06:00:00,0.0
DE5,ocgt,2021-01-30 06:00:00,1.0
DE5,ccgt,2021-01-30 06:00:00,1.0
DE6,onwind,2021-01-30 06:00:00,0.3501
DE6,offwind,2021-01-30 06:00:00,0.3851
DE6,solar,2021-01-30 06:00:00,0.0
DE6,ocgt,2021-01-30 06:00:00,1.0
DE6,ccgt,2021-01-30 06:00:00,1.0
DE7,onwind,2021-01-30 06:00:00,0.3501
DE7,offwind,2021-01-30 06:00:00,0.3851
DE7,solar,2021-01-30 06:00:00,0.0
DE7,ocgt,2021-01-30 06:00:00,1.0
DE7,ccgt,2021-01-30 06:00:00,1.0
DE8,onwind,2021-01-30 06:00:00,0.3501
DE8,offwind,2021-01-30 06:00:00,0.3851
DE8,solar,2021-01-30 06:00:00,0.0
DE8,ocgt,2021-01-30 06:00:00,1.0
DE8,ccgt,2021-01-30 06:00:00,1.0
DE9,onwind,2021-01-30 06:00:00,0.3501
DE9,offwind,2021-01-30 06:00:00,0.3851
DE9,solar,2021-01-30 06:00:00,0.0
DE9,ocgt,2021-01-30 06:00:00,1.0
DE9,ccgt,2021-01-30 06:00:00,1.0
DE0,onwind,2021-01-30 09:00:00,0.5299
DE0,offwind,2021-01-30 09:00:00,0.5829
DE0,solar,2021-01-30 09:00:00,0.7071
DE0,ocgt,2021-01-30 09:00:00,1.0
DE0,ccgt,2021-01-30 09:00:00,1.0
DE1,onwind,2021-01-30 09:00:00,0.5299
DE1,offwind,2021-01-30 09:00:00,0.5829
DE1,solar,2021-01-30 09:00:00,0.7071
DE1,ocgt,2021-01-30 09:00:00,1.0
DE1,ccgt,2021-01-30 09:00:00,1.0
DE2,onwind,2021-01-30 09:00:00,0.5299
DE2,offwind,2021-01-30 09:00:00,0.5829
DE2,solar,2021-01-30 09:00:00,0.7071
DE2,ocgt,2021-01-30 09:00:00,1.0
DE2,ccgt,2021-01-30 09:00:00,1.0
DE3,onwind,2021-01-30 09:00:00,0.3753
DE3,offwind,2021-01-30 09:00:00,0.4129
DE3,solar,2021-01-30 09:00:00,0.7071
DE3,ocgt,2021-01-30 09:00:00,1.0
DE3,ccgt,2021-01-30 09:00:00,1.0
DE4,onwind,2021-01-30 09:00:00,0.3753
DE4,offwind,2021-01-30 09:00:00,0.4129
DE4,solar,2021-01-30 09:00:00,0.7071
DE4,ocgt,2021-01-30 09:00:00,1.0
DE4,ccgt,2021-01-30 09:00:00,1.0
DE5,onwind,2021-01-30 09:00:00,0.3753
DE5,offwind,2021-01-30 09:00:00,0.4129
DE5,solar,2021-01-30 09:00:00,0.7071
DE5,ocgt,2021-01-30 09:00:00,1.0
DE5,ccgt,2021-01-30 09:00:00,1.0
DE6,onwind,2021-01-30 09:00:00,0.3753
DE6,offwind,2021-01-30 09:00:00,0.4129
DE6,solar,2021-01-30 09:00:00,0.7071
DE6,ocgt,2021-01-30 09:00:00,1.0
DE6,ccgt,2021-01-30 09:00:00,1.0
DE7,onwind,2021-01-30 09:00:00,0.3753
DE7,offwind,2021-01-30 09:00:00,0.4129
DE7,solar,2021-01-30 09:00:00,0.6718
DE7,ocgt,2021-01-30 09:00:00,1.0
DE7,ccgt,2021-01-30 09:00:00,1.0
DE8,onwind,2021-01-30 09:00:00,0.3753
DE8,offwind,2021-01-30 09:00:00,0.4129
DE8,solar,2021-01-30 09:00:00,0.6718
DE8,ocgt,2021-01-30 09:00:00,1.0
DE8,ccgt,2021-01-30 09:00:00,1.0
DE9,onwind,2021-01-30 09:00:00,0.3753
DE9,offwind,2021-01-30 09:00:00,0.4129
DE9,solar,2021-01-30 09:00:00,0.6718
DE9,ocgt,2021-01-30 09:00:00,1.0
DE9,ccgt,2021-01-30 09:00:00,1.0
DE0,onwind,2021-01-30 12:00:00,0.5638
DE0,offwind,2021-01-30 12:00:00,0.6202
DE0,solar,2021-01-30 12:00:00,1.0
DE0,ocgt,2021-01-30 12:00:00,1.0
DE0,ccgt,2021-01-30 12:00:00,1.0
DE1,onwind,2021-01-30 12:00:00,0.5638
DE1,offwind,2021-01-30 12:00:00,0.6202
DE1,solar,2021-01-30 12:00:00,1.0
DE1,ocgt,2021-01-30 12:00:00,1.0
DE1,ccgt,2021-01-30 12:00:00,1.0
DE2,onwind,2021-01-30 12:00:00,0.5638
DE2,offwind,2021-01-30 12:00:00,0.6202
DE2,solar,2021-01-30 12:00:00,1.0
DE2,ocgt,2021-01-30 12:00:00,1.0
DE2,ccgt,2021-01-30 12:00:00,1.0
DE3,onwind,2021-01-30 12:00:00,0.3994
DE3,offwind,2021-01-30 12:00:00,0.4393
DE3,solar,2021-01-30 12:00:00,1.0
DE3,ocgt,2021-01-30 12:00:00,1.0
DE3,ccgt,2021-01-30 12:00:00,1.0
DE4,onwind,2021-01-30 12:00:00,0.3994
DE4,offwind,2021-01-30 12:00:00,0.4393
DE4,solar,2021-01-30 12:00:00,1.0
DE4,ocgt,2021-01-30 12:00:00,1.0
DE4,ccgt,2021-01-30 12:00:00,1.0
DE5,onwind,2021-01-30 12:00:00,0.3994
DE5,offwind,2021-01-30 12:00:00,0.4393
DE5,solar,2021-01-30 12:00:00,1.0
DE5,ocgt,2021-01-30 12:00:00,1.0
DE5,ccgt,2021-01-30 12:00:00,1.0
DE6,onwind,2021-01-30 12:00:00,0.3994
DE6,offwind,2021-01-30 12:00:00,0.4393
DE6,solar,2021-01-30 12:00:00,1.0
DE6,ocgt,2021-01-30 12:00:00,1.0
DE6,ccgt,2021-01-30 12:00:00,1.0
DE7,onwind,2021-01-30 12:00:00,0.3994
DE7,offwind,2021-01-30 12:00:00,0.4393
DE7,solar,2021-01-30 12:00:00,0.95
DE7,ocgt,2021-01-30 12:00:00,1.0
DE7,ccgt,2021-01-30 12:00:00,1.0
DE8,onwind,2021-01-30 12:00:00,0.3994
DE8,offwind,2021-01-30 12:00:00,0.4393
DE8,solar,2021-01-30 12:00:00,0.95
DE8,ocgt,2021-01-30 12:00:00,1.0
DE8,ccgt,2021-01-30 12:00:00,1.0
DE9,onwind,2021-01-30 12:00:00,0.3994
DE9,offwind,2021-01-30 12:00:00,0.4393
DE9,solar,2021-01-30 12:00:00,0.95
DE9,ocgt,2021-01-30 12:00:00,1.0
DE9,ccgt,2021-01-30 12:00:00,1.0
DE0,onwind,2021-01-30 15:00:00,0.5955
DE0,offwind,2021-01-30 15:00:00,0.6551
DE0,solar,2021-01-30 15:00:00,0.7071
DE0,ocgt,2021-01-30 15:00:00,1.0
DE0,ccgt,2021-01-30 15:00:00,1.0
DE1,onwind,2021-01-30 15:00:00,0.5955
DE1,offwind,2021-01-30 15:00:00,0.6551
DE1,solar,2021-01-30 15:00:00,0.7071
DE1,ocgt,2021-01-30 15:00:00,1.0
DE1,ccgt,2021-01-30 15:00:00,1.0
DE2,onwind,2021-01-30 15:00:00,0.5955
DE2,offwind,2021-01-30 15:00:00,0.6551
DE2,solar,2021-01-30 15:00:00,0.7071
DE2,ocgt,2021-01-30 15:00:00,1.0
DE2,ccgt,2021-01-30 15:00:00,1.0
DE3,onwind,2021-01-30 15:00:00,0.4218
DE3,offwind,2021-01-30 15:00:00,0.464
DE3,solar,2021-01-30 15:00:00,0.7071
DE3,ocgt,2021-01-30 15:00:00,1.0
DE3,ccgt,2021-01-30 15:00:00,1.0
DE4,onwind,2021-01-30 15:00:00,0.4218
DE4,offwind,2021-01-30 15:00:00,0.464
DE4,solar,2021-01-30 15:00:00,0.7071
DE4,ocgt,2021-01-30 15:00:00,1.0
DE4,ccgt,2021-01-30 15:00:00,1.0
DE5,onwind,2021-01-30 15:00:00,0.4218
DE5,offwind,2021-01-30 15:00:00,0.464
DE5,solar,2021-01-30 15:00:00,0.7071
DE5,ocgt,2021-01-30 15:00:00,1.0
DE5,ccgt,2021-01-30 15:00:00,1.0
DE6,onwind,2021-01-30 15:00:00,0.4218
DE6,offwind,2021-01-30 15:00:00,0.464
DE6,solar,2021-01-30 15:00:00,0.7071
DE6,ocgt,2021-01-30 15:00:00,1.0
DE6,ccgt,2021-01-30 15:00:00,1.0
DE7,onwind,2021-01-30 15:00:00,0.4218
DE7,offwind,2021-01-30 15:00:00,0.464
DE7,solar,2021-01-30 15:00:00,0.6718
DE7,ocgt,2021-01-30 15:00:00,1.0
DE7,ccgt,2021-01-30 15:00:00,1.0
DE8,onwind,2021-01-30 15:00:00,0.4218
DE8,offwind,2021-01-30 15:00:00,0.464
DE8,solar,2021-01-30 15:00:00,0.6718
DE8,ocgt,2021-01-30 15:00:00,1.0
DE8,ccgt,2021-01-30 15:00:00,1.0
DE9,onwind,2021-01-30 15:00:00,0.4218
DE9,offwind,2021-01-30 15:00:00,0.464
DE9,solar,2021-01-30 15:00:00,0.6718
DE9,ocgt,2021-01-30 15:00:00,1.0
DE9,ccgt,2021-01-30 15:00:00,1.0
DE0,onwind,2021-01-30 18:00:00,0.6245
DE0,offwind,2021-01-30 18:00:00,0.6869
DE0,solar,2021-01-30 18:00:00,0.0
DE0,ocgt,2021-01-30 18:00:00,1.0
DE0,ccgt,2021-01-30 18:00:00,1.0
DE1,onwind,2021-01-30 18:00:00,0.6245
DE1,offwind,2021-01-30 18:00:00,0.6869
DE1,solar,2021-01-30 18:00:00,0.0
DE1,ocgt,2021-01-30 18:00:00,1.0
DE1,ccgt,2021-01-30 18:00:00,1.0
DE2,onwind,2021-01-30 18:00:00,0.6245
DE2,offwind,2021-01-30 18:00:00,0.6869
DE2,solar,2021-01-30 18:00:00,0.0
DE2,ocgt,2021-01-30 18:00:00,1.0
DE2,ccgt,2021-01-30 18:00:00,1.0
DE3,onwind,2021-01-30 18:00:00,0.4423
DE3,offwind,2021-01-30 18:00:00,0.4866
DE3,solar,2021-01-30 18:00:00,0.0
DE3,ocgt,2021-01-30 18:00:00,1.0
DE3,ccgt,2021-01-30 18:00:00,1.0
DE4,onwind,2021-01-30 18:00:00,0.4423
DE4,offwind,2021-01-30 18:00:00,0.4866
DE4,solar,2021-01-30 18:00:00,0.0
DE4,ocgt,2021-01-30 18:00:00,1.0
DE4,ccgt,2021-01-30 18:00:00,1.0
DE5,onwind,2021-01-30 18:00:00,0.4423
DE5,offwind,2021-01-30 18:00:00,0.4866
DE5,solar,2021-01-30 18:00:00,0.0
DE5,ocgt,2021-01-30 18:00:00,1.0
DE5,ccgt,2021-01-30 18:00:00,1.0
DE6,onwind,2021-01-30 18:00:00,0.4423
DE6,offwind,2021-01-30 18:00:00,0.4866
DE6,solar,2021-01-30 18:00:00,0.0
DE6,ocgt,2021-01-30 18:00:00,1.0
DE6,ccgt,2021-01-30 18:00:00,1.0
DE7,onwind,2021-01-30 18:00:00,0.4423
DE7,offwind,2021-01-30 18:00:00,0.4866
DE7,solar,2021-01-30 18:00:00,0.0
DE7,ocgt,2021-01-30 18:00:00,1.0
DE7,ccgt,2021-01-30 18:00:00,1.0
DE8,onwind,2021-01-30 18:00:00,0.4423
DE8,offwind,2021-01-30 18:00:00,0.4866
DE8,solar,2021-01-30 18:00:00,0.0
DE8,ocgt,2021-01-30 18:00:00,1.0
DE8,ccgt,2021-01-30 18:00:00,1.0
DE9,onwind,2021-01-30 18:00:00,0.4423
DE9,offwind,2021-01-30 18:00:00,0.4866
DE9,solar,2021-01-30 18:00:00,0.0
DE9,ocgt,2021-01-30 18:00:00,1.0
DE9,ccgt,2021-01-30 18:00:00,1.0
DE0,onwind,2021-01-30 21:00:00,0.6503
DE0,offwind,2021-01-30 21:00:00,0.7153
DE0,solar,2021-01-30 21:00:00,0.0
DE0,ocgt,2021-01-30 21:00:00,1.0
DE0,ccgt,2021-01-30 21:00:00,1.0
DE1,onwind,2021-01-30 21:00:00,0.6503
DE1,offwind,2021-01-30 21:00:00,0.7153
DE1,solar,2021-01-30 21:00:00,0.0
DE1,ocgt,2021-01-30 21:00:00,1.0
DE1,ccgt,2021-01-30 21:00:00,1.0
DE2,onwind,2021-01-30 21:00:00,0.6503
DE2,offwind,2021-01-30 21:00:00,0.7153
DE2,solar,2021-01-30 21:00:00,0.0
DE2,ocgt,2021-01-30 21:00:00,1.0
DE2,ccgt,2021-01-30 21:00:00,1.0
DE3,onwind,2021-01-30 21:00:00,0.4606
DE3,offwind,2021-01-30 21:00:00,0.5067
DE3,solar,2021-01-30 21:00:00,0.0
DE3,ocgt,2021-01-30 21:00:00,1.0
DE3,ccgt,2021-01-30 21:00:00,1.0
DE4,onwind,2021-01-30 21:00:00,0.4606
DE4,offwind,2021-01-30 21:00:00,0.5067
DE4,solar,2021-01-30 21:00:00,0.0
DE4,ocgt,2021-01-30 21:00:00,1.0
DE4,ccgt,2021-01-30 21:00:00,1.0
DE5,onwind,2021-01-30 21:00:00,0.4606
DE5,offwind,2021-01-30 21:00:00,0.5067
DE5,solar,2021-01-30 21:00:00,0.0
DE5,ocgt,2021-01-30 21:00:00,1.0
DE5,ccgt,2021-01-30 21:00:00,1.0
DE6,onwind,2021-01-30 21:00:00,0.4606
DE6,offwind,2021-01-30 21:00:00,0.5067
DE6,solar,2021-01-30 21:00:00,0.0
DE6,ocgt,2021-01-30 21:00:00,1.0
DE6,ccgt,2021-01-30 21:00:00,1.0
DE7,onwind,2021-01-30 21:00:00,0.4606
DE7,offwind,2021-01-30 21:00:00,0.5067
DE7,solar,2021-01-30 21:00:00,0.0
DE7,ocgt,2021-01-30 21:00:00,1.0
DE7,ccgt,2021-01-30 21:00:00,1.0
DE8,onwind,2021-01-30 21:00:00,0.4606
DE8,offwind,2021-01-30 21:00:00,0.5067
DE8,solar,2021-01-30 21:00:00,0.0
DE8,ocgt,2021-01-30 21:00:00,1.0
DE8,ccgt,2021-01-30 21:00:00,1.0
DE9,onwind,2021-01-30 21:00:00,0.4606
DE9,offwind,2021-01-30 21:00:00,0.5067
DE9,solar,2021-01-30 21:00:00,0.0
DE9,ocgt,2021-01-30 21:00:00,1.0
DE9,ccgt,2021-01-30 21:00:00,1.0
DE0,onwind,2021-01-31 00:00:00,0.7053
DE0,offwind,2021-01-31 00:00:00,0.7758
DE0,solar,2021-01-31 00:00:00,0.0
DE0,ocgt,2021-01-31 00:00:00,1.0
DE0,ccgt,2021-01-31 00:00:00,1.0
DE1,onwind,2021-01-31 00:00:00,0.7053
DE1,offwind,2021-01-31 00:00:00,0.7758
DE1,solar,2021-01-31 00:00:00,0.0
DE1,ocgt,2021-01-31 00:00:00,1.0
DE1,ccgt,2021-01-31 00:00:00,1.0
DE2,onwind,2021-01-31 00:00:00,0.7053
DE2,offwind,2021-01-31 00:00:00,0.7758
DE2,solar,2021-01-31 00:00:00,0.0
DE2,ocgt,2021-01-31 00:00:00,1.0
DE2,ccgt,2021-01-31 00:00:00,1.0
DE3,onwind,2021-01-31 00:00:00,0.4996
DE3,offwind,2021-01-31 00:00:00,0.5496
DE3,solar,2021-01-31 00:00:00,0.0
DE3,ocgt,2021-01-31 00:00:00,1.0
DE3,ccgt,2021-01-31 00:00:00,1.0
DE4,onwind,2021-01-31 00:00:00,0.4996
DE4,offwind,2021-01-31 00:00:00,0.5496
DE4,solar,2021-01-31 00:00:00,0.0
DE4,ocgt,2021-01-31 00:00:00,1.0
DE4,ccgt,2021-01-31 00:00:00,1.0
DE5,onwind,2021-01-31 00:00:00,0.4996
DE5,offwind,2021-01-31 00:00:00,0.5496
DE5,solar,2021-01-31 00:00:00,0.0
DE5,ocgt,2021-01-31 00:00:00,1.0
DE5,ccgt,2021-01-31 00:00:00,1.0
DE6,onwind,2021-01-31 00:00:00,0.4996
DE6,offwind,2021-01-31 00:00:00,0.5496
DE6,solar,2021-01-31 00:00:00,0.0
DE6,ocgt,2021-01-31 00:00:00,1.0
DE6,ccgt,2021-01-31 00:00:00,1.0
DE7,onwind,2021-01-31 00:00:00,0.4996
DE7,offwind,2021-01-31 00:00:00,0.5496
DE7,solar,2021-01-31 00:00:00,0.0
DE7,ocgt,2021-01-31 00:00:00,1.0
DE7,ccgt,2021-01-31 00:00:00,1.0
DE8,onwind,2021-01-31 00:00:00,0.4996
DE8,offwind,2021-01-31 00:00:00,0.5496
DE8,solar,2021-01-31 00:00:00,0.0
DE8,ocgt,2021-01-31 00:00:00,1.0
DE8,ccgt,2021-01-31 00:00:00,1.0
DE9,onwind,2021-01-31 00:00:00,0.4996
DE9,offwind,2021-01-31 00:00:00,0.5496
DE9,solar,2021-01-31 00:00:00,0.0
DE9,ocgt,2021-01-31 00:00:00,1.0
DE9,ccgt,2021-01-31 00:00:00,1.0
DE0,onwind,2021-01-31 03:00:00,0.7146
DE0,offwind,2021-01-31 03:00:00,0.7861
DE0,solar,2021-01-31 03:00:00,0.0
DE0,ocgt,2021-01-31 03:00:00,1.0
DE0,ccgt,2021-01-31 03:00:00,1.0
DE1,onwind,2021-01-31 03:00:00,0.7146
DE1,offwind,2021-01-31 03:00:00,0.7861
DE1,solar,2021-01-31 03:00:00,0.0
DE1,ocgt,2021-01-31 03:00:00,1.0
DE1,ccgt,2021-01-31 03:00:00,1.0
DE2,onwind,2021-01-31 03:00:00,0.7146
DE2,offwind,2021-01-31 03:00:00,0.7861
DE2,solar,2021-01-31 03:00:00,0.0
DE2,ocgt,2021-01-31 03:00:00,1.0
DE2,ccgt,2021-01-31 03:00:00,1.0
DE3,onwind,2021-01-31 03:00:00,0.5062
DE3,offwind,2021-01-31 03:00:00,0.5568
DE3,solar,2021-01-31 03:00:00,0.0
DE3,ocgt,2021-01-31 03:00:00,1.0
DE3,ccgt,2021-01-31 03:00:00,1.0
DE4,onwind,2021-01-31 03:00:00,0.5062
DE4,offwind,2021-01-31 03:00:00,0.5568
DE4,solar,2021-01-31 03:00:00,0.0
DE4,ocgt,2021-01-31 03:00:00,1.0
DE4,ccgt,2021-01-31 03:00:00,1.0
DE5,onwind,2021-01-31 03:00:00,0.5062
DE5,offwind,2021-01-31 03:00:00,0.5568
DE5,solar,2021-01-31 03:00:00,0.0
DE5,ocgt,2021-01-31 03:00:00,1.0
DE5,ccgt,2021-01-31 03:00:00,1.0
DE6,onwind,2021-01-31 03:00:00,0.5062
DE6,offwind,2021-01-31 03:00:00,0.5568
DE6,solar,2021-01-31 03:00:00,0.0
DE6,ocgt,2021-01-31 03:00:00,1.0
DE6,ccgt,2021-01-31 03:00:00,1.0
DE7,onwind,2021-01-31 03:00:00,0.5062
DE7,offwind,2021-01-31 03:00:00,0.5568
DE7,solar,2021-01-31 03:00:00,0.0
DE7,ocgt,2021-01-31 03:00:00,1.0
DE7,ccgt,2021-01-31 03:00:00,1.0
DE8,onwind,2021-01-31 03:00:00,0.5062
DE8,offwind,2021-01-31 03:00:00,0.5568
DE8,solar,2021-01-31 03:00:00,0.0
DE8,ocgt,2021-01-31 03:00:00,1.0
DE8,ccgt,2021-01-31 03:00:00,1.0
DE9,onwind,2021-01-31 03:00:00,0.5062
DE9,offwind,2021-01-31 03:00:00,0.5568
DE9,solar,2021-01-31 03:00:00,0.0
DE9,ocgt,2021-01-31 03:00:00,1.0
DE9,ccgt,2021-01-31 03:00:00,1.0
DE0,onwind,2021-01-31 06:00:00,0.7194
DE0,offwind,2021-01-31 06:00:00,0.7913
DE0,solar,2021-01-31 06:00:00,0.0
DE0,ocgt,2021-01-31 06:00:00,1.0
DE0,ccgt,2021-01-31 06:00:00,1.0
DE1,onwind,2021-01-31 06:00:00,0.7194
DE1,offwind,2021-01-31 06:00:00,0.7913
DE1,solar,2021-01-31 06:00:00,0.0
DE1,ocgt,2021-01-31 06:00:00,1.0
DE1,ccgt,2021-01-31 06:00:00,1.0
DE2,onwind,2021-01-31 06:00:00,0.7194
DE2,offwind,2021-01-31 06:00:00,0.7913
DE2,solar,2021-01-31 06:00:00,0.0
DE2,ocgt,2021-01-31 06:00:00,1.0
DE2,ccgt,2021-01-31 06:00:00,1.0
DE3,onwind,2021-01-31 06:00:00,0.5096
DE3,offwind,2021-01-31 06:00:00,0.5605
DE3,solar,2021-01-31 06:00:00,0.0
DE3,ocgt,2021-01-31 06:00:00,1.0
DE3,ccgt,2021-01-31 06:00:00,1.0
DE4,onwind,2021-01-31 06:00:00,0.5096
DE4,offwind,2021-01-31 06:00:00,0.5605
DE4,solar,2021-01-31 06:00:00,0.0
DE4,ocgt,2021-01-31 06:00:00,1.0
DE4,ccgt,2021-01-31 06:00:00,1.0
DE5,onwind,2021-01-31 06:00:00,0.5096
DE5,offwind,2021-01-31 06:00:00,0.5605
DE5,solar,2021-01-31 06:00:00,0.0
DE5,ocgt,2021-01-31 06:00:00,1.0
DE5,ccgt,2021-01-31 06:00:00,1.0
DE6,onwind,2021-01-31 06:00:00,0.5096
DE6,offwind,2021-01-31 06:00:00,0.5605
DE6,solar,2021-01-31 06:00:00,0.0
DE6,ocgt,2021-01-31 06:00:00,1.0
DE6,ccgt,2021-01-31 06:00:00,1.0
DE7,onwind,2021-01-31 06:00:00,0.5096
DE7,offwind,2021-01-31 06:00:00,0.5605
DE7,solar,2021-01-31 06:00:00,0.0
DE7,ocgt,2021-01-31 06:00:00,1.0
DE7,ccgt,2021-01-31 06:00:00,1.0
DE8,onwind,2021-01-31 06:00:00,0.5096
DE8,offwind,2021-01-31 06:00:00,0.5605
DE8,solar,2021-01-31 06:00:00,0.0
DE8,ocgt,2021-01-31 06:00:00,1.0
DE8,ccgt,2021-01-31 06:00:00,1.0
DE9,onwind,2021-01-31 06:00:00,0.5096
DE9,offwind,2021-01-31 06:00:00,0.5605
DE9,solar,2021-01-31 06:00:00,0.0
DE9,ocgt,2021-01-31 06:00:00,1.0
DE9,ccgt,2021-01-31 06:00:00,1.0
DE0,onwind,2021-01-31 09:00:00,0.7194
DE0,offwind,2021-01-31 09:00:00,0.7914
DE0,solar,2021-01-31 09:00:00,0.7071
DE0,ocgt,2021-01-31 09:00:00,1.0
DE0,ccgt,2021-01-31 09:00:00,1.0
DE1,onwind,2021-01-31 09:00:00,0.7194
DE1,offwind,2021-01-31 09:00:00,0.7914
DE1,solar,2021-01-31 09:00:00,0.7071
DE1,ocgt,2021-01-31 09:00:00,1.0
DE1,ccgt,2021-01-31 09:00:00,1.0
DE2,onwind,2021-01-31 09:00:00,0.7194
DE2,offwind,2021-01-31 09:00:00,0.7914
DE2,solar,2021-01-31 09:00:00,0.7071
DE2,ocgt,2021-01-31 09:00:00,1.0
DE2,ccgt,2021-01-31 09:00:00,1.0
DE3,onwind,2021-01-31 09:00:00,0.5096
DE3,offwind,2021-01-31 09:00:00,0.5606
DE3,solar,2021-01-31 09:00:00,0.7071
DE3,ocgt,2021-01-31 09:00:00,1.0
DE3,ccgt,2021-01-31 09:00:00,1.0
DE4,onwind,2021-01-31 09:00:00,0.5096
DE4,offwind,2021-01-31 09:00:00,0.5606
DE4,solar,2021-01-31 09:00:00,0.7071
DE4,ocgt,2021-01-31 09:00:00,1.0
DE4,ccgt,2021-01-31 09:00:00,1.0
DE5,onwind,2021-01-31 09:00:00,0.5096
DE5,offwind,2021-01-31 09:00:00,0.5606
DE5,solar,2021-01-31 09:00:00,0.7071
DE5,ocgt,2021-01-31 09:00:00,1.0
DE5,ccgt,2021-01-31 09:00:00,1.0
DE6,onwind,2021-01-31 09:00:00,0.5096
DE6,offwind,2021-01-31 09:00:00,0.5606
DE6,solar,2021-01-31 09:00:00,0.7071
DE6,ocgt,2021-01-31 09:00:00,1.0
DE6,ccgt,2021-01-31 09:00:00,1.0
DE7,onwind,2021-01-31 09:00:00,0.5096
DE7,offwind,2021-01-31 09:00:00,0.5606
DE7,solar,2021-01-31 09:00:00,0.6718
DE7,ocgt,2021-01-31 09:00:00,1.0
DE7,ccgt,2021-01-31 09:00:00,1.0
DE8,onwind,2021-01-31 09:00:00,0.5096
DE8,offwind,2021-01-31 09:00:00,0.5606
DE8,solar,2021-01-31 09:00:00,0.6718
DE8,ocgt,2021-01-31 09:00:00,1.0
DE8,ccgt,2021-01-31 09:00:00,1.0
DE9,onwind,2021-01-31 09:00:00,0.5096
DE9,offwind,2021-01-31 09:00:00,0.5606
DE9,solar,2021-01-31 09:00:00,0.6718
DE9,ocgt,2021-01-31 09:00:00,1.0
DE9,ccgt,2021-01-31 09:00:00,1.0
DE0,onwind,2021-01-31 12:00:00,0.7148
DE0,offwind,2021-01-31 12:00:00,0.7863
DE0,solar,2021-01-31 12:00:00,1.0
DE0,ocgt,2021-01-31 12:00:00,1.0
DE0,ccgt,2021-01-31 12:00:00,1.0
DE1,onwind,2021-01-31 12:00:00,0.7148
DE1,offwind,2021-01-31 12:00:00,0.7863
DE1,solar,2021-01-31 12:00:00,1.0
DE1,ocgt,2021-01-31 12:00:00,1.0
DE1,ccgt,2021-01-31 12:00:00,1.0
DE2,onwind,2021-01-31 12:00:00,0.7148
DE2,offwind,2021-01-31 12:00:00,0.7863
DE2,solar,2021-01-31 12:00:00,1.0
DE2,ocgt,2021-01-31 12:00:00,1.0
DE2,ccgt,2021-01-31 12:00:00,1.0
DE3,onwind,2021-01-31 12:00:00,0.5063
DE3,offwind,2021-01-31 12:00:00,0.557
DE3,solar,2021-01-31 12:00:00,1.0
DE3,ocgt,2021-01-31 12:00:00,1.0
DE3,ccgt,2021-01-31 12:00:00,1.0
DE4,onwind,2021-01-31 12:00:00,0.5063
DE4,offwind,2021-01-31 12:00:00,0.557
DE4,solar,2021-01-31 12:00:00,1.0
DE4,ocgt,2021-01-31 12:00:00,1.0
DE4,ccgt,2021-01-31 12:00:00,1.0
DE5,onwind,2021-01-31 12:00:00,0.5063
DE5,offwind,2021-01-31 12:00:00,0.557
DE5,solar,2021-01-31 12:00:00,1.0
DE5,ocgt,2021-01-31 12:00:00,1.0
DE5,ccgt,2021-01-31 12:00:00,1.0
DE6,onwind,2021-01-31 12:00:00,0.5063
DE6,offwind,2021-01-31 12:00:00,0.557
DE6,solar,2021-01-31 12:00:00,1.0
DE6,ocgt,2021-01-31 12:00:00,1.0
DE6,ccgt,2021-01-31 12:00:00,1.0
DE7,onwind,2021-01-31 12:00:00,0.5063
DE7,offwind,2021-01-31 12:00:00,0.557
DE7,solar,2021-01-31 12:00:00,0.95
DE7,ocgt,2021-01-31 12:00:00,1.0
DE7,ccgt,2021-01-31 12:00:00,1.0
DE8,onwind,2021-01-31 12:00:00,0.5063
DE8,offwind,2021-01-31 12:00:00,0.557
DE8,solar,2021-01-31 12:00:00,0.95
DE8,ocgt,2021-01-31 12:00:00,1.0
DE8,ccgt,2021-01-31 12:00:00,1.0
DE9,onwind,2021-01-31 12:00:00,0.5063
DE9,offwind,2021-01-31 12:00:00,0.557
DE9,solar,2021-01-31 12:00:00,0.95
DE9,ocgt,2021-01-31 12:00:00,1.0
DE9,ccgt,2021-01-31 12:00:00,1.0
DE0,onwind,2021-01-31 15:00:00,0.7056
DE0,offwind,2021-01-31 15:00:00,0.7762
DE0,solar,2021-01-31 15:00:00,0.7071
DE0,ocgt,2021-01-31 15:00:00,1.0
DE0,ccgt,2021-01-31 15:00:00,1.0
DE1,onwind,2021-01-31 15:00:00,0.7056
DE1,offwind,2021-01-31 15:00:00,0.7762
DE1,solar,2021-01-31 15:00:00,0.7071
DE1,ocgt,2021-01-31 15:00:00,1.0
DE1,ccgt,2021-01-31 15:00:00,1.0
DE2,onwind,2021-01-31 15:00:00,0.7056
DE2,offwind,2021-01-31 15:00:00,0.7762
DE2,solar,2021-01-31 15:00:00,0.7071
DE2,ocgt,2021-01-31 15:00:00,1.0
DE2,ccgt,2021-01-31 15:00:00,1.0
DE3,onwind,2021-01-31 15:00:00,0.4998
DE3,offwind,2021-01-31 15:00:00,0.5498
DE3,solar,2021-01-31 15:00:00,0.7071
DE3,ocgt,2021-01-31 15:00:00,1.0
DE3,ccgt,2021-01-31 15:00:00,1.0
DE4,onwind,2021-01-31 15:00:00,0.4998
DE4,offwind,2021-01-31 15:00:00,0.5498
DE4,solar,2021-01-31 15:00:00,0.7071
DE4,ocgt,2021-01-31 15:00:00,1.0
DE4,ccgt,2021-01-31 15:00:00,1.0
DE5,onwind,2021-01-31 15:00:00,0.4998
DE5,offwind,2021-01-31 15:00:00,0.5498
DE5,solar,2021-01-31 15:00:00,0.7071
DE5,ocgt,2021-01-31 15:00:00,1.0
DE5,ccgt,2021-01-31 15:00:00,1.0
DE6,onwind,2021-01-31 15:00:00,0.4998
DE6,offwind,2021-01-31 15:00:00,0.5498
DE6,solar,2021-01-31 15:00:00,0.7071
DE6,ocgt,2021-01-31 15:00:00,1.0
DE6,ccgt,2021-01-31 15:00:00,1.0
DE7,onwind,2021-01-31 15:00:00,0.4998
DE7,offwind,2021-01-31 15:00:00,0.5498
DE7,solar,2021-01-31 15:00:00,0.6718
DE7,ocgt,2021-01-31 15:00:00,1.0
DE7,ccgt,2021-01-31 15:00:00,1.0
DE8,onwind,2021-01-31 15:00:00,0.4998
DE8,offwind,2021-01-31 15:00:00,0.5498
DE8,solar,2021-01-31 15:00:00,0.6718
DE8,ocgt,2021-01-31 15:00:00,1.0
DE8,ccgt,2021-01-31 15:00:00,1.0
DE9,onwind,2021-01-31 15:00:00,0.4998
DE9,offwind,2021-01-31 15:00:00,0.5498
DE9,solar,2021-01-31 15:00:00,0.6718
DE9,ocgt,2021-01-31 15:00:00,1.0
DE9,ccgt,2021-01-31 15:00:00,1.0
DE0,onwind,2021-01-31 18:00:00,0.692
DE0,offwind,2021-01-31 18:00:00,0.7612
DE0,solar,2021-01-31 18:00:00,0.0
DE0,ocgt,2021-01-31 18:00:00,1.0
DE0,ccgt,2021-01-31 18:00:00,1.0
DE1,onwind,2021-01-31 18:00:00,0.692
DE1,offwind,2021-01-31 18:00:00,0.7612
DE1,solar,2021-01-31 18:00:00,0.0
DE1,ocgt,2021-01-31 18:00:00,1.0
DE1,ccgt,2021-01-31 18:00:00,1.0
DE2,onwind,2021-01-31 18:00:00,0.692
DE2,offwind,2021-01-31 18:00:00,0.7612
DE2,solar,2021-01-31 18:00:00,0.0
DE2,ocgt,2021-01-31 18:00:00,1.0
DE2,ccgt,2021-01-31 18:00:00,1.0
DE3,onwind,2021-01-31 18:00:00,0.4901
DE3,offwind,2021-01-31 18:00:00,0.5391
DE3,solar,2021-01-31 18:00:00,0.0
DE3,ocgt,2021-01-31 18:00:00,1.0
DE3,ccgt,2021-01-31 18:00:00,1.0
DE4,onwind,2021-01-31 18:00:00,0.4901
DE4,offwind,2021-01-31 18:00:00,0.5391
DE4,solar,2021-01-31 18:00:00,0.0
DE4,ocgt,2021-01-31 18:00:00,1.0
DE4,ccgt,2021-01-31 18:00:00,1.0
DE5,onwind,2021-01-31 18:00:00,0.4901
DE5,offwind,2021-01-31 18:00:00,0.5391
DE5,solar,2021-01-31 18:00:00,0.0
DE5,ocgt,2021-01-31 18:00:00,1.0
DE5,ccgt,2021-01-31 18:00:00,1.0
DE6,onwind,2021-01-31 18:00:00,0.4901
DE6,offwind,2021-01-31 18:00:00,0.5391
DE6,solar,2021-01-31 18:00:00,0.0
DE6,ocgt,2021-01-31 18:00:00,1.0
DE6,ccgt,2021-01-31 18:00:00,1.0
DE7,onwind,2021-01-31 18:00:00,0.4901
DE7,offwind,2021-01-31 18:00:00,0.5391
DE7,solar,2021-01-31 18:00:00,0.0
DE7,ocgt,2021-01-31 18:00:00,1.0
DE7,ccgt,2021-01-31 18:00:00,1.0
DE8,onwind,2021-01-31 18:00:00,0.4901
DE8,offwind,2021-01-31 18:00:00,0.5391
DE8,solar,2021-01-31 18:00:00,0.0
DE8,ocgt,2021-01-31 18:00:00,1.0
DE8,ccgt,2021-01-31 18:00:00,1.0
DE9,onwind,2021-01-31 18:00:00,0.4901
DE9,offwind,2021-01-31 18:00:00,0.5391
DE9,solar,2021-01-31 18:00:00,0.0
DE9,ocgt,2021-01-31 18:00:00,1.0
DE9,ccgt,2021-01-31 18:00:00,1.0
DE0,onwind,2021-01-31 21:00:00,0.674
DE0,offwind,2021-01-31 21:00:00,0.7414
DE0,solar,2021-01-31 21:00:00,0.0
DE0,ocgt,2021-01-31 21:00:00,1.0
DE0,ccgt,2021-01-31 21:00:00,1.0
DE1,onwind,2021-01-31 21:00:00,0.674
DE1,offwind,2021-01-31 21:00:00,0.7414
DE1,solar,2021-01-31 21:00:00,0.0
DE1,ocgt,2021-01-31 21:00:00,1.0
DE1,ccgt,2021-01-31 21:00:00,1.0
DE2,onwind,2021-01-31 21:00:00,0.674
DE2,offwind,2021-01-31 21:00:00,0.7414
DE2,solar,2021-01-31 21:00:00,0.0
DE2,ocgt,2021-01-31 21:00:00,1.0
DE2,ccgt,2021-01-31 21:00:00,1.0
DE3,onwind,2021-01-31 21:00:00,0.4774
DE3,offwind,2021-01-31 21:00:00,0.5252
DE3,solar,2021-01-31 21:00:00,0.0
DE3,ocgt,2021-01-31 21:00:00,1.0
DE3,ccgt,2021-01-31 21:00:00,1.0
DE4,onwind,2021-01-31 21:00:00,0.4774
DE4,offwind,2021-01-31 21:00:00,0.5252
DE4,solar,2021-01-31 21:00:00,0.0
DE4,ocgt,2021-01-31 21:00:00,1.0
DE4,ccgt,2021-01-31 21:00:00,1.0
DE5,onwind,2021-01-31 21:00:00,0.4774
DE5,offwind,2021-01-31 21:00:00,0.5252
DE5,solar,2021-01-31 21:00:00,0.0
DE5,ocgt,2021-01-31 21:00:00,1.0
DE5,ccgt,2021-01-31 21:00:00,1.0
DE6,onwind,2021-01-31 21:00:00,0.4774
DE6,offwind,2021-01-31 21:00:00,0.5252
DE6,solar,2021-01-31 21:00:00,0.0
DE6,ocgt,2021-01-31 21:00:00,1.0
DE6,ccgt,2021-01-31 21:00:00,1.0
DE7,onwind,2021-01-31 21:00:00,0.4774
DE7,offwind,2021-01-31 21:00:00,0.5252
DE7,solar,2021-01-31 21:00:00,0.0
DE7,ocgt,2021-01-31 21:00:00,1.0
DE7,ccgt,2021-01-31 21:00:00,1.0
DE8,onwind,2021-01-31 21:00:00,0.4774
DE8,offwind,2021-01-31 21:00:00,0.5252
DE8,solar,2021-01-31 21:00:00,0.0
DE8,ocgt,2021-01-31 21:00:00,1.0
DE8,ccgt,2021-01-31 21:00:00,1.0
DE9,onwind,2021-01-31 21:00:00,0.4774
DE9,offwind,2021-01-31 21:00:00,0.5252
DE9,solar,2021-01-31 21:00:00,0.0
DE9,ocgt,2021-01-31 21:00:00,1.0
DE9,ccgt,2021-01-31 21:00:00,1.0
DE0,onwind,2021-02-01 00:00:00,0.5963
DE0,offwind,2021-02-01 00:00:00,0.656
DE0,solar,2021-02-01 00:00:00,0.0
DE0,ocgt,2021-02-01 00:00:00,1.0
DE0,ccgt,2021-02-01 00:00:00,1.0
DE1,onwind,2021-02-01 00:00:00,0.5963
DE1,offwind,2021-02-01 00:00:00,0.656
DE1,solar,2021-02-01 00:00:00,0.0
DE1,ocgt,2021-02-01 00:00:00,1.0
DE1,ccgt,2021-02-01 00:00:00,1.0
DE2,onwind,2021-02-01 00:00:00,0.5963
DE2,offwind,2021-02-01 00:00:00,0.656
DE2,solar,2021-02-01 00:00:00,0.0
DE2,ocgt,2021-02-01 00:00:00,1.0
DE2,ccgt,2021-02-01 00:00:00,1.0
DE3,onwind,2021-02-01 00:00:00,0.4224
DE3,offwind,2021-02-01 00:00:00,0.4646
DE3,solar,2021-02-01 00:00:00,0.0
DE3,ocgt,2021-02-01 00:00:00,1.0
DE3,ccgt,2021-02-01 00:00:00,1.0
DE4,onwind,2021-02-01 00:00:00,0.4224
DE4,offwind,2021-02-01 00:00:00,0.4646
DE4,solar,2021-02-01 00:00:00,0.0
DE4,ocgt,2021-02-01 00:00:00,1.0
DE4,ccgt,2021-02-01 00:00:00,1.0
DE5,onwind,2021-02-01 00:00:00,0.4224
DE5,offwind,2021-02-01 00:00:00,0.4646
DE5,solar,2021-02-01 00:00:00,0.0
DE5,ocgt,2021-02-01 00:00:00,1.0
DE5,ccgt,2021-02-01 00:00:00,1.0
DE6,onwind,2021-02-01 00:00:00,0.4224
DE6,offwind,2021-02-01 00:00:00,0.4646
DE6,solar,2021-02-01 00:00:00,0.0
DE6,ocgt,2021-02-01 00:00:00,1.0
DE6,ccgt,2021-02-01 00:00:00,1.0
DE7,onwind,2021-02-01 00:00:00,0.4224
DE7,offwind,2021-02-01 00:00:00,0.4646
DE7,solar,2021-02-01 00:00:00,0.0
DE7,ocgt,2021-02-01 00:00:00,1.0
DE7,ccgt,2021-02-01 00:00:00,1.0
DE8,onwind,2021-02-01 00:00:00,0.4224
DE8,offwind,2021-02-01 00:00:00,0.4646
DE8,solar,2021-02-01 00:00:00,0.0
DE8,ocgt,2021-02-01 00:00:00,1.0
DE8,ccgt,2021-02-01 00:00:00,1.0
DE9,onwind,2021-02-01 00:00:00,0.4224
DE9,offwind,2021-02-01 00:00:00,0.4646
DE9,solar,2021-02-01 00:00:00,0.0
DE9,ocgt,2021-02-01 00:00:00,1.0
DE9,ccgt,2021-02-01 00:00:00,1.0
DE0,onwind,2021-02-01 03:00:00,0.5647
DE0,offwind,2021-02-01 03:00:00,0.6212
DE0,solar,2021-02-01 03:00:00,0.0
DE0,ocgt,2021-02-01 03:00:00,1.0
DE0,ccgt,2021-02-01 03:00:00,1.0
DE1,onwind,2021-02-01 03:00:00,0.5647
DE1,offwind,2021-02-01 03:00:00,0.6212
DE1,solar,2021-02-01 03:00:00,0.0
DE1,ocgt,2021-02-01 03:00:00,1.0
DE1,ccgt,2021-02-01 03:00:00,1.0
DE2,onwind,2021-02-01 03:00:00,0.5647
DE2,offwind,2021-02-01 03:00:00,0.6212
DE2,solar,2021-02-01 03:00:00,0.0
DE2,ocgt,2021-02-01 03:00:00,1.0
DE2,ccgt,2021-02-01 03:00:00,1.0
DE3,onwind,2021-02-01 03:00:00,0.4
DE3,offwind,2021-02-01 03:00:00,0.44
DE3,solar,2021-02-01 03:00:00,0.0
DE3,ocgt,2021-02-01 03:00:00,1.0
DE3,ccgt,2021-02-01 03:00:00,1.0
DE4,onwind,2021-02-01 03:00:00,0.4
DE4,offwind,2021-02-01 03:00:00,0.44
DE4,solar,2021-02-01 03:00:00,0.0
DE4,ocgt,2021-02-01 03:00:00,1.0
DE4,ccgt,2021-02-01 03:00:00,1.0
DE5,onwind,2021-02-01 03:00:00,0.4
DE5,offwind,2021-02-01 03:00:00,0.44
DE5,solar,2021-02-01 03:00:00,0.0
DE5,ocgt,2021-02-01 03:00:00,1.0
DE5,ccgt,2021-02-01 03:00:00,1.0
DE6,onwind,2021-02-01 03:00:00,0.4
DE6,offwind,2021-02-01 03:00:00,0.44
DE6,solar,2021-02-01 03:00:00,0.0
DE6,ocgt,2021-02-01 03:00:00,1.0
DE6,ccgt,2021-02-01 03:00:00,1.0
DE7,onwind,2021-02-01 03:00:00,0.4
DE7,offwind,2021-02-01 03:00:00,0.44
DE7,solar,2021-02-01 03:00:00,0.0
DE7,ocgt,2021-02-01 03:00:00,1.0
DE7,ccgt,2021-02-01 03:00:00,1.0
DE8,onwind,2021-02-01 03:00:00,0.4
DE8,offwind,2021-02-01 03:00:00,0.44
DE8,solar,2021-02-01 03:00:00,0.0
DE8,ocgt,2021-02-01 03:00:00,1.0
DE8,ccgt,2021-02-01 03:00:00,1.0
DE9,onwind,2021-02-01 03:00:00,0.4
DE9,offwind,2021-02-01 03:00:00,0.44
DE9,solar,2021-02-01 03:00:00,0.0
DE9,ocgt,2021-02-01 03:00:00,1.0
DE9,ccgt,2021-02-01 03:00:00,1.0
DE0,onwind,2021-02-01 06:00:00,0.5308
DE0,offwind,2021-02-01 06:00:00,0.5839
DE0,solar,2021-02-01 06:00:00,0.0
DE0,ocgt,2021-02-01 06:00:00,1.0
DE0,ccgt,2021-02-01 06:00:00,1.0
DE1,onwind,2021-02-01 06:00:00,0.5308
DE1,offwind,2021-02-01 06:00:00,0.5839
DE1,solar,2021-02-01 06:00:00,0.0
DE1,ocgt,2021-02-01 06:00:00,1.0
DE1,ccgt,2021-02-01 06:00:00,1.0
DE2,onwind,2021-02-01 06:00:00,0.5308
DE2,offwind,2021-02-01 06:00:00,0.5839
DE2,solar,2021-02-01 06:00:00,0.0
DE2,ocgt,2021-02-01 06:00:00,1.0
DE2,ccgt,2021-02-01 06:00:00,1.0
DE3,onwind,2021-02-01 06:00:00,0.376
DE3,offwind,2021-02-01 06:00:00,0.4136
DE3,solar,2021-02-01 06:00:00,0.0
DE3,ocgt,2021-02-01 06:00:00,1.0
DE3,ccgt,2021-02-01 06:00:00,1.0
DE4,onwind,2021-02-01 06:00:00,0.376
DE4,offwind,2021-02-01 06:00:00,0.4136
DE4,solar,2021-02-01 06:00:00,0.0
DE4,ocgt,2021-02-01 06:00:00,1.0
DE4,ccgt,2021-02-01 06:00:00,1.0
DE5,onwind,2021-02-01 06:00:00,0.376
DE5,offwind,2021-02-01 06:00:00,0.4136
DE5,solar,2021-02-01 06:00:00,0.0
DE5,ocgt,2021-02-01 06:00:00,1.0
DE5,ccgt,2021-02-01 06:00:00,1.0
DE6,onwind,2021-02-01 06:00:00,0.376
DE6,offwind,2021-02-01 06:00:00,0.4136
DE6,solar,2021-02-01 06:00:00,0.0
DE6,ocgt,2021-02-01 06:00:00,1.0
DE6,ccgt,2021-02-01 06:00:00,1.0
DE7,onwind,2021-02-01 06:00:00,0.376
DE7,offwind,2021-02-01 06:00:00,0.4136
DE7,solar,2021-02-01 06:00:00,0.0
DE7,ocgt,2021-02-01 06:00:00,1.0
DE7,ccgt,2021-02-01 06:00:00,1.0
DE8,onwind,2021-02-01 06:00:00,0.376
DE8,offwind,2021-02-01 06:00:00,0.4136
DE8,solar,2021-02-01 06:00:00,0.0
DE8,ocgt,2021-02-01 06:00:00,1.0
DE8,ccgt,2021-02-01 06:00:00,1.0
DE9,onwind,2021-02-01 06:00:00,0.376
DE9,offwind,2021-02-01 06:00:00,0.4136
DE9,solar,2021-02-01 06:00:00,0.0
DE9,ocgt,2021-02-01 06:00:00,1.0
DE9,ccgt,2021-02-01 06:00:00,1.0
DE0,onwind,2021-02-01 09:00:00,0.4952
DE0,offwind,2021-02-01 09:00:00,0.5447
DE0,solar,2021-02-01 09:00:00,0.7071
DE0,ocgt,2021-02-01 09:00:00,1.0
DE0,ccgt,2021-02-01 09:00:00,1.0
DE1,onwind,2021-02-01 09:00:00,0.4952
DE1,offwind,2021-02-01 09:00:00,0.5447
DE1,solar,2021-02-01 09:00:00,0.7071
DE1,ocgt,2021-02-01 09:00:00,1.0
DE1,ccgt,2021-02-01 09:00:00,1.0
DE2,onwind,2021-02-01 09:00:00,0.4952
DE2,offwind,2021-02-01 09:00:00,0.5447
DE2,solar,2021-02-01 09:00:00,0.7071
DE2,ocgt,2021-02-01 09:00:00,1.0
DE2,ccgt,2021-02-01 09:00:00,1.0
DE3,onwind,2021-02-01 09:00:00,0.3508
DE3,offwind,2021-02-01 09:00:00,0.3858
DE3,solar,2021-02-01 09:00:00,0.7071
DE3,ocgt,2021-02-01 09:00:00,1.0
DE3,ccgt,2021-02-01 09:00:00,1.0
DE4,onwind,2021-02-01 09:00:00,0.3508
DE4,offwind,2021-02-01 09:00:00,0.3858
DE4,solar,2021-02-01 09:00:00,0.7071
DE4,ocgt,2021-02-01 09:00:00,1.0
DE4,ccgt,2021-02-01 09:00:00,1.0
DE5,onwind,2021-02-01 09:00:00,0.3508
DE5,offwind,2021-02-01 09:00:00,0.3858
DE5,solar,2021-02-01 09:00:00,0.7071
DE5,ocgt,2021-02-01 09:00:00,1.0
DE5,ccgt,2021-02-01 09:00:00,1.0
DE6,onwind,2021-02-01 09:00:00,0.3508
DE6,offwind,2021-02-01 09:00:00,0.3858
DE6,solar,2021-02-01 09:00:00,0.7071
DE6,ocgt,2021-02-01 09:00:00,1.0
DE6,ccgt,2021-02-01 09:00:00,1.0
DE7,onwind,2021-02-01 09:00:00,0.3508
DE7,offwind,2021-02-01 09:00:00,0.3858
DE7,solar,2021-02-01 09:00:00,0.6718
DE7,ocgt,2021-02-01 09:00:00,1.0
DE7,ccgt,2021-02-01 09:00:00,1.0
DE8,onwind,2021-02-01 09:00:00,0.3508
DE8,offwind,2021-02-01 09:00:00,0.3858
DE8,solar,2021-02-01 09:00:00,0.6718
DE8,ocgt,2021-02-01 09:00:00,1.0
DE8,ccgt,2021-02-01 09:00:00,1.0
DE9,onwind,2021-02-01 09:00:00,0.3508
DE9,offwind,2021-02-01 09:00:00,0.3858
DE9,solar,2021-02-01 09:00:00,0.6718
DE9,ocgt,2021-02-01 09:00:00,1.0
DE9,ccgt,2021-02-01 09:00:00,1.0
DE0,onwind,2021-02-01 12:00:00,0.4584
DE0,offwind,2021-02-01 12:00:00,0.5042
DE0,solar,2021-02-01 12:00:00,1.0
DE0,ocgt,2021-02-01 12:00:00,1.0
DE0,ccgt,2021-02-01 12:00:00,1.0
DE1,onwind,2021-02-01 12:00:00,0.4584
DE1,offwind,2021-02-01 12:00:00,0.5042
DE1,solar,2021-02-01 12:00:00,1.0
DE1,ocgt,2021-02-01 12:00:00,1.0
DE1,ccgt,2021-02-01 12:00:00,1.0
DE2,onwind,2021-02-01 12:00:00,0.4584
DE2,offwind,2021-02-01 12:00:00,0.5042
DE2,solar,2021-02-01 12:00:00,1.0
DE2,ocgt,2021-02-01 12:00:00,1.0
DE2,ccgt,2021-02-01 12:00:00,1.0
DE3,onwind,2021-02-01 12:00:00,0.3247
DE3,offwind,2021-02-01 12:00:00,0.3572
DE3,solar,2021-02-01 12:00:00,1.0
DE3,ocgt,2021-02-01 12:00:00,1.0
DE3,ccgt,2021-02-01 12:00:00,1.0
DE4,onwind,2021-02-01 12:00:00,0.3247
DE4,offwind,2021-02-01 12:00:00,0.3572
DE4,solar,2021-02-01 12:00:00,1.0
DE4,ocgt,2021-02-01 12:00:00,1.0
DE4,ccgt,2021-02-01 12:00:00,1.0
DE5,onwind,2021-02-01 12:00:00,0.3247
DE5,offwind,2021-02-01 12:00:00,0.3572
DE5,solar,2021-02-01 12:00:00,1.0
DE5,ocgt,2021-02-01 12:00:00,1.0
DE5,ccgt,2021-02-01 12:00:00,1.0
DE6,onwind,2021-02-01 12:00:00,0.3247
DE6,offwind,2021-02-01 12:00:00,0.3572
DE6,solar,2021-02-01 12:00:00,1.0
DE6,ocgt,2021-02-01 12:00:00,1.0
DE6,ccgt,2021-02-01 12:00:00,1.0
DE7,onwind,2021-02-01 12:00:00,0.3247
DE7,offwind,2021-02-01 12:00:00,0.3572
DE7,solar,2021-02-01 12:00:00,0.95
DE7,ocgt,2021-02-01 12:00:00,1.0
DE7,ccgt,2021-02-01 12:00:00,1.0
DE8,onwind,2021-02-01 12:00:00,0.3247
DE8,offwind,2021-02-01 12:00:00,0.3572
DE8,solar,2021-02-01 12:00:00,0.95
DE8,ocgt,2021-02-01 12:00:00,1.0
DE8,ccgt,2021-02-01 12:00:00,1.0
DE9,onwind,2021-02-01 12:00:00,0.3247
DE9,offwind,2021-02-01 12:00:00,0.3572
DE9,solar,2021-02-01 12:00:00,0.95
DE9,ocgt,2021-02-01 12:00:00,1.0
DE9,ccgt,2021-02-01 12:00:00,1.0
DE0,onwind,2021-02-01 15:00:00,0.421
DE0,offwind,2021-02-01 15:00:00,0.4631
DE0,solar,2021-02-01 15:00:00,0.7071
DE0,ocgt,2021-02-01 15:00:00,1.0
DE0,ccgt,2021-02-01 15:00:00,1.0
DE1,onwind,2021-02-01 15:00:00,0.421
DE1,offwind,2021-02-01 15:00:00,0.4631
DE1,solar,2021-02-01 15:00:00,0.7071
DE1,ocgt,2021-02-01 15:00:00,1.0
DE1,ccgt,2021-02-01 15:00:00,1.0
DE2,onwind,2021-02-01 15:00:00,0.421
DE2,offwind,2021-02-01 15:00:00,0.4631
DE2,solar,2021-02-01 15:00:00,0.7071
DE2,ocgt,2021-02-01 15:00:00,1.0
DE2,ccgt,2021-02-01 15:00:00,1.0
DE3,onwind,2021-02-01 15:00:00,0.2982
DE3,offwind,2021-02-01 15:00:00,0.328
DE3,solar,2021-02-01 15:00:00,0.7071
DE3,ocgt,2021-02-01 15:00:00,1.0
DE3,ccgt,2021-02-01 15:00:00,1.0
DE4,onwind,2021-02-01 15:00:00,0.2982
DE4,offwind,2021-02-01 15:00:00,0.328
DE4,solar,2021-02-01 15:00:00,0.7071
DE4,ocgt,2021-02-01 15:00:00,1.0
DE4,ccgt,2021-02-01 15:00:00,1.0
DE5,onwind,2021-02-01 15:00:00,0.2982
DE5,offwind,2021-02-01 15:00:00,0.328
DE5,solar,2021-02-01 15:00:00,0.7071
DE5,ocgt,2021-02-01 15:00:00,1.0
DE5,ccgt,2021-02-01 15:00:00,1.0
DE6,onwind,2021-02-01 15:00:00,0.2982
DE6,offwind,2021-02-01 15:00:00,0.328
DE6,solar,2021-02-01 15:00:00,0.7071
DE6,ocgt,2021-02-01 15:00:00,1.0
DE6,ccgt,2021-02-01 15:00:00,1.0
DE7,onwind,2021-02-01 15:00:00,0.2982
DE7,offwind,2021-02-01 15:00:00,0.328
DE7,solar,2021-02-01 15:00:00,0.6718
DE7,ocgt,2021-02-01 15:00:00,1.0
DE7,ccgt,2021-02-01 15:00:00,1.0
DE8,onwind,2021-02-01 15:00:00,0.2982
DE8,offwind,2021-02-01 15:00:00,0.328
DE8,solar,2021-02-01 15:00:00,0.6718
DE8,ocgt,2021-02-01 15:00:00,1.0
DE8,ccgt,2021-02-01 15:00:00,1.0
DE9,onwind,2021-02-01 15:00:00,0.2982
DE9,offwind,2021-02-01 15:00:00,0.328
DE9,solar,2021-02-01 15:00:00,0.6718
DE9,ocgt,2021-02-01 15:00:00,1.0
DE9,ccgt,2021-02-01 15:00:00,1.0
DE0,onwind,2021-02-01 18:00:00,0.3836
DE0,offwind,2021-02-01 18:00:00,0.4219
DE0,solar,2021-02-01 18:00:00,0.0
DE0,ocgt,2021-02-01 18:00:00,1.0
DE0,ccgt,2021-02-01 18:00:00,1.0
DE1,onwind,2021-02-01 18:00:00,0.3836
DE1,offwind,2021-02-01 18:00:00,0.4219
DE1,solar,2021-02-01 18:00:00,0.0
DE1,ocgt,2021-02-01 18:00:00,1.0
DE1,ccgt,2021-02-01 18:00:00,1.0
DE2,onwind,2021-02-01 18:00:00,0.3836
DE2,offwind,2021-02-01 18:00:00,0.4219
DE2,solar,2021-02-01 18:00:00,0.0
DE2,ocgt,2021-02-01 18:00:00,1.0
DE2,ccgt,2021-02-01 18:00:00,1.0
DE3,onwind,2021-02-01 18:00:00,0.2717
DE3,offwind,2021-02-01 18:00:00,0.2989
DE3,solar,2021-02-01 18:00:00,0.0
DE3,ocgt,2021-02-01 18:00:00,1.0
DE3,ccgt,2021-02-01 18:00:00,1.0
DE4,onwind,2021-02-01 18:00:00,0.2717
DE4,offwind,2021-02-01 18:00:00,0.2989
DE4,solar,2021-02-01 18:00:00,0.0
DE4,ocgt,2021-02-01 18:00:00,1.0
DE4,ccgt,2021-02-01 18:00:00,1.0
DE5,onwind,2021-02-01 18:00:00,0.2717
DE5,offwind,2021-02-01 18:00:00,0.2989
DE5,solar,2021-02-01 18:00:00,0.0
DE5,ocgt,2021-02-01 18:00:00,1.0
DE5,ccgt,2021-02-01 18:00:00,1.0
DE6,onwind,2021-02-01 18:00:00,0.2717
DE6,offwind,2021-02-01 18:00:00,0.2989
DE6,solar,2021-02-01 18:00:00,0.0
DE6,ocgt,2021-02-01 18:00:00,1.0
DE6,ccgt,2021-02-01 18:00:00,1.0
DE7,onwind,2021-02-01 18:00:00,0.2717
DE7,offwind,2021-02-01 18:00:00,0.2989
DE7,solar,2021-02-01 18:00:00,0.0
DE7,ocgt,2021-02-01 18:00:00,1.0
DE7,ccgt,2021-02-01 18:00:00,1.0
DE8,onwind,2021-02-01 18:00:00,0.2717
DE8,offwind,2021-02-01 18:00:00,0.2989
DE8,solar,2021-02-01 18:00:00,0.0
DE8,ocgt,2021-02-01 18:00:00,1.0
DE8,ccgt,2021-02-01 18:00:00,1.0
DE9,onwind,2021-02-01 18:00:00,0.2717
DE9,offwind,2021-02-01 18:00:00,0.2989
DE9,solar,2021-02-01 18:00:00,0.0
DE9,ocgt,2021-02-01 18:00:00,1.0
DE9,ccgt,2021-02-01 18:00:00,1.0
DE0,onwind,2021-02-01 21:00:00,0.3467
DE0,offwind,2021-02-01 21:00:00,0.3814
DE0,solar,2021-02-01 21:00:00,0.0
DE0,ocgt,2021-02-01 21:00:00,1.0
DE0,ccgt,2021-02-01 21:00:00,1.0
DE1,onwind,2021-02-01 21:00:00,0.3467
DE1,offwind,2021-02-01 21:00:00,0.3814
DE1,solar,2021-02-01 21:00:00,0.0
DE1,ocgt,2021-02-01 21:00:00,1.0
DE1,ccgt,2021-02-01 21:00:00,1.0
DE2,onwind,2021-02-01 21:00:00,0.3467
DE2,offwind,2021-02-01 21:00:00,0.3814
DE2,solar,2021-02-01 21:00:00,0.0
DE2,ocgt,2021-02-01 21:00:00,1.0
DE2,ccgt,2021-02-01 21:00:00,1.0
DE3,onwind,2021-02-01 21:00:00,0.2456
DE3,offwind,2021-02-01 21:00:00,0.2702
DE3,solar,2021-02-01 21:00:00,0.0
DE3,ocgt,2021-02-01 21:00:00,1.0
DE3,ccgt,2021-02-01 21:00:00,1.0
DE4,onwind,2021-02-01 21:00:00,0.2456
DE4,offwind,2021-02-01 21:00:00,0.2702
DE4,solar,2021-02-01 21:00:00,0.0
DE4,ocgt,2021-02-01 21:00:00,1.0
DE4,ccgt,2021-02-01 21:00:00,1.0
DE5,onwind,2021-02-01 21:00:00,0.2456
DE5,offwind,2021-02-01 21:00:00,0.2702
DE5,solar,2021-02-01 21:00:00,0.0
DE5,ocgt,2021-02-01 21:00:00,1.0
DE5,ccgt,2021-02-01 21:00:00,1.0
DE6,onwind,2021-02-01 21:00:00,0.2456
DE6,offwind,2021-02-01 21:00:00,0.2702
DE6,solar,2021-02-01 21:00:00,0.0
DE6,ocgt,2021-02-01 21:00:00,1.0
DE6,ccgt,2021-02-01 21:00:00,1.0
DE7,onwind,2021-02-01 21:00:00,0.2456
DE7,offwind,2021-02-01 21:00:00,0.2702
DE7,solar,2021-02-01 21:00:00,0.0
DE7,ocgt,2021-02-01 21:00:00,1.0
DE7,ccgt,2021-02-01 21:00:00,1.0
DE8,onwind,2021-02-01 21:00:00,0.2456
DE8,offwind,2021-02-01 21:00:00,0.2702
DE8,solar,2021-02-01 21:00:00,0.0
DE8,ocgt,2021-02-01 21:00:00,1.0
DE8,ccgt,2021-02-01 21:00:00,1.0
DE9,onwind,2021-02-01 21:00:00,0.2456
DE9,offwind,2021-02-01 21:00:00,0.2702
DE9,solar,2021-02-01 21:00:00,0.0
DE9,ocgt,2021-02-01 21:00:00,1.0
DE9,ccgt,2021-02-01 21:00:00,1.0
DE0,onwind,2021-02-02 00:00:00,0.2437
DE0,offwind,2021-02-02 00:00:00,0.268
DE0,solar,2021-02-02 00:00:00,0.0
DE0,ocgt,2021-02-02 00:00:00,1.0
DE0,ccgt,2021-02-02 00:00:00,1.0
DE1,onwind,2021-02-02 00:00:00,0.2437
DE1,offwind,2021-02-02 00:00:00,0.268
DE1,solar,2021-02-02 00:00:00,0.0
DE1,ocgt,2021-02-02 00:00:00,1.0
DE1,ccgt,2021-02-02 00:00:00,1.0
DE2,onwind,2021-02-02 00:00:00,0.2437
DE2,offwind,2021-02-02 00:00:00,0.268
DE2,solar,2021-02-02 00:00:00,0.0
DE2,ocgt,2021-02-02 00:00:00,1.0
DE2,ccgt,2021-02-02 00:00:00,1.0
DE3,onwind,2021-02-02 00:00:00,0.1726
DE3,offwind,2021-02-02 00:00:00,0.1899
DE3,solar,2021-02-02 00:00:00,0.0
DE3,ocgt,2021-02-02 00:00:00,1.0
DE3,ccgt,2021-02-02 00:00:00,1.0
DE4,onwind,2021-02-02 00:00:00,0.1726
DE4,offwind,2021-02-02 00:00:00,0.1899
DE4,solar,2021-02-02 00:00:00,0.0
DE4,ocgt,2021-02-02 00:00:00,1.0
DE4,ccgt,2021-02-02 00:00:00,1.0
DE5,onwind,2021-02-02 00:00:00,0.1726
DE5,offwind,2021-02-02 00:00:00,0.1899
DE5,solar,2021-02-02 00:00:00,0.0
DE5,ocgt,2021-02-02 00:00:00,1.0
DE5,ccgt,2021-02-02 00:00:00,1.0
DE6,onwind,2021-02-02 00:00:00,0.1726
DE6,offwind,2021-02-02 00:00:00,0.1899
DE6,solar,2021-02-02 00:00:00,0.0
DE6,ocgt,2021-02-02 00:00:00,1.0
DE6,ccgt,2021-02-02 00:00:00,1.0
DE7,onwind,2021-02-02 00:00:00,0.1726
DE7,offwind,2021-02-02 00:00:00,0.1899
DE7,solar,2021-02-02 00:00:00,0.0
DE7,ocgt,2021-02-02 00:00:00,1.0
DE7,ccgt,2021-02-02 00:00:00,1.0
DE8,onwind,2021-02-02 00:00:00,0.1726
DE8,offwind,2021-02-02 00:00:00,0.1899
DE8,solar,2021-02-02 00:00:00,0.0
DE8,ocgt,2021-02-02 00:00:00,1.0
DE8,ccgt,2021-02-02 00:00:00,1.0
DE9,onwind,2021-02-02 00:00:00,0.1726
DE9,offwind,2021-02-02 00:00:00,0.1899
DE9,solar,2021-02-02 00:00:00,0.0
DE9,ocgt,2021-02-02 00:00:00,1.0
DE9,ccgt,2021-02-02 00:00:00,1.0
DE0,onwind,2021-02-02 03:00:00,0.2148
DE0,offwind,2021-02-02 03:00:00,0.2363
DE0,solar,2021-02-02 03:00:00,0.0
DE0,ocgt,2021-02-02 03:00:00,1.0
DE0,ccgt,2021-02-02 03:00:00,1.0
DE1,onwind,2021-02-02 03:00:00,0.2148
DE1,offwind,2021-02-02 03:00:00,0.2363
DE1,solar,2021-02-02 03:00:00,0.0
DE1,ocgt,2021-02-02 03:00:00,1.0
DE1,ccgt,2021-02-02 03:00:00,1.0
DE2,onwind,2021-02-02 03:00:00,0.2148
DE2,offwind,2021-02-02 03:00:00,0.2363
DE2,solar,2021-02-02 03:00:00,0.0
DE2,ocgt,2021-02-02 03:00:00,1.0
DE2,ccgt,2021-02-02 03:00:00,1.0
DE3,onwind,2021-02-02 03:00:00,0.1521
DE3,offwind,2021-02-02 03:00:00,0.1674
DE3,solar,2021-02-02 03:00:00,0.0
DE3,ocgt,2021-02-02 03:00:00,1.0
DE3,ccgt,2021-02-02 03:00:00,1.0
DE4,onwind,2021-02-02 03:00:00,0.1521
DE4,offwind,2021-02-02 03:00:00,0.1674
DE4,solar,2021-02-02 03:00:00,0.0
DE4,ocgt,2021-02-02 03:00:00,1.0
DE4,ccgt,2021-02-02 03:00:00,1.0
DE5,onwind,2021-02-02 03:00:00,0.1521
DE5,offwind,2021-02-02 03:00:00,0.1674
DE5,solar,2021-02-02 03:00:00,0.0
DE5,ocgt,2021-02-02 03:00:00,1.0
DE5,ccgt,2021-02-02 03:00:00,1.0
DE6,onwind,2021-02-02 03:00:00,0.1521
DE6,offwind,2021-02-02 03:00:00,0.1674
DE6,solar,2021-02-02 03:00:00,0.0
DE6,ocgt,2021-02-02 03:00:00,1.0
DE6,ccgt,2021-02-02 03:00:00,1.0
DE7,onwind,2021-02-02 03:00:00,0.1521
DE7,offwind,2021-02-02 03:00:00,0.1674
DE7,solar,2021-02-02 03:00:00,0.0
DE7,ocgt,2021-02-02 03:00:00,1.0
DE7,ccgt,2021-02-02 03:00:00,1.0
DE8,onwind,2021-02-02 03:00:00,0.1521
DE8,offwind,2021-02-02 03:00:00,0.1674
DE8,solar,2021-02-02 03:00:00,0.0
DE8,ocgt,2021-02-02 03:00:00,1.0
DE8,ccgt,2021-02-02 03:00:00,1.0
DE9,onwind,2021-02-02 03:00:00,0.1521
DE9,offwind,2021-02-02 03:00:00,0.1674
DE9,solar,2021-02-02 03:00:00,0.0
DE9,ocgt,2021-02-02 03:00:00,1.0
DE9,ccgt,2021-02-02 03:00:00,1.0
DE0,onwind,2021-02-02 06:00:00,0.1891
DE0,offwind,2021-02-02 06:00:00,0.208
DE0,solar,2021-02-02 06:00:00,0.0
DE0,ocgt,2021-02-02 06:00:00,1.0
DE0,ccgt,2021-02-02 06:00:00,1.0
DE1,onwind,2021-02-02 06:00:00,0.1891
DE1,offwind,2021-02-02 06:00:00,0.208
DE1,solar,2021-02-02 06:00:00,0.0
DE1,ocgt,2021-02-02 06:00:00,1.0
DE1,ccgt,2021-02-02 06:00:00,1.0
DE2,onwind,2021-02-02 06:00:00,0.1891
DE2,offwind,2021-02-02 06:00:00,0.208
DE2,solar,2021-02-02 06:00:00,0.0
DE2,ocgt,2021-02-02 06:00:00,1.0
DE2,ccgt,2021-02-02 06:00:00,1.0
DE3,onwind,2021-02-02 06:00:00,0.1339
DE3,offwind,2021-02-02 06:00:00,0.1473
DE3,solar,2021-02-02 06:00:00,0.0
DE3,ocgt,2021-02-02 06:00:00,1.0
DE3,ccgt,2021-02-02 06:00:00,1.0
DE4,onwind,2021-02-02 06:00:00,0.1339
DE4,offwind,2021-02-02 06:00:00,0.1473
DE4,solar,2021-02-02 06:00:00,0.0
DE4,ocgt,2021-02-02 06:00:00,1.0
DE4,ccgt,2021-02-02 06:00:00,1.0
DE5,onwind,2021-02-02 06:00:00,0.1339
DE5,offwind,2021-02-02 06:00:00,0.1473
DE5,solar,2021-02-02 06:00:00,0.0
DE5,ocgt,2021-02-02 06:00:00,1.0
DE5,ccgt,2021-02-02 06:00:00,1.0
DE6,onwind,2021-02-02 06:00:00,0.1339
DE6,offwind,2021-02-02 06:00:00,0.1473
DE6,solar,2021-02-02 06:00:00,0.0
DE6,ocgt,2021-02-02 06:00:00,1.0
DE6,ccgt,2021-02-02 06:00:00,1.0
DE7,onwind,2021-02-02 06:00:00,0.1339
DE7,offwind,2021-02-02 06:00:00,0.1473
DE7,solar,2021-02-02 06:00:00,0.0
DE7,ocgt,2021-02-02 06:00:00,1.0
DE7,ccgt,2021-02-02 06:00:00,1.0
DE8,onwind,2021-02-02 06:00:00,0.1339
DE8,offwind,2021-02-02 06:00:00,0.1473
DE8,solar,2021-02-02 06:00:00,0.0
DE8,ocgt,2021-02-02 06:00:00,1.0
DE8,ccgt,2021-02-02 06:00:00,1.0
DE9,onwind,2021-02-02 06:00:00,0.1339
DE9,offwind,2021-02-02 06:00:00,0.1473
DE9,solar,2021-02-02 06:00:00,0.0
DE9,ocgt,2021-02-02 06:00:00,1.0
DE9,ccgt,2021-02-02 06:00:00,1.0
DE0,onwind,2021-02-02 09:00:00,0.167
DE0,offwind,2021-02-02 09:00:00,0.1837
DE0,solar,2021-02-02 09:00:00,0.7071
DE0,ocgt,2021-02-02 09:00:00,1.0
DE0,ccgt,2021-02-02 09:00:00,1.0
DE1,onwind,2021-02-02 09:00:00,0.167
DE1,offwind,2021-02-02 09:00:00,0.1837
DE1,solar,2021-02-02 09:00:00,0.7071
DE1,ocgt,2021-02-02 09:00:00,1.0
DE1,ccgt,2021-02-02 09:00:00,1.0
DE2,onwind,2021-02-02 09:00:00,0.167
DE2,offwind,2021-02-02 09:00:00,0.1837
DE2,solar,2021-02-02 09:00:00,0.7071
DE2,ocgt,2021-02-02 09:00:00,1.0
DE2,ccgt,2021-02-02 09:00:00,1.0
DE3,onwind,2021-02-02 09:00:00,0.1183
DE3,offwind,2021-02-02 09:00:00,0.1301
DE3,solar,2021-02-02 09:00:00,0.7071
DE3,ocgt,2021-02-02 09:00:00,1.0
DE3,ccgt,2021-02-02 09:00:00,1.0
DE4,onwind,2021-02-02 09:00:00,0.1183
DE4,offwind,2021-02-02 09:00:00,0.1301
DE4,solar,2021-02-02 09:00:00,0.7071
DE4,ocgt,2021-02-02 09:00:00,1.0
DE4,ccgt,2021-02-02 09:00:00,1.0
DE5,onwind,2021-02-02 09:00:00,0.1183
DE5,offwind,2021-02-02 09:00:00,0.1301
DE5,solar,2021-02-02 09:00:00,0.7071
DE5,ocgt,2021-02-02 09:00:00,1.0
DE5,ccgt,2021-02-02 09:00:00,1.0
DE6,onwind,2021-02-02 09:00:00,0.1183
DE6,offwind,2021-02-02 09:00:00,0.1301
DE6,solar,2021-02-02 09:00:00,0.7071
DE6,ocgt,2021-02-02 09:00:00,1.0
DE6,ccgt,2021-02-02 09:00:00,1.0
DE7,onwind,2021-02-02 09:00:00,0.1183
DE7,offwind,2021-02-02 09:00:00,0.1301
DE7,solar,2021-02-02 09:00:00,0.6718
DE7,ocgt,2021-02-02 09:00:00,1.0
DE7,ccgt,2021-02-02 09:00:00,1.0
DE8,onwind,2021-02-02 09:00:00,0.1183
DE8,offwind,2021-02-02 09:00:00,0.1301
DE8,solar,2021-02-02 09:00:00,0.6718
DE8,ocgt,2021-02-02 09:00:00,1.0
DE8,ccgt,2021-02-02 09:00:00,1.0
DE9,onwind,2021-02-02 09:00:00,0.1183
DE9,offwind,2021-02-02 09:00:00,0.1301
DE9,solar,2021-02-02 09:00:00,0.6718
DE9,ocgt,2021-02-02 09:00:00,1.0
DE9,ccgt,2021-02-02 09:00:00,1.0
DE0,onwind,2021-02-02 12:00:00,0.1489
DE0,offwind,2021-02-02 12:00:00,0.1638
DE0,solar,2021-02-02 12:00:00,1.0
DE0,ocgt,2021-02-02 12:00:00,1.0
DE0,ccgt,2021-02-02 12:00:00,1.0
DE1,onwind,2021-02-02 12:00:00,0.1489
DE1,offwind,2021-02-02 12:00:00,0.1638
DE1,solar,2021-02-02 12:00:00,1.0
DE1,ocgt,2021-02-02 12:00:00,1.0
DE1,ccgt,2021-02-02 12:00:00,1.0
DE2,onwind,2021-02-02 12:00:00,0.1489
DE2,offwind,2021-02-02 12:00:00,0.1638
DE2,solar,2021-02-02 12:00:00,1.0
DE2,ocgt,2021-02-02 12:00:00,1.0
DE2,ccgt,2021-02-02 12:00:00,1.0
DE3,onwind,2021-02-02 12:00:00,0.1055
DE3,offwind,2021-02-02 12:00:00,0.116
DE3,solar,2021-02-02 12:00:00,1.0
DE3,ocgt,2021-02-02 12:00:00,1.0
DE3,ccgt,2021-02-02 12:00:00,1.0
DE4,onwind,2021-02-02 12:00:00,0.1055
DE4,offwind,2021-02-02 12:00:00,0.116
DE4,solar,2021-02-02 12:00:00,1.0
DE4,ocgt,2021-02-02 12:00:00,1.0
DE4,ccgt,2021-02-02 12:00:00,1.0
DE5,onwind,2021-02-02 12:00:00,0.1055
DE5,offwind,2021-02-02 12:00:00,0.116
DE5,solar,2021-02-02 12:00:00,1.0
DE5,ocgt,2021-02-02 12:00:00,1.0
DE5,ccgt,2021-02-02 12:00:00,1.0
DE6,onwind,2021-02-02 12:00:00,0.1055
DE6,offwind,2021-02-02 12:00:00,0.116
DE6,solar,2021-02-02 12:00:00,1.0
DE6,ocgt,2021-02-02 12:00:00,1.0
DE6,ccgt,2021-02-02 12:00:00,1.0
DE7,onwind,2021-02-02 12:00:00,0.1055
DE7,offwind,2021-02-02 12:00:00,0.116
DE7,solar,2021-02-02 12:00:00,0.95
DE7,ocgt,2021-02-02 12:00:00,1.0
DE7,ccgt,2021-02-02 12:00:00,1.0
DE8,onwind,2021-02-02 12:00:00,0.1055
DE8,offwind,2021-02-02 12:00:00,0.116
DE8,solar,2021-02-02 12:00:00,0.95
DE8,ocgt,2021-02-02 12:00:00,1.0
DE8,ccgt,2021-02-02 12:00:00,1.0
DE9,onwind,2021-02-02 12:00:00,0.1055
DE9,offwind,2021-02-02 12:00:00,0.116
DE9,solar,2021-02-02 12:00:00,0.95
DE9,ocgt,2021-02-02 12:00:00,1.0
DE9,ccgt,2021-02-02 12:00:00,1.0
DE0,onwind,2021-02-02 15:00:00,0.135
DE0,offwind,2021-02-02 15:00:00,0.1485
DE0,solar,2021-02-02 15:00:00,0.7071
DE0,ocgt,2021-02-02 15:00:00,1.0
DE0,ccgt,2021-02-02 15:00:00,1.0
DE1,onwind,2021-02-02 15:00:00,0.135
DE1,offwind,2021-02-02 15:00:00,0.1485
DE1,solar,2021-02-02 15:00:00,0.7071
DE1,ocgt,2021-02-02 15:00:00,1.0
DE1,ccgt,2021-02-02 15:00:00,1.0
DE2,onwind,2021-02-02 15:00:00,0.135
DE2,offwind,2021-02-02 15:00:00,0.1485
DE2,solar,2021-02-02 15:00:00,0.7071
DE2,ocgt,2021-02-02 15:00:00,1.0
DE2,ccgt,2021-02-02 15:00:00,1.0
DE3,onwind,2021-02-02 15:00:00,0.0956
DE3,offwind,2021-02-02 15:00:00,0.1052
DE3,solar,2021-02-02 15:00:00,0.7071
DE3,ocgt,2021-02-02 15:00:00,1.0
DE3,ccgt,2021-02-02 15:00:00,1.0
DE4,onwind,2021-02-02 15:00:00,0.0956
DE4,offwind,2021-02-02 15:00:00,0.1052
DE4,solar,2021-02-02 15:00:00,0.7071
DE4,ocgt,2021-02-02 15:00:00,1.0
DE4,ccgt,2021-02-02 15:00:00,1.0
DE5,onwind,2021-02-02 15:00:00,0.0956
DE5,offwind,2021-02-02 15:00:00,0.1052
DE5,solar,2021-02-02 15:00:00,0.7071
DE5,ocgt,2021-02-02 15:00:00,1.0
DE5,ccgt,2021-02-02 15:00:00,1.0
DE6,onwind,2021-02-02 15:00:00,0.0956
DE6,offwind,2021-02-02 15:00:00,0.1052
DE6,solar,2021-02-02 15:00:00,0.7071
DE6,ocgt,2021-02-02 15:00:00,1.0
DE6,ccgt,2021-02-02 15:00:00,1.0
DE7,onwind,2021-02-02 15:00:00,0.0956
DE7,offwind,2021-02-02 15:00:00,0.1052
DE7,solar,2021-02-02 15:00:00,0.6718
DE7,ocgt,2021-02-02 15:00:00,1.0
DE7,ccgt,2021-02-02 15:00:00,1.0
DE8,onwind,2021-02-02 15:00:00,0.0956
DE8,offwind,2021-02-02 15:00:00,0.1052
DE8,solar,2021-02-02 15:00:00,0.6718
DE8,ocgt,2021-02-02 15:00:00,1.0
DE8,ccgt,2021-02-02 15:00:00,1.0
DE9,onwind,2021-02-02 15:00:00,0.0956
DE9,offwind,2021-02-02 15:00:00,0.1052
DE9,solar,2021-02-02 15:00:00,0.6718
DE9,ocgt,2021-02-02 15:00:00,1.0
DE9,ccgt,2021-02-02 15:00:00,1.0
DE0,onwind,2021-02-02 18:00:00,0.1255
DE0,offwind,2021-02-02 18:00:00,0.1381
DE0,solar,2021-02-02 18:00:00,0.0
DE0,ocgt,2021-02-02 18:00:00,1.0
DE0,ccgt,2021-02-02 18:00:00,1.0
DE1,onwind,2021-02-02 18:00:00,0.1255
DE1,offwind,2021-02-02 18:00:00,0.1381
DE1,solar,2021-02-02 18:00:00,0.0
DE1,ocgt,2021-02-02 18:00:00,1.0
DE1,ccgt,2021-02-02 18:00:00,1.0
DE2,onwind,2021-02-02 18:00:00,0.1255
DE2,offwind,2021-02-02 18:00:00,0.1381
DE2,solar,2021-02-02 18:00:00,0.0
DE2,ocgt,2021-02-02 18:00:00,1.0
DE2,ccgt,2021-02-02 18:00:00,1.0
DE3,onwind,2021-02-02 18:00:00,0.0889
DE3,offwind,2021-02-02 18:00:00,0.0978
DE3,solar,2021-02-02 18:00:00,0.0
DE3,ocgt,2021-02-02 18:00:00,1.0
DE3,ccgt,2021-02-02 18:00:00,1.0
DE4,onwind,2021-02-02 18:00:00,0.0889
DE4,offwind,2021-02-02 18:00:00,0.0978
DE4,solar,2021-02-02 18:00:00,0.0
DE4,ocgt,2021-02-02 18:00:00,1.0
DE4,ccgt,2021-02-02 18:00:00,1.0
DE5,onwind,2021-02-02 18:00:00,0.0889
DE5,offwind,2021-02-02 18:00:00,0.0978
DE5,solar,2021-02-02 18:00:00,0.0
DE5,ocgt,2021-02-02 18:00:00,1.0
DE5,ccgt,2021-02-02 18:00:00,1.0
DE6,onwind,2021-02-02 18:00:00,0.0889
DE6,offwind,2021-02-02 18:00:00,0.0978
DE6,solar,2021-02-02 18:00:00,0.0
DE6,ocgt,2021-02-02 18:00:00,1.0
DE6,ccgt,2021-02-02 18:00:00,1.0
DE7,onwind,2021-02-02 18:00:00,0.0889
DE7,offwind,2021-02-02 18:00:00,0.0978
DE7,solar,2021-02-02 18:00:00,0.0
DE7,ocgt,2021-02-02 18:00:00,1.0
DE7,ccgt,2021-02-02 18:00:00,1.0
DE8,onwind,2021-02-02 18:00:00,0.0889
DE8,offwind,2021-02-02 18:00:00,0.0978
DE8,solar,2021-02-02 18:00:00,0.0
DE8,ocgt,2021-02-02 18:00:00,1.0
DE8,ccgt,2021-02-02 18:00:00,1.0
DE9,onwind,2021-02-02 18:00:00,0.0889
DE9,offwind,2021-02-02 18:00:00,0.0978
DE9,solar,2021-02-02 18:00:00,0.0
DE9,ocgt,2021-02-02 18:00:00,1.0
DE9,ccgt,2021-02-02 18:00:00,1.0
DE0,onwind,2021-02-02 21:00:00,0.1207
DE0,offwind,2021-02-02 21:00:00,0.1328
DE0,solar,2021-02-02 21:00:00,0.0
DE0,ocgt,2021-02-02 21:00:00,1.0
DE0,ccgt,2021-02-02 21:00:00,1.0
DE1,onwind,2021-02-02 21:00:00,0.1207
DE1,offwind,2021-02-02 21:00:00,0.1328
DE1,solar,2021-02-02 21:00:00,0.0
DE1,ocgt,2021-02-02 21:00:00,1.0
DE1,ccgt,2021-02-02 21:00:00,1.0
DE2,onwind,2021-02-02 21:00:00,0.1207
DE2,offwind,2021-02-02 21:00:00,0.1328
DE2,solar,2021-02-02 21:00:00,0.0
DE2,ocgt,2021-02-02 21:00:00,1.0
DE2,ccgt,2021-02-02 21:00:00,1.0
DE3,onwind,2021-02-02 21:00:00,0.0855
DE3,offwind,2021-02-02 21:00:00,0.094
DE3,solar,2021-02-02 21:00:00,0.0
DE3,ocgt,2021-02-02 21:00:00,1.0
DE3,ccgt,2021-02-02 21:00:00,1.0
DE4,onwind,2021-02-02 21:00:00,0.0855
DE4,offwind,2021-02-02 21:00:00,0.094
DE4,solar,2021-02-02 21:00:00,0.0
DE4,ocgt,2021-02-02 21:00:00,1.0
DE4,ccgt,2021-02-02 21:00:00,1.0
DE5,onwind,2021-02-02 21:00:00,0.0855
DE5,offwind,2021-02-02 21:00:00,0.094
DE5,solar,2021-02-02 21:00:00,0.0
DE5,ocgt,2021-02-02 21:00:00,1.0
DE5,ccgt,2021-02-02 21:00:00,1.0
DE6,onwind,2021-02-02 21:00:00,0.0855
DE6,offwind,2021-02-02 21:00:00,0.094
DE6,solar,2021-02-02 21:00:00,0.0
DE6,ocgt,2021-02-02 21:00:00,1.0
DE6,ccgt,2021-02-02 21:00:00,1.0
DE7,onwind,2021-02-02 21:00:00,0.0855
DE7,offwind,2021-02-02 21:00:00,0.094
DE7,solar,2021-02-02 21:00:00,0.0
DE7,ocgt,2021-02-02 21:00:00,1.0
DE7,ccgt,2021-02-02 21:00:00,1.0
DE8,onwind,2021-02-02 21:00:00,0.0855
DE8,offwind,2021-02-02 21:00:00,0.094
DE8,solar,2021-02-02 21:00:00,0.0
DE8,ocgt,2021-02-02 21:00:00,1.0
DE8,ccgt,2021-02-02 21:00:00,1.0
DE9,onwind,2021-02-02 21:00:00,0.0855
DE9,offwind,2021-02-02 21:00:00,0.094
DE9,solar,2021-02-02 21:00:00,0.0
DE9,ocgt,2021-02-02 21:00:00,1.0
DE9,ccgt,2021-02-02 21:00:00,1.0
DE0,onwind,2021-02-03 00:00:00,0.1347
DE0,offwind,2021-02-03 00:00:00,0.1482
DE0,solar,2021-02-03 00:00:00,0.0
DE0,ocgt,2021-02-03 00:00:00,1.0
DE0,ccgt,2021-02-03 00:00:00,1.0
DE1,onwind,2021-02-03 00:00:00,0.1347
DE1,offwind,2021-02-03 00:00:00,0.1482
DE1,solar,2021-02-03 00:00:00,0.0
DE1,ocgt,2021-02-03 00:00:00,1.0
DE1,ccgt,2021-02-03 00:00:00,1.0
DE2,onwind,2021-02-03 00:00:00,0.1347
DE2,offwind,2021-02-03 00:00:00,0.1482
DE2,solar,2021-02-03 00:00:00,0.0
DE2,ocgt,2021-02-03 00:00:00,1.0
DE2,ccgt,2021-02-03 00:00:00,1.0
DE3,onwind,2021-02-03 00:00:00,0.0954
DE3,offwind,2021-02-03 00:00:00,0.1049
DE3,solar,2021-02-03 00:00:00,0.0
DE3,ocgt,2021-02-03 00:00:00,1.0
DE3,ccgt,2021-02-03 00:00:00,1.0
DE4,onwind,2021-02-03 00:00:00,0.0954
DE4,offwind,2021-02-03 00:00:00,0.1049
DE4,solar,2021-02-03 00:00:00,0.0
DE4,ocgt,2021-02-03 00:00:00,1.0
DE4,ccgt,2021-02-03 00:00:00,1.0
DE5,onwind,2021-02-03 00:00:00,0.0954
DE5,offwind,2021-02-03 00:00:00,0.1049
DE5,solar,2021-02-03 00:00:00,0.0
DE5,ocgt,2021-02-03 00:00:00,1.0
DE5,ccgt,2021-02-03 00:00:00,1.0
DE6,onwind,2021-02-03 00:00:00,0.0954
DE6,offwind,2021-02-03 00:00:00,0.1049
DE6,solar,2021-02-03 00:00:00,0.0
DE6,ocgt,2021-02-03 00:00:00,1.0
DE6,ccgt,2021-02-03 00:00:00,1.0
DE7,onwind,2021-02-03 00:00:00,0.0954
DE7,offwind,2021-02-03 00:00:00,0.1049
DE7,solar,2021-02-03 00:00:00,0.0
DE7,ocgt,2021-02-03 00:00:00,1.0
DE7,ccgt,2021-02-03 00:00:00,1.0
DE8,onwind,2021-02-03 00:00:00,0.0954
DE8,offwind,2021-02-03 00:00:00,0.1049
DE8,solar,2021-02-03 00:00:00,0.0
DE8,ocgt,2021-02-03 00:00:00,1.0
DE8,ccgt,2021-02-03 00:00:00,1.0
DE9,onwind,2021-02-03 00:00:00,0.0954
DE9,offwind,2021-02-03 00:00:00,0.1049
DE9,solar,2021-02-03 00:00:00,0.0
DE9,ocgt,2021-02-03 00:00:00,1.0
DE9,ccgt,2021-02-03 00:00:00,1.0
DE0,onwind,2021-02-03 03:00:00,0.1485
DE0,offwind,2021-02-03 03:00:00,0.1633
DE0,solar,2021-02-03 03:00:00,0.0
DE0,ocgt,2021-02-03 03:00:00,1.0
DE0,ccgt,2021-02-03 03:00:00,1.0
DE1,onwind,2021-02-03 03:00:00,0.1485
DE1,offwind,2021-02-03 03:00:00,0.1633
DE1,solar,2021-02-03 03:00:00,0.0
DE1,ocgt,2021-02-03 03:00:00,1.0
DE1,ccgt,2021-02-03 03:00:00,1.0
DE2,onwind,2021-02-03 03:00:00,0.1485
DE2,offwind,2021-02-03 03:00:00,0.1633
DE2,solar,2021-02-03 03:00:00,0.0
DE2,ocgt,2021-02-03 03:00:00,1.0
DE2,ccgt,2021-02-03 03:00:00,1.0
DE3,onwind,2021-02-03 03:00:00,0.1052
DE3,offwind,2021-02-03 03:00:00,0.1157
DE3,solar,2021-02-03 03:00:00,0.0
DE3,ocgt,2021-02-03 03:00:00,1.0
DE3,ccgt,2021-02-03 03:00:00,1.0
DE4,onwind,2021-02-03 03:00:00,0.1052
DE4,offwind,2021-02-03 03:00:00,0.1157
DE4,solar,2021-02-03 03:00:00,0.0
DE4,ocgt,2021-02-03 03:00:00,1.0
DE4,ccgt,2021-02-03 03:00:00,1.0
DE5,onwind,2021-02-03 03:00:00,0.1052
DE5,offwind,2021-02-03 03:00:00,0.1157
DE5,solar,2021-02-03 03:00:00,0.0
DE5,ocgt,2021-02-03 03:00:00,1.0
DE5,ccgt,2021-02-03 03:00:00,1.0
DE6,onwind,2021-02-03 03:00:00,0.1052
DE6,offwind,2021-02-03 03:00:00,0.1157
DE6,solar,2021-02-03 03:00:00,0.0
DE6,ocgt,2021-02-03 03:00:00,1.0
DE6,ccgt,2021-02-03 03:00:00,1.0
DE7,onwind,2021-02-03 03:00:00,0.1052
DE7,offwind,2021-02-03 03:00:00,0.1157
DE7,solar,2021-02-03 03:00:00,0.0
DE7,ocgt,2021-02-03 03:00:00,1.0
DE7,ccgt,2021-02-03 03:00:00,1.0
DE8,onwind,2021-02-03 03:00:00,0.1052
DE8,offwind,2021-02-03 03:00:00,0.1157
DE8,solar,2021-02-03 03:00:00,0.0
DE8,ocgt,2021-02-03 03:00:00,1.0
DE8,ccgt,2021-02-03 03:00:00,1.0
DE9,onwind,2021-02-03 03:00:00,0.1052
DE9,offwind,2021-02-03 03:00:00,0.1157
DE9,solar,2021-02-03 03:00:00,0.0
DE9,ocgt,2021-02-03 03:00:00,1.0
DE9,ccgt,2021-02-03 03:00:00,1.0
DE0,onwind,2021-02-03 06:00:00,0.1665
DE0,offwind,2021-02-03 06:00:00,0.1831
DE0,solar,2021-02-03 06:00:00,0.0
DE0,ocgt,2021-02-03 06:00:00,1.0
DE0,ccgt,2021-02-03 06:00:00,1.0
DE1,onwind,2021-02-03 06:00:00,0.1665
DE1,offwind,2021-02-03 06:00:00,0.1831
DE1,solar,2021-02-03 06:00:00,0.0
DE1,ocgt,2021-02-03 06:00:00,1.0
DE1,ccgt,2021-02-03 06:00:00,1.0
DE2,onwind,2021-02-03 06:00:00,0.1665
DE2,offwind,2021-02-03 06:00:00,0.1831
DE2,solar,2021-02-03 06:00:00,0.0
DE2,ocgt,2021-02-03 06:00:00,1.0
DE2,ccgt,2021-02-03 06:00:00,1.0
DE3,onwind,2021-02-03 06:00:00,0.1179
DE3,offwind,2021-02-03 06:00:00,0.1297
DE3,solar,2021-02-03 06:00:00,0.0
DE3,ocgt,2021-02-03 06:00:00,1.0
DE3,ccgt,2021-02-03 06:00:00,1.0
DE4,onwind,2021-02-03 06:00:00,0.1179
DE4,offwind,2021-02-03 06:00:00,0.1297
DE4,solar,2021-02-03 06:00:00,0.0
DE4,ocgt,2021-02-03 06:00:00,1.0
DE4,ccgt,2021-02-03 06:00:00,1.0
DE5,onwind,2021-02-03 06:00:00,0.1179
DE5,offwind,2021-02-03 06:00:00,0.1297
DE5,solar,2021-02-03 06:00:00,0.0
DE5,ocgt,2021-02-03 06:00:00,1.0
DE5,ccgt,2021-02-03 06:00:00,1.0
DE6,onwind,2021-02-03 06:00:00,0.1179
DE6,offwind,2021-02-03 06:00:00,0.1297
DE6,solar,2021-02-03 06:00:00,0.0
DE6,ocgt,2021-02-03 06:00:00,1.0
DE6,ccgt,2021-02-03 06:00:00,1.0
DE7,onwind,2021-02-03 06:00:00,0.1179
DE7,offwind,2021-02-03 06:00:00,0.1297
DE7,solar,2021-02-03 06:00:00,0.0
DE7,ocgt,2021-02-03 06:00:00,1.0
DE7,ccgt,2021-02-03 06:00:00,1.0
DE8,onwind,2021-02-03 06:00:00,0.1179
DE8,offwind,2021-02-03 06:00:00,0.1297
DE8,solar,2021-02-03 06:00:00,0.0
DE8,ocgt,2021-02-03 06:00:00,1.0
DE8,ccgt,2021-02-03 06:00:00,1.0
DE9,onwind,2021-02-03 06:00:00,0.1179
DE9,offwind,2021-02-03 06:00:00,0.1297
DE9,solar,2021-02-03 06:00:00,0.0
DE9,ocgt,2021-02-03 06:00:00,1.0
DE9,ccgt,2021-02-03 06:00:00,1.0
DE0,onwind,2021-02-03 09:00:00,0.1885
DE0,offwind,2021-02-03 09:00:00,0.2073
DE0,solar,2021-02-03 09:00:00,0.7071
DE0,ocgt,2021-02-03 09:00:00,1.0
DE0,ccgt,2021-02-03 09:00:00,1.0
DE1,onwind,2021-02-03 09:00:00,0.1885
DE1,offwind,2021-02-03 09:00:00,0.2073
DE1,solar,2021-02-03 09:00:00,0.7071
DE1,ocgt,2021-02-03 09:00:00,1.0
DE1,ccgt,2021-02-03 09:00:00,1.0
DE2,onwind,2021-02-03 09:00:00,0.1885
DE2,offwind,2021-02-03 09:00:00,0.2073
DE2,solar,2021-02-03 09:00:00,0.7071
DE2,ocgt,2021-02-03 09:00:00,1.0
DE2,ccgt,2021-02-03 09:00:00,1.0
DE3,onwind,2021-02-03 09:00:00,0.1335
DE3,offwind,2021-02-03 09:00:00,0.1468
DE3,solar,2021-02-03 09:00:00,0.7071
DE3,ocgt,2021-02-03 09:00:00,1.0
DE3,ccgt,2021-02-03 09:00:00,1.0
DE4,onwind,2021-02-03 09:00:00,0.1335
DE4,offwind,2021-02-03 09:00:00,0.1468
DE4,solar,2021-02-03 09:00:00,0.7071
DE4,ocgt,2021-02-03 09:00:00,1.0
DE4,ccgt,2021-02-03 09:00:00,1.0
DE5,onwind,2021-02-03 09:00:00,0.1335
DE5,offwind,2021-02-03 09:00:00,0.1468
DE5,solar,2021-02-03 09:00:00,0.7071
DE5,ocgt,2021-02-03 09:00:00,1.0
DE5,ccgt,2021-02-03 09:00:00,1.0
DE6,onwind,2021-02-03 09:00:00,0.1335
DE6,offwind,2021-02-03 09:00:00,0.1468
DE6,solar,2021-02-03 09:00:00,0.7071
DE6,ocgt,2021-02-03 09:00:00,1.0
DE6,ccgt,2021-02-03 09:00:00,1.0
DE7,onwind,2021-02-03 09:00:00,0.1335
DE7,offwind,2021-02-03 09:00:00,0.1468
DE7,solar,2021-02-03 09:00:00,0.6718
DE7,ocgt,2021-02-03 09:00:00,1.0
DE7,ccgt,2021-02-03 09:00:00,1.0
DE8,onwind,2021-02-03 09:00:00,0.1335
DE8,offwind,2021-02-03 09:00:00,0.1468
DE8,solar,2021-02-03 09:00:00,0.6718
DE8,ocgt,2021-02-03 09:00:00,1.0
DE8,ccgt,2021-02-03 09:00:00,1.0
DE9,onwind,2021-02-03 09:00:00,0.1335
DE9,offwind,2021-02-03 09:00:00,0.1468
DE9,solar,2021-02-03 09:00:00,0.6718
DE9,ocgt,2021-02-03 09:00:00,1.0
DE9,ccgt,2021-02-03 09:00:00,1.0
DE0,onwind,2021-02-03 12:00:00,0.2141
DE0,offwind,2021-02-03 12:00:00,0.2355
DE0,solar,2021-02-03 12:00:00,1.0
DE0,ocgt,2021-02-03 12:00:00,1.0
DE0,ccgt,2021-02-03 12:00:00,1.0
DE1,onwind,2021-02-03 12:00:00,0.2141
DE1,offwind,2021-02-03 12:00:00,0.2355
DE1,solar,2021-02-03 12:00:00,1.0
DE1,ocgt,2021-02-03 12:00:00,1.0
DE1,ccgt,2021-02-03 12:00:00,1.0
DE2,onwind,2021-02-03 12:00:00,0.2141
DE2,offwind,2021-02-03 12:00:00,0.2355
DE2,solar,2021-02-03 12:00:00,1.0
DE2,ocgt,2021-02-03 12:00:00,1.0
DE2,ccgt,2021-02-03 12:00:00,1.0
DE3,onwind,2021-02-03 12:00:00,0.1516
DE3,offwind,2021-02-03 12:00:00,0.1668
DE3,solar,2021-02-03 12:00:00,1.0
DE3,ocgt,2021-02-03 12:00:00,1.0
DE3,ccgt,2021-02-03 12:00:00,1.0
DE4,onwind,2021-02-03 12:00:00,0.1516
DE4,offwind,2021-02-03 12:00:00,0.1668
DE4,solar,2021-02-03 12:00:00,1.0
DE4,ocgt,2021-02-03 12:00:00,1.0
DE4,ccgt,2021-02-03 12:00:00,1.0
DE5,onwind,2021-02-03 12:00:00,0.1516
DE5,offwind,2021-02-03 12:00:00,0.1668
DE5,solar,2021-02-03 12:00:00,1.0
DE5,ocgt,2021-02-03 12:00:00,1.0
DE5,ccgt,2021-02-03 12:00:00,1.0
DE6,onwind,2021-02-03 12:00:00,0.1516
DE6,offwind,2021-02-03 12:00:00,0.1668
DE6,solar,2021-02-03 12:00:00,1.0
DE6,ocgt,2021-02-03 12:00:00,1.0
DE6,ccgt,2021-02-03 12:00:00,1.0
DE7,onwind,2021-02-03 12:00:00,0.1516
DE7,offwind,2021-02-03 12:00:00,0.1668
DE7,solar,2021-02-03 12:00:00,0.95
DE7,ocgt,2021-02-03 12:00:00,1.0
DE7,ccgt,2021-02-03 12:00:00,1.0
DE8,onwind,2021-02-03 12:00:00,0.1516
DE8,offwind,2021-02-03 12:00:00,0.1668
DE8,solar,2021-02-03 12:00:00,0.95
DE8,ocgt,2021-02-03 12:00:00,1.0
DE8,ccgt,2021-02-03 12:00:00,1.0
DE9,onwind,2021-02-03 12:00:00,0.1516
DE9,offwind,2021-02-03 12:00:00,0.1668
DE9,solar,2021-02-03 12:00:00,0.95
DE9,ocgt,2021-02-03 12:00:00,1.0
DE9,ccgt,2021-02-03 12:00:00,1.0
DE0,onwind,2021-02-03 15:00:00,0.2429
DE0,offwind,2021-02-03 15:00:00,0.2671
DE0,solar,2021-02-03 15:00:00,0.7071
DE0,ocgt,2021-02-03 15:00:00,1.0
DE0,ccgt,2021-02-03 15:00:00,1.0
DE1,onwind,2021-02-03 15:00:00,0.2429
DE1,offwind,2021-02-03 15:00:00,0.2671
DE1,solar,2021-02-03 15:00:00,0.7071
DE1,ocgt,2021-02-03 15:00:00,1.0
DE1,ccgt,2021-02-03 15:00:00,1.0
DE2,onwind,2021-02-03 15:00:00,0.2429
DE2,offwind,2021-02-03 15:00:00,0.2671
DE2,solar,2021-02-03 15:00:00,0.7071
DE2,ocgt,2021-02-03 15:00:00,1.0
DE2,ccgt,2021-02-03 15:00:00,1.0
DE3,onwind,2021-02-03 15:00:00,0.172
DE3,offwind,2021-02-03 15:00:00,0.1892
DE3,solar,2021-02-03 15:00:00,0.7071
DE3,ocgt,2021-02-03 15:00:00,1.0
DE3,ccgt,2021-02-03 15:00:00,1.0
DE4,onwind,2021-02-03 15:00:00,0.172
DE4,offwind,2021-02-03 15:00:00,0.1892
DE4,solar,2021-02-03 15:00:00,0.7071
DE4,ocgt,2021-02-03 15:00:00,1.0
DE4,ccgt,2021-02-03 15:00:00,1.0
DE5,onwind,2021-02-03 15:00:00,0.172
DE5,offwind,2021-02-03 15:00:00,0.1892
DE5,solar,2021-02-03 15:00:00,0.7071
DE5,ocgt,2021-02-03 15:00:00,1.0
DE5,ccgt,2021-02-03 15:00:00,1.0
DE6,onwind,2021-02-03 15:00:00,0.172
DE6,offwind,2021-02-03 15:00:00,0.1892
DE6,solar,2021-02-03 15:00:00,0.7071
DE6,ocgt,2021-02-03 15:00:00,1.0
DE6,ccgt,2021-02-03 15:00:00,1.0
DE7,onwind,2021-02-03 15:00:00,0.172
DE7,offwind,2021-02-03 15:00:00,0.1892
DE7,solar,2021-02-03 15:00:00,0.6718
DE7,ocgt,2021-02-03 15:00:00,1.0
DE7,ccgt,2021-02-03 15:00:00,1.0
DE8,onwind,2021-02-03 15:00:00,0.172
DE8,offwind,2021-02-03 15:00:00,0.1892
DE8,solar,2021-02-03 15:00:00,0.6718
DE8,ocgt,2021-02-03 15:00:00,1.0
DE8,ccgt,2021-02-03 15:00:00,1.0
DE9,onwind,2021-02-03 15:00:00,0.172
DE9,offwind,2021-02-03 15:00:00,0.1892
DE9,solar,2021-02-03 15:00:00,0.6718
DE9,ocgt,2021-02-03 15:00:00,1.0
DE9,ccgt,2021-02-03 15:00:00,1.0
DE0,onwind,2021-02-03 18:00:00,0.2744
DE0,offwind,2021-02-03 18:00:00,0.3019
DE0,solar,2021-02-03 18:00:00,0.0
DE0,ocgt,2021-02-03 18:00:00,1.0
DE0,ccgt,2021-02-03 18:00:00,1.0
DE1,onwind,2021-02-03 18:00:00,0.2744
DE1,offwind,2021-02-03 18:00:00,0.3019
DE1,solar,2021-02-03 18:00:00,0.0
DE1,ocgt,2021-02-03 18:00:00,1.0
DE1,ccgt,2021-02-03 18:00:00,1.0
DE2,onwind,2021-02-03 18:00:00,0.2744
DE2,offwind,2021-02-03 18:00:00,0.3019
DE2,solar,2021-02-03 18:00:00,0.0
DE2,ocgt,2021-02-03 18:00:00,1.0
DE2,ccgt,2021-02-03 18:00:00,1.0
DE3,onwind,2021-02-03 18:00:00,0.1944
DE3,offwind,2021-02-03 18:00:00,0.2138
DE3,solar,2021-02-03 18:00:00,0.0
DE3,ocgt,2021-02-03 18:00:00,1.0
DE3,ccgt,2021-02-03 18:00:00,1.0
DE4,onwind,2021-02-03 18:00:00,0.1944
DE4,offwind,2021-02-03 18:00:00,0.2138
DE4,solar,2021-02-03 18:00:00,0.0
DE4,ocgt,2021-02-03 18:00:00,1.0
DE4,ccgt,2021-02-03 18:00:00,1.0
DE5,onwind,2021-02-03 18:00:00,0.1944
DE5,offwind,2021-02-03 18:00:00,0.2138
DE5,solar,2021-02-03 18:00:00,0.0
DE5,ocgt,2021-02-03 18:00:00,1.0
DE5,ccgt,2021-02-03 18:00:00,1.0
DE6,onwind,2021-02-03 18:00:00,0.1944
DE6,offwind,2021-02-03 18:00:00,0.2138
DE6,solar,2021-02-03 18:00:00,0.0
DE6,ocgt,2021-02-03 18:00:00,1.0
DE6,ccgt,2021-02-03 18:00:00,1.0
DE7,onwind,2021-02-03 18:00:00,0.1944
DE7,offwind,2021-02-03 18:00:00,0.2138
DE7,solar,2021-02-03 18:00:00,0.0
DE7,ocgt,2021-02-03 18:00:00,1.0
DE7,ccgt,2021-02-03 18:00:00,1.0
DE8,onwind,2021-02-03 18:00:00,0.1944
DE8,offwind,2021-02-03 18:00:00,0.2138
DE8,solar,2021-02-03 18:00:00,0.0
DE8,ocgt,2021-02-03 18:00:00,1.0
DE8,ccgt,2021-02-03 18:00:00,1.0
DE9,onwind,2021-02-03 18:00:00,0.1944
DE9,offwind,2021-02-03 18:00:00,0.2138
DE9,solar,2021-02-03 18:00:00,0.0
DE9,ocgt,2021-02-03 18:00:00,1.0
DE9,ccgt,2021-02-03 18:00:00,1.0
DE0,onwind,2021-02-03 21:00:00,0.3083
DE0,offwind,2021-02-03 21:00:00,0.3391
DE0,solar,2021-02-03 21:00:00,0.0
DE0,ocgt,2021-02-03 21:00:00,1.0
DE0,ccgt,2021-02-03 21:00:00,1.0
DE1,onwind,2021-02-03 21:00:00,0.3083
DE1,offwind,2021-02-03 21:00:00,0.3391
DE1,solar,2021-02-03 21:00:00,0.0
DE1,ocgt,2021-02-03 21:00:00,1.0
DE1,ccgt,2021-02-03 21:00:00,1.0
DE2,onwind,2021-02-03 21:00:00,0.3083
DE2,offwind,2021-02-03 21:00:00,0.3391
DE2,solar,2021-02-03 21:00:00,0.0
DE2,ocgt,2021-02-03 21:00:00,1.0
DE2,ccgt,2021-02-03 21:00:00,1.0
DE3,onwind,2021-02-03 21:00:00,0.2184
DE3,offwind,2021-02-03 21:00:00,0.2402
DE3,solar,2021-02-03 21:00:00,0.0
DE3,ocgt,2021-02-03 21:00:00,1.0
DE3,ccgt,2021-02-03 21:00:00,1.0
DE4,onwind,2021-02-03 21:00:00,0.2184
DE4,offwind,2021-02-03 21:00:00,0.2402
DE4,solar,2021-02-03 21:00:00,0.0
DE4,ocgt,2021-02-03 21:00:00,1.0
DE4,ccgt,2021-02-03 21:00:00,1.0
DE5,onwind,2021-02-03 21:00:00,0.2184
DE5,offwind,2021-02-03 21:00:00,0.2402
DE5,solar,2021-02-03 21:00:00,0.0
DE5,ocgt,2021-02-03 21:00:00,1.0
DE5,ccgt,2021-02-03 21:00:00,1.0
DE6,onwind,2021-02-03 21:00:00,0.2184
DE6,offwind,2021-02-03 21:00:00,0.2402
DE6,solar,2021-02-03 21:00:00,0.0
DE6,ocgt,2021-02-03 21:00:00,1.0
DE6,ccgt,2021-02-03 21:00:00,1.0
DE7,onwind,2021-02-03 21:00:00,0.2184
DE7,offwind,2021-02-03 21:00:00,0.2402
DE7,solar,2021-02-03 21:00:00,0.0
DE7,ocgt,2021-02-03 21:00:00,1.0
DE7,ccgt,2021-02-03 21:00:00,1.0
DE8,onwind,2021-02-03 21:00:00,0.2184
DE8,offwind,2021-02-03 21:00:00,0.2402
DE8,solar,2021-02-03 21:00:00,0.0
DE8,ocgt,2021-02-03 21:00:00,1.0
DE8,ccgt,2021-02-03 21:00:00,1.0
DE9,onwind,2021-02-03 21:00:00,0.2184
DE9,offwind,2021-02-03 21:00:00,0.2402
DE9,solar,2021-02-03 21:00:00,0.0
DE9,ocgt,2021-02-03 21:00:00,1.0
DE9,ccgt,2021-02-03 21:00:00,1.0
DE0,onwind,2021-02-04 00:00:00,0.42
DE0,offwind,2021-02-04 00:00:00,0.462
DE0,solar,2021-02-04 00:00:00,0.0
DE0,ocgt,2021-02-04 00:00:00,1.0
DE0,ccgt,2021-02-04 00:00:00,1.0
DE1,onwind,2021-02-04 00:00:00,0.42
DE1,offwind,2021-02-04 00:00:00,0.462
DE1,solar,2021-02-04 00:00:00,0.0
DE1,ocgt,2021-02-04 00:00:00,1.0
DE1,ccgt,2021-02-04 00:00:00,1.0
DE2,onwind,2021-02-04 00:00:00,0.42
DE2,offwind,2021-02-04 00:00:00,0.462
DE2,solar,2021-02-04 00:00:00,0.0
DE2,ocgt,2021-02-04 00:00:00,1.0
DE2,ccgt,2021-02-04 00:00:00,1.0
DE3,onwind,2021-02-04 00:00:00,0.2975
DE3,offwind,2021-02-04 00:00:00,0.3272
DE3,solar,2021-02-04 00:00:00,0.0
DE3,ocgt,2021-02-04 00:00:00,1.0
DE3,ccgt,2021-02-04 00:00:00,1.0
DE4,onwind,2021-02-04 00:00:00,0.2975
DE4,offwind,2021-02-04 00:00:00,0.3272
DE4,solar,2021-02-04 00:00:00,0.0
DE4,ocgt,2021-02-04 00:00:00,1.0
DE4,ccgt,2021-02-04 00:00:00,1.0
DE5,onwind,2021-02-04 00:00:00,0.2975
DE5,offwind,2021-02-04 00:00:00,0.3272
DE5,solar,2021-02-04 00:00:00,0.0
DE5,ocgt,2021-02-04 00:00:00,1.0
DE5,ccgt,2021-02-04 00:00:00,1.0
DE6,onwind,2021-02-04 00:00:00,0.2975
DE6,offwind,2021-02-04 00:00:00,0.3272
DE6,solar,2021-02-04 00:00:00,0.0
DE6,ocgt,2021-02-04 00:00:00,1.0
DE6,ccgt,2021-02-04 00:00:00,1.0
DE7,onwind,2021-02-04 00:00:00,0.2975
DE7,offwind,2021-02-04 00:00:00,0.3272
DE7,solar,2021-02-04 00:00:00,0.0
DE7,ocgt,2021-02-04 00:00:00,1.0
DE7,ccgt,2021-02-04 00:00:00,1.0
DE8,onwind,2021-02-04 00:00:00,0.2975
DE8,offwind,2021-02-04 00:00:00,0.3272
DE8,solar,2021-02-04 00:00:00,0.0
DE8,ocgt,2021-02-04 00:00:00,1.0
DE8,ccgt,2021-02-04 00:00:00,1.0
DE9,onwind,2021-02-04 00:00:00,0.2975
DE9,offwind,2021-02-04 00:00:00,0.3272
DE9,solar,2021-02-04 00:00:00,0.0
DE9,ocgt,2021-02-04 00:00:00,1.0
DE9,ccgt,2021-02-04 00:00:00,1.0
DE0,onwind,2021-02-04 03:00:00,0.4574
DE0,offwind,2021-02-04 03:00:00,0.5031
DE0,solar,2021-02-04 03:00:00,0.0
DE0,ocgt,2021-02-04 03:00:00,1.0
DE0,ccgt,2021-02-04 03:00:00,1.0
DE1,onwind,2021-02-04 03:00:00,0.4574
DE1,offwind,2021-02-04 03:00:00,0.5031
DE1,solar,2021-02-04 03:00:00,0.0
DE1,ocgt,2021-02-04 03:00:00,1.0
DE1,ccgt,2021-02-04 03:00:00,1.0
DE2,onwind,2021-02-04 03:00:00,0.4574
DE2,offwind,2021-02-04 03:00:00,0.5031
DE2,solar,2021-02-04 03:00:00,0.0
DE2,ocgt,2021-02-04 03:00:00,1.0
DE2,ccgt,2021-02-04 03:00:00,1.0
DE3,onwind,2021-02-04 03:00:00,0.324
DE3,offwind,2021-02-04 03:00:00,0.3564
DE3,solar,2021-02-04 03:00:00,0.0
DE3,ocgt,2021-02-04 03:00:00,1.0
DE3,ccgt,2021-02-04 03:00:00,1.0
DE4,onwind,2021-02-04 03:00:00,0.324
DE4,offwind,2021-02-04 03:00:00,0.3564
DE4,solar,2021-02-04 03:00:00,0.0
DE4,ocgt,2021-02-04 03:00:00,1.0
DE4,ccgt,2021-02-04 03:00:00,1.0
DE5,onwind,2021-02-04 03:00:00,0.324
DE5,offwind,2021-02-04 03:00:00,0.3564
DE5,solar,2021-02-04 03:00:00,0.0
DE5,ocgt,2021-02-04 03:00:00,1.0
DE5,ccgt,2021-02-04 03:00:00,1.0
DE6,onwind,2021-02-04 03:00:00,0.324
DE6,offwind,2021-02-04 03:00:00,0.3564
DE6,solar,2021-02-04 03:00:00,0.0
DE6,ocgt,2021-02-04 03:00:00,1.0
DE6,ccgt,2021-02-04 03:00:00,1.0
DE7,onwind,2021-02-04 03:00:00,0.324
DE7,offwind,2021-02-04 03:00:00,0.3564
DE7,solar,2021-02-04 03:00:00,0.0
DE7,ocgt,2021-02-04 03:00:00,1.0
DE7,ccgt,2021-02-04 03:00:00,1.0
DE8,onwind,2021-02-04 03:00:00,0.324
DE8,offwind,2021-02-04 03:00:00,0.3564
DE8,solar,2021-02-04 03:00:00,0.0
DE8,ocgt,2021-02-04 03:00:00,1.0
DE8,ccgt,2021-02-04 03:00:00,1.0
DE9,onwind,2021-02-04 03:00:00,0.324
DE9,offwind,2021-02-04 03:00:00,0.3564
DE9,solar,2021-02-04 03:00:00,0.0
DE9,ocgt,2021-02-04 03:00:00,1.0
DE9,ccgt,2021-02-04 03:00:00,1.0
DE0,onwind,2021-02-04 06:00:00,0.4942
DE0,offwind,2021-02-04 06:00:00,0.5436
DE0,solar,2021-02-04 06:00:00,0.0
DE0,ocgt,2021-02-04 06:00:00,1.0
DE0,ccgt,2021-02-04 06:00:00,1.0
DE1,onwind,2021-02-04 06:00:00,0.4942
DE1,offwind,2021-02-04 06:00:00,0.5436
DE1,solar,2021-02-04 06:00:00,0.0
DE1,ocgt,2021-02-04 06:00:00,1.0
DE1,ccgt,2021-02-04 06:00:00,1.0
DE2,onwind,2021-02-04 06:00:00,0.4942
DE2,offwind,2021-02-04 06:00:00,0.5436
DE2,solar,2021-02-04 06:00:00,0.0
DE2,ocgt,2021-02-04 06:00:00,1.0
DE2,ccgt,2021-02-04 06:00:00,1.0
DE3,onwind,2021-02-04 06:00:00,0.3501
DE3,offwind,2021-02-04 06:00:00,0.3851
DE3,solar,2021-02-04 06:00:00,0.0
DE3,ocgt,2021-02-04 06:00:00,1.0
DE3,ccgt,2021-02-04 06:00:00,1.0
DE4,onwind,2021-02-04 06:00:00,0.3501
DE4,offwind,2021-02-04 06:00:00,0.3851
DE4,solar,2021-02-04 06:00:00,0.0
DE4,ocgt,2021-02-04 06:00:00,1.0
DE4,ccgt,2021-02-04 06:00:00,1.0
DE5,onwind,2021-02-04 06:00:00,0.3501
DE5,offwind,2021-02-04 06:00:00,0.3851
DE5,solar,2021-02-04 06:00:00,0.0
DE5,ocgt,2021-02-04 06:00:00,1.0
DE5,ccgt,2021-02-04 06:00:00,1.0
DE6,onwind,2021-02-04 06:00:00,0.3501
DE6,offwind,2021-02-04 06:00:00,0.3851
DE6,solar,2021-02-04 06:00:00,0.0
DE6,ocgt,2021-02-04 06:00:00,1.0
DE6,ccgt,2021-02-04 06:00:00,1.0
DE7,onwind,2021-02-04 06:00:00,0.3501
DE7,offwind,2021-02-04 06:00:00,0.3851
DE7,solar,2021-02-04 06:00:00,0.0
DE7,ocgt,2021-02-04 06:00:00,1.0
DE7,ccgt,2021-02-04 06:00:00,1.0
DE8,onwind,2021-02-04 06:00:00,0.3501
DE8,offwind,2021-02-04 06:00:00,0.3851
DE8,solar,2021-02-04 06:00:00,0.0
DE8,ocgt,2021-02-04 06:00:00,1.0
DE8,ccgt,2021-02-04 06:00:00,1.0
DE9,onwind,2021-02-04 06:00:00,0.3501
DE9,offwind,2021-02-04 06:00:00,0.3851
DE9,solar,2021-02-04 06:00:00,0.0
DE9,ocgt,2021-02-04 06:00:00,1.0
DE9,ccgt,2021-02-04 06:00:00,1.0
DE0,onwind,2021-02-04 09:00:00,0.5299
DE0,offwind,2021-02-04 09:00:00,0.5829
DE0,solar,2021-02-04 09:00:00,0.7071
DE0,ocgt,2021-02-04 09:00:00,1.0
DE0,ccgt,2021-02-04 09:00:00,1.0
DE1,onwind,2021-02-04 09:00:00,0.5299
DE1,offwind,2021-02-04 09:00:00,0.5829
DE1,solar,2021-02-04 09:00:00,0.7071
DE1,ocgt,2021-02-04 09:00:00,1.0
DE1,ccgt,2021-02-04 09:00:00,1.0
DE2,onwind,2021-02-04 09:00:00,0.5299
DE2,offwind,2021-02-04 09:00:00,0.5829
DE2,solar,2021-02-04 09:00:00,0.7071
DE2,ocgt,2021-02-04 09:00:00,1.0
DE2,ccgt,2021-02-04 09:00:00,1.0
DE3,onwind,2021-02-04 09:00:00,0.3753
DE3,offwind,2021-02-04 09:00:00,0.4129
DE3,solar,2021-02-04 09:00:00,0.7071
DE3,ocgt,2021-02-04 09:00:00,1.0
DE3,ccgt,2021-02-04 09:00:00,1.0
DE4,onwind,2021-02-04 09:00:00,0.3753
DE4,offwind,2021-02-04 09:00:00,0.4129
DE4,solar,2021-02-04 09:00:00,0.7071
DE4,ocgt,2021-02-04 09:00:00,1.0
DE4,ccgt,2021-02-04 09:00:00,1.0
DE5,onwind,2021-02-04 09:00:00,0.3753
DE5,offwind,2021-02-04 09:00:00,0.4129
DE5,solar,2021-02-04 09:00:00,0.7071
DE5,ocgt,2021-02-04 09:00:00,1.0
DE5,ccgt,2021-02-04 09:00:00,1.0
DE6,onwind,2021-02-04 09:00:00,0.3753
DE6,offwind,2021-02-04 09:00:00,0.4129
DE6,solar,2021-02-04 09:00:00,0.7071
DE6,ocgt,2021-02-04 09:00:00,1.0
DE6,ccgt,2021-02-04 09:00:00,1.0
DE7,onwind,2021-02-04 09:00:00,0.3753
DE7,offwind,2021-02-04 09:00:00,0.4129
DE7,solar,2021-02-04 09:00:00,0.6718
DE7,ocgt,2021-02-04 09:00:00,1.0
DE7,ccgt,2021-02-04 09:00:00,1.0
DE8,onwind,2021-02-04 09:00:00,0.3753
DE8,offwind,2021-02-04 09:00:00,0.4129
DE8,solar,2021-02-04 09:00:00,0.6718
DE8,ocgt,2021-02-04 09:00:00,1.0
DE8,ccgt,2021-02-04 09:00:00,1.0
DE9,onwind,2021-02-04 09:00:00,0.3753
DE9,offwind,2021-02-04 09:00:00,0.4129
DE9,solar,2021-02-04 09:00:00,0.6718
DE9,ocgt,2021-02-04 09:00:00,1.0
DE9,ccgt,2021-02-04 09:00:00,1.0
DE0,onwind,2021-02-04 12:00:00,0.5638
DE0,offwind,2021-02-04 12:00:00,0.6202
DE0,solar,2021-02-04 12:00:00,1.0
DE0,ocgt,2021-02-04 12:00:00,1.0
DE0,ccgt,2021-02-04 12:00:00,1.0
DE1,onwind,2021-02-04 12:00:00,0.5638
DE1,offwind,2021-02-04 12:00:00,0.6202
DE1,solar,2021-02-04 12:00:00,1.0
DE1,ocgt,2021-02-04 12:00:00,1.0
DE1,ccgt,2021-02-04 12:00:00,1.0
DE2,onwind,2021-02-04 12:00:00,0.5638
DE2,offwind,2021-02-04 12:00:00,0.6202
DE2,solar,2021-02-04 12:00:00,1.0
DE2,ocgt,2021-02-04 12:00:00,1.0
DE2,ccgt,2021-02-04 12:00:00,1.0
DE3,onwind,2021-02-04 12:00:00,0.3994
DE3,offwind,2021-02-04 12:00:00,0.4393
DE3,solar,2021-02-04 12:00:00,1.0
DE3,ocgt,2021-02-04 12:00:00,1.0
DE3,ccgt,2021-02-04 12:00:00,1.0
DE4,onwind,2021-02-04 12:00:00,0.3994
DE4,offwind,2021-02-04 12:00:00,0.4393
DE4,solar,2021-02-04 12:00:00,1.0
DE4,ocgt,2021-02-04 12:00:00,1.0
DE4,ccgt,2021-02-04 12:00:00,1.0
DE5,onwind,2021-02-04 12:00:00,0.3994
DE5,offwind,2021-02-04 12:00:00,0.4393
DE5,solar,2021-02-04 12:00:00,1.0
DE5,ocgt,2021-02-04 12:00:00,1.0
DE5,ccgt,2021-02-04 12:00:00,1.0
DE6,onwind,2021-02-04 12:00:00,0.3994
DE6,offwind,2021-02-04 12:00:00,0.4393
DE6,solar,2021-02-04 12:00:00,1.0
DE6,ocgt,2021-02-04 12:00:00,1.0
DE6,ccgt,2021-02-04 12:00:00,1.0
DE7,onwind,2021-02-04 12:00:00,0.3994
DE7,offwind,2021-02-04 12:00:00,0.4393
DE7,solar,2021-02-04 12:00:00,0.95
DE7,ocgt,2021-02-04 12:00:00,1.0
DE7,ccgt,2021-02-04 12:00:00,1.0
DE8,onwind,2021-02-04 12:00:00,0.3994
DE8,offwind,2021-02-04 12:00:00,0.4393
DE8,solar,2021-02-04 12:00:00,0.95
DE8,ocgt,2021-02-04 12:00:00,1.0
DE8,ccgt,2021-02-04 12:00:00,1.0
DE9,onwind,2021-02-04 12:00:00,0.3994
DE9,offwind,2021-02-04 12:00:00,0.4393
DE9,solar,2021-02-04 12:00:00,0.95
DE9,ocgt,2021-02-04 12:00:00,1.0
DE9,ccgt,2021-02-04 12:00:00,1.0
DE0,onwind,2021-02-04 15:00:00,0.5955
DE0,offwind,2021-02-04 15:00:00,0.6551
DE0,solar,2021-02-04 15:00:00,0.7071
DE0,ocgt,2021-02-04 15:00:00,1.0
DE0,ccgt,2021-02-04 15:00:00,1.0
DE1,onwind,2021-02-04 15:00:00,0.5955
DE1,offwind,2021-02-04 15:00:00,0.6551
DE1,solar,2021-02-04 15:00:00,0.7071
DE1,ocgt,2021-02-04 15:00:00,1.0
DE1,ccgt,2021-02-04 15:00:00,1.0
DE2,onwind,2021-02-04 15:00:00,0.5955
DE2,offwind,2021-02-04 15:00:00,0.6551
DE2,solar,2021-02-04 15:00:00,0.7071
DE2,ocgt,2021-02-04 15:00:00,1.0
DE2,ccgt,2021-02-04 15:00:00,1.0
DE3,onwind,2021-02-04 15:00:00,0.4218
DE3,offwind,2021-02-04 15:00:00,0.464
DE3,solar,2021-02-04 15:00:00,0.7071
DE3,ocgt,2021-02-04 15:00:00,1.0
DE3,ccgt,2021-02-04 15:00:00,1.0
DE4,onwind,2021-02-04 15:00:00,0.4218
DE4,offwind,2021-02-04 15:00:00,0.464
DE4,solar,2021-02-04 15:00:00,0.7071
DE4,ocgt,2021-02-04 15:00:00,1.0
DE4,ccgt,2021-02-04 15:00:00,1.0
DE5,onwind,2021-02-04 15:00:00,0.4218
DE5,offwind,2021-02-04 15:00:00,0.464
DE5,solar,2021-02-04 15:00:00,0.7071
DE5,ocgt,2021-02-04 15:00:00,1.0
DE5,ccgt,2021-02-04 15:00:00,1.0
DE6,onwind,2021-02-04 15:00:00,0.4218
DE6,offwind,2021-02-04 15:00:00,0.464
DE6,solar,2021-02-04 15:00:00,0.7071
DE6,ocgt,2021-02-04 15:00:00,1.0
DE6,ccgt,2021-02-04 15:00:00,1.0
DE7,onwind,2021-02-04 15:00:00,0.4218
DE7,offwind,2021-02-04 15:00:00,0.464
DE7,solar,2021-02-04 15:00:00,0.6718
DE7,ocgt,2021-02-04 15:00:00,1.0
DE7,ccgt,2021-02-04 15:00:00,1.0
DE8,onwind,2021-02-04 15:00:00,0.4218
DE8,offwind,2021-02-04 15:00:00,0.464
DE8,solar,2021-02-04 15:00:00,0.6718
DE8,ocgt,2021-02-04 15:00:00,1.0
DE8,ccgt,2021-02-04 15:00:00,1.0
DE9,onwind,2021-02-04 15:00:00,0.4218
DE9,offwind,2021-02-04 15:00:00,0.464
DE9,solar,2021-02-04 15:00:00,0.6718
DE9,ocgt,2021-02-04 15:00:00,1.0
DE9,ccgt,2021-02-04 15:00:00,1.0
DE0,onwind,2021-02-04 18:00:00,0.6245
DE0,offwind,2021-02-04 18:00:00,0.6869
DE0,solar,2021-02-04 18:00:00,0.0
DE0,ocgt,2021-02-04 18:00:00,1.0
DE0,ccgt,2021-02-04 18:00:00,1.0
DE1,onwind,2021-02-04 18:00:00,0.6245
DE1,offwind,2021-02-04 18:00:00,0.6869
DE1,solar,2021-02-04 18:00:00,0.0
DE1,ocgt,2021-02-04 18:00:00,1.0
DE1,ccgt,2021-02-04 18:00:00,1.0
DE2,onwind,2021-02-04 18:00:00,0.6245
DE2,offwind,2021-02-04 18:00:00,0.6869
DE2,solar,2021-02-04 18:00:00,0.0
DE2,ocgt,2021-02-04 18:00:00,1.0
DE2,ccgt,2021-02-04 18:00:00,1.0
DE3,onwind,2021-02-04 18:00:00,0.4423
DE3,offwind,2021-02-04 18:00:00,0.4866
DE3,solar,2021-02-04 18:00:00,0.0
DE3,ocgt,2021-02-04 18:00:00,1.0
DE3,ccgt,2021-02-04 18:00:00,1.0
DE4,onwind,2021-02-04 18:00:00,0.4423
DE4,offwind,2021-02-04 18:00:00,0.4866
DE4,solar,2021-02-04 18:00:00,0.0
DE4,ocgt,2021-02-04 18:00:00,1.0
DE4,ccgt,2021-02-04 18:00:00,1.0
DE5,onwind,2021-02-04 18:00:00,0.4423
DE5,offwind,2021-02-04 18:00:00,0.4866
DE5,solar,2021-02-04 18:00:00,0.0
DE5,ocgt,2021-02-04 18:00:00,1.0
DE5,ccgt,2021-02-04 18:00:00,1.0
DE6,onwind,2021-02-04 18:00:00,0.4423
DE6,offwind,2021-02-04 18:00:00,0.4866
DE6,solar,2021-02-04 18:00:00,0.0
DE6,ocgt,2021-02-04 18:00:00,1.0
DE6,ccgt,2021-02-04 18:00:00,1.0
DE7,onwind,2021-02-04 18:00:00,0.4423
DE7,offwind,2021-02-04 18:00:00,0.4866
DE7,solar,2021-02-04 18:00:00,0.0
DE7,ocgt,2021-02-04 18:00:00,1.0
DE7,ccgt,2021-02-04 18:00:00,1.0
DE8,onwind,2021-02-04 18:00:00,0.4423
DE8,offwind,2021-02-04 18:00:00,0.4866
DE8,solar,2021-02-04 18:00:00,0.0
DE8,ocgt,2021-02-04 18:00:00,1.0
DE8,ccgt,2021-02-04 18:00:00,1.0
DE9,onwind,2021-02-04 18:00:00,0.4423
DE9,offwind,2021-02-04 18:00:00,0.4866
DE9,solar,2021-02-04 18:00:00,0.0
DE9,ocgt,2021-02-04 18:00:00,1.0
DE9,ccgt,2021-02-04 18:00:00,1.0
DE0,onwind,2021-02-04 21:00:00,0.6503
DE0,offwind,2021-02-04 21:00:00,0.7153
DE0,solar,2021-02-04 21:00:00,0.0
DE0,ocgt,2021-02-04 21:00:00,1.0
DE0,ccgt,2021-02-04 21:00:00,1.0
DE1,onwind,2021-02-04 21:00:00,0.6503
DE1,offwind,2021-02-04 21:00:00,0.7153
DE1,solar,2021-02-04 21:00:00,0.0
DE1,ocgt,2021-02-04 21:00:00,1.0
DE1,ccgt,2021-02-04 21:00:00,1.0
DE2,onwind,2021-02-04 21:00:00,0.6503
DE2,offwind,2021-02-04 21:00:00,0.7153
DE2,solar,2021-02-04 21:00:00,0.0
DE2,ocgt,2021-02-04 21:00:00,1.0
DE2,ccgt,2021-02-04 21:00:00,1.0
DE3,onwind,2021-02-04 21:00:00,0.4606
DE3,offwind,2021-02-04 21:00:00,0.5067
DE3,solar,2021-02-04 21:00:00,0.0
DE3,ocgt,2021-02-04 21:00:00,1.0
DE3,ccgt,2021-02-04 21:00:00,1.0
DE4,onwind,2021-02-04 21:00:00,0.4606
DE4,offwind,2021-02-04 21:00:00,0.5067
DE4,solar,2021-02-04 21:00:00,0.0
DE4,ocgt,2021-02-04 21:00:00,1.0
DE4,ccgt,2021-02-04 21:00:00,1.0
DE5,onwind,2021-02-04 21:00:00,0.4606
DE5,offwind,2021-02-04 21:00:00,0.5067
DE5,solar,2021-02-04 21:00:00,0.0
DE5,ocgt,2021-02-04 21:00:00,1.0
DE5,ccgt,2021-02-04 21:00:00,1.0
DE6,onwind,2021-02-04 21:00:00,0.4606
DE6,offwind,2021-02-04 21:00:00,0.5067
DE6,solar,2021-02-04 21:00:00,0.0
DE6,ocgt,2021-02-04 21:00:00,1.0
DE6,ccgt,2021-02-04 21:00:00,1.0
DE7,onwind,2021-02-04 21:00:00,0.4606
DE7,offwind,2021-02-04 21:00:00,0.5067
DE7,solar,2021-02-04 21:00:00,0.0
DE7,ocgt,2021-02-04 21:00:00,1.0
DE7,ccgt,2021-02-04 21:00:00,1.0
DE8,onwind,2021-02-04 21:00:00,0.4606
DE8,offwind,2021-02-04 21:00:00,0.5067
DE8,solar,2021-02-04 21:00:00,0.0
DE8,ocgt,2021-02-04 21:00:00,1.0
DE8,ccgt,2021-02-04 21:00:00,1.0
DE9,onwind,2021-02-04 21:00:00,0.4606
DE9,offwind,2021-02-04 21:00:00,0.5067
DE9,solar,2021-02-04 21:00:00,0.0
DE9,ocgt,2021-02-04 21:00:00,1.0
DE9,ccgt,2021-02-04 21:00:00,1.0
DE0,onwind,2021-02-05 00:00:00,0.7053
DE0,offwind,2021-02-05 00:00:00,0.7758
DE0,solar,2021-02-05 00:00:00,0.0
DE0,ocgt,2021-02-05 00:00:00,1.0
DE0,ccgt,2021-02-05 00:00:00,1.0
DE1,onwind,2021-02-05 00:00:00,0.7053
DE1,offwind,2021-02-05 00:00:00,0.7758
DE1,solar,2021-02-05 00:00:00,0.0
DE1,ocgt,2021-02-05 00:00:00,1.0
DE1,ccgt,2021-02-05 00:00:00,1.0
DE2,onwind,2021-02-05 00:00:00,0.7053
DE2,offwind,2021-02-05 00:00:00,0.7758
DE2,solar,2021-02-05 00:00:00,0.0
DE2,ocgt,2021-02-05 00:00:00,1.0
DE2,ccgt,2021-02-05 00:00:00,1.0
DE3,onwind,2021-02-05 00:00:00,0.4996
DE3,offwind,2021-02-05 00:00:00,0.5496
DE3,solar,2021-02-05 00:00:00,0.0
DE3,ocgt,2021-02-05 00:00:00,1.0
DE3,ccgt,2021-02-05 00:00:00,1.0
DE4,onwind,2021-02-05 00:00:00,0.4996
DE4,offwind,2021-02-05 00:00:00,0.5496
DE4,solar,2021-02-05 00:00:00,0.0
DE4,ocgt,2021-02-05 00:00:00,1.0
DE4,ccgt,2021-02-05 00:00:00,1.0
DE5,onwind,2021-02-05 00:00:00,0.4996
DE5,offwind,2021-02-05 00:00:00,0.5496
DE5,solar,2021-02-05 00:00:00,0.0
DE5,ocgt,2021-02-05 00:00:00,1.0
DE5,ccgt,2021-02-05 00:00:00,1.0
DE6,onwind,2021-02-05 00:00:00,0.4996
DE6,offwind,2021-02-05 00:00:00,0.5496
DE6,solar,2021-02-05 00:00:00,0.0
DE6,ocgt,2021-02-05 00:00:00,1.0
DE6,ccgt,2021-02-05 00:00:00,1.0
DE7,onwind,2021-02-05 00:00:00,0.4996
DE7,offwind,2021-02-05 00:00:00,0.5496
DE7,solar,2021-02-05 00:00:00,0.0
DE7,ocgt,2021-02-05 00:00:00,1.0
DE7,ccgt,2021-02-05 00:00:00,1.0
DE8,onwind,2021-02-05 00:00:00,0.4996
DE8,offwind,2021-02-05 00:00:00,0.5496
DE8,solar,2021-02-05 00:00:00,0.0
DE8,ocgt,2021-02-05 00:00:00,1.0
DE8,ccgt,2021-02-05 00:00:00,1.0
DE9,onwind,2021-02-05 00:00:00,0.4996
DE9,offwind,2021-02-05 00:00:00,0.5496
DE9,solar,2021-02-05 00:00:00,0.0
DE9,ocgt,2021-02-05 00:00:00,1.0
DE9,ccgt,2021-02-05 00:00:00,1.0
DE0,onwind,2021-02-05 03:00:00,0.7146
DE0,offwind,2021-02-05 03:00:00,0.7861
DE0,solar,2021-02-05 03:00:00,0.0
DE0,ocgt,2021-02-05 03:00:00,1.0
DE0,ccgt,2021-02-05 03:00:00,1.0
DE1,onwind,2021-02-05 03:00:00,0.7146
DE1,offwind,2021-02-05 03:00:00,0.7861
DE1,solar,2021-02-05 03:00:00,0.0
DE1,ocgt,2021-02-05 03:00:00,1.0
DE1,ccgt,2021-02-05 03:00:00,1.0
DE2,onwind,2021-02-05 03:00:00,0.7146
DE2,offwind,2021-02-05 03:00:00,0.7861
DE2,solar,2021-02-05 03:00:00,0.0
DE2,ocgt,2021-02-05 03:00:00,1.0
DE2,ccgt,2021-02-05 03:00:00,1.0
DE3,onwind,2021-02-05 03:00:00,0.5062
DE3,offwind,2021-02-05 03:00:00,0.5568
DE3,solar,2021-02-05 03:00:00,0.0
DE3,ocgt,2021-02-05 03:00:00,1.0
DE3,ccgt,2021-02-05 03:00:00,1.0
DE4,onwind,2021-02-05 03:00:00,0.5062
DE4,offwind,2021-02-05 03:00:00,0.5568
DE4,solar,2021-02-05 03:00:00,0.0
DE4,ocgt,2021-02-05 03:00:00,1.0
DE4,ccgt,2021-02-05 03:00:00,1.0
DE5,onwind,2021-02-05 03:00:00,0.5062
DE5,offwind,2021-02-05 03:00:00,0.5568
DE5,solar,2021-02-05 03:00:00,0.0
DE5,ocgt,2021-02-05 03:00:00,1.0
DE5,ccgt,2021-02-05 03:00:00,1.0
DE6,onwind,2021-02-05 03:00:00,0.5062
DE6,offwind,2021-02-05 03:00:00,0.5568
DE6,solar,2021-02-05 03:00:00,0.0
DE6,ocgt,2021-02-05 03:00:00,1.0
DE6,ccgt,2021-02-05 03:00:00,1.0
DE7,onwind,2021-02-05 03:00:00,0.5062
DE7,offwind,2021-02-05 03:00:00,0.5568
DE7,solar,2021-02-05 03:00:00,0.0
DE7,ocgt,2021-02-05 03:00:00,1.0
DE7,ccgt,2021-02-05 03:00:00,1.0
DE8,onwind,2021-02-05 03:00:00,0.5062
DE8,offwind,2021-02-05 03:00:00,0.5568
DE8,solar,2021-02-05 03:00:00,0.0
DE8,ocgt,2021-02-05 03:00:00,1.0
DE8,ccgt,2021-02-05 03:00:00,1.0
DE9,onwind,2021-02-05 03:00:00,0.5062
DE9,offwind,2021-02-05 03:00:00,0.5568
DE9,solar,2021-02-05 03:00:00,0.0
DE9,ocgt,2021-02-05 03:00:00,1.0
DE9,ccgt,2021-02-05 03:00:00,1.0
DE0,onwind,2021-02-05 06:00:00,0.7194
DE0,offwind,2021-02-05 06:00:00,0.7913
DE0,solar,2021-02-05 06:00:00,0.0
DE0,ocgt,2021-02-05 06:00:00,1.0
DE0,ccgt,2021-02-05 06:00:00,1.0
DE1,onwind,2021-02-05 06:00:00,0.7194
DE1,offwind,2021-02-05 06:00:00,0.7913
DE1,solar,2021-02-05 06:00:00,0.0
DE1,ocgt,2021-02-05 06:00:00,1.0
DE1,ccgt,2021-02-05 06:00:00,1.0
DE2,onwind,2021-02-05 06:00:00,0.7194
DE2,offwind,2021-02-05 06:00:00,0.7913
DE2,solar,2021-02-05 06:00:00,0.0
DE2,ocgt,2021-02-05 06:00:00,1.0
DE2,ccgt,2021-02-05 06:00:00,1.0
DE3,onwind,2021-02-05 06:00:00,0.5096
DE3,offwind,2021-02-05 06:00:00,0.5605
DE3,solar,2021-02-05 06:00:00,0.0
DE3,ocgt,2021-02-05 06:00:00,1.0
DE3,ccgt,2021-02-05 06:00:00,1.0
DE4,onwind,2021-02-05 06:00:00,0.5096
DE4,offwind,2021-02-05 06:00:00,0.5605
DE4,solar,2021-02-05 06:00:00,0.0
DE4,ocgt,2021-02-05 06:00:00,1.0
DE4,ccgt,2021-02-05 06:00:00,1.0
DE5,onwind,2021-02-05 06:00:00,0.5096
DE5,offwind,2021-02-05 06:00:00,0.5605
DE5,solar,2021-02-05 06:00:00,0.0
DE5,ocgt,2021-02-05 06:00:00,1.0
DE5,ccgt,2021-02-05 06:00:00,1.0
DE6,onwind,2021-02-05 06:00:00,0.5096
DE6,offwind,2021-02-05 06:00:00,0.5605
DE6,solar,2021-02-05 06:00:00,0.0
DE6,ocgt,2021-02-05 06:00:00,1.0
DE6,ccgt,2021-02-05 06:00:00,1.0
DE7,onwind,2021-02-05 06:00:00,0.5096
DE7,offwind,2021-02-05 06:00:00,0.5605
DE7,solar,2021-02-05 06:00:00,0.0
DE7,ocgt,2021-02-05 06:00:00,1.0
DE7,ccgt,2021-02-05 06:00:00,1.0
DE8,onwind,2021-02-05 06:00:00,0.5096
DE8,offwind,2021-02-05 06:00:00,0.5605
DE8,solar,2021-02-05 06:00:00,0.0
DE8,ocgt,2021-02-05 06:00:00,1.0
DE8,ccgt,2021-02-05 06:00:00,1.0
DE9,onwind,2021-02-05 06:00:00,0.5096
DE9,offwind,2021-02-05 06:00:00,0.5605
DE9,solar,2021-02-05 06:00:00,0.0
DE9,ocgt,2021-02-05 06:00:00,1.0
DE9,ccgt,2021-02-05 06:00:00,1.0
DE0,onwind,2021-02-05 09:00:00,0.7194
DE0,offwind,2021-02-05 09:00:00,0.7914
DE0,solar,2021-02-05 09:00:00,0.7071
DE0,ocgt,2021-02-05 09:00:00,1.0
DE0,ccgt,2021-02-05 09:00:00,1.0
DE1,onwind,2021-02-05 09:00:00,0.7194
DE1,offwind,2021-02-05 09:00:00,0.7914
DE1,solar,2021-02-05 09:00:00,0.7071
DE1,ocgt,2021-02-05 09:00:00,1.0
DE1,ccgt,2021-02-05 09:00:00,1.0
DE2,onwind,2021-02-05 09:00:00,0.7194
DE2,offwind,2021-02-05 09:00:00,0.7914
DE2,solar,2021-02-05 09:00:00,0.7071
DE2,ocgt,2021-02-05 09:00:00,1.0
DE2,ccgt,2021-02-05 09:00:00,1.0
DE3,onwind,2021-02-05 09:00:00,0.5096
DE3,offwind,2021-02-05 09:00:00,0.5606
DE3,solar,2021-02-05 09:00:00,0.7071
DE3,ocgt,2021-02-05 09:00:00,1.0
DE3,ccgt,2021-02-05 09:00:00,1.0
DE4,onwind,2021-02-05 09:00:00,0.5096
DE4,offwind,2021-02-05 09:00:00,0.5606
DE4,solar,2021-02-05 09:00:00,0.7071
DE4,ocgt,2021-02-05 09:00:00,1.0
DE4,ccgt,2021-02-05 09:00:00,1.0
DE5,onwind,2021-02-05 09:00:00,0.5096
DE5,offwind,2021-02-05 09:00:00,0.5606
DE5,solar,2021-02-05 09:00:00,0.7071
DE5,ocgt,2021-02-05 09:00:00,1.0
DE5,ccgt,2021-02-05 09:00:00,1.0
DE6,onwind,2021-02-05 09:00:00,0.5096
DE6,offwind,2021-02-05 09:00:00,0.5606
DE6,solar,2021-02-05 09:00:00,0.7071
DE6,ocgt,2021-02-05 09:00:00,1.0
DE6,ccgt,2021-02-05 09:00:00,1.0
DE7,onwind,2021-02-05 09:00:00,0.5096
DE7,offwind,2021-02-05 09:00:00,0.5606
DE7,solar,2021-02-05 09:00:00,0.6718
DE7,ocgt,2021-02-05 09:00:00,1.0
DE7,ccgt,2021-02-05 09:00:00,1.0
DE8,onwind,2021-02-05 09:00:00,0.5096
DE8,offwind,2021-02-05 09:00:00,0.5606
DE8,solar,2021-02-05 09:00:00,0.6718
DE8,ocgt,2021-02-05 09:00:00,1.0
DE8,ccgt,2021-02-05 09:00:00,1.0
DE9,onwind,2021-02-05 09:00:00,0.5096
DE9,offwind,2021-02-05 09:00:00,0.5606
DE9,solar,2021-02-05 09:00:00,0.6718
DE9,ocgt,2021-02-05 09:00:00,1.0
DE9,ccgt,2021-02-05 09:00:00,1.0
DE0,onwind,2021-02-05 12:00:00,0.7148
DE0,offwind,2021-02-05 12:00:00,0.7863
DE0,solar,2021-02-05 12:00:00,1.0
DE0,ocgt,2021-02-05 12:00:00,1.0
DE0,ccgt,2021-02-05 12:00:00,1.0
DE1,onwind,2021-02-05 12:00:00,0.7148
DE1,offwind,2021-02-05 12:00:00,0.7863
DE1,solar,2021-02-05 12:00:00,1.0
DE1,ocgt,2021-02-05 12:00:00,1.0
DE1,ccgt,2021-02-05 12:00:00,1.0
DE2,onwind,2021-02-05 12:00:00,0.7148
DE2,offwind,2021-02-05 12:00:00,0.7863
DE2,solar,2021-02-05 12:00:00,1.0
DE2,ocgt,2021-02-05 12:00:00,1.0
DE2,ccgt,2021-02-05 12:00:00,1.0
DE3,onwind,2021-02-05 12:00:00,0.5063
DE3,offwind,2021-02-05 12:00:00,0.557
DE3,solar,2021-02-05 12:00:00,1.0
DE3,ocgt,2021-02-05 12:00:00,1.0
DE3,ccgt,2021-02-05 12:00:00,1.0
DE4,onwind,2021-02-05 12:00:00,0.5063
DE4,offwind,2021-02-05 12:00:00,0.557
DE4,solar,2021-02-05 12:00:00,1.0
DE4,ocgt,2021-02-05 12:00:00,1.0
DE4,ccgt,2021-02-05 12:00:00,1.0
DE5,onwind,2021-02-05 12:00:00,0.5063
DE5,offwind,2021-02-05 12:00:00,0.557
DE5,solar,2021-02-05 12:00:00,1.0
DE5,ocgt,2021-02-05 12:00:00,1.0
DE5,ccgt,2021-02-05 12:00:00,1.0
DE6,onwind,2021-02-05 12:00:00,0.5063
DE6,offwind,2021-02-05 12:00:00,0.557
DE6,solar,2021-02-05 12:00:00,1.0
DE6,ocgt,2021-02-05 12:00:00,1.0
DE6,ccgt,2021-02-05 12:00:00,1.0
DE7,onwind,2021-02-05 12:00:00,0.5063
DE7,offwind,2021-02-05 12:00:00,0.557
DE7,solar,2021-02-05 12:00:00,0.95
DE7,ocgt,2021-02-05 12:00:00,1.0
DE7,ccgt,2021-02-05 12:00:00,1.0
DE8,onwind,2021-02-05 12:00:00,0.5063
DE8,offwind,2021-02-05 12:00:00,0.557
DE8,solar,2021-02-05 12:00:00,0.95
DE8,ocgt,2021-02-05 12:00:00,1.0
DE8,ccgt,2021-02-05 12:00:00,1.0
DE9,onwind,2021-02-05 12:00:00,0.5063
DE9,offwind,2021-02-05 12:00:00,0.557
DE9,solar,2021-02-05 12:00:00,0.95
DE9,ocgt,2021-02-05 12:00:00,1.0
DE9,ccgt,2021-02-05 12:00:00,1.0
DE0,onwind,2021-02-05 15:00:00,0.7056
DE0,offwind,2021-02-05 15:00:00,0.7762
DE0,solar,2021-02-05 15:00:00,0.7071
DE0,ocgt,2021-02-05 15:00:00,1.0
DE0,ccgt,2021-02-05 15:00:00,1.0
DE1,onwind,2021-02-05 15:00:00,0.7056
DE1,offwind,2021-02-05 15:00:00,0.7762
DE1,solar,2021-02-05 15:00:00,0.7071
DE1,ocgt,2021-02-05 15:00:00,1.0
DE1,ccgt,2021-02-05 15:00:00,1.0
DE2,onwind,2021-02-05 15:00:00,0.7056
DE2,offwind,2021-02-05 15:00:00,0.7762
DE2,solar,2021-02-05 15:00:00,0.7071
DE2,ocgt,2021-02-05 15:00:00,1.0
DE2,ccgt,2021-02-05 15:00:00,1.0
DE3,onwind,2021-02-05 15:00:00,0.4998
DE3,offwind,2021-02-05 15:00:00,0.5498
DE3,solar,2021-02-05 15:00:00,0.7071
DE3,ocgt,2021-02-05 15:00:00,1.0
DE3,ccgt,2021-02-05 15:00:00,1.0
DE4,onwind,2021-02-05 15:00:00,0.4998
DE4,offwind,2021-02-05 15:00:00,0.5498
DE4,solar,2021-02-05 15:00:00,0.7071
DE4,ocgt,2021-02-05 15:00:00,1.0
DE4,ccgt,2021-02-05 15:00:00,1.0
DE5,onwind,2021-02-05 15:00:00,0.4998
DE5,offwind,2021-02-05 15:00:00,0.5498
DE5,solar,2021-02-05 15:00:00,0.7071
DE5,ocgt,2021-02-05 15:00:00,1.0
DE5,ccgt,2021-02-05 15:00:00,1.0
DE6,onwind,2021-02-05 15:00:00,0.4998
DE6,offwind,2021-02-05 15:00:00,0.5498
DE6,solar,2021-02-05 15:00:00,0.7071
DE6,ocgt,2021-02-05 15:00:00,1.0
DE6,ccgt,2021-02-05 15:00:00,1.0
DE7,onwind,2021-02-05 15:00:00,0.4998
DE7,offwind,2021-02-05 15:00:00,0.5498
DE7,solar,2021-02-05 15:00:00,0.6718
DE7,ocgt,2021-02-05 15:00:00,1.0
DE7,ccgt,2021-02-05 15:00:00,1.0
DE8,onwind,2021-02-05 15:00:00,0.4998
DE8,offwind,2021-02-05 15:00:00,0.5498
DE8,solar,2021-02-05 15:00:00,0.6718
DE8,ocgt,2021-02-05 15:00:00,1.0
DE8,ccgt,2021-02-05 15:00:00,1.0
DE9,onwind,2021-02-05 15:00:00,0.4998
DE9,offwind,2021-02-05 15:00:00,0.5498
DE9,solar,2021-02-05 15:00:00,0.6718
DE9,ocgt,2021-02-05 15:00:00,1.0
DE9,ccgt,2021-02-05 15:00:00,1.0
DE0,onwind,2021-02-05 18:00:00,0.692
DE0,offwind,2021-02-05 18:00:00,0.7612
DE0,solar,2021-02-05 18:00:00,0.0
DE0,ocgt,2021-02-05 18:00:00,1.0
DE0,ccgt,2021-02-05 18:00:00,1.0
DE1,onwind,2021-02-05 18:00:00,0.692
DE1,offwind,2021-02-05 18:00:00,0.7612
DE1,solar,2021-02-05 18:00:00,0.0
DE1,ocgt,2021-02-05 18:00:00,1.0
DE1,ccgt,2021-02-05 18:00:00,1.0
DE2,onwind,2021-02-05 18:00:00,0.692
DE2,offwind,2021-02-05 18:00:00,0.7612
DE2,solar,2021-02-05 18:00:00,0.0
DE2,ocgt,2021-02-05 18:00:00,1.0
DE2,ccgt,2021-02-05 18:00:00,1.0
DE3,onwind,2021-02-05 18:00:00,0.4901
DE3,offwind,2021-02-05 18:00:00,0.5391
DE3,solar,2021-02-05 18:00:00,0.0
DE3,ocgt,2021-02-05 18:00:00,1.0
DE3,ccgt,2021-02-05 18:00:00,1.0
DE4,onwind,2021-02-05 18:00:00,0.4901
DE4,offwind,2021-02-05 18:00:00,0.5391
DE4,solar,2021-02-05 18:00:00,0.0
DE4,ocgt,2021-02-05 18:00:00,1.0
DE4,ccgt,2021-02-05 18:00:00,1.0
DE5,onwind,2021-02-05 18:00:00,0.4901
DE5,offwind,2021-02-05 18:00:00,0.5391
DE5,solar,2021-02-05 18:00:00,0.0
DE5,ocgt,2021-02-05 18:00:00,1.0
DE5,ccgt,2021-02-05 18:00:00,1.0
DE6,onwind,2021-02-05 18:00:00,0.4901
DE6,offwind,2021-02-05 18:00:00,0.5391
DE6,solar,2021-02-05 18:00:00,0.0
DE6,ocgt,2021-02-05 18:00:00,1.0
DE6,ccgt,2021-02-05 18:00:00,1.0
DE7,onwind,2021-02-05 18:00:00,0.4901
DE7,offwind,2021-02-05 18:00:00,0.5391
DE7,solar,2021-02-05 18:00:00,0.0
DE7,ocgt,2021-02-05 18:00:00,1.0
DE7,ccgt,2021-02-05 18:00:00,1.0
DE8,onwind,2021-02-05 18:00:00,0.4901
DE8,offwind,2021-02-05 18:00:00,0.5391
DE8,solar,2021-02-05 18:00:00,0.0
DE8,ocgt,2021-02-05 18:00:00,1.0
DE8,ccgt,2021-02-05 18:00:00,1.0
DE9,onwind,2021-02-05 18:00:00,0.4901
DE9,offwind,2021-02-05 18:00:00,0.5391
DE9,solar,2021-02-05 18:00:00,0.0
DE9,ocgt,2021-02-05 18:00:00,1.0
DE9,ccgt,2021-02-05 18:00:00,1.0
DE0,onwind,2021-02-05 21:00:00,0.674
DE0,offwind,2021-02-05 21:00:00,0.7414
DE0,solar,2021-02-05 21:00:00,0.0
DE0,ocgt,2021-02-05 21:00:00,1.0
DE0,ccgt,2021-02-05 21:00:00,1.0
DE1,onwind,2021-02-05 21:00:00,0.674
DE1,offwind,2021-02-05 21:00:00,0.7414
DE1,solar,2021-02-05 21:00:00,0.0
DE1,ocgt,2021-02-05 21:00:00,1.0
DE1,ccgt,2021-02-05 21:00:00,1.0
DE2,onwind,2021-02-05 21:00:00,0.674
DE2,offwind,2021-02-05 21:00:00,0.7414
DE2,solar,2021-02-05 21:00:00,0.0
DE2,ocgt,2021-02-05 21:00:00,1.0
DE2,ccgt,2021-02-05 21:00:00,1.0
DE3,onwind,2021-02-05 21:00:00,0.4774
DE3,offwind,2021-02-05 21:00:00,0.5252
DE3,solar,2021-02-05 21:00:00,0.0
DE3,ocgt,2021-02-05 21:00:00,1.0
DE3,ccgt,2021-02-05 21:00:00,1.0
DE4,onwind,2021-02-05 21:00:00,0.4774
DE4,offwind,2021-02-05 21:00:00,0.5252
DE4,solar,2021-02-05 21:00:00,0.0
DE4,ocgt,2021-02-05 21:00:00,1.0
DE4,ccgt,2021-02-05 21:00:00,1.0
DE5,onwind,2021-02-05 21:00:00,0.4774
DE5,offwind,2021-02-05 21:00:00,0.5252
DE5,solar,2021-02-05 21:00:00,0.0
DE5,ocgt,2021-02-05 21:00:00,1.0
DE5,ccgt,2021-02-05 21:00:00,1.0
DE6,onwind,2021-02-05 21:00:00,0.4774
DE6,offwind,2021-02-05 21:00:00,0.5252
DE6,solar,2021-02-05 21:00:00,0.0
DE6,ocgt,2021-02-05 21:00:00,1.0
DE6,ccgt,2021-02-05 21:00:00,1.0
DE7,onwind,2021-02-05 21:00:00,0.4774
DE7,offwind,2021-02-05 21:00:00,0.5252
DE7,solar,2021-02-05 21:00:00,0.0
DE7,ocgt,2021-02-05 21:00:00,1.0
DE7,ccgt,2021-02-05 21:00:00,1.0
DE8,onwind,2021-02-05 21:00:00,0.4774
DE8,offwind,2021-02-05 21:00:00,0.5252
DE8,solar,2021-02-05 21:00:00,0.0
DE8,ocgt,2021-02-05 21:00:00,1.0
DE8,ccgt,2021-02-05 21:00:00,1.0
DE9,onwind,2021-02-05 21:00:00,0.4774
DE9,offwind,2021-02-05 21:00:00,0.5252
DE9,solar,2021-02-05 21:00:00,0.0
DE9,ocgt,2021-02-05 21:00:00,1.0
DE9,ccgt,2021-02-05 21:00:00,1.0
DE0,onwind,2021-02-06 00:00:00,0.5963
DE0,offwind,2021-02-06 00:00:00,0.656
DE0,solar,2021-02-06 00:00:00,0.0
DE0,ocgt,2021-02-06 00:00:00,1.0
DE0,ccgt,2021-02-06 00:00:00,1.0
DE1,onwind,2021-02-06 00:00:00,0.5963
DE1,offwind,2021-02-06 00:00:00,0.656
DE1,solar,2021-02-06 00:00:00,0.0
DE1,ocgt,2021-02-06 00:00:00,1.0
DE1,ccgt,2021-02-06 00:00:00,1.0
DE2,onwind,2021-02-06 00:00:00,0.5963
DE2,offwind,2021-02-06 00:00:00,0.656
DE2,solar,2021-02-06 00:00:00,0.0
DE2,ocgt,2021-02-06 00:00:00,1.0
DE2,ccgt,2021-02-06 00:00:00,1.0
DE3,onwind,2021-02-06 00:00:00,0.4224
DE3,offwind,2021-02-06 00:00:00,0.4646
DE3,solar,2021-02-06 00:00:00,0.0
DE3,ocgt,2021-02-06 00:00:00,1.0
DE3,ccgt,2021-02-06 00:00:00,1.0
DE4,onwind,2021-02-06 00:00:00,0.4224
DE4,offwind,2021-02-06 00:00:00,0.4646
DE4,solar,2021-02-06 00:00:00,0.0
DE4,ocgt,2021-02-06 00:00:00,1.0
DE4,ccgt,2021-02-06 00:00:00,1.0
DE5,onwind,2021-02-06 00:00:00,0.4224
DE5,offwind,2021-02-06 00:00:00,0.4646
DE5,solar,2021-02-06 00:00:00,0.0
DE5,ocgt,2021-02-06 00:00:00,1.0
DE5,ccgt,2021-02-06 00:00:00,1.0
DE6,onwind,2021-02-06 00:00:00,0.4224
DE6,offwind,2021-02-06 00:00:00,0.4646
DE6,solar,2021-02-06 00:00:00,0.0
DE6,ocgt,2021-02-06 00:00:00,1.0
DE6,ccgt,2021-02-06 00:00:00,1.0
DE7,onwind,2021-02-06 00:00:00,0.4224
DE7,offwind,2021-02-06 00:00:00,0.4646
DE7,solar,2021-02-06 00:00:00,0.0
DE7,ocgt,2021-02-06 00:00:00,1.0
DE7,ccgt,2021-02-06 00:00:00,1.0
DE8,onwind,2021-02-06 00:00:00,0.4224
DE8,offwind,2021-02-06 00:00:00,0.4646
DE8,solar,2021-02-06 00:00:00,0.0
DE8,ocgt,2021-02-06 00:00:00,1.0
DE8,ccgt,2021-02-06 00:00:00,1.0
DE9,onwind,2021-02-06 00:00:00,0.4224
DE9,offwind,2021-02-06 00:00:00,0.4646
DE9,solar,2021-02-06 00:00:00,0.0
DE9,ocgt,2021-02-06 00:00:00,1.0
DE9,ccgt,2021-02-06 00:00:00,1.0
DE0,onwind,2021-02-06 03:00:00,0.5647
DE0,offwind,2021-02-06 03:00:00,0.6212
DE0,solar,2021-02-06 03:00:00,0.0
DE0,ocgt,2021-02-06 03:00:00,1.0
DE0,ccgt,2021-02-06 03:00:00,1.0
DE1,onwind,2021-02-06 03:00:00,0.5647
DE1,offwind,2021-02-06 03:00:00,0.6212
DE1,solar,2021-02-06 03:00:00,0.0
DE1,ocgt,2021-02-06 03:00:00,1.0
DE1,ccgt,2021-02-06 03:00:00,1.0
DE2,onwind,2021-02-06 03:00:00,0.5647
DE2,offwind,2021-02-06 03:00:00,0.6212
DE2,solar,2021-02-06 03:00:00,0.0
DE2,ocgt,2021-02-06 03:00:00,1.0
DE2,ccgt,2021-02-06 03:00:00,1.0
DE3,onwind,2021-02-06 03:00:00,0.4
DE3,offwind,2021-02-06 03:00:00,0.44
DE3,solar,2021-02-06 03:00:00,0.0
DE3,ocgt,2021-02-06 03:00:00,1.0
DE3,ccgt,2021-02-06 03:00:00,1.0
DE4,onwind,2021-02-06 03:00:00,0.4
DE4,offwind,2021-02-06 03:00:00,0.44
DE4,solar,2021-02-06 03:00:00,0.0
DE4,ocgt,2021-02-06 03:00:00,1.0
DE4,ccgt,2021-02-06 03:00:00,1.0
DE5,onwind,2021-02-06 03:00:00,0.4
DE5,offwind,2021-02-06 03:00:00,0.44
DE5,solar,2021-02-06 03:00:00,0.0
DE5,ocgt,2021-02-06 03:00:00,1.0
DE5,ccgt,2021-02-06 03:00:00,1.0
DE6,onwind,2021-02-06 03:00:00,0.4
DE6,offwind,2021-02-06 03:00:00,0.44
DE6,solar,2021-02-06 03:00:00,0.0
DE6,ocgt,2021-02-06 03:00:00,1.0
DE6,ccgt,2021-02-06 03:00:00,1.0
DE7,onwind,2021-02-06 03:00:00,0.4
DE7,offwind,2021-02-06 03:00:00,0.44
DE7,solar,2021-02-06 03:00:00,0.0
DE7,ocgt,2021-02-06 03:00:00,1.0
DE7,ccgt,2021-02-06 03:00:00,1.0
DE8,onwind,2021-02-06 03:00:00,0.4
DE8,offwind,2021-02-06 03:00:00,0.44
DE8,solar,2021-02-06 03:00:00,0.0
DE8,ocgt,2021-02-06 03:00:00,1.0
DE8,ccgt,2021-02-06 03:00:00,1.0
DE9,onwind,2021-02-06 03:00:00,0.4
DE9,offwind,2021-02-06 03:00:00,0.44
DE9,solar,2021-02-06 03:00:00,0.0
DE9,ocgt,2021-02-06 03:00:00,1.0
DE9,ccgt,2021-02-06 03:00:00,1.0
DE0,onwind,2021-02-06 06:00:00,0.5308
DE0,offwind,2021-02-06 06:00:00,0.5839
DE0,solar,2021-02-06 06:00:00,0.0
DE0,ocgt,2021-02-06 06:00:00,1.0
DE0,ccgt,2021-02-06 06:00:00,1.0
DE1,onwind,2021-02-06 06:00:00,0.5308
DE1,offwind,2021-02-06 06:00:00,0.5839
DE1,solar,2021-02-06 06:00:00,0.0
DE1,ocgt,2021-02-06 06:00:00,1.0
DE1,ccgt,2021-02-06 06:00:00,1.0
DE2,onwind,2021-02-06 06:00:00,0.5308
DE2,offwind,2021-02-06 06:00:00,0.5839
DE2,solar,2021-02-06 06:00:00,0.0
DE2,ocgt,2021-02-06 06:00:00,1.0
DE2,ccgt,2021-02-06 06:00:00,1.0
DE3,onwind,2021-02-06 06:00:00,0.376
DE3,offwind,2021-02-06 06:00:00,0.4136
DE3,solar,2021-02-06 06:00:00,0.0
DE3,ocgt,2021-02-06 06:00:00,1.0
DE3,ccgt,2021-02-06 06:00:00,1.0
DE4,onwind,2021-02-06 06:00:00,0.376
DE4,offwind,2021-02-06 06:00:00,0.4136
DE4,solar,2021-02-06 06:00:00,0.0
DE4,ocgt,2021-02-06 06:00:00,1.0
DE4,ccgt,2021-02-06 06:00:00,1.0
DE5,onwind,2021-02-06 06:00:00,0.376
DE5,offwind,2021-02-06 06:00:00,0.4136
DE5,solar,2021-02-06 06:00:00,0.0
DE5,ocgt,2021-02-06 06:00:00,1.0
DE5,ccgt,2021-02-06 06:00:00,1.0
DE6,onwind,2021-02-06 06:00:00,0.376
DE6,offwind,2021-02-06 06:00:00,0.4136
DE6,solar,2021-02-06 06:00:00,0.0
DE6,ocgt,2021-02-06 06:00:00,1.0
DE6,ccgt,2021-02-06 06:00:00,1.0
DE7,onwind,2021-02-06 06:00:00,0.376
DE7,offwind,2021-02-06 06:00:00,0.4136
DE7,solar,2021-02-06 06:00:00,0.0
DE7,ocgt,2021-02-06 06:00:00,1.0
DE7,ccgt,2021-02-06 06:00:00,1.0
DE8,onwind,2021-02-06 06:00:00,0.376
DE8,offwind,2021-02-06 06:00:00,0.4136
DE8,solar,2021-02-06 06:00:00,0.0
DE8,ocgt,2021-02-06 06:00:00,1.0
DE8,ccgt,2021-02-06 06:00:00,1.0
DE9,onwind,2021-02-06 06:00:00,0.376
DE9,offwind,2021-02-06 06:00:00,0.4136
DE9,solar,2021-02-06 06:00:00,0.0
DE9,ocgt,2021-02-06 06:00:00,1.0
DE9,ccgt,2021-02-06 06:00:00,1.0
DE0,onwind,2021-02-06 09:00:00,0.4952
DE0,offwind,2021-02-06 09:00:00,0.5447
DE0,solar,2021-02-06 09:00:00,0.7071
DE0,ocgt,2021-02-06 09:00:00,1.0
DE0,ccgt,2021-02-06 09:00:00,1.0
DE1,onwind,2021-02-06 09:00:00,0.4952
DE1,offwind,2021-02-06 09:00:00,0.5447
DE1,solar,2021-02-06 09:00:00,0.7071
DE1,ocgt,2021-02-06 09:00:00,1.0
DE1,ccgt,2021-02-06 09:00:00,1.0
DE2,onwind,2021-02-06 09:00:00,0.4952
DE2,offwind,2021-02-06 09:00:00,0.5447
DE2,solar,2021-02-06 09:00:00,0.7071
DE2,ocgt,2021-02-06 09:00:00,1.0
DE2,ccgt,2021-02-06 09:00:00,1.0
DE3,onwind,2021-02-06 09:00:00,0.3508
DE3,offwind,2021-02-06 09:00:00,0.3858
DE3,solar,2021-02-06 09:00:00,0.7071
DE3,ocgt,2021-02-06 09:00:00,1.0
DE3,ccgt,2021-02-06 09:00:00,1.0
DE4,onwind,2021-02-06 09:00:00,0.3508
DE4,offwind,2021-02-06 09:00:00,0.3858
DE4,solar,2021-02-06 09:00:00,0.7071
DE4,ocgt,2021-02-06 09:00:00,1.0
DE4,ccgt,2021-02-06 09:00:00,1.0
DE5,onwind,2021-02-06 09:00:00,0.3508
DE5,offwind,2021-02-06 09:00:00,0.3858
DE5,solar,2021-02-06 09:00:00,0.7071
DE5,ocgt,2021-02-06 09:00:00,1.0
DE5,ccgt,2021-02-06 09:00:00,1.0
DE6,onwind,2021-02-06 09:00:00,0.3508
DE6,offwind,2021-02-06 09:00:00,0.3858
DE6,solar,2021-02-06 09:00:00,0.7071
DE6,ocgt,2021-02-06 09:00:00,1.0
DE6,ccgt,2021-02-06 09:00:00,1.0
DE7,onwind,2021-02-06 09:00:00,0.3508
DE7,offwind,2021-02-06 09:00:00,0.3858
DE7,solar,2021-02-06 09:00:00,0.6718
DE7,ocgt,2021-02-06 09:00:00,1.0
DE7,ccgt,2021-02-06 09:00:00,1.0
DE8,onwind,2021-02-06 09:00:00,0.3508
DE8,offwind,2021-02-06 09:00:00,0.3858
DE8,solar,2021-02-06 09:00:00,0.6718
DE8,ocgt,2021-02-06 09:00:00,1.0
DE8,ccgt,2021-02-06 09:00:00,1.0
DE9,onwind,2021-02-06 09:00:00,0.3508
DE9,offwind,2021-02-06 09:00:00,0.3858
DE9,solar,2021-02-06 09:00:00,0.6718
DE9,ocgt,2021-02-06 09:00:00,1.0
DE9,ccgt,2021-02-06 09:00:00,1.0
DE0,onwind,2021-02-06 12:00:00,0.4584
DE0,offwind,2021-02-06 12:00:00,0.5042
DE0,solar,2021-02-06 12:00:00,1.0
DE0,ocgt,2021-02-06 12:00:00,1.0
DE0,ccgt,2021-02-06 12:00:00,1.0
DE1,onwind,2021-02-06 12:00:00,0.4584
DE1,offwind,2021-02-06 12:00:00,0.5042
DE1,solar,2021-02-06 12:00:00,1.0
DE1,ocgt,2021-02-06 12:00:00,1.0
DE1,ccgt,2021-02-06 12:00:00,1.0
DE2,onwind,2021-02-06 12:00:00,0.4584
DE2,offwind,2021-02-06 12:00:00,0.5042
DE2,solar,2021-02-06 12:00:00,1.0
DE2,ocgt,2021-02-06 12:00:00,1.0
DE2,ccgt,2021-02-06 12:00:00,1.0
DE3,onwind,2021-02-06 12:00:00,0.3247
DE3,offwind,2021-02-06 12:00:00,0.3572
DE3,solar,2021-02-06 12:00:00,1.0
DE3,ocgt,2021-02-06 12:00:00,1.0
DE3,ccgt,2021-02-06 12:00:00,1.0
DE4,onwind,2021-02-06 12:00:00,0.3247
DE4,offwind,2021-02-06 12:00:00,0.3572
DE4,solar,2021-02-06 12:00:00,1.0
DE4,ocgt,2021-02-06 12:00:00,1.0
DE4,ccgt,2021-02-06 12:00:00,1.0
DE5,onwind,2021-02-06 12:00:00,0.3247
DE5,offwind,2021-02-06 12:00:00,0.3572
DE5,solar,2021-02-06 12:00:00,1.0
DE5,ocgt,2021-02-06 12:00:00,1.0
DE5,ccgt,2021-02-06 12:00:00,1.0
DE6,onwind,2021-02-06 12:00:00,0.3247
DE6,offwind,2021-02-06 12:00:00,0.3572
DE6,solar,2021-02-06 12:00:00,1.0
DE6,ocgt,2021-02-06 12:00:00,1.0
DE6,ccgt,2021-02-06 12:00:00,1.0
DE7,onwind,2021-02-06 12:00:00,0.3247
DE7,offwind,2021-02-06 12:00:00,0.3572
DE7,solar,2021-02-06 12:00:00,0.95
DE7,ocgt,2021-02-06 12:00:00,1.0
DE7,ccgt,2021-02-06 12:00:00,1.0
DE8,onwind,2021-02-06 12:00:00,0.3247
DE8,offwind,2021-02-06 12:00:00,0.3572
DE8,solar,2021-02-06 12:00:00,0.95
DE8,ocgt,2021-02-06 12:00:00,1.0
DE8,ccgt,2021-02-06 12:00:00,1.0
DE9,onwind,2021-02-06 12:00:00,0.3247
DE9,offwind,2021-02-06 12:00:00,0.3572
DE9,solar,2021-02-06 12:00:00,0.95
DE9,ocgt,2021-02-06 12:00:00,1.0
DE9,ccgt,2021-02-06 12:00:00,1.0
DE0,onwind,2021-02-06 15:00:00,0.421
DE0,offwind,2021-02-06 15:00:00,0.4631
DE0,solar,2021-02-06 15:00:00,0.7071
DE0,ocgt,2021-02-06 15:00:00,1.0
DE0,ccgt,2021-02-06 15:00:00,1.0
DE1,onwind,2021-02-06 15:00:00,0.421
DE1,offwind,2021-02-06 15:00:00,0.4631
DE1,solar,2021-02-06 15:00:00,0.7071
DE1,ocgt,2021-02-06 15:00:00,1.0
DE1,ccgt,2021-02-06 15:00:00,1.0
DE2,onwind,2021-02-06 15:00:00,0.421
DE2,offwind,2021-02-06 15:00:00,0.4631
DE2,solar,2021-02-06 15:00:00,0.7071
DE2,ocgt,2021-02-06 15:00:00,1.0
DE2,ccgt,2021-02-06 15:00:00,1.0
DE3,onwind,2021-02-06 15:00:00,0.2982
DE3,offwind,2021-02-06 15:00:00,0.328
DE3,solar,2021-02-06 15:00:00,0.7071
DE3,ocgt,2021-02-06 15:00:00,1.0
DE3,ccgt,2021-02-06 15:00:00,1.0
DE4,onwind,2021-02-06 15:00:00,0.2982
DE4,offwind,2021-02-06 15:00:00,0.328
DE4,solar,2021-02-06 15:00:00,0.7071
DE4,ocgt,2021-02-06 15:00:00,1.0
DE4,ccgt,2021-02-06 15:00:00,1.0
DE5,onwind,2021-02-06 15:00:00,0.2982
DE5,offwind,2021-02-06 15:00:00,0.328
DE5,solar,2021-02-06 15:00:00,0.7071
DE5,ocgt,2021-02-06 15:00:00,1.0
DE5,ccgt,2021-02-06 15:00:00,1.0
DE6,onwind,2021-02-06 15:00:00,0.2982
DE6,offwind,2021-02-06 15:00:00,0.328
DE6,solar,2021-02-06 15:00:00,0.7071
DE6,ocgt,2021-02-06 15:00:00,1.0
DE6,ccgt,2021-02-06 15:00:00,1.0
DE7,onwind,2021-02-06 15:00:00,0.2982
DE7,offwind,2021-02-06 15:00:00,0.328
DE7,solar,2021-02-06 15:00:00,0.6718
DE7,ocgt,2021-02-06 15:00:00,1.0
DE7,ccgt,2021-02-06 15:00:00,1.0
DE8,onwind,2021-02-06 15:00:00,0.2982
DE8,offwind,2021-02-06 15:00:00,0.328
DE8,solar,2021-02-06 15:00:00,0.6718
DE8,ocgt,2021-02-06 15:00:00,1.0
DE8,ccgt,2021-02-06 15:00:00,1.0
DE9,onwind,2021-02-06 15:00:00,0.2982
DE9,offwind,2021-02-06 15:00:00,0.328
DE9,solar,2021-02-06 15:00:00,0.6718
DE9,ocgt,2021-02-06 15:00:00,1.0
DE9,ccgt,2021-02-06 15:00:00,1.0
DE0,onwind,2021-02-06 18:00:00,0.3836
DE0,offwind,2021-02-06 18:00:00,0.4219
DE0,solar,2021-02-06 18:00:00,0.0
DE0,ocgt,2021-02-06 18:00:00,1.0
DE0,ccgt,2021-02-06 18:00:00,1.0
DE1,onwind,2021-02-06 18:00:00,0.3836
DE1,offwind,2021-02-06 18:00:00,0.4219
DE1,solar,2021-02-06 18:00:00,0.0
DE1,ocgt,2021-02-06 18:00:00,1.0
DE1,ccgt,2021-02-06 18:00:00,1.0
DE2,onwind,2021-02-06 18:00:00,0.3836
DE2,offwind,2021-02-06 18:00:00,0.4219
DE2,solar,2021-02-06 18:00:00,0.0
DE2,ocgt,2021-02-06 18:00:00,1.0
DE2,ccgt,2021-02-06 18:00:00,1.0
DE3,onwind,2021-02-06 18:00:00,0.2717
DE3,offwind,2021-02-06 18:00:00,0.2989
DE3,solar,2021-02-06 18:00:00,0.0
DE3,ocgt,2021-02-06 18:00:00,1.0
DE3,ccgt,2021-02-06 18:00:00,1.0
DE4,onwind,2021-02-06 18:00:00,0.2717
DE4,offwind,2021-02-06 18:00:00,0.2989
DE4,solar,2021-02-06 18:00:00,0.0
DE4,ocgt,2021-02-06 18:00:00,1.0
DE4,ccgt,2021-02-06 18:00:00,1.0
DE5,onwind,2021-02-06 18:00:00,0.2717
DE5,offwind,2021-02-06 18:00:00,0.2989
DE5,solar,2021-02-06 18:00:00,0.0
DE5,ocgt,2021-02-06 18:00:00,1.0
DE5,ccgt,2021-02-06 18:00:00,1.0
DE6,onwind,2021-02-06 18:00:00,0.2717
DE6,offwind,2021-02-06 18:00:00,0.2989
DE6,solar,2021-02-06 18:00:00,0.0
DE6,ocgt,2021-02-06 18:00:00,1.0
DE6,ccgt,2021-02-06 18:00:00,1.0
DE7,onwind,2021-02-06 18:00:00,0.2717
DE7,offwind,2021-02-06 18:00:00,0.2989
DE7,solar,2021-02-06 18:00:00,0.0
DE7,ocgt,2021-02-06 18:00:00,1.0
DE7,ccgt,2021-02-06 18:00:00,1.0
DE8,onwind,2021-02-06 18:00:00,0.2717
DE8,offwind,2021-02-06 18:00:00,0.2989
DE8,solar,2021-02-06 18:00:00,0.0
DE8,ocgt,2021-02-06 18:00:00,1.0
DE8,ccgt,2021-02-06 18:00:00,1.0
DE9,onwind,2021-02-06 18:00:00,0.2717
DE9,offwind,2021-02-06 18:00:00,0.2989
DE9,solar,2021-02-06 18:00:00,0.0
DE9,ocgt,2021-02-06 18:00:00,1.0
DE9,ccgt,2021-02-06 18:00:00,1.0
DE0,onwind,2021-02-06 21:00:00,0.3467
DE0,offwind,2021-02-06 21:00:00,0.3814
DE0,solar,2021-02-06 21:00:00,0.0
DE0,ocgt,2021-02-06 21:00:00,1.0
DE0,ccgt,2021-02-06 21:00:00,1.0
DE1,onwind,2021-02-06 21:00:00,0.3467
DE1,offwind,2021-02-06 21:00:00,0.3814
DE1,solar,2021-02-06 21:00:00,0.0
DE1,ocgt,2021-02-06 21:00:00,1.0
DE1,ccgt,2021-02-06 21:00:00,1.0
DE2,onwind,2021-02-06 21:00:00,0.3467
DE2,offwind,2021-02-06 21:00:00,0.3814
DE2,solar,2021-02-06 21:00:00,0.0
DE2,ocgt,2021-02-06 21:00:00,1.0
DE2,ccgt,2021-02-06 21:00:00,1.0
DE3,onwind,2021-02-06 21:00:00,0.2456
DE3,offwind,2021-02-06 21:00:00,0.2702
DE3,solar,2021-02-06 21:00:00,0.0
DE3,ocgt,2021-02-06 21:00:00,1.0
DE3,ccgt,2021-02-06 21:00:00,1.0
DE4,onwind,2021-02-06 21:00:00,0.2456
DE4,offwind,2021-02-06 21:00:00,0.2702
DE4,solar,2021-02-06 21:00:00,0.0
DE4,ocgt,2021-02-06 21:00:00,1.0
DE4,ccgt,2021-02-06 21:00:00,1.0
DE5,onwind,2021-02-06 21:00:00,0.2456
DE5,offwind,2021-02-06 21:00:00,0.2702
DE5,solar,2021-02-06 21:00:00,0.0
DE5,ocgt,2021-02-06 21:00:00,1.0
DE5,ccgt,2021-02-06 21:00:00,1.0
DE6,onwind,2021-02-06 21:00:00,0.2456
DE6,offwind,2021-02-06 21:00:00,0.2702
DE6,solar,2021-02-06 21:00:00,0.0
DE6,ocgt,2021-02-06 21:00:00,1.0
DE6,ccgt,2021-02-06 21:00:00,1.0
DE7,onwind,2021-02-06 21:00:00,0.2456
DE7,offwind,2021-02-06 21:00:00,0.2702
DE7,solar,2021-02-06 21:00:00,0.0
DE7,ocgt,2021-02-06 21:00:00,1.0
DE7,ccgt,2021-02-06 21:00:00,1.0
DE8,onwind,2021-02-06 21:00:00,0.2456
DE8,offwind,2021-02-06 21:00:00,0.2702
DE8,solar,2021-02-06 21:00:00,0.0
DE8,ocgt,2021-02-06 21:00:00,1.0
DE8,ccgt,2021-02-06 21:00:00,1.0
DE9,onwind,2021-02-06 21:00:00,0.2456
DE9,offwind,2021-02-06 21:00:00,0.2702
DE9,solar,2021-02-06 21:00:00,0.0
DE9,ocgt,2021-02-06 21:00:00,1.0
DE9,ccgt,2021-02-06 21:00:00,1.0
DE0,onwind,2021-02-07 00:00:00,0.2437
DE0,offwind,2021-02-07 00:00:00,0.268
DE0,solar,2021-02-07 00:00:00,0.0
DE0,ocgt,2021-02-07 00:00:00,1.0
DE0,ccgt,2021-02-07 00:00:00,1.0
DE1,onwind,2021-02-07 00:00:00,0.2437
DE1,offwind,2021-02-07 00:00:00,0.268
DE1,solar,2021-02-07 00:00:00,0.0
DE1,ocgt,2021-02-07 00:00:00,1.0
DE1,ccgt,2021-02-07 00:00:00,1.0
DE2,onwind,2021-02-07 00:00:00,0.2437
DE2,offwind,2021-02-07 00:00:00,0.268
DE2,solar,2021-02-07 00:00:00,0.0
DE2,ocgt,2021-02-07 00:00:00,1.0
DE2,ccgt,2021-02-07 00:00:00,1.0
DE3,onwind,2021-02-07 00:00:00,0.1726
DE3,offwind,2021-02-07 00:00:00,0.1899
DE3,solar,2021-02-07 00:00:00,0.0
DE3,ocgt,2021-02-07 00:00:00,1.0
DE3,ccgt,2021-02-07 00:00:00,1.0
DE4,onwind,2021-02-07 00:00:00,0.1726
DE4,offwind,2021-02-07 00:00:00,0.1899
DE4,solar,2021-02-07 00:00:00,0.0
DE4,ocgt,2021-02-07 00:00:00,1.0
DE4,ccgt,2021-02-07 00:00:00,1.0
DE5,onwind,2021-02-07 00:00:00,0.1726
DE5,offwind,2021-02-07 00:00:00,0.1899
DE5,solar,2021-02-07 00:00:00,0.0
DE5,ocgt,2021-02-07 00:00:00,1.0
DE5,ccgt,2021-02-07 00:00:00,1.0
DE6,onwind,2021-02-07 00:00:00,0.1726
DE6,offwind,2021-02-07 00:00:00,0.1899
DE6,solar,2021-02-07 00:00:00,0.0
DE6,ocgt,2021-02-07 00:00:00,1.0
DE6,ccgt,2021-02-07 00:00:00,1.0
DE7,onwind,2021-02-07 00:00:00,0.1726
DE7,offwind,2021-02-07 00:00:00,0.1899
DE7,solar,2021-02-07 00:00:00,0.0
DE7,ocgt,2021-02-07 00:00:00,1.0
DE7,ccgt,2021-02-07 00:00:00,1.0
DE8,onwind,2021-02-07 00:00:00,0.1726
DE8,offwind,2021-02-07 00:00:00,0.1899
DE8,solar,2021-02-07 00:00:00,0.0
DE8,ocgt,2021-02-07 00:00:00,1.0
DE8,ccgt,2021-02-07 00:00:00,1.0
DE9,onwind,2021-02-07 00:00:00,0.1726
DE9,offwind,2021-02-07 00:00:00,0.1899
DE9,solar,2021-02-07 00:00:00,0.0
DE9,ocgt,2021-02-07 00:00:00,1.0
DE9,ccgt,2021-02-07 00:00:00,1.0
DE0,onwind,2021-02-07 03:00:00,0.2148
DE0,offwind,2021-02-07 03:00:00,0.2363
DE0,solar,2021-02-07 03:00:00,0.0
DE0,ocgt,2021-02-07 03:00:00,1.0
DE0,ccgt,2021-02-07 03:00:00,1.0
DE1,onwind,2021-02-07 03:00:00,0.2148
DE1,offwind,2021-02-07 03:00:00,0.2363
DE1,solar,2021-02-07 03:00:00,0.0
DE1,ocgt,2021-02-07 03:00:00,1.0
DE1,ccgt,2021-02-07 03:00:00,1.0
DE2,onwind,2021-02-07 03:00:00,0.2148
DE2,offwind,2021-02-07 03:00:00,0.2363
DE2,solar,2021-02-07 03:00:00,0.0
DE2,ocgt,2021-02-07 03:00:00,1.0
DE2,ccgt,2021-02-07 03:00:00,1.0
DE3,onwind,2021-02-07 03:00:00,0.1521
DE3,offwind,2021-02-07 03:00:00,0.1674
DE3,solar,2021-02-07 03:00:00,0.0
DE3,ocgt,2021-02-07 03:00:00,1.0
DE3,ccgt,2021-02-07 03:00:00,1.0
DE4,onwind,2021-02-07 03:00:00,0.1521
DE4,offwind,2021-02-07 03:00:00,0.1674
DE4,solar,2021-02-07 03:00:00,0.0
DE4,ocgt,2021-02-07 03:00:00,1.0
DE4,ccgt,2021-02-07 03:00:00,1.0
DE5,onwind,2021-02-07 03:00:00,0.1521
DE5,offwind,2021-02-07 03:00:00,0.1674
DE5,solar,2021-02-07 03:00:00,0.0
DE5,ocgt,2021-02-07 03:00:00,1.0
DE5,ccgt,2021-02-07 03:00:00,1.0
DE6,onwind,2021-02-07 03:00:00,0.1521
DE6,offwind,2021-02-07 03:00:00,0.1674
DE6,solar,2021-02-07 03:00:00,0.0
DE6,ocgt,2021-02-07 03:00:00,1.0
DE6,ccgt,2021-02-07 03:00:00,1.0
DE7,onwind,2021-02-07 03:00:00,0.1521
DE7,offwind,2021-02-07 03:00:00,0.1674
DE7,solar,2021-02-07 03:00:00,0.0
DE7,ocgt,2021-02-07 03:00:00,1.0
DE7,ccgt,2021-02-07 03:00:00,1.0
DE8,onwind,2021-02-07 03:00:00,0.1521
DE8,offwind,2021-02-07 03:00:00,0.1674
DE8,solar,2021-02-07 03:00:00,0.0
DE8,ocgt,2021-02-07 03:00:00,1.0
DE8,ccgt,2021-02-07 03:00:00,1.0
DE9,onwind,2021-02-07 03:00:00,0.1521
DE9,offwind,2021-02-07 03:00:00,0.1674
DE9,solar,2021-02-07 03:00:00,0.0
DE9,ocgt,2021-02-07 03:00:00,1.0
DE9,ccgt,2021-02-07 03:00:00,1.0
DE0,onwind,2021-02-07 06:00:00,0.1891
DE0,offwind,2021-02-07 06:00:00,0.208
DE0,solar,2021-02-07 06:00:00,0.0
DE0,ocgt,2021-02-07 06:00:00,1.0
DE0,ccgt,2021-02-07 06:00:00,1.0
DE1,onwind,2021-02-07 06:00:00,0.1891
DE1,offwind,2021-02-07 06:00:00,0.208
DE1,solar,2021-02-07 06:00:00,0.0
DE1,ocgt,2021-02-07 06:00:00,1.0
DE1,ccgt,2021-02-07 06:00:00,1.0
DE2,onwind,2021-02-07 06:00:00,0.1891
DE2,offwind,2021-02-07 06:00:00,0.208
DE2,solar,2021-02-07 06:00:00,0.0
DE2,ocgt,2021-02-07 06:00:00,1.0
DE2,ccgt,2021-02-07 06:00:00,1.0
DE3,onwind,2021-02-07 06:00:00,0.1339
DE3,offwind,2021-02-07 06:00:00,0.1473
DE3,solar,2021-02-07 06:00:00,0.0
DE3,ocgt,2021-02-07 06:00:00,1.0
DE3,ccgt,2021-02-07 06:00:00,1.0
DE4,onwind,2021-02-07 06:00:00,0.1339
DE4,offwind,2021-02-07 06:00:00,0.1473
DE4,solar,2021-02-07 06:00:00,0.0
DE4,ocgt,2021-02-07 06:00:00,1.0
DE4,ccgt,2021-02-07 06:00:00,1.0
DE5,onwind,2021-02-07 06:00:00,0.1339
DE5,offwind,2021-02-07 06:00:00,0.1473
DE5,solar,2021-02-07 06:00:00,0.0
DE5,ocgt,2021-02-07 06:00:00,1.0
DE5,ccgt,2021-02-07 06:00:00,1.0
DE6,onwind,2021-02-07 06:00:00,0.1339
DE6,offwind,2021-02-07 06:00:00,0.1473
DE6,solar,2021-02-07 06:00:00,0.0
DE6,ocgt,2021-02-07 06:00:00,1.0
DE6,ccgt,2021-02-07 06:00:00,1.0
DE7,onwind,2021-02-07 06:00:00,0.1339
DE7,offwind,2021-02-07 06:00:00,0.1473
DE7,solar,2021-02-07 06:00:00,0.0
DE7,ocgt,2021-02-07 06:00:00,1.0
DE7,ccgt,2021-02-07 06:00:00,1.0
DE8,onwind,2021-02-07 06:00:00,0.1339
DE8,offwind,2021-02-07 06:00:00,0.1473
DE8,solar,2021-02-07 06:00:00,0.0
DE8,ocgt,2021-02-07 06:00:00,1.0
DE8,ccgt,2021-02-07 06:00:00,1.0
DE9,onwind,2021-02-07 06:00:00,0.1339
DE9,offwind,2021-02-07 06:00:00,0.1473
DE9,solar,2021-02-07 06:00:00,0.0
DE9,ocgt,2021-02-07 06:00:00,1.0
DE9,ccgt,2021-02-07 06:00:00,1.0
DE0,onwind,2021-02-07 09:00:00,0.167
DE0,offwind,2021-02-07 09:00:00,0.1837
DE0,solar,2021-02-07 09:00:00,0.7071
DE0,ocgt,2021-02-07 09:00:00,1.0
DE0,ccgt,2021-02-07 09:00:00,1.0
DE1,onwind,2021-02-07 09:00:00,0.167
DE1,offwind,2021-02-07 09:00:00,0.1837
DE1,solar,2021-02-07 09:00:00,0.7071
DE1,ocgt,2021-02-07 09:00:00,1.0
DE1,ccgt,2021-02-07 09:00:00,1.0
DE2,onwind,2021-02-07 09:00:00,0.167
DE2,offwind,2021-02-07 09:00:00,0.1837
DE2,solar,2021-02-07 09:00:00,0.7071
DE2,ocgt,2021-02-07 09:00:00,1.0
DE2,ccgt,2021-02-07 09:00:00,1.0
DE3,onwind,2021-02-07 09:00:00,0.1183
DE3,offwind,2021-02-07 09:00:00,0.1301
DE3,solar,2021-02-07 09:00:00,0.7071
DE3,ocgt,2021-02-07 09:00:00,1.0
DE3,ccgt,2021-02-07 09:00:00,1.0
DE4,onwind,2021-02-07 09:00:00,0.1183
DE4,offwind,2021-02-07 09:00:00,0.1301
DE4,solar,2021-02-07 09:00:00,0.7071
DE4,ocgt,2021-02-07 09:00:00,1.0
DE4,ccgt,2021-02-07 09:00:00,1.0
DE5,onwind,2021-02-07 09:00:00,0.1183
DE5,offwind,2021-02-07 09:00:00,0.1301
DE5,solar,2021-02-07 09:00:00,0.7071
DE5,ocgt,2021-02-07 09:00:00,1.0
DE5,ccgt,2021-02-07 09:00:00,1.0
DE6,onwind,2021-02-07 09:00:00,0.1183
DE6,offwind,2021-02-07 09:00:00,0.1301
DE6,solar,2021-02-07 09:00:00,0.7071
DE6,ocgt,2021-02-07 09:00:00,1.0
DE6,ccgt,2021-02-07 09:00:00,1.0
DE7,onwind,2021-02-07 09:00:00,0.1183
DE7,offwind,2021-02-07 09:00:00,0.1301
DE7,solar,2021-02-07 09:00:00,0.6718
DE7,ocgt,2021-02-07 09:00:00,1.0
DE7,ccgt,2021-02-07 09:00:00,1.0
DE8,onwind,2021-02-07 09:00:00,0.1183
DE8,offwind,2021-02-07 09:00:00,0.1301
DE8,solar,2021-02-07 09:00:00,0.6718
DE8,ocgt,2021-02-07 09:00:00,1.0
DE8,ccgt,2021-02-07 09:00:00,1.0
DE9,onwind,2021-02-07 09:00:00,0.1183
DE9,offwind,2021-02-07 09:00:00,0.1301
DE9,solar,2021-02-07 09:00:00,0.6718
DE9,ocgt,2021-02-07 09:00:00,1.0
DE9,ccgt,2021-02-07 09:00:00,1.0
DE0,onwind,2021-02-07 12:00:00,0.1489
DE0,offwind,2021-02-07 12:00:00,0.1638
DE0,solar,2021-02-07 12:00:00,1.0
DE0,ocgt,2021-02-07 12:00:00,1.0
DE0,ccgt,2021-02-07 12:00:00,1.0
DE1,onwind,2021-02-07 12:00:00,0.1489
DE1,offwind,2021-02-07 12:00:00,0.1638
DE1,solar,2021-02-07 12:00:00,1.0
DE1,ocgt,2021-02-07 12:00:00,1.0
DE1,ccgt,2021-02-07 12:00:00,1.0
DE2,onwind,2021-02-07 12:00:00,0.1489
DE2,offwind,2021-02-07 12:00:00,0.1638
DE2,solar,2021-02-07 12:00:00,1.0
DE2,ocgt,2021-02-07 12:00:00,1.0
DE2,ccgt,2021-02-07 12:00:00,1.0
DE3,onwind,2021-02-07 12:00:00,0.1055
DE3,offwind,2021-02-07 12:00:00,0.116
DE3,solar,2021-02-07 12:00:00,1.0
DE3,ocgt,2021-02-07 12:00:00,1.0
DE3,ccgt,2021-02-07 12:00:00,1.0
DE4,onwind,2021-02-07 12:00:00,0.1055
DE4,offwind,2021-02-07 12:00:00,0.116
DE4,solar,2021-02-07 12:00:00,1.0
DE4,ocgt,2021-02-07 12:00:00,1.0
DE4,ccgt,2021-02-07 12:00:00,1.0
DE5,onwind,2021-02-07 12:00:00,0.1055
DE5,offwind,2021-02-07 12:00:00,0.116
DE5,solar,2021-02-07 12:00:00,1.0
DE5,ocgt,2021-02-07 12:00:00,1.0
DE5,ccgt,2021-02-07 12:00:00,1.0
DE6,onwind,2021-02-07 12:00:00,0.1055
DE6,offwind,2021-02-07 12:00:00,0.116
DE6,solar,2021-02-07 12:00:00,1.0
DE6,ocgt,2021-02-07 12:00:00,1.0
DE6,ccgt,2021-02-07 12:00:00,1.0
DE7,onwind,2021-02-07 12:00:00,0.1055
DE7,offwind,2021-02-07 12:00:00,0.116
DE7,solar,2021-02-07 12:00:00,0.95
DE7,ocgt,2021-02-07 12:00:00,1.0
DE7,ccgt,2021-02-07 12:00:00,1.0
DE8,onwind,2021-02-07 12:00:00,0.1055
DE8,offwind,2021-02-07 12:00:00,0.116
DE8,solar,2021-02-07 12:00:00,0.95
DE8,ocgt,2021-02-07 12:00:00,1.0
DE8,ccgt,2021-02-07 12:00:00,1.0
DE9,onwind,2021-02-07 12:00:00,0.1055
DE9,offwind,2021-02-07 12:00:00,0.116
DE9,solar,2021-02-07 12:00:00,0.95
DE9,ocgt,2021-02-07 12:00:00,1.0
DE9,ccgt,2021-02-07 12:00:00,1.0
DE0,onwind,2021-02-07 15:00:00,0.135
DE0,offwind,2021-02-07 15:00:00,0.1485
DE0,solar,2021-02-07 15:00:00,0.7071
DE0,ocgt,2021-02-07 15:00:00,1.0
DE0,ccgt,2021-02-07 15:00:00,1.0
DE1,onwind,2021-02-07 15:00:00,0.135
DE1,offwind,2021-02-07 15:00:00,0.1485
DE1,solar,2021-02-07 15:00:00,0.7071
DE1,ocgt,2021-02-07 15:00:00,1.0
DE1,ccgt,2021-02-07 15:00:00,1.0
DE2,onwind,2021-02-07 15:00:00,0.135
DE2,offwind,2021-02-07 15:00:00,0.1485
DE2,solar,2021-02-07 15:00:00,0.7071
DE2,ocgt,2021-02-07 15:00:00,1.0
DE2,ccgt,2021-02-07 15:00:00,1.0
DE3,onwind,2021-02-07 15:00:00,0.0956
DE3,offwind,2021-02-07 15:00:00,0.1052
DE3,solar,2021-02-07 15:00:00,0.7071
DE3,ocgt,2021-02-07 15:00:00,1.0
DE3,ccgt,2021-02-07 15:00:00,1.0
DE4,onwind,2021-02-07 15:00:00,0.0956
DE4,offwind,2021-02-07 15:00:00,0.1052
DE4,solar,2021-02-07 15:00:00,0.7071
DE4,ocgt,2021-02-07 15:00:00,1.0
DE4,ccgt,2021-02-07 15:00:00,1.0
DE5,onwind,2021-02-07 15:00:00,0.0956
DE5,offwind,2021-02-07 15:00:00,0.1052
DE5,solar,2021-02-07 15:00:00,0.7071
DE5,ocgt,2021-02-07 15:00:00,1.0
DE5,ccgt,2021-02-07 15:00:00,1.0
DE6,onwind,2021-02-07 15:00:00,0.0956
DE6,offwind,2021-02-07 15:00:00,0.1052
DE6,solar,2021-02-07 15:00:00,0.7071
DE6,ocgt,2021-02-07 15:00:00,1.0
DE6,ccgt,2021-02-07 15:00:00,1.0
DE7,onwind,2021-02-07 15:00:00,0.0956
DE7,offwind,2021-02-07 15:00:00,0.1052
DE7,solar,2021-02-07 15:00:00,0.6718
DE7,ocgt,2021-02-07 15:00:00,1.0
DE7,ccgt,2021-02-07 15:00:00,1.0
DE8,onwind,2021-02-07 15:00:00,0.0956
DE8,offwind,2021-02-07 15:00:00,0.1052
DE8,solar,2021-02-07 15:00:00,0.6718
DE8,ocgt,2021-02-07 15:00:00,1.0
DE8,ccgt,2021-02-07 15:00:00,1.0
DE9,onwind,2021-02-07 15:00:00,0.0956
DE9,offwind,2021-02-07 15:00:00,0.1052
DE9,solar,2021-02-07 15:00:00,0.6718
DE9,ocgt,2021-02-07 15:00:00,1.0
DE9,ccgt,2021-02-07 15:00:00,1.0
DE0,onwind,2021-02-07 18:00:00,0.1255
DE0,offwind,2021-02-07 18:00:00,0.1381
DE0,solar,2021-02-07 18:00:00,0.0
DE0,ocgt,2021-02-07 18:00:00,1.0
DE0,ccgt,2021-02-07 18:00:00,1.0
DE1,onwind,2021-02-07 18:00:00,0.1255
DE1,offwind,2021-02-07 18:00:00,0.1381
DE1,solar,2021-02-07 18:00:00,0.0
DE1,ocgt,2021-02-07 18:00:00,1.0
DE1,ccgt,2021-02-07 18:00:00,1.0
DE2,onwind,2021-02-07 18:00:00,0.1255
DE2,offwind,2021-02-07 18:00:00,0.1381
DE2,solar,2021-02-07 18:00:00,0.0
DE2,ocgt,2021-02-07 18:00:00,1.0
DE2,ccgt,2021-02-07 18:00:00,1.0
DE3,onwind,2021-02-07 18:00:00,0.0889
DE3,offwind,2021-02-07 18:00:00,0.0978
DE3,solar,2021-02-07 18:00:00,0.0
DE3,ocgt,2021-02-07 18:00:00,1.0
DE3,ccgt,2021-02-07 18:00:00,1.0
DE4,onwind,2021-02-07 18:00:00,0.0889
DE4,offwind,2021-02-07 18:00:00,0.0978
DE4,solar,2021-02-07 18:00:00,0.0
DE4,ocgt,2021-02-07 18:00:00,1.0
DE4,ccgt,2021-02-07 18:00:00,1.0
DE5,onwind,2021-02-07 18:00:00,0.0889
DE5,offwind,2021-02-07 18:00:00,0.0978
DE5,solar,2021-02-07 18:00:00,0.0
DE5,ocgt,2021-02-07 18:00:00,1.0
DE5,ccgt,2021-02-07 18:00:00,1.0
DE6,onwind,2021-02-07 18:00:00,0.0889
DE6,offwind,2021-02-07 18:00:00,0.0978
DE6,solar,2021-02-07 18:00:00,0.0
DE6,ocgt,2021-02-07 18:00:00,1.0
DE6,ccgt,2021-02-07 18:00:00,1.0
DE7,onwind,2021-02-07 18:00:00,0.0889
DE7,offwind,2021-02-07 18:00:00,0.0978
DE7,solar,2021-02-07 18:00:00,0.0
DE7,ocgt,2021-02-07 18:00:00,1.0
DE7,ccgt,2021-02-07 18:00:00,1.0
DE8,onwind,2021-02-07 18:00:00,0.0889
DE8,offwind,2021-02-07 18:00:00,0.0978
DE8,solar,2021-02-07 18:00:00,0.0
DE8,ocgt,2021-02-07 18:00:00,1.0
DE8,ccgt,2021-02-07 18:00:00,1.0
DE9,onwind,2021-02-07 18:00:00,0.0889
DE9,offwind,2021-02-07 18:00:00,0.0978
DE9,solar,2021-02-07 18:00:00,0.0
DE9,ocgt,2021-02-07 18:00:00,1.0
DE9,ccgt,2021-02-07 18:00:00,1.0
DE0,onwind,2021-02-07 21:00:00,0.1207
DE0,offwind,2021-02-07 21:00:00,0.1328
DE0,solar,2021-02-07 21:00:00,0.0
DE0,ocgt,2021-02-07 21:00:00,1.0
DE0,ccgt,2021-02-07 21:00:00,1.0
DE1,onwind,2021-02-07 21:00:00,0.1207
DE1,offwind,2021-02-07 21:00:00,0.1328
DE1,solar,2021-02-07 21:00:00,0.0
DE1,ocgt,2021-02-07 21:00:00,1.0
DE1,ccgt,2021-02-07 21:00:00,1.0
DE2,onwind,2021-02-07 21:00:00,0.1207
DE2,offwind,2021-02-07 21:00:00,0.1328
DE2,solar,2021-02-07 21:00:00,0.0
DE2,ocgt,2021-02-07 21:00:00,1.0
DE2,ccgt,2021-02-07 21:00:00,1.0
DE3,onwind,2021-02-07 21:00:00,0.0855
DE3,offwind,2021-02-07 21:00:00,0.094
DE3,solar,2021-02-07 21:00:00,0.0
DE3,ocgt,2021-02-07 21:00:00,1.0
DE3,ccgt,2021-02-07 21:00:00,1.0
DE4,onwind,2021-02-07 21:00:00,0.0855
DE4,offwind,2021-02-07 21:00:00,0.094
DE4,solar,2021-02-07 21:00:00,0.0
DE4,ocgt,2021-02-07 21:00:00,1.0
DE4,ccgt,2021-02-07 21:00:00,1.0
DE5,onwind,2021-02-07 21:00:00,0.0855
DE5,offwind,2021-02-07 21:00:00,0.094
DE5,solar,2021-02-07 21:00:00,0.0
DE5,ocgt,2021-02-07 21:00:00,1.0
DE5,ccgt,2021-02-07 21:00:00,1.0
DE6,onwind,2021-02-07 21:00:00,0.0855
DE6,offwind,2021-02-07 21:00:00,0.094
DE6,solar,2021-02-07 21:00:00,0.0
DE6,ocgt,2021-02-07 21:00:00,1.0
DE6,ccgt,2021-02-07 21:00:00,1.0
DE7,onwind,2021-02-07 21:00:00,0.0855
DE7,offwind,2021-02-07 21:00:00,0.094
DE7,solar,2021-02-07 21:00:00,0.0
DE7,ocgt,2021-02-07 21:00:00,1.0
DE7,ccgt,2021-02-07 21:00:00,1.0
DE8,onwind,2021-02-07 21:00:00,0.0855
DE8,offwind,2021-02-07 21:00:00,0.094
DE8,solar,2021-02-07 21:00:00,0.0
DE8,ocgt,2021-02-07 21:00:00,1.0
DE8,ccgt,2021-02-07 21:00:00,1.0
DE9,onwind,2021-02-07 21:00:00,0.0855
DE9,offwind,2021-02-07 21:00:00,0.094
DE9,solar,2021-02-07 21:00:00,0.0
DE9,ocgt,2021-02-07 21:00:00,1.0
DE9,ccgt,2021-02-07 21:00:00,1.0
