n,k,t,scale,MW
DE0,ccgt,2021-01-25T00:00:00,1.0,3482.1222000000002
DE0,ccgt,2021-01-25T03:00:00,1.0,3482.1222000000002
DE0,ccgt,2021-01-25T06:00:00,1.0,3482.1222000000002
DE0,ccgt,2021-01-25T09:00:00,1.0,3482.1222000000002
DE0,ccgt,2021-01-25T12:00:00,1.0,3482.1222000000002
DE0,ccgt,2021-01-25T15:00:00,1.0,3482.1222000000002
DE0,ccgt,2021-01-25T18:00:00,1.0,3482.1222000000002
DE0,ccgt,2021-01-25T21:00:00,1.0,3482.1222000000002
DE0,ccgt,2021-01-26T00:00:00,1.0,3482.1222000000002
DE0,ccgt,2021-01-26T03:00:00,1.0,3482.1222000000002
DE0,ccgt,2021-01-26T06:00:00,1.0,3482.1222000000002
DE0,ccgt,2021-01-26T09:00:00,1.0,3482.1222000000002
DE0,ccgt,2021-01-26T12:00:00,1.0,3482.1222000000002
DE0,ccgt,2021-01-26T15:00:00,1.0,3482.1222000000002
DE0,ccgt,2021-01-26T18:00:00,1.0,3482.1222000000002
DE0,ccgt,2021-01-26T21:00:00,1.0,3482.1222000000002
DE0,ccgt,2021-01-27T00:00:00,1.0,3482.1222000000002
DE0,ccgt,2021-01-27T03:00:00,1.0,3482.1222000000002
DE0,ccgt,2021-01-27T06:00:00,1.0,3482.1222000000002
DE0,ccgt,2021-01-27T09:00:00,1.0,3482.1222000000002
DE0,ccgt,2021-01-27T12:00:00,1.0,3482.1222000000002
DE0,ccgt,2021-01-27T15:00:00,1.0,3482.1222000000002
DE0,ccgt,2021-01-27T18:00:00,1.0,5749.499880726953
DE0,ccgt,2021-01-27T21:00:00,1.0,10743.108
DE0,ccgt,2021-01-28T00:00:00,1.0,11456.119999999999
DE0,ccgt,2021-01-28T03:00:00,1.0,11607.074
DE0,ccgt,2021-01-28T06:00:00,1.0,11607.074
DE0,ccgt,2021-01-28T09:00:00,1.0,3482.1222000000002
DE0,ccgt,2021-01-28T12:00:00,1.0,3482.1222000000002
DE0,ccgt,2021-01-28T15:00:00,1.0,3482.1222000000002
DE0,ccgt,2021-01-28T18:00:00,1.0,11607.074
DE0,ccgt,2021-01-28T21:00:00,1.0,11607.074
DE0,ccgt,2021-01-29T00:00:00,1.0,11607.074
DE0,ccgt,2021-01-29T03:00:00,1.0,11607.074
DE0,ccgt,2021-01-29T06:00:00,1.0,11607.074
DE0,ccgt,2021-01-29T09:00:00,1.0,3482.1222000000002
DE0,ccgt,2021-01-29T12:00:00,1.0,3482.1222000000002
DE0,ccgt,2021-01-29T15:00:00,1.0,3482.1222000000002
DE0,ccgt,2021-01-29T18:00:00,1.0,11607.074
DE0,ccgt,2021-01-29T21:00:00,1.0,11347.452000000001
DE0,ccgt,2021-01-30T00:00:00,1.0,10504.13
DE0,ccgt,2021-01-30T03:00:00,1.0,3482.1222000000002
DE0,ccgt,2021-01-30T06:00:00,1.0,3685.957190846484
DE0,ccgt,2021-01-30T09:00:00,1.0,3482.1222000000002
DE0,ccgt,2021-01-30T12:00:00,1.0,3482.1222000000002
DE0,ccgt,2021-01-30T15:00:00,1.0,3482.1222000000002
DE0,ccgt,2021-01-30T18:00:00,1.0,5218.293345878565
DE0,ccgt,2021-01-30T21:00:00,1.0,3482.1222000000002
DE0,ccgt,2021-01-31T00:00:00,1.0,3482.1222000000002
DE0,ccgt,2021-01-31T03:00:00,1.0,3482.1222000000002
DE0,ccgt,2021-01-31T06:00:00,1.0,3482.1222000000002
DE0,ccgt,2021-01-31T09:00:00,1.0,3482.1222000000002
DE0,ccgt,2021-01-31T12:00:00,1.0,3482.1222000000002
DE0,ccgt,2021-01-31T15:00:00,1.0,3482.1222000000002
DE0,ccgt,2021-01-31T18:00:00,1.0,3482.1222000000002
DE0,ccgt,2021-01-31T21:00:00,1.0,3482.1222000000002
DE0,ccgt,2021-02-01T00:00:00,1.0,3482.1222000000002
DE0,ccgt,2021-02-01T03:00:00,1.0,4702.242853628176
DE0,ccgt,2021-02-01T06:00:00,1.0,10093.568
DE0,ccgt,2021-02-01T09:00:00,1.0,3482.1222000000002
DE0,ccgt,2021-02-01T12:00:00,1.0,3482.1222000000002
DE0,ccgt,2021-02-01T15:00:00,1.0,3482.1222000000002
DE0,ccgt,2021-02-01T18:00:00,1.0,4987.580264591885
DE0,ccgt,2021-02-01T21:00:00,1.0,10816.617999999999
DE0,ccgt,2021-02-02T00:00:00,1.0,11243.86
DE0,ccgt,2021-02-02T03:00:00,1.0,11607.074
DE0,ccgt,2021-02-02T06:00:00,1.0,11607.074
DE0,ccgt,2021-02-02T09:00:00,1.0,6148.64489189807
DE0,ccgt,2021-02-02T12:00:00,1.0,3482.1222000000002
DE0,ccgt,2021-02-02T15:00:00,1.0,3482.1222000000002
DE0,ccgt,2021-02-02T18:00:00,1.0,11607.074
DE0,ccgt,2021-02-02T21:00:00,1.0,11607.074
DE0,ccgt,2021-02-03T00:00:00,1.0,11607.074
DE0,ccgt,2021-02-03T03:00:00,1.0,11607.074
DE0,ccgt,2021-02-03T06:00:00,1.0,11607.074
DE0,ccgt,2021-02-03T09:00:00,1.0,3482.1222000000002
DE0,ccgt,2021-02-03T12:00:00,1.0,3482.1222000000002
DE0,ccgt,2021-02-03T15:00:00,1.0,3482.1222000000002
DE0,ccgt,2021-02-03T18:00:00,1.0,11601.948
DE0,ccgt,2021-02-03T21:00:00,1.0,8955.084684958409
DE0,ccgt,2021-02-04T00:00:00,1.0,3482.1222000000002
DE0,ccgt,2021-02-04T03:00:00,1.0,10256.962
DE0,ccgt,2021-02-04T06:00:00,1.0,10448.812
DE0,ccgt,2021-02-04T09:00:00,1.0,3482.1222000000002
DE0,ccgt,2021-02-04T12:00:00,1.0,3482.1222000000002
DE0,ccgt,2021-02-04T15:00:00,1.0,3482.1222000000002
DE0,ccgt,2021-02-04T18:00:00,1.0,3482.1222000000002
DE0,ccgt,2021-02-04T21:00:00,1.0,3482.1222000000002
DE0,ccgt,2021-02-05T00:00:00,1.0,3482.1222000000002
DE0,ccgt,2021-02-05T03:00:00,1.0,3482.1222000000002
DE0,ccgt,2021-02-05T06:00:00,1.0,3482.1222000000002
DE0,ccgt,2021-02-05T09:00:00,1.0,3482.1222000000002
DE0,ccgt,2021-02-05T12:00:00,1.0,3482.1222000000002
DE0,ccgt,2021-02-05T15:00:00,1.0,3482.1222000000002
DE0,ccgt,2021-02-05T18:00:00,1.0,3482.1222000000002
DE0,ccgt,2021-02-05T21:00:00,1.0,3482.1222000000002
DE0,ccgt,2021-02-06T00:00:00,1.0,3482.1222000000002
DE0,ccgt,2021-02-06T03:00:00,1.0,3482.1222000000002
DE0,ccgt,2021-02-06T06:00:00,1.0,4817.922700343544
DE0,ccgt,2021-02-06T09:00:00,1.0,3482.1222000000002
DE0,ccgt,2021-02-06T12:00:00,1.0,3482.1222000000002
DE0,ccgt,2021-02-06T15:00:00,1.0,3482.1222000000002
DE0,ccgt,2021-02-06T18:00:00,1.0,11306.658
DE0,ccgt,2021-02-06T21:00:00,1.0,11128.748
DE0,ccgt,2021-02-07T00:00:00,1.0,11552.220000000001
DE0,ccgt,2021-02-07T03:00:00,1.0,11607.074
DE0,ccgt,2021-02-07T06:00:00,1.0,11607.074
DE0,ccgt,2021-02-07T09:00:00,1.0,7140.631791898069
DE0,ccgt,2021-02-07T12:00:00,1.0,3482.1222000000002
DE0,ccgt,2021-02-07T15:00:00,1.0,4565.58937186884
DE0,ccgt,2021-02-07T18:00:00,1.0,11607.074
DE0,ccgt,2021-02-07T21:00:00,1.0,11607.074
DE0,ocgt,2021-01-25T00:00:00,1.0,0.0
DE0,ocgt,2021-01-25T03:00:00,1.0,0.0
DE0,ocgt,2021-01-25T06:00:00,1.0,0.0
DE0,ocgt,2021-01-25T09:00:00,1.0,0.0
DE0,ocgt,2021-01-25T12:00:00,1.0,0.0
DE0,ocgt,2021-01-25T15:00:00,1.0,0.0
DE0,ocgt,2021-01-25T18:00:00,1.0,0.0
DE0,ocgt,2021-01-25T21:00:00,1.0,0.0
DE0,ocgt,2021-01-26T00:00:00,1.0,0.0
DE0,ocgt,2021-01-26T03:00:00,1.0,0.0
DE0,ocgt,2021-01-26T06:00:00,1.0,0.0
DE0,ocgt,2021-01-26T09:00:00,1.0,0.0
DE0,ocgt,2021-01-26T12:00:00,1.0,0.0
DE0,ocgt,2021-01-26T15:00:00,1.0,0.0
DE0,ocgt,2021-01-26T18:00:00,1.0,0.0
DE0,ocgt,2021-01-26T21:00:00,1.0,0.0
DE0,ocgt,2021-01-27T00:00:00,1.0,0.0
DE0,ocgt,2021-01-27T03:00:00,1.0,0.0
DE0,ocgt,2021-01-27T06:00:00,1.0,0.0
DE0,ocgt,2021-01-27T09:00:00,1.0,0.0
DE0,ocgt,2021-01-27T12:00:00,1.0,0.0
DE0,ocgt,2021-01-27T15:00:00,1.0,0.0
DE0,ocgt,2021-01-27T18:00:00,1.0,0.0
DE0,ocgt,2021-01-27T21:00:00,1.0,0.0
DE0,ocgt,2021-01-28T00:00:00,1.0,0.0
DE0,ocgt,2021-01-28T03:00:00,1.0,0.0
DE0,ocgt,2021-01-28T06:00:00,1.0,0.0
DE0,ocgt,2021-01-28T09:00:00,1.0,0.0
DE0,ocgt,2021-01-28T12:00:00,1.0,0.0
DE0,ocgt,2021-01-28T15:00:00,1.0,0.0
DE0,ocgt,2021-01-28T18:00:00,1.0,740.0
DE0,ocgt,2021-01-28T21:00:00,1.0,740.0
DE0,ocgt,2021-01-29T00:00:00,1.0,740.0
DE0,ocgt,2021-01-29T03:00:00,1.0,740.0
DE0,ocgt,2021-01-29T06:00:00,1.0,740.0
DE0,ocgt,2021-01-29T09:00:00,1.0,0.0
DE0,ocgt,2021-01-29T12:00:00,1.0,0.0
DE0,ocgt,2021-01-29T15:00:00,1.0,0.0
DE0,ocgt,2021-01-29T18:00:00,1.0,0.0
DE0,ocgt,2021-01-29T21:00:00,1.0,0.0
DE0,ocgt,2021-01-30T00:00:00,1.0,0.0
DE0,ocgt,2021-01-30T03:00:00,1.0,0.0
DE0,ocgt,2021-01-30T06:00:00,1.0,0.0
DE0,ocgt,2021-01-30T09:00:00,1.0,0.0
DE0,ocgt,2021-01-30T12:00:00,1.0,0.0
DE0,ocgt,2021-01-30T15:00:00,1.0,0.0
DE0,ocgt,2021-01-30T18:00:00,1.0,0.0
DE0,ocgt,2021-01-30T21:00:00,1.0,0.0
DE0,ocgt,2021-01-31T00:00:00,1.0,0.0
DE0,ocgt,2021-01-31T03:00:00,1.0,0.0
DE0,ocgt,2021-01-31T06:00:00,1.0,0.0
DE0,ocgt,2021-01-31T09:00:00,1.0,0.0
DE0,ocgt,2021-01-31T12:00:00,1.0,0.0
DE0,ocgt,2021-01-31T15:00:00,1.0,0.0
DE0,ocgt,2021-01-31T18:00:00,1.0,0.0
DE0,ocgt,2021-01-31T21:00:00,1.0,0.0
DE0,ocgt,2021-02-01T00:00:00,1.0,0.0
DE0,ocgt,2021-02-01T03:00:00,1.0,0.0
DE0,ocgt,2021-02-01T06:00:00,1.0,0.0
DE0,ocgt,2021-02-01T09:00:00,1.0,0.0
DE0,ocgt,2021-02-01T12:00:00,1.0,0.0
DE0,ocgt,2021-02-01T15:00:00,1.0,0.0
DE0,ocgt,2021-02-01T18:00:00,1.0,0.0
DE0,ocgt,2021-02-01T21:00:00,1.0,0.0
DE0,ocgt,2021-02-02T00:00:00,1.0,0.0
DE0,ocgt,2021-02-02T03:00:00,1.0,0.0
DE0,ocgt,2021-02-02T06:00:00,1.0,0.0
DE0,ocgt,2021-02-02T09:00:00,1.0,0.0
DE0,ocgt,2021-02-02T12:00:00,1.0,0.0
DE0,ocgt,2021-02-02T15:00:00,1.0,0.0
DE0,ocgt,2021-02-02T18:00:00,1.0,0.0
DE0,ocgt,2021-02-02T21:00:00,1.0,0.0
DE0,ocgt,2021-02-03T00:00:00,1.0,0.0
DE0,ocgt,2021-02-03T03:00:00,1.0,510.9419999999991
DE0,ocgt,2021-02-03T06:00:00,1.0,740.0
DE0,ocgt,2021-02-03T09:00:00,1.0,0.0
DE0,ocgt,2021-02-03T12:00:00,1.0,0.0
DE0,ocgt,2021-02-03T15:00:00,1.0,0.0
DE0,ocgt,2021-02-03T18:00:00,1.0,0.0
DE0,ocgt,2021-02-03T21:00:00,1.0,0.0
DE0,ocgt,2021-02-04T00:00:00,1.0,0.0
DE0,ocgt,2021-02-04T03:00:00,1.0,0.0
DE0,ocgt,2021-02-04T06:00:00,1.0,0.0
DE0,ocgt,2021-02-04T09:00:00,1.0,0.0
DE0,ocgt,2021-02-04T12:00:00,1.0,0.0
DE0,ocgt,2021-02-04T15:00:00,1.0,0.0
DE0,ocgt,2021-02-04T18:00:00,1.0,0.0
DE0,ocgt,2021-02-04T21:00:00,1.0,0.0
DE0,ocgt,2021-02-05T00:00:00,1.0,0.0
DE0,ocgt,2021-02-05T03:00:00,1.0,0.0
DE0,ocgt,2021-02-05T06:00:00,1.0,0.0
DE0,ocgt,2021-02-05T09:00:00,1.0,0.0
DE0,ocgt,2021-02-05T12:00:00,1.0,0.0
DE0,ocgt,2021-02-05T15:00:00,1.0,0.0
DE0,ocgt,2021-02-05T18:00:00,1.0,0.0
DE0,ocgt,2021-02-05T21:00:00,1.0,0.0
DE0,ocgt,2021-02-06T00:00:00,1.0,0.0
DE0,ocgt,2021-02-06T03:00:00,1.0,0.0
DE0,ocgt,2021-02-06T06:00:00,1.0,0.0
DE0,ocgt,2021-02-06T09:00:00,1.0,0.0
DE0,ocgt,2021-02-06T12:00:00,1.0,0.0
DE0,ocgt,2021-02-06T15:00:00,1.0,0.0
DE0,ocgt,2021-02-06T18:00:00,1.0,0.0
DE0,ocgt,2021-02-06T21:00:00,1.0,0.0
DE0,ocgt,2021-02-07T00:00:00,1.0,0.0
DE0,ocgt,2021-02-07T03:00:00,1.0,0.0
DE0,ocgt,2021-02-07T06:00:00,1.0,0.0
DE0,ocgt,2021-02-07T09:00:00,1.0,0.0
DE0,ocgt,2021-02-07T12:00:00,1.0,0.0
DE0,ocgt,2021-02-07T15:00:00,1.0,0.0
DE0,ocgt,2021-02-07T18:00:00,1.0,0.0
DE0,ocgt,2021-02-07T21:00:00,1.0,740.0
DE0,offwind,2021-01-25T00:00:00,1.0,591.36
DE0,offwind,2021-01-25T03:00:00,1.0,643.968
DE0,offwind,2021-01-25T06:00:00,1.0,695.808
DE0,offwind,2021-01-25T09:00:00,1.0,746.112
DE0,offwind,2021-01-25T12:00:00,1.0,0.0
DE0,offwind,2021-01-25T15:00:00,1.0,0.0
DE0,offwind,2021-01-25T18:00:00,1.0,879.232
DE0,offwind,2021-01-25T21:00:00,1.0,915.5840000000001
DE0,offwind,2021-01-26T00:00:00,1.0,993.0240000000001
DE0,offwind,2021-01-26T03:00:00,1.0,1006.2080000000001
DE0,offwind,2021-01-26T06:00:00,1.0,1012.864
DE0,offwind,2021-01-26T09:00:00,1.0,0.0
DE0,offwind,2021-01-26T12:00:00,1.0,0.0
DE0,offwind,2021-01-26T15:00:00,1.0,0.0
DE0,offwind,2021-01-26T18:00:00,1.0,974.336
DE0,offwind,2021-01-26T21:00:00,1.0,948.992
DE0,offwind,2021-01-27T00:00:00,1.0,839.6800000000001
DE0,offwind,2021-01-27T03:00:00,1.0,795.136
DE0,offwind,2021-01-27T06:00:00,1.0,747.3919999999999
DE0,offwind,2021-01-27T09:00:00,1.0,676.6016049290988
DE0,offwind,2021-01-27T12:00:00,1.0,0.0
DE0,offwind,2021-01-27T15:00:00,1.0,0.0
DE0,offwind,2021-01-27T18:00:00,1.0,540.032
DE0,offwind,2021-01-27T21:00:00,1.0,488.192
DE0,offwind,2021-01-28T00:00:00,1.0,343.04
DE0,offwind,2021-01-28T03:00:00,1.0,302.464
DE0,offwind,2021-01-28T06:00:00,1.0,266.24
DE0,offwind,2021-01-28T09:00:00,1.0,235.136
DE0,offwind,2021-01-28T12:00:00,1.0,209.664
DE0,offwind,2021-01-28T15:00:00,1.0,190.07999999999998
DE0,offwind,2021-01-28T18:00:00,1.0,176.768
DE0,offwind,2021-01-28T21:00:00,1.0,169.984
DE0,offwind,2021-01-29T00:00:00,1.0,189.696
DE0,offwind,2021-01-29T03:00:00,1.0,209.024
DE0,offwind,2021-01-29T06:00:00,1.0,234.36800000000002
DE0,offwind,2021-01-29T09:00:00,1.0,265.344
DE0,offwind,2021-01-29T12:00:00,1.0,301.44
DE0,offwind,2021-01-29T15:00:00,1.0,341.88800000000003
DE0,offwind,2021-01-29T18:00:00,1.0,386.432
DE0,offwind,2021-01-29T21:00:00,1.0,434.048
DE0,offwind,2021-01-30T00:00:00,1.0,591.36
DE0,offwind,2021-01-30T03:00:00,1.0,643.968
DE0,offwind,2021-01-30T06:00:00,1.0,695.808
DE0,offwind,2021-01-30T09:00:00,1.0,0.0
DE0,offwind,2021-01-30T12:00:00,1.0,0.0
DE0,offwind,2021-01-30T15:00:00,1.0,838.528
DE0,offwind,2021-01-30T18:00:00,1.0,879.232
DE0,offwind,2021-01-30T21:00:00,1.0,915.5840000000001
DE0,offwind,2021-01-31T00:00:00,1.0,993.0240000000001
DE0,offwind,2021-01-31T03:00:00,1.0,1006.2080000000001
DE0,offwind,2021-01-31T06:00:00,1.0,1012.864
DE0,offwind,2021-01-31T09:00:00,1.0,0.0
DE0,offwind,2021-01-31T12:00:00,1.0,0.0
DE0,offwind,2021-01-31T15:00:00,1.0,993.5360000000001
DE0,offwind,2021-01-31T18:00:00,1.0,974.336
DE0,offwind,2021-01-31T21:00:00,1.0,948.992
DE0,offwind,2021-02-01T00:00:00,1.0,839.6800000000001
DE0,offwind,2021-02-01T03:00:00,1.0,795.136
DE0,offwind,2021-02-01T06:00:00,1.0,747.3919999999999
DE0,offwind,2021-02-01T09:00:00,1.0,697.2159999999999
DE0,offwind,2021-02-01T12:00:00,1.0,645.376
DE0,offwind,2021-02-01T15:00:00,1.0,592.768
DE0,offwind,2021-02-01T18:00:00,1.0,540.032
DE0,offwind,2021-02-01T21:00:00,1.0,488.192
DE0,offwind,2021-02-02T00:00:00,1.0,343.04
DE0,offwind,2021-02-02T03:00:00,1.0,302.464
DE0,offwind,2021-02-02T06:00:00,1.0,266.24
DE0,offwind,2021-02-02T09:00:00,1.0,235.136
DE0,offwind,2021-02-02T12:00:00,1.0,209.664
DE0,offwind,2021-02-02T15:00:00,1.0,190.07999999999998
DE0,offwind,2021-02-02T18:00:00,1.0,176.768
DE0,offwind,2021-02-02T21:00:00,1.0,169.984
DE0,offwind,2021-02-03T00:00:00,1.0,189.696
DE0,offwind,2021-02-03T03:00:00,1.0,209.024
DE0,offwind,2021-02-03T06:00:00,1.0,234.36800000000002
DE0,offwind,2021-02-03T09:00:00,1.0,265.344
DE0,offwind,2021-02-03T12:00:00,1.0,301.44
DE0,offwind,2021-02-03T15:00:00,1.0,341.88800000000003
DE0,offwind,2021-02-03T18:00:00,1.0,386.432
DE0,offwind,2021-02-03T21:00:00,1.0,434.048
DE0,offwind,2021-02-04T00:00:00,1.0,591.36
DE0,offwind,2021-02-04T03:00:00,1.0,643.968
DE0,offwind,2021-02-04T06:00:00,1.0,695.808
DE0,offwind,2021-02-04T09:00:00,1.0,746.112
DE0,offwind,2021-02-04T12:00:00,1.0,793.856
DE0,offwind,2021-02-04T15:00:00,1.0,838.528
DE0,offwind,2021-02-04T18:00:00,1.0,879.232
DE0,offwind,2021-02-04T21:00:00,1.0,915.5840000000001
DE0,offwind,2021-02-05T00:00:00,1.0,993.0240000000001
DE0,offwind,2021-02-05T03:00:00,1.0,1006.2080000000001
DE0,offwind,2021-02-05T06:00:00,1.0,1012.864
DE0,offwind,2021-02-05T09:00:00,1.0,0.0
DE0,offwind,2021-02-05T12:00:00,1.0,0.0
DE0,offwind,2021-02-05T15:00:00,1.0,993.5360000000001
DE0,offwind,2021-02-05T18:00:00,1.0,974.336
DE0,offwind,2021-02-05T21:00:00,1.0,948.992
DE0,offwind,2021-02-06T00:00:00,1.0,839.6800000000001
DE0,offwind,2021-02-06T03:00:00,1.0,795.136
DE0,offwind,2021-02-06T06:00:00,1.0,747.3919999999999
DE0,offwind,2021-02-06T09:00:00,1.0,697.2159999999999
DE0,offwind,2021-02-06T12:00:00,1.0,0.0
DE0,offwind,2021-02-06T15:00:00,1.0,592.768
DE0,offwind,2021-02-06T18:00:00,1.0,540.032
DE0,offwind,2021-02-06T21:00:00,1.0,488.192
DE0,offwind,2021-02-07T00:00:00,1.0,343.04
DE0,offwind,2021-02-07T03:00:00,1.0,302.464
DE0,offwind,2021-02-07T06:00:00,1.0,266.24
DE0,offwind,2021-02-07T09:00:00,1.0,235.136
DE0,offwind,2021-02-07T12:00:00,1.0,209.664
DE0,offwind,2021-02-07T15:00:00,1.0,190.07999999999998
DE0,offwind,2021-02-07T18:00:00,1.0,176.768
DE0,offwind,2021-02-07T21:00:00,1.0,169.984
DE0,onwind,2021-01-25T00:00:00,1.0,2184.0
DE0,onwind,2021-01-25T03:00:00,1.0,2378.48
DE0,onwind,2021-01-25T06:00:00,1.0,2569.8399999999997
DE0,onwind,2021-01-25T09:00:00,1.0,2755.48
DE0,onwind,2021-01-25T12:00:00,1.0,0.0
DE0,onwind,2021-01-25T15:00:00,1.0,2452.8611685185997
DE0,onwind,2021-01-25T18:00:00,1.0,3247.4
DE0,onwind,2021-01-25T21:00:00,1.0,3381.56
DE0,onwind,2021-01-26T00:00:00,1.0,3667.5600000000004
DE0,onwind,2021-01-26T03:00:00,1.0,3715.92
DE0,onwind,2021-01-26T06:00:00,1.0,3740.88
DE0,onwind,2021-01-26T09:00:00,1.0,0.0
DE0,onwind,2021-01-26T12:00:00,1.0,0.0
DE0,onwind,2021-01-26T15:00:00,1.0,0.0
DE0,onwind,2021-01-26T18:00:00,1.0,3598.3999999999996
DE0,onwind,2021-01-26T21:00:00,1.0,3504.8
DE0,onwind,2021-01-27T00:00:00,1.0,3100.76
DE0,onwind,2021-01-27T03:00:00,1.0,2936.44
DE0,onwind,2021-01-27T06:00:00,1.0,2760.1600000000003
DE0,onwind,2021-01-27T09:00:00,1.0,0.0
DE0,onwind,2021-01-27T12:00:00,1.0,0.0
DE0,onwind,2021-01-27T15:00:00,1.0,0.0
DE0,onwind,2021-01-27T18:00:00,1.0,1994.72
DE0,onwind,2021-01-27T21:00:00,1.0,1802.8400000000001
DE0,onwind,2021-01-28T00:00:00,1.0,1267.24
DE0,onwind,2021-01-28T03:00:00,1.0,1116.96
DE0,onwind,2021-01-28T06:00:00,1.0,983.3199999999999
DE0,onwind,2021-01-28T09:00:00,1.0,868.4000000000001
DE0,onwind,2021-01-28T12:00:00,1.0,774.28
DE0,onwind,2021-01-28T15:00:00,1.0,702.0
DE0,onwind,2021-01-28T18:00:00,1.0,652.6
DE0,onwind,2021-01-28T21:00:00,1.0,627.64
DE0,onwind,2021-01-29T00:00:00,1.0,700.4399999999999
DE0,onwind,2021-01-29T03:00:00,1.0,772.1999999999999
DE0,onwind,2021-01-29T06:00:00,1.0,865.8000000000001
DE0,onwind,2021-01-29T09:00:00,1.0,980.2
DE0,onwind,2021-01-29T12:00:00,1.0,1113.3200000000002
DE0,onwind,2021-01-29T15:00:00,1.0,1263.08
DE0,onwind,2021-01-29T18:00:00,1.0,1426.8799999999999
DE0,onwind,2021-01-29T21:00:00,1.0,1603.16
DE0,onwind,2021-01-30T00:00:00,1.0,2184.0
DE0,onwind,2021-01-30T03:00:00,1.0,2378.48
DE0,onwind,2021-01-30T06:00:00,1.0,2569.8399999999997
DE0,onwind,2021-01-30T09:00:00,1.0,0.0
DE0,onwind,2021-01-30T12:00:00,1.0,0.0
DE0,onwind,2021-01-30T15:00:00,1.0,3096.6000000000004
DE0,onwind,2021-01-30T18:00:00,1.0,3247.4
DE0,onwind,2021-01-30T21:00:00,1.0,3381.56
DE0,onwind,2021-01-31T00:00:00,1.0,3240.616935667499
DE0,onwind,2021-01-31T03:00:00,1.0,3715.92
DE0,onwind,2021-01-31T06:00:00,1.0,3740.88
DE0,onwind,2021-01-31T09:00:00,1.0,0.0
DE0,onwind,2021-01-31T12:00:00,1.0,0.0
DE0,onwind,2021-01-31T15:00:00,1.0,2643.415776979784
DE0,onwind,2021-01-31T18:00:00,1.0,3598.3999999999996
DE0,onwind,2021-01-31T21:00:00,1.0,3504.8
DE0,onwind,2021-02-01T00:00:00,1.0,3100.76
DE0,onwind,2021-02-01T03:00:00,1.0,2936.44
DE0,onwind,2021-02-01T06:00:00,1.0,2760.1600000000003
DE0,onwind,2021-02-01T09:00:00,1.0,2575.04
DE0,onwind,2021-02-01T12:00:00,1.0,2383.68
DE0,onwind,2021-02-01T15:00:00,1.0,2189.2
DE0,onwind,2021-02-01T18:00:00,1.0,1994.72
DE0,onwind,2021-02-01T21:00:00,1.0,1802.8400000000001
DE0,onwind,2021-02-02T00:00:00,1.0,1267.24
DE0,onwind,2021-02-02T03:00:00,1.0,1116.96
DE0,onwind,2021-02-02T06:00:00,1.0,983.3199999999999
DE0,onwind,2021-02-02T09:00:00,1.0,868.4000000000001
DE0,onwind,2021-02-02T12:00:00,1.0,774.28
DE0,onwind,2021-02-02T15:00:00,1.0,702.0
DE0,onwind,2021-02-02T18:00:00,1.0,652.6
DE0,onwind,2021-02-02T21:00:00,1.0,627.64
DE0,onwind,2021-02-03T00:00:00,1.0,700.4399999999999
DE0,onwind,2021-02-03T03:00:00,1.0,772.1999999999999
DE0,onwind,2021-02-03T06:00:00,1.0,865.8000000000001
DE0,onwind,2021-02-03T09:00:00,1.0,980.2
DE0,onwind,2021-02-03T12:00:00,1.0,0.0
DE0,onwind,2021-02-03T15:00:00,1.0,1263.08
DE0,onwind,2021-02-03T18:00:00,1.0,1426.8799999999999
DE0,onwind,2021-02-03T21:00:00,1.0,1603.16
DE0,onwind,2021-02-04T00:00:00,1.0,2184.0
DE0,onwind,2021-02-04T03:00:00,1.0,2378.48
DE0,onwind,2021-02-04T06:00:00,1.0,2569.8399999999997
DE0,onwind,2021-02-04T09:00:00,1.0,2755.48
DE0,onwind,2021-02-04T12:00:00,1.0,0.0
DE0,onwind,2021-02-04T15:00:00,1.0,3096.6000000000004
DE0,onwind,2021-02-04T18:00:00,1.0,3247.4
DE0,onwind,2021-02-04T21:00:00,1.0,3381.56
DE0,onwind,2021-02-05T00:00:00,1.0,3667.5600000000004
DE0,onwind,2021-02-05T03:00:00,1.0,3715.92
DE0,onwind,2021-02-05T06:00:00,1.0,3740.88
DE0,onwind,2021-02-05T09:00:00,1.0,0.0
DE0,onwind,2021-02-05T12:00:00,1.0,3716.96
DE0,onwind,2021-02-05T15:00:00,1.0,3669.12
DE0,onwind,2021-02-05T18:00:00,1.0,3598.3999999999996
DE0,onwind,2021-02-05T21:00:00,1.0,3504.8
DE0,onwind,2021-02-06T00:00:00,1.0,3100.76
DE0,onwind,2021-02-06T03:00:00,1.0,2936.44
DE0,onwind,2021-02-06T06:00:00,1.0,2760.1600000000003
DE0,onwind,2021-02-06T09:00:00,1.0,84.62160492909652
DE0,onwind,2021-02-06T12:00:00,1.0,0.0
DE0,onwind,2021-02-06T15:00:00,1.0,2189.2
DE0,onwind,2021-02-06T18:00:00,1.0,1994.72
DE0,onwind,2021-02-06T21:00:00,1.0,1802.8400000000001
DE0,onwind,2021-02-07T00:00:00,1.0,1267.24
DE0,onwind,2021-02-07T03:00:00,1.0,1116.96
DE0,onwind,2021-02-07T06:00:00,1.0,983.3199999999999
DE0,onwind,2021-02-07T09:00:00,1.0,868.4000000000001
DE0,onwind,2021-02-07T12:00:00,1.0,774.28
DE0,onwind,2021-02-07T15:00:00,1.0,702.0
DE0,onwind,2021-02-07T18:00:00,1.0,652.6
DE0,onwind,2021-02-07T21:00:00,1.0,627.64
DE0,solar,2021-01-25T00:00:00,1.0,0.0
DE0,solar,2021-01-25T03:00:00,1.0,0.0
DE0,solar,2021-01-25T06:00:00,1.0,0.0
DE0,solar,2021-01-25T09:00:00,1.0,3111.24
DE0,solar,2021-01-25T12:00:00,1.0,4400.0
DE0,solar,2021-01-25T15:00:00,1.0,3111.24
DE0,solar,2021-01-25T18:00:00,1.0,0.0
DE0,solar,2021-01-25T21:00:00,1.0,0.0
DE0,solar,2021-01-26T00:00:00,1.0,0.0
DE0,solar,2021-01-26T03:00:00,1.0,0.0
DE0,solar,2021-01-26T06:00:00,1.0,0.0
DE0,solar,2021-01-26T09:00:00,1.0,3111.24
DE0,solar,2021-01-26T12:00:00,1.0,4400.0
DE0,solar,2021-01-26T15:00:00,1.0,3111.24
DE0,solar,2021-01-26T18:00:00,1.0,0.0
DE0,solar,2021-01-26T21:00:00,1.0,0.0
DE0,solar,2021-01-27T00:00:00,1.0,0.0
DE0,solar,2021-01-27T03:00:00,1.0,0.0
DE0,solar,2021-01-27T06:00:00,1.0,0.0
DE0,solar,2021-01-27T09:00:00,1.0,3111.24
DE0,solar,2021-01-27T12:00:00,1.0,4400.0
DE0,solar,2021-01-27T15:00:00,1.0,3111.24
DE0,solar,2021-01-27T18:00:00,1.0,0.0
DE0,solar,2021-01-27T21:00:00,1.0,0.0
DE0,solar,2021-01-28T00:00:00,1.0,0.0
DE0,solar,2021-01-28T03:00:00,1.0,0.0
DE0,solar,2021-01-28T06:00:00,1.0,0.0
DE0,solar,2021-01-28T09:00:00,1.0,3111.24
DE0,solar,2021-01-28T12:00:00,1.0,4400.0
DE0,solar,2021-01-28T15:00:00,1.0,3111.24
DE0,solar,2021-01-28T18:00:00,1.0,0.0
DE0,solar,2021-01-28T21:00:00,1.0,0.0
DE0,solar,2021-01-29T00:00:00,1.0,0.0
DE0,solar,2021-01-29T03:00:00,1.0,0.0
DE0,solar,2021-01-29T06:00:00,1.0,0.0
DE0,solar,2021-01-29T09:00:00,1.0,3111.24
DE0,solar,2021-01-29T12:00:00,1.0,4400.0
DE0,solar,2021-01-29T15:00:00,1.0,3111.24
DE0,solar,2021-01-29T18:00:00,1.0,0.0
DE0,solar,2021-01-29T21:00:00,1.0,0.0
DE0,solar,2021-01-30T00:00:00,1.0,0.0
DE0,solar,2021-01-30T03:00:00,1.0,0.0
DE0,solar,2021-01-30T06:00:00,1.0,0.0
DE0,solar,2021-01-30T09:00:00,1.0,3111.24
DE0,solar,2021-01-30T12:00:00,1.0,4400.0
DE0,solar,2021-01-30T15:00:00,1.0,3111.24
DE0,solar,2021-01-30T18:00:00,1.0,0.0
DE0,solar,2021-01-30T21:00:00,1.0,0.0
DE0,solar,2021-01-31T00:00:00,1.0,0.0
DE0,solar,2021-01-31T03:00:00,1.0,0.0
DE0,solar,2021-01-31T06:00:00,1.0,0.0
DE0,solar,2021-01-31T09:00:00,1.0,3111.24
DE0,solar,2021-01-31T12:00:00,1.0,4400.0
DE0,solar,2021-01-31T15:00:00,1.0,3111.24
DE0,solar,2021-01-31T18:00:00,1.0,0.0
DE0,solar,2021-01-31T21:00:00,1.0,0.0
DE0,solar,2021-02-01T00:00:00,1.0,0.0
DE0,solar,2021-02-01T03:00:00,1.0,0.0
DE0,solar,2021-02-01T06:00:00,1.0,0.0
DE0,solar,2021-02-01T09:00:00,1.0,3111.24
DE0,solar,2021-02-01T12:00:00,1.0,4400.0
DE0,solar,2021-02-01T15:00:00,1.0,3111.24
DE0,solar,2021-02-01T18:00:00,1.0,0.0
DE0,solar,2021-02-01T21:00:00,1.0,0.0
DE0,solar,2021-02-02T00:00:00,1.0,0.0
DE0,solar,2021-02-02T03:00:00,1.0,0.0
DE0,solar,2021-02-02T06:00:00,1.0,0.0
DE0,solar,2021-02-02T09:00:00,1.0,3111.24
DE0,solar,2021-02-02T12:00:00,1.0,4400.0
DE0,solar,2021-02-02T15:00:00,1.0,3111.24
DE0,solar,2021-02-02T18:00:00,1.0,0.0
DE0,solar,2021-02-02T21:00:00,1.0,0.0
DE0,solar,2021-02-03T00:00:00,1.0,0.0
DE0,solar,2021-02-03T03:00:00,1.0,0.0
DE0,solar,2021-02-03T06:00:00,1.0,0.0
DE0,solar,2021-02-03T09:00:00,1.0,3111.24
DE0,solar,2021-02-03T12:00:00,1.0,4400.0
DE0,solar,2021-02-03T15:00:00,1.0,3111.24
DE0,solar,2021-02-03T18:00:00,1.0,0.0
DE0,solar,2021-02-03T21:00:00,1.0,0.0
DE0,solar,2021-02-04T00:00:00,1.0,0.0
DE0,solar,2021-02-04T03:00:00,1.0,0.0
DE0,solar,2021-02-04T06:00:00,1.0,0.0
DE0,solar,2021-02-04T09:00:00,1.0,3111.24
DE0,solar,2021-02-04T12:00:00,1.0,4400.0
DE0,solar,2021-02-04T15:00:00,1.0,3111.24
DE0,solar,2021-02-04T18:00:00,1.0,0.0
DE0,solar,2021-02-04T21:00:00,1.0,0.0
DE0,solar,2021-02-05T00:00:00,1.0,0.0
DE0,solar,2021-02-05T03:00:00,1.0,0.0
DE0,solar,2021-02-05T06:00:00,1.0,0.0
DE0,solar,2021-02-05T09:00:00,1.0,3111.24
DE0,solar,2021-02-05T12:00:00,1.0,4400.0
DE0,solar,2021-02-05T15:00:00,1.0,3111.24
DE0,solar,2021-02-05T18:00:00,1.0,0.0
DE0,solar,2021-02-05T21:00:00,1.0,0.0
DE0,solar,2021-02-06T00:00:00,1.0,0.0
DE0,solar,2021-02-06T03:00:00,1.0,0.0
DE0,solar,2021-02-06T06:00:00,1.0,0.0
DE0,solar,2021-02-06T09:00:00,1.0,3111.24
DE0,solar,2021-02-06T12:00:00,1.0,4400.0
DE0,solar,2021-02-06T15:00:00,1.0,3111.24
DE0,solar,2021-02-06T18:00:00,1.0,0.0
DE0,solar,2021-02-06T21:00:00,1.0,0.0
DE0,solar,2021-02-07T00:00:00,1.0,0.0
DE0,solar,2021-02-07T03:00:00,1.0,0.0
DE0,solar,2021-02-07T06:00:00,1.0,0.0
DE0,solar,2021-02-07T09:00:00,1.0,3111.24
DE0,solar,2021-02-07T12:00:00,1.0,4400.0
DE0,solar,2021-02-07T15:00:00,1.0,3111.24
DE0,solar,2021-02-07T18:00:00,1.0,0.0
DE0,solar,2021-02-07T21:00:00,1.0,0.0
DE1,ccgt,2021-01-25T00:00:00,1.0,564.0
DE1,ccgt,2021-01-25T03:00:00,1.0,564.0
DE1,ccgt,2021-01-25T06:00:00,1.0,1880.0
DE1,ccgt,2021-01-25T09:00:00,1.0,564.0
DE1,ccgt,2021-01-25T12:00:00,1.0,564.0
DE1,ccgt,2021-01-25T15:00:00,1.0,564.0
DE1,ccgt,2021-01-25T18:00:00,1.0,564.0
DE1,ccgt,2021-01-25T21:00:00,1.0,564.0
DE1,ccgt,2021-01-26T00:00:00,1.0,564.0
DE1,ccgt,2021-01-26T03:00:00,1.0,564.0
DE1,ccgt,2021-01-26T06:00:00,1.0,564.0
DE1,ccgt,2021-01-26T09:00:00,1.0,564.0
DE1,ccgt,2021-01-26T12:00:00,1.0,564.0
DE1,ccgt,2021-01-26T15:00:00,1.0,564.0
DE1,ccgt,2021-01-26T18:00:00,1.0,564.0
DE1,ccgt,2021-01-26T21:00:00,1.0,564.0
DE1,ccgt,2021-01-27T00:00:00,1.0,564.0
DE1,ccgt,2021-01-27T03:00:00,1.0,564.0
DE1,ccgt,2021-01-27T06:00:00,1.0,564.0
DE1,ccgt,2021-01-27T09:00:00,1.0,564.0
DE1,ccgt,2021-01-27T12:00:00,1.0,564.0
DE1,ccgt,2021-01-27T15:00:00,1.0,564.0
DE1,ccgt,2021-01-27T18:00:00,1.0,1880.0
DE1,ccgt,2021-01-27T21:00:00,1.0,1880.0
DE1,ccgt,2021-01-28T00:00:00,1.0,1880.0
DE1,ccgt,2021-01-28T03:00:00,1.0,1880.0
DE1,ccgt,2021-01-28T06:00:00,1.0,1880.0
DE1,ccgt,2021-01-28T09:00:00,1.0,564.0
DE1,ccgt,2021-01-28T12:00:00,1.0,564.0
DE1,ccgt,2021-01-28T15:00:00,1.0,1880.0
DE1,ccgt,2021-01-28T18:00:00,1.0,1880.0
DE1,ccgt,2021-01-28T21:00:00,1.0,1880.0
DE1,ccgt,2021-01-29T00:00:00,1.0,1880.0
DE1,ccgt,2021-01-29T03:00:00,1.0,1880.0
DE1,ccgt,2021-01-29T06:00:00,1.0,1880.0
DE1,ccgt,2021-01-29T09:00:00,1.0,1323.6159731600048
DE1,ccgt,2021-01-29T12:00:00,1.0,564.0
DE1,ccgt,2021-01-29T15:00:00,1.0,564.0
DE1,ccgt,2021-01-29T18:00:00,1.0,1880.0
DE1,ccgt,2021-01-29T21:00:00,1.0,961.592684958406
DE1,ccgt,2021-01-30T00:00:00,1.0,564.0
DE1,ccgt,2021-01-30T03:00:00,1.0,564.0
DE1,ccgt,2021-01-30T06:00:00,1.0,1880.0
DE1,ccgt,2021-01-30T09:00:00,1.0,564.0
DE1,ccgt,2021-01-30T12:00:00,1.0,564.0
DE1,ccgt,2021-01-30T15:00:00,1.0,564.0
DE1,ccgt,2021-01-30T18:00:00,1.0,564.0
DE1,ccgt,2021-01-30T21:00:00,1.0,564.0
DE1,ccgt,2021-01-31T00:00:00,1.0,564.0
DE1,ccgt,2021-01-31T03:00:00,1.0,564.0
DE1,ccgt,2021-01-31T06:00:00,1.0,564.0
DE1,ccgt,2021-01-31T09:00:00,1.0,564.0
DE1,ccgt,2021-01-31T12:00:00,1.0,564.0
DE1,ccgt,2021-01-31T15:00:00,1.0,564.0
DE1,ccgt,2021-01-31T18:00:00,1.0,564.0
DE1,ccgt,2021-01-31T21:00:00,1.0,564.0
DE1,ccgt,2021-02-01T00:00:00,1.0,564.0
DE1,ccgt,2021-02-01T03:00:00,1.0,564.0
DE1,ccgt,2021-02-01T06:00:00,1.0,1880.0
DE1,ccgt,2021-02-01T09:00:00,1.0,564.0
DE1,ccgt,2021-02-01T12:00:00,1.0,564.0
DE1,ccgt,2021-02-01T15:00:00,1.0,564.0
DE1,ccgt,2021-02-01T18:00:00,1.0,1880.0
DE1,ccgt,2021-02-01T21:00:00,1.0,1880.0
DE1,ccgt,2021-02-02T00:00:00,1.0,1083.145818469058
DE1,ccgt,2021-02-02T03:00:00,1.0,1880.0
DE1,ccgt,2021-02-02T06:00:00,1.0,1880.0
DE1,ccgt,2021-02-02T09:00:00,1.0,564.0
DE1,ccgt,2021-02-02T12:00:00,1.0,564.0
DE1,ccgt,2021-02-02T15:00:00,1.0,564.0
DE1,ccgt,2021-02-02T18:00:00,1.0,1880.0
DE1,ccgt,2021-02-02T21:00:00,1.0,1880.0
DE1,ccgt,2021-02-03T00:00:00,1.0,1880.0
DE1,ccgt,2021-02-03T03:00:00,1.0,1880.0
DE1,ccgt,2021-02-03T06:00:00,1.0,1880.0
DE1,ccgt,2021-02-03T09:00:00,1.0,1083.4290731600042
DE1,ccgt,2021-02-03T12:00:00,1.0,564.0
DE1,ccgt,2021-02-03T15:00:00,1.0,564.0
DE1,ccgt,2021-02-03T18:00:00,1.0,564.0
DE1,ccgt,2021-02-03T21:00:00,1.0,1880.0
DE1,ccgt,2021-02-04T00:00:00,1.0,1880.0
DE1,ccgt,2021-02-04T03:00:00,1.0,564.0
DE1,ccgt,2021-02-04T06:00:00,1.0,1880.0
DE1,ccgt,2021-02-04T09:00:00,1.0,564.0
DE1,ccgt,2021-02-04T12:00:00,1.0,564.0
DE1,ccgt,2021-02-04T15:00:00,1.0,564.0
DE1,ccgt,2021-02-04T18:00:00,1.0,564.0
DE1,ccgt,2021-02-04T21:00:00,1.0,564.0
DE1,ccgt,2021-02-05T00:00:00,1.0,564.0
DE1,ccgt,2021-02-05T03:00:00,1.0,564.0
DE1,ccgt,2021-02-05T06:00:00,1.0,564.0
DE1,ccgt,2021-02-05T09:00:00,1.0,564.0
DE1,ccgt,2021-02-05T12:00:00,1.0,564.0
DE1,ccgt,2021-02-05T15:00:00,1.0,564.0
DE1,ccgt,2021-02-05T18:00:00,1.0,564.0
DE1,ccgt,2021-02-05T21:00:00,1.0,564.0
DE1,ccgt,2021-02-06T00:00:00,1.0,564.0
DE1,ccgt,2021-02-06T03:00:00,1.0,1880.0
DE1,ccgt,2021-02-06T06:00:00,1.0,1880.0
DE1,ccgt,2021-02-06T09:00:00,1.0,564.0
DE1,ccgt,2021-02-06T12:00:00,1.0,564.0
DE1,ccgt,2021-02-06T15:00:00,1.0,564.0
DE1,ccgt,2021-02-06T18:00:00,1.0,1880.0
DE1,ccgt,2021-02-06T21:00:00,1.0,564.0
DE1,ccgt,2021-02-07T00:00:00,1.0,1880.0
DE1,ccgt,2021-02-07T03:00:00,1.0,1880.0
DE1,ccgt,2021-02-07T06:00:00,1.0,1880.0
DE1,ccgt,2021-02-07T09:00:00,1.0,1880.0
DE1,ccgt,2021-02-07T12:00:00,1.0,564.0
DE1,ccgt,2021-02-07T15:00:00,1.0,564.0
DE1,ccgt,2021-02-07T18:00:00,1.0,1880.0
DE1,ccgt,2021-02-07T21:00:00,1.0,1880.0
DE1,ocgt,2021-01-25T00:00:00,1.0,0.0
DE1,ocgt,2021-01-25T03:00:00,1.0,0.0
DE1,ocgt,2021-01-25T06:00:00,1.0,0.0
DE1,ocgt,2021-01-25T09:00:00,1.0,0.0
DE1,ocgt,2021-01-25T12:00:00,1.0,0.0
DE1,ocgt,2021-01-25T15:00:00,1.0,0.0
DE1,ocgt,2021-01-25T18:00:00,1.0,0.0
DE1,ocgt,2021-01-25T21:00:00,1.0,0.0
DE1,ocgt,2021-01-26T00:00:00,1.0,0.0
DE1,ocgt,2021-01-26T03:00:00,1.0,0.0
DE1,ocgt,2021-01-26T06:00:00,1.0,0.0
DE1,ocgt,2021-01-26T09:00:00,1.0,0.0
DE1,ocgt,2021-01-26T12:00:00,1.0,0.0
DE1,ocgt,2021-01-26T15:00:00,1.0,0.0
DE1,ocgt,2021-01-26T18:00:00,1.0,0.0
DE1,ocgt,2021-01-26T21:00:00,1.0,0.0
DE1,ocgt,2021-01-27T00:00:00,1.0,0.0
DE1,ocgt,2021-01-27T03:00:00,1.0,0.0
DE1,ocgt,2021-01-27T06:00:00,1.0,0.0
DE1,ocgt,2021-01-27T09:00:00,1.0,0.0
DE1,ocgt,2021-01-27T12:00:00,1.0,0.0
DE1,ocgt,2021-01-27T15:00:00,1.0,0.0
DE1,ocgt,2021-01-27T18:00:00,1.0,0.0
DE1,ocgt,2021-01-27T21:00:00,1.0,0.0
DE1,ocgt,2021-01-28T00:00:00,1.0,0.0
DE1,ocgt,2021-01-28T03:00:00,1.0,0.0
DE1,ocgt,2021-01-28T06:00:00,1.0,0.0
DE1,ocgt,2021-01-28T09:00:00,1.0,0.0
DE1,ocgt,2021-01-28T12:00:00,1.0,0.0
DE1,ocgt,2021-01-28T15:00:00,1.0,0.0
DE1,ocgt,2021-01-28T18:00:00,1.0,830.0
DE1,ocgt,2021-01-28T21:00:00,1.0,830.0
DE1,ocgt,2021-01-29T00:00:00,1.0,830.0
DE1,ocgt,2021-01-29T03:00:00,1.0,830.0
DE1,ocgt,2021-01-29T06:00:00,1.0,830.0
DE1,ocgt,2021-01-29T09:00:00,1.0,0.0
DE1,ocgt,2021-01-29T12:00:00,1.0,0.0
DE1,ocgt,2021-01-29T15:00:00,1.0,0.0
DE1,ocgt,2021-01-29T18:00:00,1.0,0.0
DE1,ocgt,2021-01-29T21:00:00,1.0,0.0
DE1,ocgt,2021-01-30T00:00:00,1.0,0.0
DE1,ocgt,2021-01-30T03:00:00,1.0,0.0
DE1,ocgt,2021-01-30T06:00:00,1.0,0.0
DE1,ocgt,2021-01-30T09:00:00,1.0,0.0
DE1,ocgt,2021-01-30T12:00:00,1.0,0.0
DE1,ocgt,2021-01-30T15:00:00,1.0,0.0
DE1,ocgt,2021-01-30T18:00:00,1.0,0.0
DE1,ocgt,2021-01-30T21:00:00,1.0,0.0
DE1,ocgt,2021-01-31T00:00:00,1.0,0.0
DE1,ocgt,2021-01-31T03:00:00,1.0,0.0
DE1,ocgt,2021-01-31T06:00:00,1.0,0.0
DE1,ocgt,2021-01-31T09:00:00,1.0,0.0
DE1,ocgt,2021-01-31T12:00:00,1.0,0.0
DE1,ocgt,2021-01-31T15:00:00,1.0,0.0
DE1,ocgt,2021-01-31T18:00:00,1.0,0.0
DE1,ocgt,2021-01-31T21:00:00,1.0,0.0
DE1,ocgt,2021-02-01T00:00:00,1.0,0.0
DE1,ocgt,2021-02-01T03:00:00,1.0,0.0
DE1,ocgt,2021-02-01T06:00:00,1.0,0.0
DE1,ocgt,2021-02-01T09:00:00,1.0,0.0
DE1,ocgt,2021-02-01T12:00:00,1.0,0.0
DE1,ocgt,2021-02-01T15:00:00,1.0,0.0
DE1,ocgt,2021-02-01T18:00:00,1.0,0.0
DE1,ocgt,2021-02-01T21:00:00,1.0,0.0
DE1,ocgt,2021-02-02T00:00:00,1.0,0.0
DE1,ocgt,2021-02-02T03:00:00,1.0,0.0
DE1,ocgt,2021-02-02T06:00:00,1.0,0.0
DE1,ocgt,2021-02-02T09:00:00,1.0,0.0
DE1,ocgt,2021-02-02T12:00:00,1.0,0.0
DE1,ocgt,2021-02-02T15:00:00,1.0,0.0
DE1,ocgt,2021-02-02T18:00:00,1.0,0.0
DE1,ocgt,2021-02-02T21:00:00,1.0,830.0
DE1,ocgt,2021-02-03T00:00:00,1.0,830.0
DE1,ocgt,2021-02-03T03:00:00,1.0,830.0
DE1,ocgt,2021-02-03T06:00:00,1.0,830.0
DE1,ocgt,2021-02-03T09:00:00,1.0,0.0
DE1,ocgt,2021-02-03T12:00:00,1.0,0.0
DE1,ocgt,2021-02-03T15:00:00,1.0,0.0
DE1,ocgt,2021-02-03T18:00:00,1.0,0.0
DE1,ocgt,2021-02-03T21:00:00,1.0,0.0
DE1,ocgt,2021-02-04T00:00:00,1.0,0.0
DE1,ocgt,2021-02-04T03:00:00,1.0,0.0
DE1,ocgt,2021-02-04T06:00:00,1.0,0.0
DE1,ocgt,2021-02-04T09:00:00,1.0,0.0
DE1,ocgt,2021-02-04T12:00:00,1.0,0.0
DE1,ocgt,2021-02-04T15:00:00,1.0,0.0
DE1,ocgt,2021-02-04T18:00:00,1.0,0.0
DE1,ocgt,2021-02-04T21:00:00,1.0,0.0
DE1,ocgt,2021-02-05T00:00:00,1.0,0.0
DE1,ocgt,2021-02-05T03:00:00,1.0,0.0
DE1,ocgt,2021-02-05T06:00:00,1.0,0.0
DE1,ocgt,2021-02-05T09:00:00,1.0,0.0
DE1,ocgt,2021-02-05T12:00:00,1.0,0.0
DE1,ocgt,2021-02-05T15:00:00,1.0,0.0
DE1,ocgt,2021-02-05T18:00:00,1.0,0.0
DE1,ocgt,2021-02-05T21:00:00,1.0,0.0
DE1,ocgt,2021-02-06T00:00:00,1.0,0.0
DE1,ocgt,2021-02-06T03:00:00,1.0,0.0
DE1,ocgt,2021-02-06T06:00:00,1.0,0.0
DE1,ocgt,2021-02-06T09:00:00,1.0,0.0
DE1,ocgt,2021-02-06T12:00:00,1.0,0.0
DE1,ocgt,2021-02-06T15:00:00,1.0,0.0
DE1,ocgt,2021-02-06T18:00:00,1.0,0.0
DE1,ocgt,2021-02-06T21:00:00,1.0,0.0
DE1,ocgt,2021-02-07T00:00:00,1.0,0.0
DE1,ocgt,2021-02-07T03:00:00,1.0,0.0
DE1,ocgt,2021-02-07T06:00:00,1.0,292.41452331250787
DE1,ocgt,2021-02-07T09:00:00,1.0,0.0
DE1,ocgt,2021-02-07T12:00:00,1.0,0.0
DE1,ocgt,2021-02-07T15:00:00,1.0,0.0
DE1,ocgt,2021-02-07T18:00:00,1.0,830.0
DE1,ocgt,2021-02-07T21:00:00,1.0,808.2966832890947
DE1,offwind,2021-01-25T00:00:00,1.0,813.12
DE1,offwind,2021-01-25T03:00:00,1.0,885.456
DE1,offwind,2021-01-25T06:00:00,1.0,956.736
DE1,offwind,2021-01-25T09:00:00,1.0,1025.904
DE1,offwind,2021-01-25T12:00:00,1.0,0.0
DE1,offwind,2021-01-25T15:00:00,1.0,0.0
DE1,offwind,2021-01-25T18:00:00,1.0,1208.944
DE1,offwind,2021-01-25T21:00:00,1.0,1258.928
DE1,offwind,2021-01-26T00:00:00,1.0,0.0
DE1,offwind,2021-01-26T03:00:00,1.0,1383.536
DE1,offwind,2021-01-26T06:00:00,1.0,1392.688
DE1,offwind,2021-01-26T09:00:00,1.0,0.0
DE1,offwind,2021-01-26T12:00:00,1.0,0.0
DE1,offwind,2021-01-26T15:00:00,1.0,0.0
DE1,offwind,2021-01-26T18:00:00,1.0,1339.712
DE1,offwind,2021-01-26T21:00:00,1.0,1304.8639999999998
DE1,offwind,2021-01-27T00:00:00,1.0,1154.56
DE1,offwind,2021-01-27T03:00:00,1.0,1093.312
DE1,offwind,2021-01-27T06:00:00,1.0,1027.664
DE1,offwind,2021-01-27T09:00:00,1.0,958.6719999999999
DE1,offwind,2021-01-27T12:00:00,1.0,0.0
DE1,offwind,2021-01-27T15:00:00,1.0,815.056
DE1,offwind,2021-01-27T18:00:00,1.0,742.544
DE1,offwind,2021-01-27T21:00:00,1.0,671.264
DE1,offwind,2021-01-28T00:00:00,1.0,471.68
DE1,offwind,2021-01-28T03:00:00,1.0,415.88800000000003
DE1,offwind,2021-01-28T06:00:00,1.0,366.08
DE1,offwind,2021-01-28T09:00:00,1.0,323.312
DE1,offwind,2021-01-28T12:00:00,1.0,288.288
DE1,offwind,2021-01-28T15:00:00,1.0,261.36
DE1,offwind,2021-01-28T18:00:00,1.0,243.056
DE1,offwind,2021-01-28T21:00:00,1.0,233.728
DE1,offwind,2021-01-29T00:00:00,1.0,260.832
DE1,offwind,2021-01-29T03:00:00,1.0,287.408
DE1,offwind,2021-01-29T06:00:00,1.0,322.25600000000003
DE1,offwind,2021-01-29T09:00:00,1.0,364.848
DE1,offwind,2021-01-29T12:00:00,1.0,414.47999999999996
DE1,offwind,2021-01-29T15:00:00,1.0,470.096
DE1,offwind,2021-01-29T18:00:00,1.0,531.344
DE1,offwind,2021-01-29T21:00:00,1.0,596.816
DE1,offwind,2021-01-30T00:00:00,1.0,813.12
DE1,offwind,2021-01-30T03:00:00,1.0,885.456
DE1,offwind,2021-01-30T06:00:00,1.0,956.736
DE1,offwind,2021-01-30T09:00:00,1.0,1025.904
DE1,offwind,2021-01-30T12:00:00,1.0,0.0
DE1,offwind,2021-01-30T15:00:00,1.0,1152.976
DE1,offwind,2021-01-30T18:00:00,1.0,1208.944
DE1,offwind,2021-01-30T21:00:00,1.0,1258.928
DE1,offwind,2021-01-31T00:00:00,1.0,1365.4080000000001
DE1,offwind,2021-01-31T03:00:00,1.0,1383.536
DE1,offwind,2021-01-31T06:00:00,1.0,1392.688
DE1,offwind,2021-01-31T09:00:00,1.0,0.0
DE1,offwind,2021-01-31T12:00:00,1.0,0.0
DE1,offwind,2021-01-31T15:00:00,1.0,0.0
DE1,offwind,2021-01-31T18:00:00,1.0,1339.712
DE1,offwind,2021-01-31T21:00:00,1.0,1304.8639999999998
DE1,offwind,2021-02-01T00:00:00,1.0,1154.56
DE1,offwind,2021-02-01T03:00:00,1.0,1093.312
DE1,offwind,2021-02-01T06:00:00,1.0,1027.664
DE1,offwind,2021-02-01T09:00:00,1.0,0.0
DE1,offwind,2021-02-01T12:00:00,1.0,0.0
DE1,offwind,2021-02-01T15:00:00,1.0,815.056
DE1,offwind,2021-02-01T18:00:00,1.0,742.544
DE1,offwind,2021-02-01T21:00:00,1.0,671.264
DE1,offwind,2021-02-02T00:00:00,1.0,471.68
DE1,offwind,2021-02-02T03:00:00,1.0,415.88800000000003
DE1,offwind,2021-02-02T06:00:00,1.0,366.08
DE1,offwind,2021-02-02T09:00:00,1.0,323.312
DE1,offwind,2021-02-02T12:00:00,1.0,288.288
DE1,offwind,2021-02-02T15:00:00,1.0,261.36
DE1,offwind,2021-02-02T18:00:00,1.0,243.056
DE1,offwind,2021-02-02T21:00:00,1.0,233.728
DE1,offwind,2021-02-03T00:00:00,1.0,260.832
DE1,offwind,2021-02-03T03:00:00,1.0,287.408
DE1,offwind,2021-02-03T06:00:00,1.0,322.25600000000003
DE1,offwind,2021-02-03T09:00:00,1.0,364.848
DE1,offwind,2021-02-03T12:00:00,1.0,414.47999999999996
DE1,offwind,2021-02-03T15:00:00,1.0,470.096
DE1,offwind,2021-02-03T18:00:00,1.0,531.344
DE1,offwind,2021-02-03T21:00:00,1.0,596.816
DE1,offwind,2021-02-04T00:00:00,1.0,813.12
DE1,offwind,2021-02-04T03:00:00,1.0,885.456
DE1,offwind,2021-02-04T06:00:00,1.0,956.736
DE1,offwind,2021-02-04T09:00:00,1.0,0.0
DE1,offwind,2021-02-04T12:00:00,1.0,0.0
DE1,offwind,2021-02-04T15:00:00,1.0,0.0
DE1,offwind,2021-02-04T18:00:00,1.0,1208.944
DE1,offwind,2021-02-04T21:00:00,1.0,1258.928
DE1,offwind,2021-02-05T00:00:00,1.0,1365.4080000000001
DE1,offwind,2021-02-05T03:00:00,1.0,1383.536
DE1,offwind,2021-02-05T06:00:00,1.0,1392.688
DE1,offwind,2021-02-05T09:00:00,1.0,1392.864
DE1,offwind,2021-02-05T12:00:00,1.0,0.0
DE1,offwind,2021-02-05T15:00:00,1.0,1366.112
DE1,offwind,2021-02-05T18:00:00,1.0,1339.712
DE1,offwind,2021-02-05T21:00:00,1.0,1304.8639999999998
DE1,offwind,2021-02-06T00:00:00,1.0,1154.56
DE1,offwind,2021-02-06T03:00:00,1.0,1093.312
DE1,offwind,2021-02-06T06:00:00,1.0,1027.664
DE1,offwind,2021-02-06T09:00:00,1.0,0.0
DE1,offwind,2021-02-06T12:00:00,1.0,0.0
DE1,offwind,2021-02-06T15:00:00,1.0,815.056
DE1,offwind,2021-02-06T18:00:00,1.0,742.544
DE1,offwind,2021-02-06T21:00:00,1.0,671.264
DE1,offwind,2021-02-07T00:00:00,1.0,471.68
DE1,offwind,2021-02-07T03:00:00,1.0,415.88800000000003
DE1,offwind,2021-02-07T06:00:00,1.0,366.08
DE1,offwind,2021-02-07T09:00:00,1.0,323.312
DE1,offwind,2021-02-07T12:00:00,1.0,288.288
DE1,offwind,2021-02-07T15:00:00,1.0,261.36
DE1,offwind,2021-02-07T18:00:00,1.0,243.056
DE1,offwind,2021-02-07T21:00:00,1.0,233.728
DE1,onwind,2021-01-25T00:00:00,1.0,5897.96464511569
DE1,onwind,2021-01-25T03:00:00,1.0,6423.164353990277
DE1,onwind,2021-01-25T06:00:00,1.0,6939.938399086127
DE1,onwind,2021-01-25T09:00:00,1.0,0.0
DE1,onwind,2021-01-25T12:00:00,1.0,0.0
DE1,onwind,2021-01-25T15:00:00,1.0,8362.471300396173
DE1,onwind,2021-01-25T18:00:00,1.0,8769.711716368449
DE1,onwind,2021-01-25T21:00:00,1.0,9132.015258854126
DE1,onwind,2021-01-26T00:00:00,1.0,7480.873776979784
DE1,onwind,2021-01-26T03:00:00,1.0,10034.96556047541
DE1,onwind,2021-01-26T06:00:00,1.0,10102.370870705303
DE1,onwind,2021-01-26T09:00:00,1.0,0.0
DE1,onwind,2021-01-26T12:00:00,1.0,0.0
DE1,onwind,2021-01-26T15:00:00,1.0,9908.580603794358
DE1,onwind,2021-01-26T18:00:00,1.0,9717.598891476326
DE1,onwind,2021-01-26T21:00:00,1.0,9464.828978114227
DE1,onwind,2021-01-27T00:00:00,1.0,8373.705518767823
DE1,onwind,2021-01-27T03:00:00,1.0,7929.95389308769
DE1,onwind,2021-01-27T06:00:00,1.0,7453.903889589067
DE1,onwind,2021-01-27T09:00:00,1.0,6953.981172050689
DE1,onwind,2021-01-27T12:00:00,1.0,0.0
DE1,onwind,2021-01-27T15:00:00,1.0,5912.00741808025
DE1,onwind,2021-01-27T18:00:00,1.0,5386.807709205663
DE1,onwind,2021-01-27T21:00:00,1.0,4868.629386813356
DE1,onwind,2021-01-28T00:00:00,1.0,3422.2237714635557
DE1,onwind,2021-01-28T03:00:00,1.0,3016.3876327877383
DE1,onwind,2021-01-28T06:00:00,1.0,2655.488367598516
DE1,onwind,2021-01-28T09:00:00,1.0,2345.143085081715
DE1,onwind,2021-01-28T12:00:00,1.0,2090.9688944231575
DE1,onwind,2021-01-28T15:00:00,1.0,1895.7743502157575
DE1,onwind,2021-01-28T18:00:00,1.0,1762.3680070524263
DE1,onwind,2021-01-28T21:00:00,1.0,1694.9626968225327
DE1,onwind,2021-01-29T00:00:00,1.0,1891.5615183263888
DE1,onwind,2021-01-29T03:00:00,1.0,2085.351785237333
DE1,onwind,2021-01-29T06:00:00,1.0,2338.1216985994342
DE1,onwind,2021-01-29T09:00:00,1.0,2647.06270381978
DE1,onwind,2021-01-29T12:00:00,1.0,3006.5576917125454
DE1,onwind,2021-01-29T15:00:00,1.0,3410.989553091907
DE1,onwind,2021-01-29T18:00:00,1.0,3853.3369014755835
DE1,onwind,2021-01-29T21:00:00,1.0,4329.386904974208
DE1,onwind,2021-01-30T00:00:00,1.0,5897.96464511569
DE1,onwind,2021-01-30T03:00:00,1.0,6423.164353990277
DE1,onwind,2021-01-30T06:00:00,1.0,6939.938399086127
DE1,onwind,2021-01-30T09:00:00,1.0,7441.265393920962
DE1,onwind,2021-01-30T12:00:00,1.0,0.0
DE1,onwind,2021-01-30T15:00:00,1.0,0.0
DE1,onwind,2021-01-30T18:00:00,1.0,8769.711716368449
DE1,onwind,2021-01-30T21:00:00,1.0,9132.015258854126
DE1,onwind,2021-01-31T00:00:00,1.0,9904.36777190499
DE1,onwind,2021-01-31T03:00:00,1.0,10034.96556047541
DE1,onwind,2021-01-31T06:00:00,1.0,10102.370870705303
DE1,onwind,2021-01-31T09:00:00,1.0,0.0
DE1,onwind,2021-01-31T12:00:00,1.0,0.0
DE1,onwind,2021-01-31T15:00:00,1.0,0.0
DE1,onwind,2021-01-31T18:00:00,1.0,9717.598891476326
DE1,onwind,2021-01-31T21:00:00,1.0,9464.828978114227
DE1,onwind,2021-02-01T00:00:00,1.0,8373.705518767823
DE1,onwind,2021-02-01T03:00:00,1.0,7929.95389308769
DE1,onwind,2021-02-01T06:00:00,1.0,7453.903889589067
DE1,onwind,2021-02-01T09:00:00,1.0,0.0
DE1,onwind,2021-02-01T12:00:00,1.0,0.0
DE1,onwind,2021-02-01T15:00:00,1.0,5912.00741808025
DE1,onwind,2021-02-01T18:00:00,1.0,5386.807709205663
DE1,onwind,2021-02-01T21:00:00,1.0,4868.629386813356
DE1,onwind,2021-02-02T00:00:00,1.0,3422.2237714635557
DE1,onwind,2021-02-02T03:00:00,1.0,3016.3876327877383
DE1,onwind,2021-02-02T06:00:00,1.0,2655.488367598516
DE1,onwind,2021-02-02T09:00:00,1.0,2345.143085081715
DE1,onwind,2021-02-02T12:00:00,1.0,2090.9688944231575
DE1,onwind,2021-02-02T15:00:00,1.0,1895.7743502157575
DE1,onwind,2021-02-02T18:00:00,1.0,1762.3680070524263
DE1,onwind,2021-02-02T21:00:00,1.0,1694.9626968225327
DE1,onwind,2021-02-03T00:00:00,1.0,1891.5615183263888
DE1,onwind,2021-02-03T03:00:00,1.0,2085.351785237333
DE1,onwind,2021-02-03T06:00:00,1.0,2338.1216985994342
DE1,onwind,2021-02-03T09:00:00,1.0,2647.06270381978
DE1,onwind,2021-02-03T12:00:00,1.0,0.0
DE1,onwind,2021-02-03T15:00:00,1.0,3410.989553091907
DE1,onwind,2021-02-03T18:00:00,1.0,3853.3369014755835
DE1,onwind,2021-02-03T21:00:00,1.0,4329.386904974208
DE1,onwind,2021-02-04T00:00:00,1.0,5897.96464511569
DE1,onwind,2021-02-04T03:00:00,1.0,6423.164353990276
DE1,onwind,2021-02-04T06:00:00,1.0,6939.938399086127
DE1,onwind,2021-02-04T09:00:00,1.0,6645.063776979785
DE1,onwind,2021-02-04T12:00:00,1.0,5737.283401654016
DE1,onwind,2021-02-04T15:00:00,1.0,6652.362676979785
DE1,onwind,2021-02-04T18:00:00,1.0,8769.711716368449
DE1,onwind,2021-02-04T21:00:00,1.0,9132.015258854126
DE1,onwind,2021-02-05T00:00:00,1.0,9904.36777190499
DE1,onwind,2021-02-05T03:00:00,1.0,10034.96556047541
DE1,onwind,2021-02-05T06:00:00,1.0,10102.370870705303
DE1,onwind,2021-02-05T09:00:00,1.0,0.0
DE1,onwind,2021-02-05T12:00:00,1.0,0.0
DE1,onwind,2021-02-05T15:00:00,1.0,0.0
DE1,onwind,2021-02-05T18:00:00,1.0,9717.598891476326
DE1,onwind,2021-02-05T21:00:00,1.0,9464.828978114227
DE1,onwind,2021-02-06T00:00:00,1.0,8373.705518767823
DE1,onwind,2021-02-06T03:00:00,1.0,7929.95389308769
DE1,onwind,2021-02-06T06:00:00,1.0,7453.903889589067
DE1,onwind,2021-02-06T09:00:00,1.0,6953.981172050689
DE1,onwind,2021-02-06T12:00:00,1.0,0.0
DE1,onwind,2021-02-06T15:00:00,1.0,5912.00741808025
DE1,onwind,2021-02-06T18:00:00,1.0,5386.807709205663
DE1,onwind,2021-02-06T21:00:00,1.0,4868.629386813356
DE1,onwind,2021-02-07T00:00:00,1.0,3422.2237714635557
DE1,onwind,2021-02-07T03:00:00,1.0,3016.3876327877383
DE1,onwind,2021-02-07T06:00:00,1.0,2655.488367598516
DE1,onwind,2021-02-07T09:00:00,1.0,2345.143085081715
DE1,onwind,2021-02-07T12:00:00,1.0,2090.9688944231575
DE1,onwind,2021-02-07T15:00:00,1.0,1895.7743502157575
DE1,onwind,2021-02-07T18:00:00,1.0,1762.3680070524263
DE1,onwind,2021-02-07T21:00:00,1.0,1694.9626968225327
DE1,solar,2021-01-25T00:00:00,1.0,0.0
DE1,solar,2021-01-25T03:00:00,1.0,0.0
DE1,solar,2021-01-25T06:00:00,1.0,0.0
DE1,solar,2021-01-25T09:00:00,1.0,4277.955
DE1,solar,2021-01-25T12:00:00,1.0,6050.0
DE1,solar,2021-01-25T15:00:00,1.0,4277.955
DE1,solar,2021-01-25T18:00:00,1.0,0.0
DE1,solar,2021-01-25T21:00:00,1.0,0.0
DE1,solar,2021-01-26T00:00:00,1.0,0.0
DE1,solar,2021-01-26T03:00:00,1.0,0.0
DE1,solar,2021-01-26T06:00:00,1.0,0.0
DE1,solar,2021-01-26T09:00:00,1.0,4277.955
DE1,solar,2021-01-26T12:00:00,1.0,6050.0
DE1,solar,2021-01-26T15:00:00,1.0,4277.955
DE1,solar,2021-01-26T18:00:00,1.0,0.0
DE1,solar,2021-01-26T21:00:00,1.0,0.0
DE1,solar,2021-01-27T00:00:00,1.0,0.0
DE1,solar,2021-01-27T03:00:00,1.0,0.0
DE1,solar,2021-01-27T06:00:00,1.0,0.0
DE1,solar,2021-01-27T09:00:00,1.0,4277.955
DE1,solar,2021-01-27T12:00:00,1.0,6050.0
DE1,solar,2021-01-27T15:00:00,1.0,4277.955
DE1,solar,2021-01-27T18:00:00,1.0,0.0
DE1,solar,2021-01-27T21:00:00,1.0,0.0
DE1,solar,2021-01-28T00:00:00,1.0,0.0
DE1,solar,2021-01-28T03:00:00,1.0,0.0
DE1,solar,2021-01-28T06:00:00,1.0,0.0
DE1,solar,2021-01-28T09:00:00,1.0,4277.955
DE1,solar,2021-01-28T12:00:00,1.0,6050.0
DE1,solar,2021-01-28T15:00:00,1.0,4277.955
DE1,solar,2021-01-28T18:00:00,1.0,0.0
DE1,solar,2021-01-28T21:00:00,1.0,0.0
DE1,solar,2021-01-29T00:00:00,1.0,0.0
DE1,solar,2021-01-29T03:00:00,1.0,0.0
DE1,solar,2021-01-29T06:00:00,1.0,0.0
DE1,solar,2021-01-29T09:00:00,1.0,4277.955
DE1,solar,2021-01-29T12:00:00,1.0,6050.0
DE1,solar,2021-01-29T15:00:00,1.0,4277.955
DE1,solar,2021-01-29T18:00:00,1.0,0.0
DE1,solar,2021-01-29T21:00:00,1.0,0.0
DE1,solar,2021-01-30T00:00:00,1.0,0.0
DE1,solar,2021-01-30T03:00:00,1.0,0.0
DE1,solar,2021-01-30T06:00:00,1.0,0.0
DE1,solar,2021-01-30T09:00:00,1.0,4277.955
DE1,solar,2021-01-30T12:00:00,1.0,6050.0
DE1,solar,2021-01-30T15:00:00,1.0,4277.955
DE1,solar,2021-01-30T18:00:00,1.0,0.0
DE1,solar,2021-01-30T21:00:00,1.0,0.0
DE1,solar,2021-01-31T00:00:00,1.0,0.0
DE1,solar,2021-01-31T03:00:00,1.0,0.0
DE1,solar,2021-01-31T06:00:00,1.0,0.0
DE1,solar,2021-01-31T09:00:00,1.0,4277.955
DE1,solar,2021-01-31T12:00:00,1.0,6050.0
DE1,solar,2021-01-31T15:00:00,1.0,4277.955
DE1,solar,2021-01-31T18:00:00,1.0,0.0
DE1,solar,2021-01-31T21:00:00,1.0,0.0
DE1,solar,2021-02-01T00:00:00,1.0,0.0
DE1,solar,2021-02-01T03:00:00,1.0,0.0
DE1,solar,2021-02-01T06:00:00,1.0,0.0
DE1,solar,2021-02-01T09:00:00,1.0,4277.955
DE1,solar,2021-02-01T12:00:00,1.0,6050.0
DE1,solar,2021-02-01T15:00:00,1.0,4277.955
DE1,solar,2021-02-01T18:00:00,1.0,0.0
DE1,solar,2021-02-01T21:00:00,1.0,0.0
DE1,solar,2021-02-02T00:00:00,1.0,0.0
DE1,solar,2021-02-02T03:00:00,1.0,0.0
DE1,solar,2021-02-02T06:00:00,1.0,0.0
DE1,solar,2021-02-02T09:00:00,1.0,4277.955
DE1,solar,2021-02-02T12:00:00,1.0,6050.0
DE1,solar,2021-02-02T15:00:00,1.0,4277.955
DE1,solar,2021-02-02T18:00:00,1.0,0.0
DE1,solar,2021-02-02T21:00:00,1.0,0.0
DE1,solar,2021-02-03T00:00:00,1.0,0.0
DE1,solar,2021-02-03T03:00:00,1.0,0.0
DE1,solar,2021-02-03T06:00:00,1.0,0.0
DE1,solar,2021-02-03T09:00:00,1.0,4277.955
DE1,solar,2021-02-03T12:00:00,1.0,6050.0
DE1,solar,2021-02-03T15:00:00,1.0,4277.955
DE1,solar,2021-02-03T18:00:00,1.0,0.0
DE1,solar,2021-02-03T21:00:00,1.0,0.0
DE1,solar,2021-02-04T00:00:00,1.0,0.0
DE1,solar,2021-02-04T03:00:00,1.0,0.0
DE1,solar,2021-02-04T06:00:00,1.0,0.0
DE1,solar,2021-02-04T09:00:00,1.0,4277.955
DE1,solar,2021-02-04T12:00:00,1.0,6050.0
DE1,solar,2021-02-04T15:00:00,1.0,4277.955
DE1,solar,2021-02-04T18:00:00,1.0,0.0
DE1,solar,2021-02-04T21:00:00,1.0,0.0
DE1,solar,2021-02-05T00:00:00,1.0,0.0
DE1,solar,2021-02-05T03:00:00,1.0,0.0
DE1,solar,2021-02-05T06:00:00,1.0,0.0
DE1,solar,2021-02-05T09:00:00,1.0,4277.955
DE1,solar,2021-02-05T12:00:00,1.0,6050.0
DE1,solar,2021-02-05T15:00:00,1.0,4277.955
DE1,solar,2021-02-05T18:00:00,1.0,0.0
DE1,solar,2021-02-05T21:00:00,1.0,0.0
DE1,solar,2021-02-06T00:00:00,1.0,0.0
DE1,solar,2021-02-06T03:00:00,1.0,0.0
DE1,solar,2021-02-06T06:00:00,1.0,0.0
DE1,solar,2021-02-06T09:00:00,1.0,4277.955
DE1,solar,2021-02-06T12:00:00,1.0,6050.0
DE1,solar,2021-02-06T15:00:00,1.0,4277.955
DE1,solar,2021-02-06T18:00:00,1.0,0.0
DE1,solar,2021-02-06T21:00:00,1.0,0.0
DE1,solar,2021-02-07T00:00:00,1.0,0.0
DE1,solar,2021-02-07T03:00:00,1.0,0.0
DE1,solar,2021-02-07T06:00:00,1.0,0.0
DE1,solar,2021-02-07T09:00:00,1.0,4277.955
DE1,solar,2021-02-07T12:00:00,1.0,6050.0
DE1,solar,2021-02-07T15:00:00,1.0,4277.955
DE1,solar,2021-02-07T18:00:00,1.0,0.0
DE1,solar,2021-02-07T21:00:00,1.0,0.0
DE2,ccgt,2021-01-25T00:00:00,1.0,3775.998123020215
DE2,ccgt,2021-01-25T03:00:00,1.0,11502.290446009718
DE2,ccgt,2021-01-25T06:00:00,1.0,12586.660410067385
DE2,ccgt,2021-01-25T09:00:00,1.0,3775.998123020215
DE2,ccgt,2021-01-25T12:00:00,1.0,3775.998123020215
DE2,ccgt,2021-01-25T15:00:00,1.0,3775.998123020215
DE2,ccgt,2021-01-25T18:00:00,1.0,3775.998123020215
DE2,ccgt,2021-01-25T21:00:00,1.0,3775.998123020215
DE2,ccgt,2021-01-26T00:00:00,1.0,3775.998123020215
DE2,ccgt,2021-01-26T03:00:00,1.0,3775.998123020215
DE2,ccgt,2021-01-26T06:00:00,1.0,3775.998123020215
DE2,ccgt,2021-01-26T09:00:00,1.0,3775.998123020215
DE2,ccgt,2021-01-26T12:00:00,1.0,3775.998123020215
DE2,ccgt,2021-01-26T15:00:00,1.0,3775.998123020215
DE2,ccgt,2021-01-26T18:00:00,1.0,3775.998123020215
DE2,ccgt,2021-01-26T21:00:00,1.0,3775.998123020215
DE2,ccgt,2021-01-27T00:00:00,1.0,3775.998123020215
DE2,ccgt,2021-01-27T03:00:00,1.0,3775.998123020215
DE2,ccgt,2021-01-27T06:00:00,1.0,9491.189052971431
DE2,ccgt,2021-01-27T09:00:00,1.0,3775.998123020215
DE2,ccgt,2021-01-27T12:00:00,1.0,3775.998123020215
DE2,ccgt,2021-01-27T15:00:00,1.0,3775.998123020215
DE2,ccgt,2021-01-27T18:00:00,1.0,12586.660410067385
DE2,ccgt,2021-01-27T21:00:00,1.0,3967.61161318664
DE2,ccgt,2021-01-28T00:00:00,1.0,10581.823707949608
DE2,ccgt,2021-01-28T03:00:00,1.0,12586.660410067385
DE2,ccgt,2021-01-28T06:00:00,1.0,12586.660410067385
DE2,ccgt,2021-01-28T09:00:00,1.0,3775.998123020215
DE2,ccgt,2021-01-28T12:00:00,1.0,3775.998123020215
DE2,ccgt,2021-01-28T15:00:00,1.0,11699.547339936225
DE2,ccgt,2021-01-28T18:00:00,1.0,12586.660410067385
DE2,ccgt,2021-01-28T21:00:00,1.0,12586.660410067385
DE2,ccgt,2021-01-29T00:00:00,1.0,12586.660410067385
DE2,ccgt,2021-01-29T03:00:00,1.0,12586.660410067385
DE2,ccgt,2021-01-29T06:00:00,1.0,12586.660410067385
DE2,ccgt,2021-01-29T09:00:00,1.0,3775.998123020215
DE2,ccgt,2021-01-29T12:00:00,1.0,3775.998123020215
DE2,ccgt,2021-01-29T15:00:00,1.0,3775.998123020215
DE2,ccgt,2021-01-29T18:00:00,1.0,12586.660410067385
DE2,ccgt,2021-01-29T21:00:00,1.0,12586.660410067385
DE2,ccgt,2021-01-30T00:00:00,1.0,9578.94535488431
DE2,ccgt,2021-01-30T03:00:00,1.0,12586.660410067385
DE2,ccgt,2021-01-30T06:00:00,1.0,12586.660410067385
DE2,ccgt,2021-01-30T09:00:00,1.0,3775.998123020215
DE2,ccgt,2021-01-30T12:00:00,1.0,3775.998123020215
DE2,ccgt,2021-01-30T15:00:00,1.0,3775.998123020215
DE2,ccgt,2021-01-30T18:00:00,1.0,3775.998123020215
DE2,ccgt,2021-01-30T21:00:00,1.0,3775.998123020215
DE2,ccgt,2021-01-31T00:00:00,1.0,3775.998123020215
DE2,ccgt,2021-01-31T03:00:00,1.0,3775.998123020215
DE2,ccgt,2021-01-31T06:00:00,1.0,3775.998123020215
DE2,ccgt,2021-01-31T09:00:00,1.0,3775.998123020215
DE2,ccgt,2021-01-31T12:00:00,1.0,3775.998123020215
DE2,ccgt,2021-01-31T15:00:00,1.0,3775.998123020215
DE2,ccgt,2021-01-31T18:00:00,1.0,3775.998123020215
DE2,ccgt,2021-01-31T21:00:00,1.0,3775.998123020215
DE2,ccgt,2021-02-01T00:00:00,1.0,3775.998123020215
DE2,ccgt,2021-02-01T03:00:00,1.0,3775.998123020215
DE2,ccgt,2021-02-01T06:00:00,1.0,3775.998123020215
DE2,ccgt,2021-02-01T09:00:00,1.0,3775.998123020215
DE2,ccgt,2021-02-01T12:00:00,1.0,3775.998123020215
DE2,ccgt,2021-02-01T15:00:00,1.0,3775.998123020215
DE2,ccgt,2021-02-01T18:00:00,1.0,12586.660410067385
DE2,ccgt,2021-02-01T21:00:00,1.0,4813.001613186641
DE2,ccgt,2021-02-02T00:00:00,1.0,12586.660410067385
DE2,ccgt,2021-02-02T03:00:00,1.0,12586.660410067385
DE2,ccgt,2021-02-02T06:00:00,1.0,12586.660410067385
DE2,ccgt,2021-02-02T09:00:00,1.0,3775.998123020215
DE2,ccgt,2021-02-02T12:00:00,1.0,3775.998123020215
DE2,ccgt,2021-02-02T15:00:00,1.0,7730.861194400193
DE2,ccgt,2021-02-02T18:00:00,1.0,12586.660410067385
DE2,ccgt,2021-02-02T21:00:00,1.0,12586.660410067385
DE2,ccgt,2021-02-03T00:00:00,1.0,12586.660410067385
DE2,ccgt,2021-02-03T03:00:00,1.0,12586.660410067385
DE2,ccgt,2021-02-03T06:00:00,1.0,12586.660410067385
DE2,ccgt,2021-02-03T09:00:00,1.0,3775.998123020215
DE2,ccgt,2021-02-03T12:00:00,1.0,3775.998123020215
DE2,ccgt,2021-02-03T15:00:00,1.0,3775.998123020215
DE2,ccgt,2021-02-03T18:00:00,1.0,10309.787283791657
DE2,ccgt,2021-02-03T21:00:00,1.0,12586.660410067385
DE2,ccgt,2021-02-04T00:00:00,1.0,8967.019154884309
DE2,ccgt,2021-02-04T03:00:00,1.0,4970.183746009721
DE2,ccgt,2021-02-04T06:00:00,1.0,3775.998123020215
DE2,ccgt,2021-02-04T09:00:00,1.0,3775.998123020215
DE2,ccgt,2021-02-04T12:00:00,1.0,3775.998123020215
DE2,ccgt,2021-02-04T15:00:00,1.0,3775.998123020215
DE2,ccgt,2021-02-04T18:00:00,1.0,3775.998123020215
DE2,ccgt,2021-02-04T21:00:00,1.0,3775.998123020215
DE2,ccgt,2021-02-05T00:00:00,1.0,3775.998123020215
DE2,ccgt,2021-02-05T03:00:00,1.0,3775.998123020215
DE2,ccgt,2021-02-05T06:00:00,1.0,3775.998123020215
DE2,ccgt,2021-02-05T09:00:00,1.0,3775.998123020215
DE2,ccgt,2021-02-05T12:00:00,1.0,3775.998123020215
DE2,ccgt,2021-02-05T15:00:00,1.0,3775.998123020215
DE2,ccgt,2021-02-05T18:00:00,1.0,3775.998123020215
DE2,ccgt,2021-02-05T21:00:00,1.0,3775.998123020215
DE2,ccgt,2021-02-06T00:00:00,1.0,3775.998123020215
DE2,ccgt,2021-02-06T03:00:00,1.0,3775.998123020215
DE2,ccgt,2021-02-06T06:00:00,1.0,12586.660410067385
DE2,ccgt,2021-02-06T09:00:00,1.0,3775.998123020215
DE2,ccgt,2021-02-06T12:00:00,1.0,3775.998123020215
DE2,ccgt,2021-02-06T15:00:00,1.0,3775.998123020215
DE2,ccgt,2021-02-06T18:00:00,1.0,11021.742290794336
DE2,ccgt,2021-02-06T21:00:00,1.0,12036.100613186643
DE2,ccgt,2021-02-07T00:00:00,1.0,12586.660410067385
DE2,ccgt,2021-02-07T03:00:00,1.0,12586.660410067385
DE2,ccgt,2021-02-07T06:00:00,1.0,12586.660410067385
DE2,ccgt,2021-02-07T09:00:00,1.0,3775.998123020215
DE2,ccgt,2021-02-07T12:00:00,1.0,3775.998123020215
DE2,ccgt,2021-02-07T15:00:00,1.0,12586.660410067385
DE2,ccgt,2021-02-07T18:00:00,1.0,12586.660410067385
DE2,ccgt,2021-02-07T21:00:00,1.0,12586.660410067385
DE2,ocgt,2021-01-25T00:00:00,1.0,0.0
DE2,ocgt,2021-01-25T03:00:00,1.0,0.0
DE2,ocgt,2021-01-25T06:00:00,1.0,0.0
DE2,ocgt,2021-01-25T09:00:00,1.0,0.0
DE2,ocgt,2021-01-25T12:00:00,1.0,0.0
DE2,ocgt,2021-01-25T15:00:00,1.0,0.0
DE2,ocgt,2021-01-25T18:00:00,1.0,0.0
DE2,ocgt,2021-01-25T21:00:00,1.0,0.0
DE2,ocgt,2021-01-26T00:00:00,1.0,0.0
DE2,ocgt,2021-01-26T03:00:00,1.0,0.0
DE2,ocgt,2021-01-26T06:00:00,1.0,0.0
DE2,ocgt,2021-01-26T09:00:00,1.0,0.0
DE2,ocgt,2021-01-26T12:00:00,1.0,0.0
DE2,ocgt,2021-01-26T15:00:00,1.0,0.0
DE2,ocgt,2021-01-26T18:00:00,1.0,0.0
DE2,ocgt,2021-01-26T21:00:00,1.0,0.0
DE2,ocgt,2021-01-27T00:00:00,1.0,0.0
DE2,ocgt,2021-01-27T03:00:00,1.0,0.0
DE2,ocgt,2021-01-27T06:00:00,1.0,0.0
DE2,ocgt,2021-01-27T09:00:00,1.0,0.0
DE2,ocgt,2021-01-27T12:00:00,1.0,0.0
DE2,ocgt,2021-01-27T15:00:00,1.0,0.0
DE2,ocgt,2021-01-27T18:00:00,1.0,0.0
DE2,ocgt,2021-01-27T21:00:00,1.0,0.0
DE2,ocgt,2021-01-28T00:00:00,1.0,0.0
DE2,ocgt,2021-01-28T03:00:00,1.0,0.0
DE2,ocgt,2021-01-28T06:00:00,1.0,695.8120963125036
DE2,ocgt,2021-01-28T09:00:00,1.0,0.0
DE2,ocgt,2021-01-28T12:00:00,1.0,0.0
DE2,ocgt,2021-01-28T15:00:00,1.0,0.0
DE2,ocgt,2021-01-28T18:00:00,1.0,920.0
DE2,ocgt,2021-01-28T21:00:00,1.0,920.0
DE2,ocgt,2021-01-29T00:00:00,1.0,920.0
DE2,ocgt,2021-01-29T03:00:00,1.0,920.0
DE2,ocgt,2021-01-29T06:00:00,1.0,920.0
DE2,ocgt,2021-01-29T09:00:00,1.0,0.0
DE2,ocgt,2021-01-29T12:00:00,1.0,0.0
DE2,ocgt,2021-01-29T15:00:00,1.0,0.0
DE2,ocgt,2021-01-29T18:00:00,1.0,0.0
DE2,ocgt,2021-01-29T21:00:00,1.0,0.0
DE2,ocgt,2021-01-30T00:00:00,1.0,0.0
DE2,ocgt,2021-01-30T03:00:00,1.0,0.0
DE2,ocgt,2021-01-30T06:00:00,1.0,0.0
DE2,ocgt,2021-01-30T09:00:00,1.0,0.0
DE2,ocgt,2021-01-30T12:00:00,1.0,0.0
DE2,ocgt,2021-01-30T15:00:00,1.0,0.0
DE2,ocgt,2021-01-30T18:00:00,1.0,0.0
DE2,ocgt,2021-01-30T21:00:00,1.0,0.0
DE2,ocgt,2021-01-31T00:00:00,1.0,0.0
DE2,ocgt,2021-01-31T03:00:00,1.0,0.0
DE2,ocgt,2021-01-31T06:00:00,1.0,0.0
DE2,ocgt,2021-01-31T09:00:00,1.0,0.0
DE2,ocgt,2021-01-31T12:00:00,1.0,0.0
DE2,ocgt,2021-01-31T15:00:00,1.0,0.0
DE2,ocgt,2021-01-31T18:00:00,1.0,0.0
DE2,ocgt,2021-01-31T21:00:00,1.0,0.0
DE2,ocgt,2021-02-01T00:00:00,1.0,0.0
DE2,ocgt,2021-02-01T03:00:00,1.0,0.0
DE2,ocgt,2021-02-01T06:00:00,1.0,0.0
DE2,ocgt,2021-02-01T09:00:00,1.0,0.0
DE2,ocgt,2021-02-01T12:00:00,1.0,0.0
DE2,ocgt,2021-02-01T15:00:00,1.0,0.0
DE2,ocgt,2021-02-01T18:00:00,1.0,0.0
DE2,ocgt,2021-02-01T21:00:00,1.0,0.0
DE2,ocgt,2021-02-02T00:00:00,1.0,0.0
DE2,ocgt,2021-02-02T03:00:00,1.0,0.0
DE2,ocgt,2021-02-02T06:00:00,1.0,0.0
DE2,ocgt,2021-02-02T09:00:00,1.0,0.0
DE2,ocgt,2021-02-02T12:00:00,1.0,0.0
DE2,ocgt,2021-02-02T15:00:00,1.0,0.0
DE2,ocgt,2021-02-02T18:00:00,1.0,0.0
DE2,ocgt,2021-02-02T21:00:00,1.0,920.0
DE2,ocgt,2021-02-03T00:00:00,1.0,0.0
DE2,ocgt,2021-02-03T03:00:00,1.0,0.0
DE2,ocgt,2021-02-03T06:00:00,1.0,920.0
DE2,ocgt,2021-02-03T09:00:00,1.0,0.0
DE2,ocgt,2021-02-03T12:00:00,1.0,0.0
DE2,ocgt,2021-02-03T15:00:00,1.0,0.0
DE2,ocgt,2021-02-03T18:00:00,1.0,0.0
DE2,ocgt,2021-02-03T21:00:00,1.0,0.0
DE2,ocgt,2021-02-04T00:00:00,1.0,0.0
DE2,ocgt,2021-02-04T03:00:00,1.0,0.0
DE2,ocgt,2021-02-04T06:00:00,1.0,0.0
DE2,ocgt,2021-02-04T09:00:00,1.0,0.0
DE2,ocgt,2021-02-04T12:00:00,1.0,0.0
DE2,ocgt,2021-02-04T15:00:00,1.0,0.0
DE2,ocgt,2021-02-04T18:00:00,1.0,0.0
DE2,ocgt,2021-02-04T21:00:00,1.0,0.0
DE2,ocgt,2021-02-05T00:00:00,1.0,0.0
DE2,ocgt,2021-02-05T03:00:00,1.0,0.0
DE2,ocgt,2021-02-05T06:00:00,1.0,0.0
DE2,ocgt,2021-02-05T09:00:00,1.0,0.0
DE2,ocgt,2021-02-05T12:00:00,1.0,0.0
DE2,ocgt,2021-02-05T15:00:00,1.0,0.0
DE2,ocgt,2021-02-05T18:00:00,1.0,0.0
DE2,ocgt,2021-02-05T21:00:00,1.0,0.0
DE2,ocgt,2021-02-06T00:00:00,1.0,0.0
DE2,ocgt,2021-02-06T03:00:00,1.0,0.0
DE2,ocgt,2021-02-06T06:00:00,1.0,0.0
DE2,ocgt,2021-02-06T09:00:00,1.0,0.0
DE2,ocgt,2021-02-06T12:00:00,1.0,0.0
DE2,ocgt,2021-02-06T15:00:00,1.0,0.0
DE2,ocgt,2021-02-06T18:00:00,1.0,0.0
DE2,ocgt,2021-02-06T21:00:00,1.0,0.0
DE2,ocgt,2021-02-07T00:00:00,1.0,0.0
DE2,ocgt,2021-02-07T03:00:00,1.0,0.0
DE2,ocgt,2021-02-07T06:00:00,1.0,920.0
DE2,ocgt,2021-02-07T09:00:00,1.0,0.0
DE2,ocgt,2021-02-07T12:00:00,1.0,0.0
DE2,ocgt,2021-02-07T15:00:00,1.0,0.0
DE2,ocgt,2021-02-07T18:00:00,1.0,0.0
DE2,ocgt,2021-02-07T21:00:00,1.0,920.0
DE2,offwind,2021-01-25T00:00:00,1.0,1034.88
DE2,offwind,2021-01-25T03:00:00,1.0,1126.944
DE2,offwind,2021-01-25T06:00:00,1.0,1217.664
DE2,offwind,2021-01-25T09:00:00,1.0,1305.696
DE2,offwind,2021-01-25T12:00:00,1.0,0.0
DE2,offwind,2021-01-25T15:00:00,1.0,0.0
DE2,offwind,2021-01-25T18:00:00,1.0,1538.656
DE2,offwind,2021-01-25T21:00:00,1.0,1602.2720000000002
DE2,offwind,2021-01-26T00:00:00,1.0,1737.7920000000001
DE2,offwind,2021-01-26T03:00:00,1.0,1760.864
DE2,offwind,2021-01-26T06:00:00,1.0,1772.512
DE2,offwind,2021-01-26T09:00:00,1.0,1772.7359999999999
DE2,offwind,2021-01-26T12:00:00,1.0,10.727580718759782
DE2,offwind,2021-01-26T15:00:00,1.0,112.4340731854254
DE2,offwind,2021-01-26T18:00:00,1.0,1705.088
DE2,offwind,2021-01-26T21:00:00,1.0,1660.7359999999999
DE2,offwind,2021-01-27T00:00:00,1.0,1469.44
DE2,offwind,2021-01-27T03:00:00,1.0,1391.4879999999998
DE2,offwind,2021-01-27T06:00:00,1.0,1307.936
DE2,offwind,2021-01-27T09:00:00,1.0,0.0
DE2,offwind,2021-01-27T12:00:00,1.0,1129.408
DE2,offwind,2021-01-27T15:00:00,1.0,1037.344
DE2,offwind,2021-01-27T18:00:00,1.0,945.056
DE2,offwind,2021-01-27T21:00:00,1.0,854.336
DE2,offwind,2021-01-28T00:00:00,1.0,600.32
DE2,offwind,2021-01-28T03:00:00,1.0,529.312
DE2,offwind,2021-01-28T06:00:00,1.0,465.91999999999996
DE2,offwind,2021-01-28T09:00:00,1.0,411.488
DE2,offwind,2021-01-28T12:00:00,1.0,366.912
DE2,offwind,2021-01-28T15:00:00,1.0,332.64
DE2,offwind,2021-01-28T18:00:00,1.0,309.344
DE2,offwind,2021-01-28T21:00:00,1.0,297.472
DE2,offwind,2021-01-29T00:00:00,1.0,331.968
DE2,offwind,2021-01-29T03:00:00,1.0,365.79200000000003
DE2,offwind,2021-01-29T06:00:00,1.0,410.144
DE2,offwind,2021-01-29T09:00:00,1.0,464.35200000000003
DE2,offwind,2021-01-29T12:00:00,1.0,527.52
DE2,offwind,2021-01-29T15:00:00,1.0,598.304
DE2,offwind,2021-01-29T18:00:00,1.0,676.256
DE2,offwind,2021-01-29T21:00:00,1.0,759.5840000000001
DE2,offwind,2021-01-30T00:00:00,1.0,1034.88
DE2,offwind,2021-01-30T03:00:00,1.0,1126.944
DE2,offwind,2021-01-30T06:00:00,1.0,1217.664
DE2,offwind,2021-01-30T09:00:00,1.0,1305.696
DE2,offwind,2021-01-30T12:00:00,1.0,1389.248
DE2,offwind,2021-01-30T15:00:00,1.0,1467.424
DE2,offwind,2021-01-30T18:00:00,1.0,1538.656
DE2,offwind,2021-01-30T21:00:00,1.0,1602.2720000000002
DE2,offwind,2021-01-31T00:00:00,1.0,1737.7920000000001
DE2,offwind,2021-01-31T03:00:00,1.0,1760.864
DE2,offwind,2021-01-31T06:00:00,1.0,1772.512
DE2,offwind,2021-01-31T09:00:00,1.0,0.0
DE2,offwind,2021-01-31T12:00:00,1.0,1761.312
DE2,offwind,2021-01-31T15:00:00,1.0,0.0
DE2,offwind,2021-01-31T18:00:00,1.0,1705.088
DE2,offwind,2021-01-31T21:00:00,1.0,1660.7359999999999
DE2,offwind,2021-02-01T00:00:00,1.0,1469.44
DE2,offwind,2021-02-01T03:00:00,1.0,1391.4879999999998
DE2,offwind,2021-02-01T06:00:00,1.0,1307.936
DE2,offwind,2021-02-01T09:00:00,1.0,0.0
DE2,offwind,2021-02-01T12:00:00,1.0,0.0
DE2,offwind,2021-02-01T15:00:00,1.0,1037.344
DE2,offwind,2021-02-01T18:00:00,1.0,945.056
DE2,offwind,2021-02-01T21:00:00,1.0,854.336
DE2,offwind,2021-02-02T00:00:00,1.0,600.32
DE2,offwind,2021-02-02T03:00:00,1.0,529.312
DE2,offwind,2021-02-02T06:00:00,1.0,465.91999999999996
DE2,offwind,2021-02-02T09:00:00,1.0,411.488
DE2,offwind,2021-02-02T12:00:00,1.0,366.912
DE2,offwind,2021-02-02T15:00:00,1.0,332.64
DE2,offwind,2021-02-02T18:00:00,1.0,309.344
DE2,offwind,2021-02-02T21:00:00,1.0,297.472
DE2,offwind,2021-02-03T00:00:00,1.0,331.968
DE2,offwind,2021-02-03T03:00:00,1.0,365.79200000000003
DE2,offwind,2021-02-03T06:00:00,1.0,410.144
DE2,offwind,2021-02-03T09:00:00,1.0,464.35200000000003
DE2,offwind,2021-02-03T12:00:00,1.0,527.52
DE2,offwind,2021-02-03T15:00:00,1.0,598.304
DE2,offwind,2021-02-03T18:00:00,1.0,676.256
DE2,offwind,2021-02-03T21:00:00,1.0,759.5840000000001
DE2,offwind,2021-02-04T00:00:00,1.0,1034.88
DE2,offwind,2021-02-04T03:00:00,1.0,1126.944
DE2,offwind,2021-02-04T06:00:00,1.0,1217.664
DE2,offwind,2021-02-04T09:00:00,1.0,1305.696
DE2,offwind,2021-02-04T12:00:00,1.0,0.0
DE2,offwind,2021-02-04T15:00:00,1.0,1467.424
DE2,offwind,2021-02-04T18:00:00,1.0,1538.656
DE2,offwind,2021-02-04T21:00:00,1.0,1602.2720000000002
DE2,offwind,2021-02-05T00:00:00,1.0,1737.7920000000001
DE2,offwind,2021-02-05T03:00:00,1.0,1760.864
DE2,offwind,2021-02-05T06:00:00,1.0,1772.512
DE2,offwind,2021-02-05T09:00:00,1.0,1772.7359999999999
DE2,offwind,2021-02-05T12:00:00,1.0,1761.312
DE2,offwind,2021-02-05T15:00:00,1.0,1738.688
DE2,offwind,2021-02-05T18:00:00,1.0,1705.088
DE2,offwind,2021-02-05T21:00:00,1.0,1660.7359999999999
DE2,offwind,2021-02-06T00:00:00,1.0,1469.44
DE2,offwind,2021-02-06T03:00:00,1.0,1391.4879999999998
DE2,offwind,2021-02-06T06:00:00,1.0,1307.936
DE2,offwind,2021-02-06T09:00:00,1.0,1220.128
DE2,offwind,2021-02-06T12:00:00,1.0,0.0
DE2,offwind,2021-02-06T15:00:00,1.0,1037.344
DE2,offwind,2021-02-06T18:00:00,1.0,945.056
DE2,offwind,2021-02-06T21:00:00,1.0,854.336
DE2,offwind,2021-02-07T00:00:00,1.0,600.32
DE2,offwind,2021-02-07T03:00:00,1.0,529.312
DE2,offwind,2021-02-07T06:00:00,1.0,465.91999999999996
DE2,offwind,2021-02-07T09:00:00,1.0,411.488
DE2,offwind,2021-02-07T12:00:00,1.0,366.912
DE2,offwind,2021-02-07T15:00:00,1.0,332.64
DE2,offwind,2021-02-07T18:00:00,1.0,309.344
DE2,offwind,2021-02-07T21:00:00,1.0,297.472
DE2,onwind,2021-01-25T00:00:00,1.0,3822.0
DE2,onwind,2021-01-25T03:00:00,1.0,4162.34
DE2,onwind,2021-01-25T06:00:00,1.0,4497.219999999999
DE2,onwind,2021-01-25T09:00:00,1.0,4822.09
DE2,onwind,2021-01-25T12:00:00,1.0,1485.6597769797827
DE2,onwind,2021-01-25T15:00:00,1.0,5419.05
DE2,onwind,2021-01-25T18:00:00,1.0,5682.950000000001
DE2,onwind,2021-01-25T21:00:00,1.0,5917.73
DE2,onwind,2021-01-26T00:00:00,1.0,6418.2300000000005
DE2,onwind,2021-01-26T03:00:00,1.0,6502.86
DE2,onwind,2021-01-26T06:00:00,1.0,6546.54
DE2,onwind,2021-01-26T09:00:00,1.0,0.0
DE2,onwind,2021-01-26T12:00:00,1.0,0.0
DE2,onwind,2021-01-26T15:00:00,1.0,6420.96
DE2,onwind,2021-01-26T18:00:00,1.0,6297.2
DE2,onwind,2021-01-26T21:00:00,1.0,6133.400000000001
DE2,onwind,2021-01-27T00:00:00,1.0,5426.330000000001
DE2,onwind,2021-01-27T03:00:00,1.0,5138.7699999999995
DE2,onwind,2021-01-27T06:00:00,1.0,4830.280000000001
DE2,onwind,2021-01-27T09:00:00,1.0,0.0
DE2,onwind,2021-01-27T12:00:00,1.0,0.0
DE2,onwind,2021-01-27T15:00:00,1.0,3831.1
DE2,onwind,2021-01-27T18:00:00,1.0,3490.7599999999998
DE2,onwind,2021-01-27T21:00:00,1.0,3154.9700000000003
DE2,onwind,2021-01-28T00:00:00,1.0,2217.67
DE2,onwind,2021-01-28T03:00:00,1.0,1954.6799999999998
DE2,onwind,2021-01-28T06:00:00,1.0,1720.81
DE2,onwind,2021-01-28T09:00:00,1.0,1519.7
DE2,onwind,2021-01-28T12:00:00,1.0,1354.99
DE2,onwind,2021-01-28T15:00:00,1.0,1228.5
DE2,onwind,2021-01-28T18:00:00,1.0,1142.05
DE2,onwind,2021-01-28T21:00:00,1.0,1098.3700000000001
DE2,onwind,2021-01-29T00:00:00,1.0,1225.77
DE2,onwind,2021-01-29T03:00:00,1.0,1351.35
DE2,onwind,2021-01-29T06:00:00,1.0,1515.15
DE2,onwind,2021-01-29T09:00:00,1.0,1715.35
DE2,onwind,2021-01-29T12:00:00,1.0,1948.3100000000002
DE2,onwind,2021-01-29T15:00:00,1.0,2210.39
DE2,onwind,2021-01-29T18:00:00,1.0,2497.04
DE2,onwind,2021-01-29T21:00:00,1.0,2805.53
DE2,onwind,2021-01-30T00:00:00,1.0,3822.0
DE2,onwind,2021-01-30T03:00:00,1.0,4162.34
DE2,onwind,2021-01-30T06:00:00,1.0,4497.219999999999
DE2,onwind,2021-01-30T09:00:00,1.0,661.035383058821
DE2,onwind,2021-01-30T12:00:00,1.0,5130.58
DE2,onwind,2021-01-30T15:00:00,1.0,5419.05
DE2,onwind,2021-01-30T18:00:00,1.0,5682.950000000001
DE2,onwind,2021-01-30T21:00:00,1.0,5917.73
DE2,onwind,2021-01-31T00:00:00,1.0,6418.2300000000005
DE2,onwind,2021-01-31T03:00:00,1.0,6502.86
DE2,onwind,2021-01-31T06:00:00,1.0,6546.54
DE2,onwind,2021-01-31T09:00:00,1.0,6546.54
DE2,onwind,2021-01-31T12:00:00,1.0,6504.68
DE2,onwind,2021-01-31T15:00:00,1.0,6420.96
DE2,onwind,2021-01-31T18:00:00,1.0,6297.2
DE2,onwind,2021-01-31T21:00:00,1.0,6133.400000000001
DE2,onwind,2021-02-01T00:00:00,1.0,5426.330000000001
DE2,onwind,2021-02-01T03:00:00,1.0,5138.7699999999995
DE2,onwind,2021-02-01T06:00:00,1.0,4830.280000000001
DE2,onwind,2021-02-01T09:00:00,1.0,2540.1507769797863
DE2,onwind,2021-02-01T12:00:00,1.0,0.0
DE2,onwind,2021-02-01T15:00:00,1.0,0.0
DE2,onwind,2021-02-01T18:00:00,1.0,3490.7599999999998
DE2,onwind,2021-02-01T21:00:00,1.0,3154.9700000000003
DE2,onwind,2021-02-02T00:00:00,1.0,2217.67
DE2,onwind,2021-02-02T03:00:00,1.0,1954.6799999999998
DE2,onwind,2021-02-02T06:00:00,1.0,1720.81
DE2,onwind,2021-02-02T09:00:00,1.0,1519.7
DE2,onwind,2021-02-02T12:00:00,1.0,0.0
DE2,onwind,2021-02-02T15:00:00,1.0,1228.5
DE2,onwind,2021-02-02T18:00:00,1.0,1142.05
DE2,onwind,2021-02-02T21:00:00,1.0,1098.3700000000001
DE2,onwind,2021-02-03T00:00:00,1.0,1225.77
DE2,onwind,2021-02-03T03:00:00,1.0,1351.35
DE2,onwind,2021-02-03T06:00:00,1.0,1515.15
DE2,onwind,2021-02-03T09:00:00,1.0,1715.35
DE2,onwind,2021-02-03T12:00:00,1.0,1601.5916917125396
DE2,onwind,2021-02-03T15:00:00,1.0,2210.39
DE2,onwind,2021-02-03T18:00:00,1.0,2497.04
DE2,onwind,2021-02-03T21:00:00,1.0,2805.53
DE2,onwind,2021-02-04T00:00:00,1.0,3822.0
DE2,onwind,2021-02-04T03:00:00,1.0,4162.34
DE2,onwind,2021-02-04T06:00:00,1.0,4497.219999999999
DE2,onwind,2021-02-04T09:00:00,1.0,0.0
DE2,onwind,2021-02-04T12:00:00,1.0,0.0
DE2,onwind,2021-02-04T15:00:00,1.0,5419.05
DE2,onwind,2021-02-04T18:00:00,1.0,5682.950000000001
DE2,onwind,2021-02-04T21:00:00,1.0,5917.73
DE2,onwind,2021-02-05T00:00:00,1.0,6418.2300000000005
DE2,onwind,2021-02-05T03:00:00,1.0,6502.86
DE2,onwind,2021-02-05T06:00:00,1.0,6546.54
DE2,onwind,2021-02-05T09:00:00,1.0,6546.54
DE2,onwind,2021-02-05T12:00:00,1.0,396.2486496689553
DE2,onwind,2021-02-05T15:00:00,1.0,3476.237776979786
DE2,onwind,2021-02-05T18:00:00,1.0,6297.2
DE2,onwind,2021-02-05T21:00:00,1.0,6133.400000000001
DE2,onwind,2021-02-06T00:00:00,1.0,5426.330000000001
DE2,onwind,2021-02-06T03:00:00,1.0,5138.7699999999995
DE2,onwind,2021-02-06T06:00:00,1.0,4830.280000000001
DE2,onwind,2021-02-06T09:00:00,1.0,4506.32
DE2,onwind,2021-02-06T12:00:00,1.0,4171.44
DE2,onwind,2021-02-06T15:00:00,1.0,3831.1
DE2,onwind,2021-02-06T18:00:00,1.0,3490.7599999999998
DE2,onwind,2021-02-06T21:00:00,1.0,3154.9700000000003
DE2,onwind,2021-02-07T00:00:00,1.0,2217.67
DE2,onwind,2021-02-07T03:00:00,1.0,1954.6799999999998
DE2,onwind,2021-02-07T06:00:00,1.0,1720.81
DE2,onwind,2021-02-07T09:00:00,1.0,1519.7
DE2,onwind,2021-02-07T12:00:00,1.0,1354.99
DE2,onwind,2021-02-07T15:00:00,1.0,1228.5
DE2,onwind,2021-02-07T18:00:00,1.0,1142.05
DE2,onwind,2021-02-07T21:00:00,1.0,1098.3700000000001
DE2,solar,2021-01-25T00:00:00,1.0,0.0
DE2,solar,2021-01-25T03:00:00,1.0,0.0
DE2,solar,2021-01-25T06:00:00,1.0,0.0
DE2,solar,2021-01-25T09:00:00,1.0,5444.67
DE2,solar,2021-01-25T12:00:00,1.0,7700.0
DE2,solar,2021-01-25T15:00:00,1.0,5444.67
DE2,solar,2021-01-25T18:00:00,1.0,0.0
DE2,solar,2021-01-25T21:00:00,1.0,0.0
DE2,solar,2021-01-26T00:00:00,1.0,0.0
DE2,solar,2021-01-26T03:00:00,1.0,0.0
DE2,solar,2021-01-26T06:00:00,1.0,0.0
DE2,solar,2021-01-26T09:00:00,1.0,5444.67
DE2,solar,2021-01-26T12:00:00,1.0,7700.0
DE2,solar,2021-01-26T15:00:00,1.0,5444.67
DE2,solar,2021-01-26T18:00:00,1.0,0.0
DE2,solar,2021-01-26T21:00:00,1.0,0.0
DE2,solar,2021-01-27T00:00:00,1.0,0.0
DE2,solar,2021-01-27T03:00:00,1.0,0.0
DE2,solar,2021-01-27T06:00:00,1.0,0.0
DE2,solar,2021-01-27T09:00:00,1.0,5444.67
DE2,solar,2021-01-27T12:00:00,1.0,7700.0
DE2,solar,2021-01-27T15:00:00,1.0,5444.67
DE2,solar,2021-01-27T18:00:00,1.0,0.0
DE2,solar,2021-01-27T21:00:00,1.0,0.0
DE2,solar,2021-01-28T00:00:00,1.0,0.0
DE2,solar,2021-01-28T03:00:00,1.0,0.0
DE2,solar,2021-01-28T06:00:00,1.0,0.0
DE2,solar,2021-01-28T09:00:00,1.0,5444.67
DE2,solar,2021-01-28T12:00:00,1.0,7700.0
DE2,solar,2021-01-28T15:00:00,1.0,5444.67
DE2,solar,2021-01-28T18:00:00,1.0,0.0
DE2,solar,2021-01-28T21:00:00,1.0,0.0
DE2,solar,2021-01-29T00:00:00,1.0,0.0
DE2,solar,2021-01-29T03:00:00,1.0,0.0
DE2,solar,2021-01-29T06:00:00,1.0,0.0
DE2,solar,2021-01-29T09:00:00,1.0,5444.67
DE2,solar,2021-01-29T12:00:00,1.0,7700.0
DE2,solar,2021-01-29T15:00:00,1.0,5444.67
DE2,solar,2021-01-29T18:00:00,1.0,0.0
DE2,solar,2021-01-29T21:00:00,1.0,0.0
DE2,solar,2021-01-30T00:00:00,1.0,0.0
DE2,solar,2021-01-30T03:00:00,1.0,0.0
DE2,solar,2021-01-30T06:00:00,1.0,0.0
DE2,solar,2021-01-30T09:00:00,1.0,5444.67
DE2,solar,2021-01-30T12:00:00,1.0,7700.0
DE2,solar,2021-01-30T15:00:00,1.0,5444.67
DE2,solar,2021-01-30T18:00:00,1.0,0.0
DE2,solar,2021-01-30T21:00:00,1.0,0.0
DE2,solar,2021-01-31T00:00:00,1.0,0.0
DE2,solar,2021-01-31T03:00:00,1.0,0.0
DE2,solar,2021-01-31T06:00:00,1.0,0.0
DE2,solar,2021-01-31T09:00:00,1.0,5444.67
DE2,solar,2021-01-31T12:00:00,1.0,7700.0
DE2,solar,2021-01-31T15:00:00,1.0,5444.67
DE2,solar,2021-01-31T18:00:00,1.0,0.0
DE2,solar,2021-01-31T21:00:00,1.0,0.0
DE2,solar,2021-02-01T00:00:00,1.0,0.0
DE2,solar,2021-02-01T03:00:00,1.0,0.0
DE2,solar,2021-02-01T06:00:00,1.0,0.0
DE2,solar,2021-02-01T09:00:00,1.0,5444.67
DE2,solar,2021-02-01T12:00:00,1.0,7700.0
DE2,solar,2021-02-01T15:00:00,1.0,5444.67
DE2,solar,2021-02-01T18:00:00,1.0,0.0
DE2,solar,2021-02-01T21:00:00,1.0,0.0
DE2,solar,2021-02-02T00:00:00,1.0,0.0
DE2,solar,2021-02-02T03:00:00,1.0,0.0
DE2,solar,2021-02-02T06:00:00,1.0,0.0
DE2,solar,2021-02-02T09:00:00,1.0,5444.67
DE2,solar,2021-02-02T12:00:00,1.0,7700.0
DE2,solar,2021-02-02T15:00:00,1.0,5444.67
DE2,solar,2021-02-02T18:00:00,1.0,0.0
DE2,solar,2021-02-02T21:00:00,1.0,0.0
DE2,solar,2021-02-03T00:00:00,1.0,0.0
DE2,solar,2021-02-03T03:00:00,1.0,0.0
DE2,solar,2021-02-03T06:00:00,1.0,0.0
DE2,solar,2021-02-03T09:00:00,1.0,5444.67
DE2,solar,2021-02-03T12:00:00,1.0,7700.0
DE2,solar,2021-02-03T15:00:00,1.0,5444.67
DE2,solar,2021-02-03T18:00:00,1.0,0.0
DE2,solar,2021-02-03T21:00:00,1.0,0.0
DE2,solar,2021-02-04T00:00:00,1.0,0.0
DE2,solar,2021-02-04T03:00:00,1.0,0.0
DE2,solar,2021-02-04T06:00:00,1.0,0.0
DE2,solar,2021-02-04T09:00:00,1.0,5444.67
DE2,solar,2021-02-04T12:00:00,1.0,7700.0
DE2,solar,2021-02-04T15:00:00,1.0,5444.67
DE2,solar,2021-02-04T18:00:00,1.0,0.0
DE2,solar,2021-02-04T21:00:00,1.0,0.0
DE2,solar,2021-02-05T00:00:00,1.0,0.0
DE2,solar,2021-02-05T03:00:00,1.0,0.0
DE2,solar,2021-02-05T06:00:00,1.0,0.0
DE2,solar,2021-02-05T09:00:00,1.0,5444.67
DE2,solar,2021-02-05T12:00:00,1.0,7700.0
DE2,solar,2021-02-05T15:00:00,1.0,5444.67
DE2,solar,2021-02-05T18:00:00,1.0,0.0
DE2,solar,2021-02-05T21:00:00,1.0,0.0
DE2,solar,2021-02-06T00:00:00,1.0,0.0
DE2,solar,2021-02-06T03:00:00,1.0,0.0
DE2,solar,2021-02-06T06:00:00,1.0,0.0
DE2,solar,2021-02-06T09:00:00,1.0,5444.67
DE2,solar,2021-02-06T12:00:00,1.0,7700.0
DE2,solar,2021-02-06T15:00:00,1.0,5444.67
DE2,solar,2021-02-06T18:00:00,1.0,0.0
DE2,solar,2021-02-06T21:00:00,1.0,0.0
DE2,solar,2021-02-07T00:00:00,1.0,0.0
DE2,solar,2021-02-07T03:00:00,1.0,0.0
DE2,solar,2021-02-07T06:00:00,1.0,0.0
DE2,solar,2021-02-07T09:00:00,1.0,5444.67
DE2,solar,2021-02-07T12:00:00,1.0,7700.0
DE2,solar,2021-02-07T15:00:00,1.0,5444.67
DE2,solar,2021-02-07T18:00:00,1.0,0.0
DE2,solar,2021-02-07T21:00:00,1.0,0.0
DE3,ccgt,2021-01-25T00:00:00,1.0,516.0
DE3,ccgt,2021-01-25T03:00:00,1.0,516.0
DE3,ccgt,2021-01-25T06:00:00,1.0,516.0
DE3,ccgt,2021-01-25T09:00:00,1.0,516.0
DE3,ccgt,2021-01-25T12:00:00,1.0,516.0
DE3,ccgt,2021-01-25T15:00:00,1.0,516.0
DE3,ccgt,2021-01-25T18:00:00,1.0,516.0
DE3,ccgt,2021-01-25T21:00:00,1.0,516.0
DE3,ccgt,2021-01-26T00:00:00,1.0,516.0
DE3,ccgt,2021-01-26T03:00:00,1.0,516.0
DE3,ccgt,2021-01-26T06:00:00,1.0,516.0
DE3,ccgt,2021-01-26T09:00:00,1.0,516.0
DE3,ccgt,2021-01-26T12:00:00,1.0,516.0
DE3,ccgt,2021-01-26T15:00:00,1.0,516.0
DE3,ccgt,2021-01-26T18:00:00,1.0,516.0
DE3,ccgt,2021-01-26T21:00:00,1.0,516.0
DE3,ccgt,2021-01-27T00:00:00,1.0,516.0
DE3,ccgt,2021-01-27T03:00:00,1.0,516.0
DE3,ccgt,2021-01-27T06:00:00,1.0,516.0
DE3,ccgt,2021-01-27T09:00:00,1.0,516.0
DE3,ccgt,2021-01-27T12:00:00,1.0,516.0
DE3,ccgt,2021-01-27T15:00:00,1.0,516.0
DE3,ccgt,2021-01-27T18:00:00,1.0,1720.0
DE3,ccgt,2021-01-27T21:00:00,1.0,1720.0
DE3,ccgt,2021-01-28T00:00:00,1.0,1720.0
DE3,ccgt,2021-01-28T03:00:00,1.0,1720.0
DE3,ccgt,2021-01-28T06:00:00,1.0,1720.0
DE3,ccgt,2021-01-28T09:00:00,1.0,516.0
DE3,ccgt,2021-01-28T12:00:00,1.0,516.0
DE3,ccgt,2021-01-28T15:00:00,1.0,1720.0
DE3,ccgt,2021-01-28T18:00:00,1.0,1720.0
DE3,ccgt,2021-01-28T21:00:00,1.0,1720.0
DE3,ccgt,2021-01-29T00:00:00,1.0,1720.0
DE3,ccgt,2021-01-29T03:00:00,1.0,1720.0
DE3,ccgt,2021-01-29T06:00:00,1.0,1720.0
DE3,ccgt,2021-01-29T09:00:00,1.0,516.0
DE3,ccgt,2021-01-29T12:00:00,1.0,516.0
DE3,ccgt,2021-01-29T15:00:00,1.0,516.0
DE3,ccgt,2021-01-29T18:00:00,1.0,1720.0
DE3,ccgt,2021-01-29T21:00:00,1.0,1633.240999999996
DE3,ccgt,2021-01-30T00:00:00,1.0,516.0
DE3,ccgt,2021-01-30T03:00:00,1.0,1720.0
DE3,ccgt,2021-01-30T06:00:00,1.0,1720.0
DE3,ccgt,2021-01-30T09:00:00,1.0,516.0
DE3,ccgt,2021-01-30T12:00:00,1.0,516.0
DE3,ccgt,2021-01-30T15:00:00,1.0,516.0
DE3,ccgt,2021-01-30T18:00:00,1.0,516.0
DE3,ccgt,2021-01-30T21:00:00,1.0,516.0
DE3,ccgt,2021-01-31T00:00:00,1.0,516.0
DE3,ccgt,2021-01-31T03:00:00,1.0,516.0
DE3,ccgt,2021-01-31T06:00:00,1.0,516.0
DE3,ccgt,2021-01-31T09:00:00,1.0,516.0
DE3,ccgt,2021-01-31T12:00:00,1.0,516.0
DE3,ccgt,2021-01-31T15:00:00,1.0,516.0
DE3,ccgt,2021-01-31T18:00:00,1.0,516.0
DE3,ccgt,2021-01-31T21:00:00,1.0,516.0
DE3,ccgt,2021-02-01T00:00:00,1.0,516.0
DE3,ccgt,2021-02-01T03:00:00,1.0,516.0
DE3,ccgt,2021-02-01T06:00:00,1.0,1720.0
DE3,ccgt,2021-02-01T09:00:00,1.0,516.0
DE3,ccgt,2021-02-01T12:00:00,1.0,516.0
DE3,ccgt,2021-02-01T15:00:00,1.0,516.0
DE3,ccgt,2021-02-01T18:00:00,1.0,1720.0
DE3,ccgt,2021-02-01T21:00:00,1.0,1720.0
DE3,ccgt,2021-02-02T00:00:00,1.0,1720.0
DE3,ccgt,2021-02-02T03:00:00,1.0,1720.0
DE3,ccgt,2021-02-02T06:00:00,1.0,1720.0
DE3,ccgt,2021-02-02T09:00:00,1.0,516.0
DE3,ccgt,2021-02-02T12:00:00,1.0,516.0
DE3,ccgt,2021-02-02T15:00:00,1.0,516.0
DE3,ccgt,2021-02-02T18:00:00,1.0,1720.0
DE3,ccgt,2021-02-02T21:00:00,1.0,1720.0
DE3,ccgt,2021-02-03T00:00:00,1.0,1720.0
DE3,ccgt,2021-02-03T03:00:00,1.0,1720.0
DE3,ccgt,2021-02-03T06:00:00,1.0,1720.0
DE3,ccgt,2021-02-03T09:00:00,1.0,516.0
DE3,ccgt,2021-02-03T12:00:00,1.0,516.0
DE3,ccgt,2021-02-03T15:00:00,1.0,516.0
DE3,ccgt,2021-02-03T18:00:00,1.0,1720.0
DE3,ccgt,2021-02-03T21:00:00,1.0,1720.0
DE3,ccgt,2021-02-04T00:00:00,1.0,516.0
DE3,ccgt,2021-02-04T03:00:00,1.0,1720.0
DE3,ccgt,2021-02-04T06:00:00,1.0,1720.0
DE3,ccgt,2021-02-04T09:00:00,1.0,516.0
DE3,ccgt,2021-02-04T12:00:00,1.0,516.0
DE3,ccgt,2021-02-04T15:00:00,1.0,516.0
DE3,ccgt,2021-02-04T18:00:00,1.0,516.0
DE3,ccgt,2021-02-04T21:00:00,1.0,516.0
DE3,ccgt,2021-02-05T00:00:00,1.0,516.0
DE3,ccgt,2021-02-05T03:00:00,1.0,516.0
DE3,ccgt,2021-02-05T06:00:00,1.0,516.0
DE3,ccgt,2021-02-05T09:00:00,1.0,516.0
DE3,ccgt,2021-02-05T12:00:00,1.0,516.0
DE3,ccgt,2021-02-05T15:00:00,1.0,516.0
DE3,ccgt,2021-02-05T18:00:00,1.0,516.0
DE3,ccgt,2021-02-05T21:00:00,1.0,516.0
DE3,ccgt,2021-02-06T00:00:00,1.0,516.0
DE3,ccgt,2021-02-06T03:00:00,1.0,1720.0
DE3,ccgt,2021-02-06T06:00:00,1.0,516.0
DE3,ccgt,2021-02-06T09:00:00,1.0,516.0
DE3,ccgt,2021-02-06T12:00:00,1.0,516.0
DE3,ccgt,2021-02-06T15:00:00,1.0,516.0
DE3,ccgt,2021-02-06T18:00:00,1.0,1720.0
DE3,ccgt,2021-02-06T21:00:00,1.0,1720.0
DE3,ccgt,2021-02-07T00:00:00,1.0,1720.0
DE3,ccgt,2021-02-07T03:00:00,1.0,1720.0
DE3,ccgt,2021-02-07T06:00:00,1.0,1720.0
DE3,ccgt,2021-02-07T09:00:00,1.0,516.0
DE3,ccgt,2021-02-07T12:00:00,1.0,516.0
DE3,ccgt,2021-02-07T15:00:00,1.0,1720.0
DE3,ccgt,2021-02-07T18:00:00,1.0,1720.0
DE3,ccgt,2021-02-07T21:00:00,1.0,1720.0
DE3,ocgt,2021-01-25T00:00:00,1.0,0.0
DE3,ocgt,2021-01-25T03:00:00,1.0,0.0
DE3,ocgt,2021-01-25T06:00:00,1.0,0.0
DE3,ocgt,2021-01-25T09:00:00,1.0,0.0
DE3,ocgt,2021-01-25T12:00:00,1.0,0.0
DE3,ocgt,2021-01-25T15:00:00,1.0,0.0
DE3,ocgt,2021-01-25T18:00:00,1.0,0.0
DE3,ocgt,2021-01-25T21:00:00,1.0,0.0
DE3,ocgt,2021-01-26T00:00:00,1.0,0.0
DE3,ocgt,2021-01-26T03:00:00,1.0,0.0
DE3,ocgt,2021-01-26T06:00:00,1.0,0.0
DE3,ocgt,2021-01-26T09:00:00,1.0,0.0
DE3,ocgt,2021-01-26T12:00:00,1.0,0.0
DE3,ocgt,2021-01-26T15:00:00,1.0,0.0
DE3,ocgt,2021-01-26T18:00:00,1.0,0.0
DE3,ocgt,2021-01-26T21:00:00,1.0,0.0
DE3,ocgt,2021-01-27T00:00:00,1.0,0.0
DE3,ocgt,2021-01-27T03:00:00,1.0,0.0
DE3,ocgt,2021-01-27T06:00:00,1.0,0.0
DE3,ocgt,2021-01-27T09:00:00,1.0,0.0
DE3,ocgt,2021-01-27T12:00:00,1.0,0.0
DE3,ocgt,2021-01-27T15:00:00,1.0,0.0
DE3,ocgt,2021-01-27T18:00:00,1.0,0.0
DE3,ocgt,2021-01-27T21:00:00,1.0,0.0
DE3,ocgt,2021-01-28T00:00:00,1.0,0.0
DE3,ocgt,2021-01-28T03:00:00,1.0,0.0
DE3,ocgt,2021-01-28T06:00:00,1.0,0.0
DE3,ocgt,2021-01-28T09:00:00,1.0,0.0
DE3,ocgt,2021-01-28T12:00:00,1.0,0.0
DE3,ocgt,2021-01-28T15:00:00,1.0,0.0
DE3,ocgt,2021-01-28T18:00:00,1.0,770.0
DE3,ocgt,2021-01-28T21:00:00,1.0,770.0
DE3,ocgt,2021-01-29T00:00:00,1.0,770.0
DE3,ocgt,2021-01-29T03:00:00,1.0,770.0
DE3,ocgt,2021-01-29T06:00:00,1.0,770.0
DE3,ocgt,2021-01-29T09:00:00,1.0,0.0
DE3,ocgt,2021-01-29T12:00:00,1.0,0.0
DE3,ocgt,2021-01-29T15:00:00,1.0,0.0
DE3,ocgt,2021-01-29T18:00:00,1.0,0.0
DE3,ocgt,2021-01-29T21:00:00,1.0,0.0
DE3,ocgt,2021-01-30T00:00:00,1.0,0.0
DE3,ocgt,2021-01-30T03:00:00,1.0,0.0
DE3,ocgt,2021-01-30T06:00:00,1.0,0.0
DE3,ocgt,2021-01-30T09:00:00,1.0,0.0
DE3,ocgt,2021-01-30T12:00:00,1.0,0.0
DE3,ocgt,2021-01-30T15:00:00,1.0,0.0
DE3,ocgt,2021-01-30T18:00:00,1.0,0.0
DE3,ocgt,2021-01-30T21:00:00,1.0,0.0
DE3,ocgt,2021-01-31T00:00:00,1.0,0.0
DE3,ocgt,2021-01-31T03:00:00,1.0,0.0
DE3,ocgt,2021-01-31T06:00:00,1.0,0.0
DE3,ocgt,2021-01-31T09:00:00,1.0,0.0
DE3,ocgt,2021-01-31T12:00:00,1.0,0.0
DE3,ocgt,2021-01-31T15:00:00,1.0,0.0
DE3,ocgt,2021-01-31T18:00:00,1.0,0.0
DE3,ocgt,2021-01-31T21:00:00,1.0,0.0
DE3,ocgt,2021-02-01T00:00:00,1.0,0.0
DE3,ocgt,2021-02-01T03:00:00,1.0,0.0
DE3,ocgt,2021-02-01T06:00:00,1.0,0.0
DE3,ocgt,2021-02-01T09:00:00,1.0,0.0
DE3,ocgt,2021-02-01T12:00:00,1.0,0.0
DE3,ocgt,2021-02-01T15:00:00,1.0,0.0
DE3,ocgt,2021-02-01T18:00:00,1.0,0.0
DE3,ocgt,2021-02-01T21:00:00,1.0,0.0
DE3,ocgt,2021-02-02T00:00:00,1.0,0.0
DE3,ocgt,2021-02-02T03:00:00,1.0,0.0
DE3,ocgt,2021-02-02T06:00:00,1.0,0.0
DE3,ocgt,2021-02-02T09:00:00,1.0,0.0
DE3,ocgt,2021-02-02T12:00:00,1.0,0.0
DE3,ocgt,2021-02-02T15:00:00,1.0,0.0
DE3,ocgt,2021-02-02T18:00:00,1.0,0.0
DE3,ocgt,2021-02-02T21:00:00,1.0,0.0
DE3,ocgt,2021-02-03T00:00:00,1.0,0.0
DE3,ocgt,2021-02-03T03:00:00,1.0,770.0
DE3,ocgt,2021-02-03T06:00:00,1.0,770.0
DE3,ocgt,2021-02-03T09:00:00,1.0,0.0
DE3,ocgt,2021-02-03T12:00:00,1.0,0.0
DE3,ocgt,2021-02-03T15:00:00,1.0,0.0
DE3,ocgt,2021-02-03T18:00:00,1.0,0.0
DE3,ocgt,2021-02-03T21:00:00,1.0,0.0
DE3,ocgt,2021-02-04T00:00:00,1.0,0.0
DE3,ocgt,2021-02-04T03:00:00,1.0,0.0
DE3,ocgt,2021-02-04T06:00:00,1.0,0.0
DE3,ocgt,2021-02-04T09:00:00,1.0,0.0
DE3,ocgt,2021-02-04T12:00:00,1.0,0.0
DE3,ocgt,2021-02-04T15:00:00,1.0,0.0
DE3,ocgt,2021-02-04T18:00:00,1.0,0.0
DE3,ocgt,2021-02-04T21:00:00,1.0,0.0
DE3,ocgt,2021-02-05T00:00:00,1.0,0.0
DE3,ocgt,2021-02-05T03:00:00,1.0,0.0
DE3,ocgt,2021-02-05T06:00:00,1.0,0.0
DE3,ocgt,2021-02-05T09:00:00,1.0,0.0
DE3,ocgt,2021-02-05T12:00:00,1.0,0.0
DE3,ocgt,2021-02-05T15:00:00,1.0,0.0
DE3,ocgt,2021-02-05T18:00:00,1.0,0.0
DE3,ocgt,2021-02-05T21:00:00,1.0,0.0
DE3,ocgt,2021-02-06T00:00:00,1.0,0.0
DE3,ocgt,2021-02-06T03:00:00,1.0,0.0
DE3,ocgt,2021-02-06T06:00:00,1.0,0.0
DE3,ocgt,2021-02-06T09:00:00,1.0,0.0
DE3,ocgt,2021-02-06T12:00:00,1.0,0.0
DE3,ocgt,2021-02-06T15:00:00,1.0,0.0
DE3,ocgt,2021-02-06T18:00:00,1.0,0.0
DE3,ocgt,2021-02-06T21:00:00,1.0,0.0
DE3,ocgt,2021-02-07T00:00:00,1.0,0.0
DE3,ocgt,2021-02-07T03:00:00,1.0,0.0
DE3,ocgt,2021-02-07T06:00:00,1.0,0.0
DE3,ocgt,2021-02-07T09:00:00,1.0,0.0
DE3,ocgt,2021-02-07T12:00:00,1.0,0.0
DE3,ocgt,2021-02-07T15:00:00,1.0,0.0
DE3,ocgt,2021-02-07T18:00:00,1.0,0.0
DE3,ocgt,2021-02-07T21:00:00,1.0,0.0
DE3,offwind,2021-01-25T00:00:00,1.0,117.792
DE3,offwind,2021-01-25T03:00:00,1.0,128.304
DE3,offwind,2021-01-25T06:00:00,1.0,138.636
DE3,offwind,2021-01-25T09:00:00,1.0,148.644
DE3,offwind,2021-01-25T12:00:00,1.0,0.0
DE3,offwind,2021-01-25T15:00:00,1.0,167.04000000000002
DE3,offwind,2021-01-25T18:00:00,1.0,175.176
DE3,offwind,2021-01-25T21:00:00,1.0,182.412
DE3,offwind,2021-01-26T00:00:00,1.0,197.856
DE3,offwind,2021-01-26T03:00:00,1.0,200.44799999999998
DE3,offwind,2021-01-26T06:00:00,1.0,201.78
DE3,offwind,2021-01-26T09:00:00,1.0,0.0
DE3,offwind,2021-01-26T12:00:00,1.0,0.0
DE3,offwind,2021-01-26T15:00:00,1.0,197.928
DE3,offwind,2021-01-26T18:00:00,1.0,194.07600000000002
DE3,offwind,2021-01-26T21:00:00,1.0,189.072
DE3,offwind,2021-01-27T00:00:00,1.0,167.256
DE3,offwind,2021-01-27T03:00:00,1.0,158.4
DE3,offwind,2021-01-27T06:00:00,1.0,148.89600000000002
DE3,offwind,2021-01-27T09:00:00,1.0,0.0
DE3,offwind,2021-01-27T12:00:00,1.0,128.592
DE3,offwind,2021-01-27T15:00:00,1.0,0.0
DE3,offwind,2021-01-27T18:00:00,1.0,107.604
DE3,offwind,2021-01-27T21:00:00,1.0,97.27199999999999
DE3,offwind,2021-01-28T00:00:00,1.0,68.364
DE3,offwind,2021-01-28T03:00:00,1.0,60.263999999999996
DE3,offwind,2021-01-28T06:00:00,1.0,53.02799999999999
DE3,offwind,2021-01-28T09:00:00,1.0,46.836
DE3,offwind,2021-01-28T12:00:00,1.0,41.760000000000005
DE3,offwind,2021-01-28T15:00:00,1.0,37.872
DE3,offwind,2021-01-28T18:00:00,1.0,35.208
DE3,offwind,2021-01-28T21:00:00,1.0,33.84
DE3,offwind,2021-01-29T00:00:00,1.0,37.763999999999996
DE3,offwind,2021-01-29T03:00:00,1.0,41.652
DE3,offwind,2021-01-29T06:00:00,1.0,46.692
DE3,offwind,2021-01-29T09:00:00,1.0,52.848000000000006
DE3,offwind,2021-01-29T12:00:00,1.0,60.048
DE3,offwind,2021-01-29T15:00:00,1.0,68.11200000000001
DE3,offwind,2021-01-29T18:00:00,1.0,76.96799999999999
DE3,offwind,2021-01-29T21:00:00,1.0,86.472
DE3,offwind,2021-01-30T00:00:00,1.0,117.792
DE3,offwind,2021-01-30T03:00:00,1.0,128.304
DE3,offwind,2021-01-30T06:00:00,1.0,138.636
DE3,offwind,2021-01-30T09:00:00,1.0,148.644
DE3,offwind,2021-01-30T12:00:00,1.0,158.148
DE3,offwind,2021-01-30T15:00:00,1.0,167.04000000000002
DE3,offwind,2021-01-30T18:00:00,1.0,175.176
DE3,offwind,2021-01-30T21:00:00,1.0,182.412
DE3,offwind,2021-01-31T00:00:00,1.0,0.0
DE3,offwind,2021-01-31T03:00:00,1.0,200.44799999999998
DE3,offwind,2021-01-31T06:00:00,1.0,201.78
DE3,offwind,2021-01-31T09:00:00,1.0,0.0
DE3,offwind,2021-01-31T12:00:00,1.0,0.0
DE3,offwind,2021-01-31T15:00:00,1.0,197.928
DE3,offwind,2021-01-31T18:00:00,1.0,194.07600000000002
DE3,offwind,2021-01-31T21:00:00,1.0,189.072
DE3,offwind,2021-02-01T00:00:00,1.0,167.256
DE3,offwind,2021-02-01T03:00:00,1.0,158.4
DE3,offwind,2021-02-01T06:00:00,1.0,148.89600000000002
DE3,offwind,2021-02-01T09:00:00,1.0,138.888
DE3,offwind,2021-02-01T12:00:00,1.0,0.0
DE3,offwind,2021-02-01T15:00:00,1.0,0.0
DE3,offwind,2021-02-01T18:00:00,1.0,107.604
DE3,offwind,2021-02-01T21:00:00,1.0,97.27199999999999
DE3,offwind,2021-02-02T00:00:00,1.0,68.364
DE3,offwind,2021-02-02T03:00:00,1.0,60.263999999999996
DE3,offwind,2021-02-02T06:00:00,1.0,53.02799999999999
DE3,offwind,2021-02-02T09:00:00,1.0,46.836
DE3,offwind,2021-02-02T12:00:00,1.0,41.760000000000005
DE3,offwind,2021-02-02T15:00:00,1.0,37.872
DE3,offwind,2021-02-02T18:00:00,1.0,35.208
DE3,offwind,2021-02-02T21:00:00,1.0,33.84
DE3,offwind,2021-02-03T00:00:00,1.0,37.763999999999996
DE3,offwind,2021-02-03T03:00:00,1.0,41.652
DE3,offwind,2021-02-03T06:00:00,1.0,46.692
DE3,offwind,2021-02-03T09:00:00,1.0,52.848000000000006
DE3,offwind,2021-02-03T12:00:00,1.0,60.048
DE3,offwind,2021-02-03T15:00:00,1.0,68.11200000000001
DE3,offwind,2021-02-03T18:00:00,1.0,76.96799999999999
DE3,offwind,2021-02-03T21:00:00,1.0,86.472
DE3,offwind,2021-02-04T00:00:00,1.0,117.792
DE3,offwind,2021-02-04T03:00:00,1.0,128.304
DE3,offwind,2021-02-04T06:00:00,1.0,138.636
DE3,offwind,2021-02-04T09:00:00,1.0,0.0
DE3,offwind,2021-02-04T12:00:00,1.0,0.0
DE3,offwind,2021-02-04T15:00:00,1.0,0.0
DE3,offwind,2021-02-04T18:00:00,1.0,175.176
DE3,offwind,2021-02-04T21:00:00,1.0,182.412
DE3,offwind,2021-02-05T00:00:00,1.0,197.856
DE3,offwind,2021-02-05T03:00:00,1.0,200.44799999999998
DE3,offwind,2021-02-05T06:00:00,1.0,201.78
DE3,offwind,2021-02-05T09:00:00,1.0,0.0
DE3,offwind,2021-02-05T12:00:00,1.0,0.0
DE3,offwind,2021-02-05T15:00:00,1.0,197.928
DE3,offwind,2021-02-05T18:00:00,1.0,194.07600000000002
DE3,offwind,2021-02-05T21:00:00,1.0,189.072
DE3,offwind,2021-02-06T00:00:00,1.0,167.256
DE3,offwind,2021-02-06T03:00:00,1.0,158.4
DE3,offwind,2021-02-06T06:00:00,1.0,148.89600000000002
DE3,offwind,2021-02-06T09:00:00,1.0,0.0
DE3,offwind,2021-02-06T12:00:00,1.0,0.0
DE3,offwind,2021-02-06T15:00:00,1.0,69.78127363229555
DE3,offwind,2021-02-06T18:00:00,1.0,107.604
DE3,offwind,2021-02-06T21:00:00,1.0,97.27199999999999
DE3,offwind,2021-02-07T00:00:00,1.0,68.364
DE3,offwind,2021-02-07T03:00:00,1.0,60.263999999999996
DE3,offwind,2021-02-07T06:00:00,1.0,53.02799999999999
DE3,offwind,2021-02-07T09:00:00,1.0,46.836
DE3,offwind,2021-02-07T12:00:00,1.0,41.760000000000005
DE3,offwind,2021-02-07T15:00:00,1.0,37.872
DE3,offwind,2021-02-07T18:00:00,1.0,35.208
DE3,offwind,2021-02-07T21:00:00,1.0,33.84
DE3,onwind,2021-01-25T00:00:00,1.0,1740.375
DE3,onwind,2021-01-25T03:00:00,1.0,1895.4
DE3,onwind,2021-01-25T06:00:00,1.0,2048.085
DE3,onwind,2021-01-25T09:00:00,1.0,2195.505
DE3,onwind,2021-01-25T12:00:00,1.0,0.0
DE3,onwind,2021-01-25T15:00:00,1.0,0.0
DE3,onwind,2021-01-25T18:00:00,1.0,2587.4550000000004
DE3,onwind,2021-01-25T21:00:00,1.0,2694.51
DE3,onwind,2021-01-26T00:00:00,1.0,2922.66
DE3,onwind,2021-01-26T03:00:00,1.0,2961.27
DE3,onwind,2021-01-26T06:00:00,1.0,2981.1600000000003
DE3,onwind,2021-01-26T09:00:00,1.0,2981.1600000000003
DE3,onwind,2021-01-26T12:00:00,1.0,0.0
DE3,onwind,2021-01-26T15:00:00,1.0,0.0
DE3,onwind,2021-01-26T18:00:00,1.0,2867.085
DE3,onwind,2021-01-26T21:00:00,1.0,2792.79
DE3,onwind,2021-01-27T00:00:00,1.0,2471.04
DE3,onwind,2021-01-27T03:00:00,1.0,2340.0
DE3,onwind,2021-01-27T06:00:00,1.0,2199.6
DE3,onwind,2021-01-27T09:00:00,1.0,0.0
DE3,onwind,2021-01-27T12:00:00,1.0,0.0
DE3,onwind,2021-01-27T15:00:00,1.0,1744.47
DE3,onwind,2021-01-27T18:00:00,1.0,1589.445
DE3,onwind,2021-01-27T21:00:00,1.0,1436.76
DE3,onwind,2021-01-28T00:00:00,1.0,1009.71
DE3,onwind,2021-01-28T03:00:00,1.0,889.7850000000001
DE3,onwind,2021-01-28T06:00:00,1.0,783.3149999999999
DE3,onwind,2021-01-28T09:00:00,1.0,692.0550000000001
DE3,onwind,2021-01-28T12:00:00,1.0,617.175
DE3,onwind,2021-01-28T15:00:00,1.0,559.26
DE3,onwind,2021-01-28T18:00:00,1.0,520.065
DE3,onwind,2021-01-28T21:00:00,1.0,500.175
DE3,onwind,2021-01-29T00:00:00,1.0,558.09
DE3,onwind,2021-01-29T03:00:00,1.0,615.42
DE3,onwind,2021-01-29T06:00:00,1.0,689.715
DE3,onwind,2021-01-29T09:00:00,1.0,780.975
DE3,onwind,2021-01-29T12:00:00,1.0,886.8600000000001
DE3,onwind,2021-01-29T15:00:00,1.0,1006.1999999999999
DE3,onwind,2021-01-29T18:00:00,1.0,1137.24
DE3,onwind,2021-01-29T21:00:00,1.0,1277.64
DE3,onwind,2021-01-30T00:00:00,1.0,1740.375
DE3,onwind,2021-01-30T03:00:00,1.0,1895.4
DE3,onwind,2021-01-30T06:00:00,1.0,2048.085
DE3,onwind,2021-01-30T09:00:00,1.0,2195.505
DE3,onwind,2021-01-30T12:00:00,1.0,0.0
DE3,onwind,2021-01-30T15:00:00,1.0,2467.53
DE3,onwind,2021-01-30T18:00:00,1.0,2587.4550000000004
DE3,onwind,2021-01-30T21:00:00,1.0,2694.51
DE3,onwind,2021-01-31T00:00:00,1.0,2922.66
DE3,onwind,2021-01-31T03:00:00,1.0,2961.27
DE3,onwind,2021-01-31T06:00:00,1.0,2981.1600000000003
DE3,onwind,2021-01-31T09:00:00,1.0,2981.1600000000003
DE3,onwind,2021-01-31T12:00:00,1.0,358.8786496689554
DE3,onwind,2021-01-31T15:00:00,1.0,0.0
DE3,onwind,2021-01-31T18:00:00,1.0,2867.085
DE3,onwind,2021-01-31T21:00:00,1.0,2792.79
DE3,onwind,2021-02-01T00:00:00,1.0,2471.04
DE3,onwind,2021-02-01T03:00:00,1.0,2340.0
DE3,onwind,2021-02-01T06:00:00,1.0,2199.6
DE3,onwind,2021-02-01T09:00:00,1.0,2052.18
DE3,onwind,2021-02-01T12:00:00,1.0,49.72464966895768
DE3,onwind,2021-02-01T15:00:00,1.0,1744.47
DE3,onwind,2021-02-01T18:00:00,1.0,1589.445
DE3,onwind,2021-02-01T21:00:00,1.0,1436.76
DE3,onwind,2021-02-02T00:00:00,1.0,1009.71
DE3,onwind,2021-02-02T03:00:00,1.0,889.7850000000001
DE3,onwind,2021-02-02T06:00:00,1.0,783.3149999999999
DE3,onwind,2021-02-02T09:00:00,1.0,692.0550000000001
DE3,onwind,2021-02-02T12:00:00,1.0,617.175
DE3,onwind,2021-02-02T15:00:00,1.0,559.26
DE3,onwind,2021-02-02T18:00:00,1.0,520.065
DE3,onwind,2021-02-02T21:00:00,1.0,500.175
DE3,onwind,2021-02-03T00:00:00,1.0,558.09
DE3,onwind,2021-02-03T03:00:00,1.0,615.42
DE3,onwind,2021-02-03T06:00:00,1.0,689.715
DE3,onwind,2021-02-03T09:00:00,1.0,780.975
DE3,onwind,2021-02-03T12:00:00,1.0,886.8600000000001
DE3,onwind,2021-02-03T15:00:00,1.0,1006.1999999999999
DE3,onwind,2021-02-03T18:00:00,1.0,1137.24
DE3,onwind,2021-02-03T21:00:00,1.0,1277.64
DE3,onwind,2021-02-04T00:00:00,1.0,1740.375
DE3,onwind,2021-02-04T03:00:00,1.0,1895.4
DE3,onwind,2021-02-04T06:00:00,1.0,2048.085
DE3,onwind,2021-02-04T09:00:00,1.0,2195.505
DE3,onwind,2021-02-04T12:00:00,1.0,0.0
DE3,onwind,2021-02-04T15:00:00,1.0,89.24510000000055
DE3,onwind,2021-02-04T18:00:00,1.0,2587.4550000000004
DE3,onwind,2021-02-04T21:00:00,1.0,2694.51
DE3,onwind,2021-02-05T00:00:00,1.0,2922.66
DE3,onwind,2021-02-05T03:00:00,1.0,2961.27
DE3,onwind,2021-02-05T06:00:00,1.0,2981.1600000000003
DE3,onwind,2021-02-05T09:00:00,1.0,0.0
DE3,onwind,2021-02-05T12:00:00,1.0,0.0
DE3,onwind,2021-02-05T15:00:00,1.0,0.0
DE3,onwind,2021-02-05T18:00:00,1.0,2867.085
DE3,onwind,2021-02-05T21:00:00,1.0,2792.79
DE3,onwind,2021-02-06T00:00:00,1.0,2471.04
DE3,onwind,2021-02-06T03:00:00,1.0,2340.0
DE3,onwind,2021-02-06T06:00:00,1.0,2199.6
DE3,onwind,2021-02-06T09:00:00,1.0,0.0
DE3,onwind,2021-02-06T12:00:00,1.0,0.0
DE3,onwind,2021-02-06T15:00:00,1.0,1744.47
DE3,onwind,2021-02-06T18:00:00,1.0,1589.445
DE3,onwind,2021-02-06T21:00:00,1.0,1436.76
DE3,onwind,2021-02-07T00:00:00,1.0,1009.71
DE3,onwind,2021-02-07T03:00:00,1.0,889.7850000000001
DE3,onwind,2021-02-07T06:00:00,1.0,783.3149999999999
DE3,onwind,2021-02-07T09:00:00,1.0,692.0550000000001
DE3,onwind,2021-02-07T12:00:00,1.0,617.175
DE3,onwind,2021-02-07T15:00:00,1.0,559.26
DE3,onwind,2021-02-07T18:00:00,1.0,520.065
DE3,onwind,2021-02-07T21:00:00,1.0,500.175
DE3,solar,2021-01-25T00:00:00,1.0,0.0
DE3,solar,2021-01-25T03:00:00,1.0,0.0
DE3,solar,2021-01-25T06:00:00,1.0,0.0
DE3,solar,2021-01-25T09:00:00,1.0,3500.145
DE3,solar,2021-01-25T12:00:00,1.0,4950.0
DE3,solar,2021-01-25T15:00:00,1.0,3500.145
DE3,solar,2021-01-25T18:00:00,1.0,0.0
DE3,solar,2021-01-25T21:00:00,1.0,0.0
DE3,solar,2021-01-26T00:00:00,1.0,0.0
DE3,solar,2021-01-26T03:00:00,1.0,0.0
DE3,solar,2021-01-26T06:00:00,1.0,0.0
DE3,solar,2021-01-26T09:00:00,1.0,3500.145
DE3,solar,2021-01-26T12:00:00,1.0,4950.0
DE3,solar,2021-01-26T15:00:00,1.0,3500.145
DE3,solar,2021-01-26T18:00:00,1.0,0.0
DE3,solar,2021-01-26T21:00:00,1.0,0.0
DE3,solar,2021-01-27T00:00:00,1.0,0.0
DE3,solar,2021-01-27T03:00:00,1.0,0.0
DE3,solar,2021-01-27T06:00:00,1.0,0.0
DE3,solar,2021-01-27T09:00:00,1.0,3500.145
DE3,solar,2021-01-27T12:00:00,1.0,4950.0
DE3,solar,2021-01-27T15:00:00,1.0,3500.145
DE3,solar,2021-01-27T18:00:00,1.0,0.0
DE3,solar,2021-01-27T21:00:00,1.0,0.0
DE3,solar,2021-01-28T00:00:00,1.0,0.0
DE3,solar,2021-01-28T03:00:00,1.0,0.0
DE3,solar,2021-01-28T06:00:00,1.0,0.0
DE3,solar,2021-01-28T09:00:00,1.0,3500.145
DE3,solar,2021-01-28T12:00:00,1.0,4950.0
DE3,solar,2021-01-28T15:00:00,1.0,3500.145
DE3,solar,2021-01-28T18:00:00,1.0,0.0
DE3,solar,2021-01-28T21:00:00,1.0,0.0
DE3,solar,2021-01-29T00:00:00,1.0,0.0
DE3,solar,2021-01-29T03:00:00,1.0,0.0
DE3,solar,2021-01-29T06:00:00,1.0,0.0
DE3,solar,2021-01-29T09:00:00,1.0,3500.145
DE3,solar,2021-01-29T12:00:00,1.0,4950.0
DE3,solar,2021-01-29T15:00:00,1.0,3500.145
DE3,solar,2021-01-29T18:00:00,1.0,0.0
DE3,solar,2021-01-29T21:00:00,1.0,0.0
DE3,solar,2021-01-30T00:00:00,1.0,0.0
DE3,solar,2021-01-30T03:00:00,1.0,0.0
DE3,solar,2021-01-30T06:00:00,1.0,0.0
DE3,solar,2021-01-30T09:00:00,1.0,3500.145
DE3,solar,2021-01-30T12:00:00,1.0,4950.0
DE3,solar,2021-01-30T15:00:00,1.0,3500.145
DE3,solar,2021-01-30T18:00:00,1.0,0.0
DE3,solar,2021-01-30T21:00:00,1.0,0.0
DE3,solar,2021-01-31T00:00:00,1.0,0.0
DE3,solar,2021-01-31T03:00:00,1.0,0.0
DE3,solar,2021-01-31T06:00:00,1.0,0.0
DE3,solar,2021-01-31T09:00:00,1.0,3500.145
DE3,solar,2021-01-31T12:00:00,1.0,4950.0
DE3,solar,2021-01-31T15:00:00,1.0,3500.145
DE3,solar,2021-01-31T18:00:00,1.0,0.0
DE3,solar,2021-01-31T21:00:00,1.0,0.0
DE3,solar,2021-02-01T00:00:00,1.0,0.0
DE3,solar,2021-02-01T03:00:00,1.0,0.0
DE3,solar,2021-02-01T06:00:00,1.0,0.0
DE3,solar,2021-02-01T09:00:00,1.0,3500.145
DE3,solar,2021-02-01T12:00:00,1.0,4950.0
DE3,solar,2021-02-01T15:00:00,1.0,3500.145
DE3,solar,2021-02-01T18:00:00,1.0,0.0
DE3,solar,2021-02-01T21:00:00,1.0,0.0
DE3,solar,2021-02-02T00:00:00,1.0,0.0
DE3,solar,2021-02-02T03:00:00,1.0,0.0
DE3,solar,2021-02-02T06:00:00,1.0,0.0
DE3,solar,2021-02-02T09:00:00,1.0,3500.145
DE3,solar,2021-02-02T12:00:00,1.0,4950.0
DE3,solar,2021-02-02T15:00:00,1.0,3500.145
DE3,solar,2021-02-02T18:00:00,1.0,0.0
DE3,solar,2021-02-02T21:00:00,1.0,0.0
DE3,solar,2021-02-03T00:00:00,1.0,0.0
DE3,solar,2021-02-03T03:00:00,1.0,0.0
DE3,solar,2021-02-03T06:00:00,1.0,0.0
DE3,solar,2021-02-03T09:00:00,1.0,3500.145
DE3,solar,2021-02-03T12:00:00,1.0,4950.0
DE3,solar,2021-02-03T15:00:00,1.0,3500.145
DE3,solar,2021-02-03T18:00:00,1.0,0.0
DE3,solar,2021-02-03T21:00:00,1.0,0.0
DE3,solar,2021-02-04T00:00:00,1.0,0.0
DE3,solar,2021-02-04T03:00:00,1.0,0.0
DE3,solar,2021-02-04T06:00:00,1.0,0.0
DE3,solar,2021-02-04T09:00:00,1.0,3500.145
DE3,solar,2021-02-04T12:00:00,1.0,4950.0
DE3,solar,2021-02-04T15:00:00,1.0,3500.145
DE3,solar,2021-02-04T18:00:00,1.0,0.0
DE3,solar,2021-02-04T21:00:00,1.0,0.0
DE3,solar,2021-02-05T00:00:00,1.0,0.0
DE3,solar,2021-02-05T03:00:00,1.0,0.0
DE3,solar,2021-02-05T06:00:00,1.0,0.0
DE3,solar,2021-02-05T09:00:00,1.0,3500.145
DE3,solar,2021-02-05T12:00:00,1.0,4950.0
DE3,solar,2021-02-05T15:00:00,1.0,3500.145
DE3,solar,2021-02-05T18:00:00,1.0,0.0
DE3,solar,2021-02-05T21:00:00,1.0,0.0
DE3,solar,2021-02-06T00:00:00,1.0,0.0
DE3,solar,2021-02-06T03:00:00,1.0,0.0
DE3,solar,2021-02-06T06:00:00,1.0,0.0
DE3,solar,2021-02-06T09:00:00,1.0,3500.145
DE3,solar,2021-02-06T12:00:00,1.0,4950.0
DE3,solar,2021-02-06T15:00:00,1.0,3500.145
DE3,solar,2021-02-06T18:00:00,1.0,0.0
DE3,solar,2021-02-06T21:00:00,1.0,0.0
DE3,solar,2021-02-07T00:00:00,1.0,0.0
DE3,solar,2021-02-07T03:00:00,1.0,0.0
DE3,solar,2021-02-07T06:00:00,1.0,0.0
DE3,solar,2021-02-07T09:00:00,1.0,3500.145
DE3,solar,2021-02-07T12:00:00,1.0,4950.0
DE3,solar,2021-02-07T15:00:00,1.0,3500.145
DE3,solar,2021-02-07T18:00:00,1.0,0.0
DE3,solar,2021-02-07T21:00:00,1.0,0.0
DE4,ccgt,2021-01-25T00:00:00,1.0,2040.0
DE4,ccgt,2021-01-25T03:00:00,1.0,2040.0
DE4,ccgt,2021-01-25T06:00:00,1.0,1184.3549908464838
DE4,ccgt,2021-01-25T09:00:00,1.0,612.0
DE4,ccgt,2021-01-25T12:00:00,1.0,612.0
DE4,ccgt,2021-01-25T15:00:00,1.0,612.0
DE4,ccgt,2021-01-25T18:00:00,1.0,612.0
DE4,ccgt,2021-01-25T21:00:00,1.0,612.0
DE4,ccgt,2021-01-26T00:00:00,1.0,612.0
DE4,ccgt,2021-01-26T03:00:00,1.0,612.0
DE4,ccgt,2021-01-26T06:00:00,1.0,612.0
DE4,ccgt,2021-01-26T09:00:00,1.0,612.0
DE4,ccgt,2021-01-26T12:00:00,1.0,612.0
DE4,ccgt,2021-01-26T15:00:00,1.0,612.0
DE4,ccgt,2021-01-26T18:00:00,1.0,612.0
DE4,ccgt,2021-01-26T21:00:00,1.0,612.0
DE4,ccgt,2021-01-27T00:00:00,1.0,612.0
DE4,ccgt,2021-01-27T03:00:00,1.0,612.0
DE4,ccgt,2021-01-27T06:00:00,1.0,2040.0
DE4,ccgt,2021-01-27T09:00:00,1.0,612.0
DE4,ccgt,2021-01-27T12:00:00,1.0,612.0
DE4,ccgt,2021-01-27T15:00:00,1.0,612.0
DE4,ccgt,2021-01-27T18:00:00,1.0,2040.0
DE4,ccgt,2021-01-27T21:00:00,1.0,2040.0
DE4,ccgt,2021-01-28T00:00:00,1.0,2040.0
DE4,ccgt,2021-01-28T03:00:00,1.0,2040.0
DE4,ccgt,2021-01-28T06:00:00,1.0,2040.0
DE4,ccgt,2021-01-28T09:00:00,1.0,612.0
DE4,ccgt,2021-01-28T12:00:00,1.0,612.0
DE4,ccgt,2021-01-28T15:00:00,1.0,2040.0
DE4,ccgt,2021-01-28T18:00:00,1.0,2040.0
DE4,ccgt,2021-01-28T21:00:00,1.0,2040.0
DE4,ccgt,2021-01-29T00:00:00,1.0,2040.0
DE4,ccgt,2021-01-29T03:00:00,1.0,2040.0
DE4,ccgt,2021-01-29T06:00:00,1.0,2040.0
DE4,ccgt,2021-01-29T09:00:00,1.0,612.0
DE4,ccgt,2021-01-29T12:00:00,1.0,612.0
DE4,ccgt,2021-01-29T15:00:00,1.0,612.0
DE4,ccgt,2021-01-29T18:00:00,1.0,2040.0
DE4,ccgt,2021-01-29T21:00:00,1.0,2040.0
DE4,ccgt,2021-01-30T00:00:00,1.0,1006.5059999999994
DE4,ccgt,2021-01-30T03:00:00,1.0,2040.0
DE4,ccgt,2021-01-30T06:00:00,1.0,2040.0
DE4,ccgt,2021-01-30T09:00:00,1.0,612.0
DE4,ccgt,2021-01-30T12:00:00,1.0,612.0
DE4,ccgt,2021-01-30T15:00:00,1.0,612.0
DE4,ccgt,2021-01-30T18:00:00,1.0,612.0
DE4,ccgt,2021-01-30T21:00:00,1.0,612.0
DE4,ccgt,2021-01-31T00:00:00,1.0,612.0
DE4,ccgt,2021-01-31T03:00:00,1.0,612.0
DE4,ccgt,2021-01-31T06:00:00,1.0,612.0
DE4,ccgt,2021-01-31T09:00:00,1.0,612.0
DE4,ccgt,2021-01-31T12:00:00,1.0,612.0
DE4,ccgt,2021-01-31T15:00:00,1.0,612.0
DE4,ccgt,2021-01-31T18:00:00,1.0,612.0
DE4,ccgt,2021-01-31T21:00:00,1.0,612.0
DE4,ccgt,2021-02-01T00:00:00,1.0,612.0
DE4,ccgt,2021-02-01T03:00:00,1.0,612.0
DE4,ccgt,2021-02-01T06:00:00,1.0,1514.1300873907153
DE4,ccgt,2021-02-01T09:00:00,1.0,612.0
DE4,ccgt,2021-02-01T12:00:00,1.0,612.0
DE4,ccgt,2021-02-01T15:00:00,1.0,612.0
DE4,ccgt,2021-02-01T18:00:00,1.0,2040.0
DE4,ccgt,2021-02-01T21:00:00,1.0,2040.0
DE4,ccgt,2021-02-02T00:00:00,1.0,675.554999999998
DE4,ccgt,2021-02-02T03:00:00,1.0,1656.033957144874
DE4,ccgt,2021-02-02T06:00:00,1.0,2040.0
DE4,ccgt,2021-02-02T09:00:00,1.0,612.0
DE4,ccgt,2021-02-02T12:00:00,1.0,612.0
DE4,ccgt,2021-02-02T15:00:00,1.0,612.0
DE4,ccgt,2021-02-02T18:00:00,1.0,2040.0
DE4,ccgt,2021-02-02T21:00:00,1.0,2040.0
DE4,ccgt,2021-02-03T00:00:00,1.0,2040.0
DE4,ccgt,2021-02-03T03:00:00,1.0,2040.0
DE4,ccgt,2021-02-03T06:00:00,1.0,2040.0
DE4,ccgt,2021-02-03T09:00:00,1.0,612.0
DE4,ccgt,2021-02-03T12:00:00,1.0,612.0
DE4,ccgt,2021-02-03T15:00:00,1.0,612.0
DE4,ccgt,2021-02-03T18:00:00,1.0,2040.0
DE4,ccgt,2021-02-03T21:00:00,1.0,709.5904517085295
DE4,ccgt,2021-02-04T00:00:00,1.0,2040.0
DE4,ccgt,2021-02-04T03:00:00,1.0,2040.0
DE4,ccgt,2021-02-04T06:00:00,1.0,2040.0
DE4,ccgt,2021-02-04T09:00:00,1.0,612.0
DE4,ccgt,2021-02-04T12:00:00,1.0,612.0
DE4,ccgt,2021-02-04T15:00:00,1.0,612.0
DE4,ccgt,2021-02-04T18:00:00,1.0,612.0
DE4,ccgt,2021-02-04T21:00:00,1.0,612.0
DE4,ccgt,2021-02-05T00:00:00,1.0,612.0
DE4,ccgt,2021-02-05T03:00:00,1.0,612.0
DE4,ccgt,2021-02-05T06:00:00,1.0,612.0
DE4,ccgt,2021-02-05T09:00:00,1.0,612.0
DE4,ccgt,2021-02-05T12:00:00,1.0,612.0
DE4,ccgt,2021-02-05T15:00:00,1.0,612.0
DE4,ccgt,2021-02-05T18:00:00,1.0,612.0
DE4,ccgt,2021-02-05T21:00:00,1.0,612.0
DE4,ccgt,2021-02-06T00:00:00,1.0,1613.7057289622485
DE4,ccgt,2021-02-06T03:00:00,1.0,1960.2667838920934
DE4,ccgt,2021-02-06T06:00:00,1.0,2040.0
DE4,ccgt,2021-02-06T09:00:00,1.0,612.0
DE4,ccgt,2021-02-06T12:00:00,1.0,612.0
DE4,ccgt,2021-02-06T15:00:00,1.0,612.0
DE4,ccgt,2021-02-06T18:00:00,1.0,2040.0
DE4,ccgt,2021-02-06T21:00:00,1.0,612.0
DE4,ccgt,2021-02-07T00:00:00,1.0,2040.0
DE4,ccgt,2021-02-07T03:00:00,1.0,2040.0
DE4,ccgt,2021-02-07T06:00:00,1.0,2040.0
DE4,ccgt,2021-02-07T09:00:00,1.0,612.0
DE4,ccgt,2021-02-07T12:00:00,1.0,612.0
DE4,ccgt,2021-02-07T15:00:00,1.0,612.0
DE4,ccgt,2021-02-07T18:00:00,1.0,2040.0
DE4,ccgt,2021-02-07T21:00:00,1.0,2040.0
DE4,ocgt,2021-01-25T00:00:00,1.0,0.0
DE4,ocgt,2021-01-25T03:00:00,1.0,0.0
DE4,ocgt,2021-01-25T06:00:00,1.0,0.0
DE4,ocgt,2021-01-25T09:00:00,1.0,0.0
DE4,ocgt,2021-01-25T12:00:00,1.0,0.0
DE4,ocgt,2021-01-25T15:00:00,1.0,0.0
DE4,ocgt,2021-01-25T18:00:00,1.0,0.0
DE4,ocgt,2021-01-25T21:00:00,1.0,0.0
DE4,ocgt,2021-01-26T00:00:00,1.0,0.0
DE4,ocgt,2021-01-26T03:00:00,1.0,0.0
DE4,ocgt,2021-01-26T06:00:00,1.0,0.0
DE4,ocgt,2021-01-26T09:00:00,1.0,0.0
DE4,ocgt,2021-01-26T12:00:00,1.0,0.0
DE4,ocgt,2021-01-26T15:00:00,1.0,0.0
DE4,ocgt,2021-01-26T18:00:00,1.0,0.0
DE4,ocgt,2021-01-26T21:00:00,1.0,0.0
DE4,ocgt,2021-01-27T00:00:00,1.0,0.0
DE4,ocgt,2021-01-27T03:00:00,1.0,0.0
DE4,ocgt,2021-01-27T06:00:00,1.0,0.0
DE4,ocgt,2021-01-27T09:00:00,1.0,0.0
DE4,ocgt,2021-01-27T12:00:00,1.0,0.0
DE4,ocgt,2021-01-27T15:00:00,1.0,0.0
DE4,ocgt,2021-01-27T18:00:00,1.0,0.0
DE4,ocgt,2021-01-27T21:00:00,1.0,0.0
DE4,ocgt,2021-01-28T00:00:00,1.0,0.0
DE4,ocgt,2021-01-28T03:00:00,1.0,0.0
DE4,ocgt,2021-01-28T06:00:00,1.0,0.0
DE4,ocgt,2021-01-28T09:00:00,1.0,0.0
DE4,ocgt,2021-01-28T12:00:00,1.0,0.0
DE4,ocgt,2021-01-28T15:00:00,1.0,0.0
DE4,ocgt,2021-01-28T18:00:00,1.0,890.0
DE4,ocgt,2021-01-28T21:00:00,1.0,890.0
DE4,ocgt,2021-01-29T00:00:00,1.0,890.0
DE4,ocgt,2021-01-29T03:00:00,1.0,890.0
DE4,ocgt,2021-01-29T06:00:00,1.0,890.0
DE4,ocgt,2021-01-29T09:00:00,1.0,0.0
DE4,ocgt,2021-01-29T12:00:00,1.0,0.0
DE4,ocgt,2021-01-29T15:00:00,1.0,0.0
DE4,ocgt,2021-01-29T18:00:00,1.0,0.0
DE4,ocgt,2021-01-29T21:00:00,1.0,0.0
DE4,ocgt,2021-01-30T00:00:00,1.0,0.0
DE4,ocgt,2021-01-30T03:00:00,1.0,0.0
DE4,ocgt,2021-01-30T06:00:00,1.0,0.0
DE4,ocgt,2021-01-30T09:00:00,1.0,0.0
DE4,ocgt,2021-01-30T12:00:00,1.0,0.0
DE4,ocgt,2021-01-30T15:00:00,1.0,0.0
DE4,ocgt,2021-01-30T18:00:00,1.0,0.0
DE4,ocgt,2021-01-30T21:00:00,1.0,0.0
DE4,ocgt,2021-01-31T00:00:00,1.0,0.0
DE4,ocgt,2021-01-31T03:00:00,1.0,0.0
DE4,ocgt,2021-01-31T06:00:00,1.0,0.0
DE4,ocgt,2021-01-31T09:00:00,1.0,0.0
DE4,ocgt,2021-01-31T12:00:00,1.0,0.0
DE4,ocgt,2021-01-31T15:00:00,1.0,0.0
DE4,ocgt,2021-01-31T18:00:00,1.0,0.0
DE4,ocgt,2021-01-31T21:00:00,1.0,0.0
DE4,ocgt,2021-02-01T00:00:00,1.0,0.0
DE4,ocgt,2021-02-01T03:00:00,1.0,0.0
DE4,ocgt,2021-02-01T06:00:00,1.0,0.0
DE4,ocgt,2021-02-01T09:00:00,1.0,0.0
DE4,ocgt,2021-02-01T12:00:00,1.0,0.0
DE4,ocgt,2021-02-01T15:00:00,1.0,0.0
DE4,ocgt,2021-02-01T18:00:00,1.0,0.0
DE4,ocgt,2021-02-01T21:00:00,1.0,0.0
DE4,ocgt,2021-02-02T00:00:00,1.0,0.0
DE4,ocgt,2021-02-02T03:00:00,1.0,0.0
DE4,ocgt,2021-02-02T06:00:00,1.0,0.0
DE4,ocgt,2021-02-02T09:00:00,1.0,0.0
DE4,ocgt,2021-02-02T12:00:00,1.0,0.0
DE4,ocgt,2021-02-02T15:00:00,1.0,0.0
DE4,ocgt,2021-02-02T18:00:00,1.0,886.7456681474241
DE4,ocgt,2021-02-02T21:00:00,1.0,890.0
DE4,ocgt,2021-02-03T00:00:00,1.0,0.0
DE4,ocgt,2021-02-03T03:00:00,1.0,890.0
DE4,ocgt,2021-02-03T06:00:00,1.0,890.0
DE4,ocgt,2021-02-03T09:00:00,1.0,0.0
DE4,ocgt,2021-02-03T12:00:00,1.0,0.0
DE4,ocgt,2021-02-03T15:00:00,1.0,0.0
DE4,ocgt,2021-02-03T18:00:00,1.0,0.0
DE4,ocgt,2021-02-03T21:00:00,1.0,0.0
DE4,ocgt,2021-02-04T00:00:00,1.0,0.0
DE4,ocgt,2021-02-04T03:00:00,1.0,0.0
DE4,ocgt,2021-02-04T06:00:00,1.0,0.0
DE4,ocgt,2021-02-04T09:00:00,1.0,0.0
DE4,ocgt,2021-02-04T12:00:00,1.0,0.0
DE4,ocgt,2021-02-04T15:00:00,1.0,0.0
DE4,ocgt,2021-02-04T18:00:00,1.0,0.0
DE4,ocgt,2021-02-04T21:00:00,1.0,0.0
DE4,ocgt,2021-02-05T00:00:00,1.0,0.0
DE4,ocgt,2021-02-05T03:00:00,1.0,0.0
DE4,ocgt,2021-02-05T06:00:00,1.0,0.0
DE4,ocgt,2021-02-05T09:00:00,1.0,0.0
DE4,ocgt,2021-02-05T12:00:00,1.0,0.0
DE4,ocgt,2021-02-05T15:00:00,1.0,0.0
DE4,ocgt,2021-02-05T18:00:00,1.0,0.0
DE4,ocgt,2021-02-05T21:00:00,1.0,0.0
DE4,ocgt,2021-02-06T00:00:00,1.0,0.0
DE4,ocgt,2021-02-06T03:00:00,1.0,0.0
DE4,ocgt,2021-02-06T06:00:00,1.0,0.0
DE4,ocgt,2021-02-06T09:00:00,1.0,0.0
DE4,ocgt,2021-02-06T12:00:00,1.0,0.0
DE4,ocgt,2021-02-06T15:00:00,1.0,0.0
DE4,ocgt,2021-02-06T18:00:00,1.0,0.0
DE4,ocgt,2021-02-06T21:00:00,1.0,0.0
DE4,ocgt,2021-02-07T00:00:00,1.0,0.0
DE4,ocgt,2021-02-07T03:00:00,1.0,0.0
DE4,ocgt,2021-02-07T06:00:00,1.0,0.0
DE4,ocgt,2021-02-07T09:00:00,1.0,0.0
DE4,ocgt,2021-02-07T12:00:00,1.0,0.0
DE4,ocgt,2021-02-07T15:00:00,1.0,0.0
DE4,ocgt,2021-02-07T18:00:00,1.0,890.0
DE4,ocgt,2021-02-07T21:00:00,1.0,890.0
DE4,offwind,2021-01-25T00:00:00,1.0,170.144
DE4,offwind,2021-01-25T03:00:00,1.0,185.328
DE4,offwind,2021-01-25T06:00:00,1.0,200.252
DE4,offwind,2021-01-25T09:00:00,1.0,0.0
DE4,offwind,2021-01-25T12:00:00,1.0,0.0
DE4,offwind,2021-01-25T15:00:00,1.0,241.28
DE4,offwind,2021-01-25T18:00:00,1.0,253.03199999999998
DE4,offwind,2021-01-25T21:00:00,1.0,263.48400000000004
DE4,offwind,2021-01-26T00:00:00,1.0,285.792
DE4,offwind,2021-01-26T03:00:00,1.0,289.536
DE4,offwind,2021-01-26T06:00:00,1.0,291.46
DE4,offwind,2021-01-26T09:00:00,1.0,0.0
DE4,offwind,2021-01-26T12:00:00,1.0,0.0
DE4,offwind,2021-01-26T15:00:00,1.0,285.89599999999996
DE4,offwind,2021-01-26T18:00:00,1.0,280.332
DE4,offwind,2021-01-26T21:00:00,1.0,273.104
DE4,offwind,2021-01-27T00:00:00,1.0,241.592
DE4,offwind,2021-01-27T03:00:00,1.0,228.8
DE4,offwind,2021-01-27T06:00:00,1.0,215.072
DE4,offwind,2021-01-27T09:00:00,1.0,200.61599999999999
DE4,offwind,2021-01-27T12:00:00,1.0,0.0
DE4,offwind,2021-01-27T15:00:00,1.0,170.56
DE4,offwind,2021-01-27T18:00:00,1.0,155.428
DE4,offwind,2021-01-27T21:00:00,1.0,140.504
DE4,offwind,2021-01-28T00:00:00,1.0,98.748
DE4,offwind,2021-01-28T03:00:00,1.0,87.048
DE4,offwind,2021-01-28T06:00:00,1.0,76.59599999999999
DE4,offwind,2021-01-28T09:00:00,1.0,67.652
DE4,offwind,2021-01-28T12:00:00,1.0,60.32
DE4,offwind,2021-01-28T15:00:00,1.0,54.704
DE4,offwind,2021-01-28T18:00:00,1.0,50.856
DE4,offwind,2021-01-28T21:00:00,1.0,48.88
DE4,offwind,2021-01-29T00:00:00,1.0,54.547999999999995
DE4,offwind,2021-01-29T03:00:00,1.0,60.164
DE4,offwind,2021-01-29T06:00:00,1.0,67.444
DE4,offwind,2021-01-29T09:00:00,1.0,76.33600000000001
DE4,offwind,2021-01-29T12:00:00,1.0,86.736
DE4,offwind,2021-01-29T15:00:00,1.0,98.384
DE4,offwind,2021-01-29T18:00:00,1.0,111.17599999999999
DE4,offwind,2021-01-29T21:00:00,1.0,124.904
DE4,offwind,2021-01-30T00:00:00,1.0,170.144
DE4,offwind,2021-01-30T03:00:00,1.0,185.328
DE4,offwind,2021-01-30T06:00:00,1.0,200.252
DE4,offwind,2021-01-30T09:00:00,1.0,214.708
DE4,offwind,2021-01-30T12:00:00,1.0,228.436
DE4,offwind,2021-01-30T15:00:00,1.0,241.28
DE4,offwind,2021-01-30T18:00:00,1.0,253.03199999999998
DE4,offwind,2021-01-30T21:00:00,1.0,263.48400000000004
DE4,offwind,2021-01-31T00:00:00,1.0,0.0
DE4,offwind,2021-01-31T03:00:00,1.0,289.536
DE4,offwind,2021-01-31T06:00:00,1.0,291.46
DE4,offwind,2021-01-31T09:00:00,1.0,291.512
DE4,offwind,2021-01-31T12:00:00,1.0,0.0
DE4,offwind,2021-01-31T15:00:00,1.0,0.0
DE4,offwind,2021-01-31T18:00:00,1.0,280.332
DE4,offwind,2021-01-31T21:00:00,1.0,273.104
DE4,offwind,2021-02-01T00:00:00,1.0,241.592
DE4,offwind,2021-02-01T03:00:00,1.0,228.8
DE4,offwind,2021-02-01T06:00:00,1.0,215.072
DE4,offwind,2021-02-01T09:00:00,1.0,200.61599999999999
DE4,offwind,2021-02-01T12:00:00,1.0,0.0
DE4,offwind,2021-02-01T15:00:00,1.0,0.0
DE4,offwind,2021-02-01T18:00:00,1.0,155.428
DE4,offwind,2021-02-01T21:00:00,1.0,140.504
DE4,offwind,2021-02-02T00:00:00,1.0,98.748
DE4,offwind,2021-02-02T03:00:00,1.0,87.048
DE4,offwind,2021-02-02T06:00:00,1.0,76.59599999999999
DE4,offwind,2021-02-02T09:00:00,1.0,67.652
DE4,offwind,2021-02-02T12:00:00,1.0,60.32
DE4,offwind,2021-02-02T15:00:00,1.0,54.704
DE4,offwind,2021-02-02T18:00:00,1.0,50.856
DE4,offwind,2021-02-02T21:00:00,1.0,48.88
DE4,offwind,2021-02-03T00:00:00,1.0,54.547999999999995
DE4,offwind,2021-02-03T03:00:00,1.0,60.164
DE4,offwind,2021-02-03T06:00:00,1.0,67.444
DE4,offwind,2021-02-03T09:00:00,1.0,76.33600000000001
DE4,offwind,2021-02-03T12:00:00,1.0,86.736
DE4,offwind,2021-02-03T15:00:00,1.0,98.384
DE4,offwind,2021-02-03T18:00:00,1.0,111.17599999999999
DE4,offwind,2021-02-03T21:00:00,1.0,124.904
DE4,offwind,2021-02-04T00:00:00,1.0,170.144
DE4,offwind,2021-02-04T03:00:00,1.0,185.328
DE4,offwind,2021-02-04T06:00:00,1.0,200.252
DE4,offwind,2021-02-04T09:00:00,1.0,0.0
DE4,offwind,2021-02-04T12:00:00,1.0,0.0
DE4,offwind,2021-02-04T15:00:00,1.0,241.28
DE4,offwind,2021-02-04T18:00:00,1.0,253.03199999999998
DE4,offwind,2021-02-04T21:00:00,1.0,263.48400000000004
DE4,offwind,2021-02-05T00:00:00,1.0,285.792
DE4,offwind,2021-02-05T03:00:00,1.0,289.536
DE4,offwind,2021-02-05T06:00:00,1.0,291.46
DE4,offwind,2021-02-05T09:00:00,1.0,291.512
DE4,offwind,2021-02-05T12:00:00,1.0,0.0
DE4,offwind,2021-02-05T15:00:00,1.0,0.0
DE4,offwind,2021-02-05T18:00:00,1.0,280.332
DE4,offwind,2021-02-05T21:00:00,1.0,273.104
DE4,offwind,2021-02-06T00:00:00,1.0,241.592
DE4,offwind,2021-02-06T03:00:00,1.0,228.8
DE4,offwind,2021-02-06T06:00:00,1.0,215.072
DE4,offwind,2021-02-06T09:00:00,1.0,0.0
DE4,offwind,2021-02-06T12:00:00,1.0,0.0
DE4,offwind,2021-02-06T15:00:00,1.0,170.56
DE4,offwind,2021-02-06T18:00:00,1.0,155.428
DE4,offwind,2021-02-06T21:00:00,1.0,140.504
DE4,offwind,2021-02-07T00:00:00,1.0,98.748
DE4,offwind,2021-02-07T03:00:00,1.0,87.048
DE4,offwind,2021-02-07T06:00:00,1.0,76.59599999999999
DE4,offwind,2021-02-07T09:00:00,1.0,67.652
DE4,offwind,2021-02-07T12:00:00,1.0,60.32
DE4,offwind,2021-02-07T15:00:00,1.0,54.704
DE4,offwind,2021-02-07T18:00:00,1.0,50.856
DE4,offwind,2021-02-07T21:00:00,1.0,48.88
DE4,onwind,2021-01-25T00:00:00,1.0,2513.875
DE4,onwind,2021-01-25T03:00:00,1.0,2737.8
DE4,onwind,2021-01-25T06:00:00,1.0,2958.3450000000003
DE4,onwind,2021-01-25T09:00:00,1.0,0.0
DE4,onwind,2021-01-25T12:00:00,1.0,0.0
DE4,onwind,2021-01-25T15:00:00,1.0,3564.21
DE4,onwind,2021-01-25T18:00:00,1.0,3737.4350000000004
DE4,onwind,2021-01-25T21:00:00,1.0,3892.07
DE4,onwind,2021-01-26T00:00:00,1.0,4221.62
DE4,onwind,2021-01-26T03:00:00,1.0,4277.389999999999
DE4,onwind,2021-01-26T06:00:00,1.0,4306.120000000001
DE4,onwind,2021-01-26T09:00:00,1.0,0.0
DE4,onwind,2021-01-26T12:00:00,1.0,0.0
DE4,onwind,2021-01-26T15:00:00,1.0,0.0
DE4,onwind,2021-01-26T18:00:00,1.0,4141.345
DE4,onwind,2021-01-26T21:00:00,1.0,4034.0299999999997
DE4,onwind,2021-01-27T00:00:00,1.0,3569.28
DE4,onwind,2021-01-27T03:00:00,1.0,3380.0
DE4,onwind,2021-01-27T06:00:00,1.0,3177.2
DE4,onwind,2021-01-27T09:00:00,1.0,0.0
DE4,onwind,2021-01-27T12:00:00,1.0,1643.8546496689542
DE4,onwind,2021-01-27T15:00:00,1.0,2519.79
DE4,onwind,2021-01-27T18:00:00,1.0,2295.865
DE4,onwind,2021-01-27T21:00:00,1.0,2075.32
DE4,onwind,2021-01-28T00:00:00,1.0,1458.47
DE4,onwind,2021-01-28T03:00:00,1.0,1285.2450000000001
DE4,onwind,2021-01-28T06:00:00,1.0,1131.455
DE4,onwind,2021-01-28T09:00:00,1.0,999.635
DE4,onwind,2021-01-28T12:00:00,1.0,891.475
DE4,onwind,2021-01-28T15:00:00,1.0,807.82
DE4,onwind,2021-01-28T18:00:00,1.0,751.205
DE4,onwind,2021-01-28T21:00:00,1.0,722.475
DE4,onwind,2021-01-29T00:00:00,1.0,806.13
DE4,onwind,2021-01-29T03:00:00,1.0,888.94
DE4,onwind,2021-01-29T06:00:00,1.0,996.255
DE4,onwind,2021-01-29T09:00:00,1.0,1128.075
DE4,onwind,2021-01-29T12:00:00,1.0,1281.0200000000002
DE4,onwind,2021-01-29T15:00:00,1.0,1453.3999999999999
DE4,onwind,2021-01-29T18:00:00,1.0,1642.6799999999998
DE4,onwind,2021-01-29T21:00:00,1.0,1845.48
DE4,onwind,2021-01-30T00:00:00,1.0,2513.875
DE4,onwind,2021-01-30T03:00:00,1.0,2737.8
DE4,onwind,2021-01-30T06:00:00,1.0,2958.3450000000003
DE4,onwind,2021-01-30T09:00:00,1.0,3171.2850000000003
DE4,onwind,2021-01-30T12:00:00,1.0,0.0
DE4,onwind,2021-01-30T15:00:00,1.0,863.5569147327551
DE4,onwind,2021-01-30T18:00:00,1.0,3737.4350000000004
DE4,onwind,2021-01-30T21:00:00,1.0,3892.07
DE4,onwind,2021-01-31T00:00:00,1.0,4221.62
DE4,onwind,2021-01-31T03:00:00,1.0,4277.389999999999
DE4,onwind,2021-01-31T06:00:00,1.0,4306.120000000001
DE4,onwind,2021-01-31T09:00:00,1.0,1389.4027769797885
DE4,onwind,2021-01-31T12:00:00,1.0,0.0
DE4,onwind,2021-01-31T15:00:00,1.0,867.8369147327576
DE4,onwind,2021-01-31T18:00:00,1.0,4141.345
DE4,onwind,2021-01-31T21:00:00,1.0,4034.0299999999997
DE4,onwind,2021-02-01T00:00:00,1.0,3569.28
DE4,onwind,2021-02-01T03:00:00,1.0,3380.0
DE4,onwind,2021-02-01T06:00:00,1.0,3177.2
DE4,onwind,2021-02-01T09:00:00,1.0,0.0
DE4,onwind,2021-02-01T12:00:00,1.0,0.0
DE4,onwind,2021-02-01T15:00:00,1.0,2519.79
DE4,onwind,2021-02-01T18:00:00,1.0,2295.865
DE4,onwind,2021-02-01T21:00:00,1.0,2075.32
DE4,onwind,2021-02-02T00:00:00,1.0,1458.47
DE4,onwind,2021-02-02T03:00:00,1.0,1285.2450000000001
DE4,onwind,2021-02-02T06:00:00,1.0,1131.455
DE4,onwind,2021-02-02T09:00:00,1.0,999.635
DE4,onwind,2021-02-02T12:00:00,1.0,891.475
DE4,onwind,2021-02-02T15:00:00,1.0,807.82
DE4,onwind,2021-02-02T18:00:00,1.0,751.205
DE4,onwind,2021-02-02T21:00:00,1.0,722.475
DE4,onwind,2021-02-03T00:00:00,1.0,806.13
DE4,onwind,2021-02-03T03:00:00,1.0,888.94
DE4,onwind,2021-02-03T06:00:00,1.0,996.255
DE4,onwind,2021-02-03T09:00:00,1.0,1128.075
DE4,onwind,2021-02-03T12:00:00,1.0,1281.0200000000002
DE4,onwind,2021-02-03T15:00:00,1.0,1453.3999999999999
DE4,onwind,2021-02-03T18:00:00,1.0,1642.6799999999998
DE4,onwind,2021-02-03T21:00:00,1.0,1845.48
DE4,onwind,2021-02-04T00:00:00,1.0,2513.875
DE4,onwind,2021-02-04T03:00:00,1.0,2737.8
DE4,onwind,2021-02-04T06:00:00,1.0,2958.3450000000003
DE4,onwind,2021-02-04T09:00:00,1.0,0.0
DE4,onwind,2021-02-04T12:00:00,1.0,0.0
DE4,onwind,2021-02-04T15:00:00,1.0,430.3669147327564
DE4,onwind,2021-02-04T18:00:00,1.0,3737.4350000000004
DE4,onwind,2021-02-04T21:00:00,1.0,3892.07
DE4,onwind,2021-02-05T00:00:00,1.0,4221.62
DE4,onwind,2021-02-05T03:00:00,1.0,4277.389999999999
DE4,onwind,2021-02-05T06:00:00,1.0,4306.120000000001
DE4,onwind,2021-02-05T09:00:00,1.0,4306.120000000001
DE4,onwind,2021-02-05T12:00:00,1.0,0.0
DE4,onwind,2021-02-05T15:00:00,1.0,1008.8769147327585
DE4,onwind,2021-02-05T18:00:00,1.0,4141.345
DE4,onwind,2021-02-05T21:00:00,1.0,4034.0299999999997
DE4,onwind,2021-02-06T00:00:00,1.0,3569.28
DE4,onwind,2021-02-06T03:00:00,1.0,3380.0
DE4,onwind,2021-02-06T06:00:00,1.0,3177.2
DE4,onwind,2021-02-06T09:00:00,1.0,2964.26
DE4,onwind,2021-02-06T12:00:00,1.0,2743.7149999999997
DE4,onwind,2021-02-06T15:00:00,1.0,2519.79
DE4,onwind,2021-02-06T18:00:00,1.0,2295.865
DE4,onwind,2021-02-06T21:00:00,1.0,2075.32
DE4,onwind,2021-02-07T00:00:00,1.0,1458.47
DE4,onwind,2021-02-07T03:00:00,1.0,1285.2450000000001
DE4,onwind,2021-02-07T06:00:00,1.0,1131.455
DE4,onwind,2021-02-07T09:00:00,1.0,999.635
DE4,onwind,2021-02-07T12:00:00,1.0,891.475
DE4,onwind,2021-02-07T15:00:00,1.0,807.82
DE4,onwind,2021-02-07T18:00:00,1.0,751.205
DE4,onwind,2021-02-07T21:00:00,1.0,722.475
DE4,solar,2021-01-25T00:00:00,1.0,0.0
DE4,solar,2021-01-25T03:00:00,1.0,0.0
DE4,solar,2021-01-25T06:00:00,1.0,0.0
DE4,solar,2021-01-25T09:00:00,1.0,5055.764999999999
DE4,solar,2021-01-25T12:00:00,1.0,7150.0
DE4,solar,2021-01-25T15:00:00,1.0,5055.764999999999
DE4,solar,2021-01-25T18:00:00,1.0,0.0
DE4,solar,2021-01-25T21:00:00,1.0,0.0
DE4,solar,2021-01-26T00:00:00,1.0,0.0
DE4,solar,2021-01-26T03:00:00,1.0,0.0
DE4,solar,2021-01-26T06:00:00,1.0,0.0
DE4,solar,2021-01-26T09:00:00,1.0,5055.764999999999
DE4,solar,2021-01-26T12:00:00,1.0,7150.0
DE4,solar,2021-01-26T15:00:00,1.0,5055.764999999999
DE4,solar,2021-01-26T18:00:00,1.0,0.0
DE4,solar,2021-01-26T21:00:00,1.0,0.0
DE4,solar,2021-01-27T00:00:00,1.0,0.0
DE4,solar,2021-01-27T03:00:00,1.0,0.0
DE4,solar,2021-01-27T06:00:00,1.0,0.0
DE4,solar,2021-01-27T09:00:00,1.0,5055.764999999999
DE4,solar,2021-01-27T12:00:00,1.0,7150.0
DE4,solar,2021-01-27T15:00:00,1.0,5055.764999999999
DE4,solar,2021-01-27T18:00:00,1.0,0.0
DE4,solar,2021-01-27T21:00:00,1.0,0.0
DE4,solar,2021-01-28T00:00:00,1.0,0.0
DE4,solar,2021-01-28T03:00:00,1.0,0.0
DE4,solar,2021-01-28T06:00:00,1.0,0.0
DE4,solar,2021-01-28T09:00:00,1.0,5055.764999999999
DE4,solar,2021-01-28T12:00:00,1.0,7150.0
DE4,solar,2021-01-28T15:00:00,1.0,5055.764999999999
DE4,solar,2021-01-28T18:00:00,1.0,0.0
DE4,solar,2021-01-28T21:00:00,1.0,0.0
DE4,solar,2021-01-29T00:00:00,1.0,0.0
DE4,solar,2021-01-29T03:00:00,1.0,0.0
DE4,solar,2021-01-29T06:00:00,1.0,0.0
DE4,solar,2021-01-29T09:00:00,1.0,5055.764999999999
DE4,solar,2021-01-29T12:00:00,1.0,7150.0
DE4,solar,2021-01-29T15:00:00,1.0,5055.764999999999
DE4,solar,2021-01-29T18:00:00,1.0,0.0
DE4,solar,2021-01-29T21:00:00,1.0,0.0
DE4,solar,2021-01-30T00:00:00,1.0,0.0
DE4,solar,2021-01-30T03:00:00,1.0,0.0
DE4,solar,2021-01-30T06:00:00,1.0,0.0
DE4,solar,2021-01-30T09:00:00,1.0,5055.764999999999
DE4,solar,2021-01-30T12:00:00,1.0,7150.0
DE4,solar,2021-01-30T15:00:00,1.0,5055.764999999999
DE4,solar,2021-01-30T18:00:00,1.0,0.0
DE4,solar,2021-01-30T21:00:00,1.0,0.0
DE4,solar,2021-01-31T00:00:00,1.0,0.0
DE4,solar,2021-01-31T03:00:00,1.0,0.0
DE4,solar,2021-01-31T06:00:00,1.0,0.0
DE4,solar,2021-01-31T09:00:00,1.0,5055.764999999999
DE4,solar,2021-01-31T12:00:00,1.0,7150.0
DE4,solar,2021-01-31T15:00:00,1.0,5055.764999999999
DE4,solar,2021-01-31T18:00:00,1.0,0.0
DE4,solar,2021-01-31T21:00:00,1.0,0.0
DE4,solar,2021-02-01T00:00:00,1.0,0.0
DE4,solar,2021-02-01T03:00:00,1.0,0.0
DE4,solar,2021-02-01T06:00:00,1.0,0.0
DE4,solar,2021-02-01T09:00:00,1.0,5055.764999999999
DE4,solar,2021-02-01T12:00:00,1.0,7150.0
DE4,solar,2021-02-01T15:00:00,1.0,5055.764999999999
DE4,solar,2021-02-01T18:00:00,1.0,0.0
DE4,solar,2021-02-01T21:00:00,1.0,0.0
DE4,solar,2021-02-02T00:00:00,1.0,0.0
DE4,solar,2021-02-02T03:00:00,1.0,0.0
DE4,solar,2021-02-02T06:00:00,1.0,0.0
DE4,solar,2021-02-02T09:00:00,1.0,5055.764999999999
DE4,solar,2021-02-02T12:00:00,1.0,7150.0
DE4,solar,2021-02-02T15:00:00,1.0,5055.764999999999
DE4,solar,2021-02-02T18:00:00,1.0,0.0
DE4,solar,2021-02-02T21:00:00,1.0,0.0
DE4,solar,2021-02-03T00:00:00,1.0,0.0
DE4,solar,2021-02-03T03:00:00,1.0,0.0
DE4,solar,2021-02-03T06:00:00,1.0,0.0
DE4,solar,2021-02-03T09:00:00,1.0,5055.764999999999
DE4,solar,2021-02-03T12:00:00,1.0,7150.0
DE4,solar,2021-02-03T15:00:00,1.0,5055.764999999999
DE4,solar,2021-02-03T18:00:00,1.0,0.0
DE4,solar,2021-02-03T21:00:00,1.0,0.0
DE4,solar,2021-02-04T00:00:00,1.0,0.0
DE4,solar,2021-02-04T03:00:00,1.0,0.0
DE4,solar,2021-02-04T06:00:00,1.0,0.0
DE4,solar,2021-02-04T09:00:00,1.0,5055.764999999999
DE4,solar,2021-02-04T12:00:00,1.0,7150.0
DE4,solar,2021-02-04T15:00:00,1.0,5055.764999999999
DE4,solar,2021-02-04T18:00:00,1.0,0.0
DE4,solar,2021-02-04T21:00:00,1.0,0.0
DE4,solar,2021-02-05T00:00:00,1.0,0.0
DE4,solar,2021-02-05T03:00:00,1.0,0.0
DE4,solar,2021-02-05T06:00:00,1.0,0.0
DE4,solar,2021-02-05T09:00:00,1.0,5055.764999999999
DE4,solar,2021-02-05T12:00:00,1.0,7150.0
DE4,solar,2021-02-05T15:00:00,1.0,5055.764999999999
DE4,solar,2021-02-05T18:00:00,1.0,0.0
DE4,solar,2021-02-05T21:00:00,1.0,0.0
DE4,solar,2021-02-06T00:00:00,1.0,0.0
DE4,solar,2021-02-06T03:00:00,1.0,0.0
DE4,solar,2021-02-06T06:00:00,1.0,0.0
DE4,solar,2021-02-06T09:00:00,1.0,5055.764999999999
DE4,solar,2021-02-06T12:00:00,1.0,7150.0
DE4,solar,2021-02-06T15:00:00,1.0,5055.764999999999
DE4,solar,2021-02-06T18:00:00,1.0,0.0
DE4,solar,2021-02-06T21:00:00,1.0,0.0
DE4,solar,2021-02-07T00:00:00,1.0,0.0
DE4,solar,2021-02-07T03:00:00,1.0,0.0
DE4,solar,2021-02-07T06:00:00,1.0,0.0
DE4,solar,2021-02-07T09:00:00,1.0,5055.764999999999
DE4,solar,2021-02-07T12:00:00,1.0,7150.0
DE4,solar,2021-02-07T15:00:00,1.0,5055.764999999999
DE4,solar,2021-02-07T18:00:00,1.0,0.0
DE4,solar,2021-02-07T21:00:00,1.0,0.0
DE5,ccgt,2021-01-25T00:00:00,1.0,1960.0
DE5,ccgt,2021-01-25T03:00:00,1.0,1960.0
DE5,ccgt,2021-01-25T06:00:00,1.0,1960.0
DE5,ccgt,2021-01-25T09:00:00,1.0,588.0
DE5,ccgt,2021-01-25T12:00:00,1.0,588.0
DE5,ccgt,2021-01-25T15:00:00,1.0,588.0
DE5,ccgt,2021-01-25T18:00:00,1.0,588.0
DE5,ccgt,2021-01-25T21:00:00,1.0,588.0
DE5,ccgt,2021-01-26T00:00:00,1.0,588.0
DE5,ccgt,2021-01-26T03:00:00,1.0,588.0
DE5,ccgt,2021-01-26T06:00:00,1.0,588.0
DE5,ccgt,2021-01-26T09:00:00,1.0,588.0
DE5,ccgt,2021-01-26T12:00:00,1.0,588.0
DE5,ccgt,2021-01-26T15:00:00,1.0,588.0
DE5,ccgt,2021-01-26T18:00:00,1.0,588.0
DE5,ccgt,2021-01-26T21:00:00,1.0,588.0
DE5,ccgt,2021-01-27T00:00:00,1.0,588.0
DE5,ccgt,2021-01-27T03:00:00,1.0,588.0
DE5,ccgt,2021-01-27T06:00:00,1.0,588.0
DE5,ccgt,2021-01-27T09:00:00,1.0,588.0
DE5,ccgt,2021-01-27T12:00:00,1.0,588.0
DE5,ccgt,2021-01-27T15:00:00,1.0,588.0
DE5,ccgt,2021-01-27T18:00:00,1.0,1960.0
DE5,ccgt,2021-01-27T21:00:00,1.0,1960.0
DE5,ccgt,2021-01-28T00:00:00,1.0,1960.0
DE5,ccgt,2021-01-28T03:00:00,1.0,1960.0
DE5,ccgt,2021-01-28T06:00:00,1.0,1960.0
DE5,ccgt,2021-01-28T09:00:00,1.0,588.0
DE5,ccgt,2021-01-28T12:00:00,1.0,588.0
DE5,ccgt,2021-01-28T15:00:00,1.0,588.0
DE5,ccgt,2021-01-28T18:00:00,1.0,1960.0
DE5,ccgt,2021-01-28T21:00:00,1.0,1960.0
DE5,ccgt,2021-01-29T00:00:00,1.0,1960.0
DE5,ccgt,2021-01-29T03:00:00,1.0,1960.0
DE5,ccgt,2021-01-29T06:00:00,1.0,1960.0
DE5,ccgt,2021-01-29T09:00:00,1.0,1960.0
DE5,ccgt,2021-01-29T12:00:00,1.0,588.0
DE5,ccgt,2021-01-29T15:00:00,1.0,588.0
DE5,ccgt,2021-01-29T18:00:00,1.0,1960.0
DE5,ccgt,2021-01-29T21:00:00,1.0,1960.0
DE5,ccgt,2021-01-30T00:00:00,1.0,588.0
DE5,ccgt,2021-01-30T03:00:00,1.0,1960.0
DE5,ccgt,2021-01-30T06:00:00,1.0,1960.0
DE5,ccgt,2021-01-30T09:00:00,1.0,588.0
DE5,ccgt,2021-01-30T12:00:00,1.0,588.0
DE5,ccgt,2021-01-30T15:00:00,1.0,588.0
DE5,ccgt,2021-01-30T18:00:00,1.0,588.0
DE5,ccgt,2021-01-30T21:00:00,1.0,1960.0
DE5,ccgt,2021-01-31T00:00:00,1.0,588.0
DE5,ccgt,2021-01-31T03:00:00,1.0,588.0
DE5,ccgt,2021-01-31T06:00:00,1.0,588.0
DE5,ccgt,2021-01-31T09:00:00,1.0,588.0
DE5,ccgt,2021-01-31T12:00:00,1.0,588.0
DE5,ccgt,2021-01-31T15:00:00,1.0,588.0
DE5,ccgt,2021-01-31T18:00:00,1.0,588.0
DE5,ccgt,2021-01-31T21:00:00,1.0,588.0
DE5,ccgt,2021-02-01T00:00:00,1.0,588.0
DE5,ccgt,2021-02-01T03:00:00,1.0,588.0
DE5,ccgt,2021-02-01T06:00:00,1.0,588.0
DE5,ccgt,2021-02-01T09:00:00,1.0,588.0
DE5,ccgt,2021-02-01T12:00:00,1.0,588.0
DE5,ccgt,2021-02-01T15:00:00,1.0,588.0
DE5,ccgt,2021-02-01T18:00:00,1.0,1960.0
DE5,ccgt,2021-02-01T21:00:00,1.0,1960.0
DE5,ccgt,2021-02-02T00:00:00,1.0,1960.0
DE5,ccgt,2021-02-02T03:00:00,1.0,1960.0
DE5,ccgt,2021-02-02T06:00:00,1.0,1960.0
DE5,ccgt,2021-02-02T09:00:00,1.0,588.0
DE5,ccgt,2021-02-02T12:00:00,1.0,588.0
DE5,ccgt,2021-02-02T15:00:00,1.0,588.0
DE5,ccgt,2021-02-02T18:00:00,1.0,1960.0
DE5,ccgt,2021-02-02T21:00:00,1.0,1960.0
DE5,ccgt,2021-02-03T00:00:00,1.0,1960.0
DE5,ccgt,2021-02-03T03:00:00,1.0,1960.0
DE5,ccgt,2021-02-03T06:00:00,1.0,1960.0
DE5,ccgt,2021-02-03T09:00:00,1.0,1960.0
DE5,ccgt,2021-02-03T12:00:00,1.0,588.0
DE5,ccgt,2021-02-03T15:00:00,1.0,588.0
DE5,ccgt,2021-02-03T18:00:00,1.0,588.0
DE5,ccgt,2021-02-03T21:00:00,1.0,1960.0
DE5,ccgt,2021-02-04T00:00:00,1.0,1960.0
DE5,ccgt,2021-02-04T03:00:00,1.0,1960.0
DE5,ccgt,2021-02-04T06:00:00,1.0,1960.0
DE5,ccgt,2021-02-04T09:00:00,1.0,588.0
DE5,ccgt,2021-02-04T12:00:00,1.0,588.0
DE5,ccgt,2021-02-04T15:00:00,1.0,588.0
DE5,ccgt,2021-02-04T18:00:00,1.0,588.0
DE5,ccgt,2021-02-04T21:00:00,1.0,588.0
DE5,ccgt,2021-02-05T00:00:00,1.0,588.0
DE5,ccgt,2021-02-05T03:00:00,1.0,588.0
DE5,ccgt,2021-02-05T06:00:00,1.0,588.0
DE5,ccgt,2021-02-05T09:00:00,1.0,588.0
DE5,ccgt,2021-02-05T12:00:00,1.0,588.0
DE5,ccgt,2021-02-05T15:00:00,1.0,588.0
DE5,ccgt,2021-02-05T18:00:00,1.0,588.0
DE5,ccgt,2021-02-05T21:00:00,1.0,588.0
DE5,ccgt,2021-02-06T00:00:00,1.0,588.0
DE5,ccgt,2021-02-06T03:00:00,1.0,1960.0
DE5,ccgt,2021-02-06T06:00:00,1.0,1960.0
DE5,ccgt,2021-02-06T09:00:00,1.0,588.0
DE5,ccgt,2021-02-06T12:00:00,1.0,588.0
DE5,ccgt,2021-02-06T15:00:00,1.0,588.0
DE5,ccgt,2021-02-06T18:00:00,1.0,1960.0
DE5,ccgt,2021-02-06T21:00:00,1.0,1960.0
DE5,ccgt,2021-02-07T00:00:00,1.0,1960.0
DE5,ccgt,2021-02-07T03:00:00,1.0,1960.0
DE5,ccgt,2021-02-07T06:00:00,1.0,1960.0
DE5,ccgt,2021-02-07T09:00:00,1.0,588.0
DE5,ccgt,2021-02-07T12:00:00,1.0,588.0
DE5,ccgt,2021-02-07T15:00:00,1.0,588.0
DE5,ccgt,2021-02-07T18:00:00,1.0,1960.0
DE5,ccgt,2021-02-07T21:00:00,1.0,1960.0
DE5,ocgt,2021-01-25T00:00:00,1.0,0.0
DE5,ocgt,2021-01-25T03:00:00,1.0,0.0
DE5,ocgt,2021-01-25T06:00:00,1.0,0.0
DE5,ocgt,2021-01-25T09:00:00,1.0,0.0
DE5,ocgt,2021-01-25T12:00:00,1.0,0.0
DE5,ocgt,2021-01-25T15:00:00,1.0,0.0
DE5,ocgt,2021-01-25T18:00:00,1.0,0.0
DE5,ocgt,2021-01-25T21:00:00,1.0,0.0
DE5,ocgt,2021-01-26T00:00:00,1.0,0.0
DE5,ocgt,2021-01-26T03:00:00,1.0,0.0
DE5,ocgt,2021-01-26T06:00:00,1.0,0.0
DE5,ocgt,2021-01-26T09:00:00,1.0,0.0
DE5,ocgt,2021-01-26T12:00:00,1.0,0.0
DE5,ocgt,2021-01-26T15:00:00,1.0,0.0
DE5,ocgt,2021-01-26T18:00:00,1.0,0.0
DE5,ocgt,2021-01-26T21:00:00,1.0,0.0
DE5,ocgt,2021-01-27T00:00:00,1.0,0.0
DE5,ocgt,2021-01-27T03:00:00,1.0,0.0
DE5,ocgt,2021-01-27T06:00:00,1.0,0.0
DE5,ocgt,2021-01-27T09:00:00,1.0,0.0
DE5,ocgt,2021-01-27T12:00:00,1.0,0.0
DE5,ocgt,2021-01-27T15:00:00,1.0,0.0
DE5,ocgt,2021-01-27T18:00:00,1.0,0.0
DE5,ocgt,2021-01-27T21:00:00,1.0,0.0
DE5,ocgt,2021-01-28T00:00:00,1.0,0.0
DE5,ocgt,2021-01-28T03:00:00,1.0,0.0
DE5,ocgt,2021-01-28T06:00:00,1.0,0.0
DE5,ocgt,2021-01-28T09:00:00,1.0,0.0
DE5,ocgt,2021-01-28T12:00:00,1.0,0.0
DE5,ocgt,2021-01-28T15:00:00,1.0,0.0
DE5,ocgt,2021-01-28T18:00:00,1.0,860.0
DE5,ocgt,2021-01-28T21:00:00,1.0,860.0
DE5,ocgt,2021-01-29T00:00:00,1.0,860.0
DE5,ocgt,2021-01-29T03:00:00,1.0,860.0
DE5,ocgt,2021-01-29T06:00:00,1.0,860.0
DE5,ocgt,2021-01-29T09:00:00,1.0,0.0
DE5,ocgt,2021-01-29T12:00:00,1.0,0.0
DE5,ocgt,2021-01-29T15:00:00,1.0,0.0
DE5,ocgt,2021-01-29T18:00:00,1.0,0.0
DE5,ocgt,2021-01-29T21:00:00,1.0,0.0
DE5,ocgt,2021-01-30T00:00:00,1.0,0.0
DE5,ocgt,2021-01-30T03:00:00,1.0,0.0
DE5,ocgt,2021-01-30T06:00:00,1.0,0.0
DE5,ocgt,2021-01-30T09:00:00,1.0,0.0
DE5,ocgt,2021-01-30T12:00:00,1.0,0.0
DE5,ocgt,2021-01-30T15:00:00,1.0,0.0
DE5,ocgt,2021-01-30T18:00:00,1.0,0.0
DE5,ocgt,2021-01-30T21:00:00,1.0,0.0
DE5,ocgt,2021-01-31T00:00:00,1.0,0.0
DE5,ocgt,2021-01-31T03:00:00,1.0,0.0
DE5,ocgt,2021-01-31T06:00:00,1.0,0.0
DE5,ocgt,2021-01-31T09:00:00,1.0,0.0
DE5,ocgt,2021-01-31T12:00:00,1.0,0.0
DE5,ocgt,2021-01-31T15:00:00,1.0,0.0
DE5,ocgt,2021-01-31T18:00:00,1.0,0.0
DE5,ocgt,2021-01-31T21:00:00,1.0,0.0
DE5,ocgt,2021-02-01T00:00:00,1.0,0.0
DE5,ocgt,2021-02-01T03:00:00,1.0,0.0
DE5,ocgt,2021-02-01T06:00:00,1.0,0.0
DE5,ocgt,2021-02-01T09:00:00,1.0,0.0
DE5,ocgt,2021-02-01T12:00:00,1.0,0.0
DE5,ocgt,2021-02-01T15:00:00,1.0,0.0
DE5,ocgt,2021-02-01T18:00:00,1.0,0.0
DE5,ocgt,2021-02-01T21:00:00,1.0,0.0
DE5,ocgt,2021-02-02T00:00:00,1.0,0.0
DE5,ocgt,2021-02-02T03:00:00,1.0,0.0
DE5,ocgt,2021-02-02T06:00:00,1.0,0.0
DE5,ocgt,2021-02-02T09:00:00,1.0,0.0
DE5,ocgt,2021-02-02T12:00:00,1.0,0.0
DE5,ocgt,2021-02-02T15:00:00,1.0,0.0
DE5,ocgt,2021-02-02T18:00:00,1.0,0.0
DE5,ocgt,2021-02-02T21:00:00,1.0,860.0
DE5,ocgt,2021-02-03T00:00:00,1.0,860.0
DE5,ocgt,2021-02-03T03:00:00,1.0,860.0
DE5,ocgt,2021-02-03T06:00:00,1.0,860.0
DE5,ocgt,2021-02-03T09:00:00,1.0,0.0
DE5,ocgt,2021-02-03T12:00:00,1.0,0.0
DE5,ocgt,2021-02-03T15:00:00,1.0,0.0
DE5,ocgt,2021-02-03T18:00:00,1.0,0.0
DE5,ocgt,2021-02-03T21:00:00,1.0,0.0
DE5,ocgt,2021-02-04T00:00:00,1.0,0.0
DE5,ocgt,2021-02-04T03:00:00,1.0,0.0
DE5,ocgt,2021-02-04T06:00:00,1.0,0.0
DE5,ocgt,2021-02-04T09:00:00,1.0,0.0
DE5,ocgt,2021-02-04T12:00:00,1.0,0.0
DE5,ocgt,2021-02-04T15:00:00,1.0,0.0
DE5,ocgt,2021-02-04T18:00:00,1.0,0.0
DE5,ocgt,2021-02-04T21:00:00,1.0,0.0
DE5,ocgt,2021-02-05T00:00:00,1.0,0.0
DE5,ocgt,2021-02-05T03:00:00,1.0,0.0
DE5,ocgt,2021-02-05T06:00:00,1.0,0.0
DE5,ocgt,2021-02-05T09:00:00,1.0,0.0
DE5,ocgt,2021-02-05T12:00:00,1.0,0.0
DE5,ocgt,2021-02-05T15:00:00,1.0,0.0
DE5,ocgt,2021-02-05T18:00:00,1.0,0.0
DE5,ocgt,2021-02-05T21:00:00,1.0,0.0
DE5,ocgt,2021-02-06T00:00:00,1.0,0.0
DE5,ocgt,2021-02-06T03:00:00,1.0,0.0
DE5,ocgt,2021-02-06T06:00:00,1.0,0.0
DE5,ocgt,2021-02-06T09:00:00,1.0,0.0
DE5,ocgt,2021-02-06T12:00:00,1.0,0.0
DE5,ocgt,2021-02-06T15:00:00,1.0,0.0
DE5,ocgt,2021-02-06T18:00:00,1.0,0.0
DE5,ocgt,2021-02-06T21:00:00,1.0,0.0
DE5,ocgt,2021-02-07T00:00:00,1.0,0.0
DE5,ocgt,2021-02-07T03:00:00,1.0,0.0
DE5,ocgt,2021-02-07T06:00:00,1.0,860.0
DE5,ocgt,2021-02-07T09:00:00,1.0,0.0
DE5,ocgt,2021-02-07T12:00:00,1.0,0.0
DE5,ocgt,2021-02-07T15:00:00,1.0,0.0
DE5,ocgt,2021-02-07T18:00:00,1.0,399.795668147427
DE5,ocgt,2021-02-07T21:00:00,1.0,860.0
DE5,offwind,2021-01-25T00:00:00,1.0,157.05599999999998
DE5,offwind,2021-01-25T03:00:00,1.0,171.072
DE5,offwind,2021-01-25T06:00:00,1.0,184.848
DE5,offwind,2021-01-25T09:00:00,1.0,198.192
DE5,offwind,2021-01-25T12:00:00,1.0,0.0
DE5,offwind,2021-01-25T15:00:00,1.0,222.72
DE5,offwind,2021-01-25T18:00:00,1.0,233.56799999999998
DE5,offwind,2021-01-25T21:00:00,1.0,243.216
DE5,offwind,2021-01-26T00:00:00,1.0,0.0
DE5,offwind,2021-01-26T03:00:00,1.0,267.264
DE5,offwind,2021-01-26T06:00:00,1.0,269.04
DE5,offwind,2021-01-26T09:00:00,1.0,0.0
DE5,offwind,2021-01-26T12:00:00,1.0,0.0
DE5,offwind,2021-01-26T15:00:00,1.0,263.904
DE5,offwind,2021-01-26T18:00:00,1.0,258.76800000000003
DE5,offwind,2021-01-26T21:00:00,1.0,252.096
DE5,offwind,2021-01-27T00:00:00,1.0,223.008
DE5,offwind,2021-01-27T03:00:00,1.0,211.2
DE5,offwind,2021-01-27T06:00:00,1.0,198.52800000000002
DE5,offwind,2021-01-27T09:00:00,1.0,0.0
DE5,offwind,2021-01-27T12:00:00,1.0,0.0
DE5,offwind,2021-01-27T15:00:00,1.0,157.44
DE5,offwind,2021-01-27T18:00:00,1.0,143.472
DE5,offwind,2021-01-27T21:00:00,1.0,129.696
DE5,offwind,2021-01-28T00:00:00,1.0,91.152
DE5,offwind,2021-01-28T03:00:00,1.0,80.352
DE5,offwind,2021-01-28T06:00:00,1.0,70.704
DE5,offwind,2021-01-28T09:00:00,1.0,62.44799999999999
DE5,offwind,2021-01-28T12:00:00,1.0,55.68
DE5,offwind,2021-01-28T15:00:00,1.0,50.496
DE5,offwind,2021-01-28T18:00:00,1.0,46.944
DE5,offwind,2021-01-28T21:00:00,1.0,45.12
DE5,offwind,2021-01-29T00:00:00,1.0,50.352
DE5,offwind,2021-01-29T03:00:00,1.0,55.536
DE5,offwind,2021-01-29T06:00:00,1.0,62.25600000000001
DE5,offwind,2021-01-29T09:00:00,1.0,70.46400000000001
DE5,offwind,2021-01-29T12:00:00,1.0,80.06400000000001
DE5,offwind,2021-01-29T15:00:00,1.0,90.816
DE5,offwind,2021-01-29T18:00:00,1.0,102.624
DE5,offwind,2021-01-29T21:00:00,1.0,115.29599999999999
DE5,offwind,2021-01-30T00:00:00,1.0,157.05599999999998
DE5,offwind,2021-01-30T03:00:00,1.0,171.072
DE5,offwind,2021-01-30T06:00:00,1.0,184.848
DE5,offwind,2021-01-30T09:00:00,1.0,198.192
DE5,offwind,2021-01-30T12:00:00,1.0,0.0
DE5,offwind,2021-01-30T15:00:00,1.0,222.72
DE5,offwind,2021-01-30T18:00:00,1.0,233.56799999999998
DE5,offwind,2021-01-30T21:00:00,1.0,243.216
DE5,offwind,2021-01-31T00:00:00,1.0,263.808
DE5,offwind,2021-01-31T03:00:00,1.0,267.264
DE5,offwind,2021-01-31T06:00:00,1.0,269.04
DE5,offwind,2021-01-31T09:00:00,1.0,269.08799999999997
DE5,offwind,2021-01-31T12:00:00,1.0,0.0
DE5,offwind,2021-01-31T15:00:00,1.0,263.904
DE5,offwind,2021-01-31T18:00:00,1.0,258.76800000000003
DE5,offwind,2021-01-31T21:00:00,1.0,252.096
DE5,offwind,2021-02-01T00:00:00,1.0,223.008
DE5,offwind,2021-02-01T03:00:00,1.0,211.2
DE5,offwind,2021-02-01T06:00:00,1.0,198.52800000000002
DE5,offwind,2021-02-01T09:00:00,1.0,0.0
DE5,offwind,2021-02-01T12:00:00,1.0,0.0
DE5,offwind,2021-02-01T15:00:00,1.0,157.44
DE5,offwind,2021-02-01T18:00:00,1.0,143.472
DE5,offwind,2021-02-01T21:00:00,1.0,129.696
DE5,offwind,2021-02-02T00:00:00,1.0,91.152
DE5,offwind,2021-02-02T03:00:00,1.0,80.352
DE5,offwind,2021-02-02T06:00:00,1.0,70.704
DE5,offwind,2021-02-02T09:00:00,1.0,62.44799999999999
DE5,offwind,2021-02-02T12:00:00,1.0,55.68
DE5,offwind,2021-02-02T15:00:00,1.0,50.496
DE5,offwind,2021-02-02T18:00:00,1.0,46.944
DE5,offwind,2021-02-02T21:00:00,1.0,45.12
DE5,offwind,2021-02-03T00:00:00,1.0,50.352
DE5,offwind,2021-02-03T03:00:00,1.0,55.536
DE5,offwind,2021-02-03T06:00:00,1.0,62.25600000000001
DE5,offwind,2021-02-03T09:00:00,1.0,70.46400000000001
DE5,offwind,2021-02-03T12:00:00,1.0,80.06400000000001
DE5,offwind,2021-02-03T15:00:00,1.0,90.816
DE5,offwind,2021-02-03T18:00:00,1.0,102.624
DE5,offwind,2021-02-03T21:00:00,1.0,115.29599999999999
DE5,offwind,2021-02-04T00:00:00,1.0,157.05599999999998
DE5,offwind,2021-02-04T03:00:00,1.0,171.072
DE5,offwind,2021-02-04T06:00:00,1.0,184.848
DE5,offwind,2021-02-04T09:00:00,1.0,0.0
DE5,offwind,2021-02-04T12:00:00,1.0,0.0
DE5,offwind,2021-02-04T15:00:00,1.0,0.0
DE5,offwind,2021-02-04T18:00:00,1.0,233.56799999999998
DE5,offwind,2021-02-04T21:00:00,1.0,243.216
DE5,offwind,2021-02-05T00:00:00,1.0,263.808
DE5,offwind,2021-02-05T03:00:00,1.0,267.264
DE5,offwind,2021-02-05T06:00:00,1.0,269.04
DE5,offwind,2021-02-05T09:00:00,1.0,269.08799999999997
DE5,offwind,2021-02-05T12:00:00,1.0,0.0
DE5,offwind,2021-02-05T15:00:00,1.0,0.0
DE5,offwind,2021-02-05T18:00:00,1.0,258.76800000000003
DE5,offwind,2021-02-05T21:00:00,1.0,252.096
DE5,offwind,2021-02-06T00:00:00,1.0,223.008
DE5,offwind,2021-02-06T03:00:00,1.0,211.2
DE5,offwind,2021-02-06T06:00:00,1.0,198.52800000000002
DE5,offwind,2021-02-06T09:00:00,1.0,185.184
DE5,offwind,2021-02-06T12:00:00,1.0,0.0
DE5,offwind,2021-02-06T15:00:00,1.0,157.44
DE5,offwind,2021-02-06T18:00:00,1.0,143.472
DE5,offwind,2021-02-06T21:00:00,1.0,129.696
DE5,offwind,2021-02-07T00:00:00,1.0,91.152
DE5,offwind,2021-02-07T03:00:00,1.0,80.352
DE5,offwind,2021-02-07T06:00:00,1.0,70.704
DE5,offwind,2021-02-07T09:00:00,1.0,62.44799999999999
DE5,offwind,2021-02-07T12:00:00,1.0,55.68
DE5,offwind,2021-02-07T15:00:00,1.0,50.496
DE5,offwind,2021-02-07T18:00:00,1.0,46.944
DE5,offwind,2021-02-07T21:00:00,1.0,45.12
DE5,onwind,2021-01-25T00:00:00,1.0,2320.5
DE5,onwind,2021-01-25T03:00:00,1.0,2527.2000000000003
DE5,onwind,2021-01-25T06:00:00,1.0,2730.78
DE5,onwind,2021-01-25T09:00:00,1.0,0.0
DE5,onwind,2021-01-25T12:00:00,1.0,0.0
DE5,onwind,2021-01-25T15:00:00,1.0,0.0
DE5,onwind,2021-01-25T18:00:00,1.0,3449.94
DE5,onwind,2021-01-25T21:00:00,1.0,3592.6800000000003
DE5,onwind,2021-01-26T00:00:00,1.0,3896.88
DE5,onwind,2021-01-26T03:00:00,1.0,844.4322165043741
DE5,onwind,2021-01-26T06:00:00,1.0,3974.8800000000006
DE5,onwind,2021-01-26T09:00:00,1.0,3974.8800000000006
DE5,onwind,2021-01-26T12:00:00,1.0,0.0
DE5,onwind,2021-01-26T15:00:00,1.0,0.0
DE5,onwind,2021-01-26T18:00:00,1.0,3822.7799999999997
DE5,onwind,2021-01-26T21:00:00,1.0,3723.72
DE5,onwind,2021-01-27T00:00:00,1.0,3294.72
DE5,onwind,2021-01-27T03:00:00,1.0,3120.0
DE5,onwind,2021-01-27T06:00:00,1.0,2932.8
DE5,onwind,2021-01-27T09:00:00,1.0,0.0
DE5,onwind,2021-01-27T12:00:00,1.0,0.0
DE5,onwind,2021-01-27T15:00:00,1.0,1319.0392736322938
DE5,onwind,2021-01-27T18:00:00,1.0,2119.2599999999998
DE5,onwind,2021-01-27T21:00:00,1.0,1915.68
DE5,onwind,2021-01-28T00:00:00,1.0,1346.28
DE5,onwind,2021-01-28T03:00:00,1.0,1186.38
DE5,onwind,2021-01-28T06:00:00,1.0,1044.4199999999998
DE5,onwind,2021-01-28T09:00:00,1.0,922.74
DE5,onwind,2021-01-28T12:00:00,1.0,822.9
DE5,onwind,2021-01-28T15:00:00,1.0,745.6800000000001
DE5,onwind,2021-01-28T18:00:00,1.0,693.4200000000001
DE5,onwind,2021-01-28T21:00:00,1.0,666.9000000000001
DE5,onwind,2021-01-29T00:00:00,1.0,744.12
DE5,onwind,2021-01-29T03:00:00,1.0,820.5600000000001
DE5,onwind,2021-01-29T06:00:00,1.0,919.62
DE5,onwind,2021-01-29T09:00:00,1.0,1041.3
DE5,onwind,2021-01-29T12:00:00,1.0,1182.48
DE5,onwind,2021-01-29T15:00:00,1.0,1341.6
DE5,onwind,2021-01-29T18:00:00,1.0,1516.32
DE5,onwind,2021-01-29T21:00:00,1.0,1703.52
DE5,onwind,2021-01-30T00:00:00,1.0,2320.5
DE5,onwind,2021-01-30T03:00:00,1.0,2527.2000000000003
DE5,onwind,2021-01-30T06:00:00,1.0,2730.78
DE5,onwind,2021-01-30T09:00:00,1.0,0.0
DE5,onwind,2021-01-30T12:00:00,1.0,1521.0486496689555
DE5,onwind,2021-01-30T15:00:00,1.0,3290.04
DE5,onwind,2021-01-30T18:00:00,1.0,3449.94
DE5,onwind,2021-01-30T21:00:00,1.0,3592.6800000000003
DE5,onwind,2021-01-31T00:00:00,1.0,3896.88
DE5,onwind,2021-01-31T03:00:00,1.0,3948.3599999999997
DE5,onwind,2021-01-31T06:00:00,1.0,3974.8800000000006
DE5,onwind,2021-01-31T09:00:00,1.0,3974.8800000000006
DE5,onwind,2021-01-31T12:00:00,1.0,0.0
DE5,onwind,2021-01-31T15:00:00,1.0,3898.44
DE5,onwind,2021-01-31T18:00:00,1.0,3822.7799999999997
DE5,onwind,2021-01-31T21:00:00,1.0,3723.72
DE5,onwind,2021-02-01T00:00:00,1.0,3294.72
DE5,onwind,2021-02-01T03:00:00,1.0,3120.0
DE5,onwind,2021-02-01T06:00:00,1.0,2932.8
DE5,onwind,2021-02-01T09:00:00,1.0,2736.24
DE5,onwind,2021-02-01T12:00:00,1.0,2532.66
DE5,onwind,2021-02-01T15:00:00,1.0,1796.5112736322917
DE5,onwind,2021-02-01T18:00:00,1.0,2119.2599999999998
DE5,onwind,2021-02-01T21:00:00,1.0,1915.68
DE5,onwind,2021-02-02T00:00:00,1.0,1346.28
DE5,onwind,2021-02-02T03:00:00,1.0,1186.38
DE5,onwind,2021-02-02T06:00:00,1.0,1044.4199999999998
DE5,onwind,2021-02-02T09:00:00,1.0,922.74
DE5,onwind,2021-02-02T12:00:00,1.0,822.9
DE5,onwind,2021-02-02T15:00:00,1.0,745.6800000000001
DE5,onwind,2021-02-02T18:00:00,1.0,693.4200000000001
DE5,onwind,2021-02-02T21:00:00,1.0,666.9000000000001
DE5,onwind,2021-02-03T00:00:00,1.0,744.12
DE5,onwind,2021-02-03T03:00:00,1.0,820.5600000000001
DE5,onwind,2021-02-03T06:00:00,1.0,919.62
DE5,onwind,2021-02-03T09:00:00,1.0,1041.3
DE5,onwind,2021-02-03T12:00:00,1.0,1182.48
DE5,onwind,2021-02-03T15:00:00,1.0,1341.6
DE5,onwind,2021-02-03T18:00:00,1.0,1516.32
DE5,onwind,2021-02-03T21:00:00,1.0,1703.52
DE5,onwind,2021-02-04T00:00:00,1.0,2320.5
DE5,onwind,2021-02-04T03:00:00,1.0,2527.2000000000003
DE5,onwind,2021-02-04T06:00:00,1.0,2730.78
DE5,onwind,2021-02-04T09:00:00,1.0,0.0
DE5,onwind,2021-02-04T12:00:00,1.0,0.0
DE5,onwind,2021-02-04T15:00:00,1.0,0.0
DE5,onwind,2021-02-04T18:00:00,1.0,3449.94
DE5,onwind,2021-02-04T21:00:00,1.0,3592.6800000000003
DE5,onwind,2021-02-05T00:00:00,1.0,3896.88
DE5,onwind,2021-02-05T03:00:00,1.0,3948.3599999999997
DE5,onwind,2021-02-05T06:00:00,1.0,3974.8800000000006
DE5,onwind,2021-02-05T09:00:00,1.0,0.0
DE5,onwind,2021-02-05T12:00:00,1.0,3949.14
DE5,onwind,2021-02-05T15:00:00,1.0,3898.44
DE5,onwind,2021-02-05T18:00:00,1.0,3822.7799999999997
DE5,onwind,2021-02-05T21:00:00,1.0,3723.72
DE5,onwind,2021-02-06T00:00:00,1.0,3294.72
DE5,onwind,2021-02-06T03:00:00,1.0,3120.0
DE5,onwind,2021-02-06T06:00:00,1.0,2932.8
DE5,onwind,2021-02-06T09:00:00,1.0,0.0
DE5,onwind,2021-02-06T12:00:00,1.0,1677.1506496689562
DE5,onwind,2021-02-06T15:00:00,1.0,2325.96
DE5,onwind,2021-02-06T18:00:00,1.0,2119.2599999999998
DE5,onwind,2021-02-06T21:00:00,1.0,1915.68
DE5,onwind,2021-02-07T00:00:00,1.0,1346.28
DE5,onwind,2021-02-07T03:00:00,1.0,1186.38
DE5,onwind,2021-02-07T06:00:00,1.0,1044.4199999999998
DE5,onwind,2021-02-07T09:00:00,1.0,922.74
DE5,onwind,2021-02-07T12:00:00,1.0,822.9
DE5,onwind,2021-02-07T15:00:00,1.0,745.6800000000001
DE5,onwind,2021-02-07T18:00:00,1.0,693.4200000000001
DE5,onwind,2021-02-07T21:00:00,1.0,666.9000000000001
DE5,solar,2021-01-25T00:00:00,1.0,0.0
DE5,solar,2021-01-25T03:00:00,1.0,0.0
DE5,solar,2021-01-25T06:00:00,1.0,0.0
DE5,solar,2021-01-25T09:00:00,1.0,4666.86
DE5,solar,2021-01-25T12:00:00,1.0,6600.0
DE5,solar,2021-01-25T15:00:00,1.0,4666.86
DE5,solar,2021-01-25T18:00:00,1.0,0.0
DE5,solar,2021-01-25T21:00:00,1.0,0.0
DE5,solar,2021-01-26T00:00:00,1.0,0.0
DE5,solar,2021-01-26T03:00:00,1.0,0.0
DE5,solar,2021-01-26T06:00:00,1.0,0.0
DE5,solar,2021-01-26T09:00:00,1.0,4666.86
DE5,solar,2021-01-26T12:00:00,1.0,6600.0
DE5,solar,2021-01-26T15:00:00,1.0,4666.86
DE5,solar,2021-01-26T18:00:00,1.0,0.0
DE5,solar,2021-01-26T21:00:00,1.0,0.0
DE5,solar,2021-01-27T00:00:00,1.0,0.0
DE5,solar,2021-01-27T03:00:00,1.0,0.0
DE5,solar,2021-01-27T06:00:00,1.0,0.0
DE5,solar,2021-01-27T09:00:00,1.0,4666.86
DE5,solar,2021-01-27T12:00:00,1.0,6600.0
DE5,solar,2021-01-27T15:00:00,1.0,4666.86
DE5,solar,2021-01-27T18:00:00,1.0,0.0
DE5,solar,2021-01-27T21:00:00,1.0,0.0
DE5,solar,2021-01-28T00:00:00,1.0,0.0
DE5,solar,2021-01-28T03:00:00,1.0,0.0
DE5,solar,2021-01-28T06:00:00,1.0,0.0
DE5,solar,2021-01-28T09:00:00,1.0,4666.86
DE5,solar,2021-01-28T12:00:00,1.0,6600.0
DE5,solar,2021-01-28T15:00:00,1.0,4666.86
DE5,solar,2021-01-28T18:00:00,1.0,0.0
DE5,solar,2021-01-28T21:00:00,1.0,0.0
DE5,solar,2021-01-29T00:00:00,1.0,0.0
DE5,solar,2021-01-29T03:00:00,1.0,0.0
DE5,solar,2021-01-29T06:00:00,1.0,0.0
DE5,solar,2021-01-29T09:00:00,1.0,4666.86
DE5,solar,2021-01-29T12:00:00,1.0,6600.0
DE5,solar,2021-01-29T15:00:00,1.0,4666.86
DE5,solar,2021-01-29T18:00:00,1.0,0.0
DE5,solar,2021-01-29T21:00:00,1.0,0.0
DE5,solar,2021-01-30T00:00:00,1.0,0.0
DE5,solar,2021-01-30T03:00:00,1.0,0.0
DE5,solar,2021-01-30T06:00:00,1.0,0.0
DE5,solar,2021-01-30T09:00:00,1.0,4666.86
DE5,solar,2021-01-30T12:00:00,1.0,6600.0
DE5,solar,2021-01-30T15:00:00,1.0,4666.86
DE5,solar,2021-01-30T18:00:00,1.0,0.0
DE5,solar,2021-01-30T21:00:00,1.0,0.0
DE5,solar,2021-01-31T00:00:00,1.0,0.0
DE5,solar,2021-01-31T03:00:00,1.0,0.0
DE5,solar,2021-01-31T06:00:00,1.0,0.0
DE5,solar,2021-01-31T09:00:00,1.0,4666.86
DE5,solar,2021-01-31T12:00:00,1.0,6600.0
DE5,solar,2021-01-31T15:00:00,1.0,4666.86
DE5,solar,2021-01-31T18:00:00,1.0,0.0
DE5,solar,2021-01-31T21:00:00,1.0,0.0
DE5,solar,2021-02-01T00:00:00,1.0,0.0
DE5,solar,2021-02-01T03:00:00,1.0,0.0
DE5,solar,2021-02-01T06:00:00,1.0,0.0
DE5,solar,2021-02-01T09:00:00,1.0,4666.86
DE5,solar,2021-02-01T12:00:00,1.0,6600.0
DE5,solar,2021-02-01T15:00:00,1.0,4666.86
DE5,solar,2021-02-01T18:00:00,1.0,0.0
DE5,solar,2021-02-01T21:00:00,1.0,0.0
DE5,solar,2021-02-02T00:00:00,1.0,0.0
DE5,solar,2021-02-02T03:00:00,1.0,0.0
DE5,solar,2021-02-02T06:00:00,1.0,0.0
DE5,solar,2021-02-02T09:00:00,1.0,4666.86
DE5,solar,2021-02-02T12:00:00,1.0,6600.0
DE5,solar,2021-02-02T15:00:00,1.0,4666.86
DE5,solar,2021-02-02T18:00:00,1.0,0.0
DE5,solar,2021-02-02T21:00:00,1.0,0.0
DE5,solar,2021-02-03T00:00:00,1.0,0.0
DE5,solar,2021-02-03T03:00:00,1.0,0.0
DE5,solar,2021-02-03T06:00:00,1.0,0.0
DE5,solar,2021-02-03T09:00:00,1.0,4666.86
DE5,solar,2021-02-03T12:00:00,1.0,6600.0
DE5,solar,2021-02-03T15:00:00,1.0,4666.86
DE5,solar,2021-02-03T18:00:00,1.0,0.0
DE5,solar,2021-02-03T21:00:00,1.0,0.0
DE5,solar,2021-02-04T00:00:00,1.0,0.0
DE5,solar,2021-02-04T03:00:00,1.0,0.0
DE5,solar,2021-02-04T06:00:00,1.0,0.0
DE5,solar,2021-02-04T09:00:00,1.0,4666.86
DE5,solar,2021-02-04T12:00:00,1.0,6600.0
DE5,solar,2021-02-04T15:00:00,1.0,4666.86
DE5,solar,2021-02-04T18:00:00,1.0,0.0
DE5,solar,2021-02-04T21:00:00,1.0,0.0
DE5,solar,2021-02-05T00:00:00,1.0,0.0
DE5,solar,2021-02-05T03:00:00,1.0,0.0
DE5,solar,2021-02-05T06:00:00,1.0,0.0
DE5,solar,2021-02-05T09:00:00,1.0,4666.86
DE5,solar,2021-02-05T12:00:00,1.0,6600.0
DE5,solar,2021-02-05T15:00:00,1.0,4666.86
DE5,solar,2021-02-05T18:00:00,1.0,0.0
DE5,solar,2021-02-05T21:00:00,1.0,0.0
DE5,solar,2021-02-06T00:00:00,1.0,0.0
DE5,solar,2021-02-06T03:00:00,1.0,0.0
DE5,solar,2021-02-06T06:00:00,1.0,0.0
DE5,solar,2021-02-06T09:00:00,1.0,4666.86
DE5,solar,2021-02-06T12:00:00,1.0,6600.0
DE5,solar,2021-02-06T15:00:00,1.0,4666.86
DE5,solar,2021-02-06T18:00:00,1.0,0.0
DE5,solar,2021-02-06T21:00:00,1.0,0.0
DE5,solar,2021-02-07T00:00:00,1.0,0.0
DE5,solar,2021-02-07T03:00:00,1.0,0.0
DE5,solar,2021-02-07T06:00:00,1.0,0.0
DE5,solar,2021-02-07T09:00:00,1.0,4666.86
DE5,solar,2021-02-07T12:00:00,1.0,6600.0
DE5,solar,2021-02-07T15:00:00,1.0,4666.86
DE5,solar,2021-02-07T18:00:00,1.0,0.0
DE5,solar,2021-02-07T21:00:00,1.0,0.0
DE6,ccgt,2021-01-25T00:00:00,1.0,2716.5421171313324
DE6,ccgt,2021-01-25T03:00:00,1.0,3605.733000000002
DE6,ccgt,2021-01-25T06:00:00,1.0,3605.733000000002
DE6,ccgt,2021-01-25T09:00:00,1.0,1081.7199000000005
DE6,ccgt,2021-01-25T12:00:00,1.0,1081.7199000000005
DE6,ccgt,2021-01-25T15:00:00,1.0,1081.7199000000005
DE6,ccgt,2021-01-25T18:00:00,1.0,1081.7199000000005
DE6,ccgt,2021-01-25T21:00:00,1.0,1081.7199000000005
DE6,ccgt,2021-01-26T00:00:00,1.0,1081.7199000000005
DE6,ccgt,2021-01-26T03:00:00,1.0,1081.7199000000005
DE6,ccgt,2021-01-26T06:00:00,1.0,1081.7199000000005
DE6,ccgt,2021-01-26T09:00:00,1.0,1081.7199000000005
DE6,ccgt,2021-01-26T12:00:00,1.0,1081.7199000000005
DE6,ccgt,2021-01-26T15:00:00,1.0,1081.7199000000005
DE6,ccgt,2021-01-26T18:00:00,1.0,1081.7199000000005
DE6,ccgt,2021-01-26T21:00:00,1.0,1081.7199000000005
DE6,ccgt,2021-01-27T00:00:00,1.0,1081.7199000000005
DE6,ccgt,2021-01-27T03:00:00,1.0,1081.7199000000005
DE6,ccgt,2021-01-27T06:00:00,1.0,1081.7199000000005
DE6,ccgt,2021-01-27T09:00:00,1.0,1081.7199000000005
DE6,ccgt,2021-01-27T12:00:00,1.0,1081.7199000000005
DE6,ccgt,2021-01-27T15:00:00,1.0,1081.7199000000005
DE6,ccgt,2021-01-27T18:00:00,1.0,3605.733000000002
DE6,ccgt,2021-01-27T21:00:00,1.0,3605.733000000002
DE6,ccgt,2021-01-28T00:00:00,1.0,3605.733000000002
DE6,ccgt,2021-01-28T03:00:00,1.0,3605.733000000002
DE6,ccgt,2021-01-28T06:00:00,1.0,3605.733000000002
DE6,ccgt,2021-01-28T09:00:00,1.0,3605.733000000002
DE6,ccgt,2021-01-28T12:00:00,1.0,1081.7199000000005
DE6,ccgt,2021-01-28T15:00:00,1.0,1081.7199000000005
DE6,ccgt,2021-01-28T18:00:00,1.0,3605.733000000002
DE6,ccgt,2021-01-28T21:00:00,1.0,3605.733000000002
DE6,ccgt,2021-01-29T00:00:00,1.0,3605.733000000002
DE6,ccgt,2021-01-29T03:00:00,1.0,3605.733000000002
DE6,ccgt,2021-01-29T06:00:00,1.0,3605.733000000002
DE6,ccgt,2021-01-29T09:00:00,1.0,3605.733000000002
DE6,ccgt,2021-01-29T12:00:00,1.0,1081.7199000000005
DE6,ccgt,2021-01-29T15:00:00,1.0,1700.8544938161313
DE6,ccgt,2021-01-29T18:00:00,1.0,3605.733000000002
DE6,ccgt,2021-01-29T21:00:00,1.0,3605.733000000002
DE6,ccgt,2021-01-30T00:00:00,1.0,3605.733000000002
DE6,ccgt,2021-01-30T03:00:00,1.0,1916.3630359423373
DE6,ccgt,2021-01-30T06:00:00,1.0,3605.733000000002
DE6,ccgt,2021-01-30T09:00:00,1.0,1081.7199000000005
DE6,ccgt,2021-01-30T12:00:00,1.0,1081.7199000000005
DE6,ccgt,2021-01-30T15:00:00,1.0,1081.7199000000005
DE6,ccgt,2021-01-30T18:00:00,1.0,1081.7199000000005
DE6,ccgt,2021-01-30T21:00:00,1.0,1296.3902083046712
DE6,ccgt,2021-01-31T00:00:00,1.0,1081.7199000000005
DE6,ccgt,2021-01-31T03:00:00,1.0,1081.7199000000005
DE6,ccgt,2021-01-31T06:00:00,1.0,1081.7199000000005
DE6,ccgt,2021-01-31T09:00:00,1.0,1081.7199000000005
DE6,ccgt,2021-01-31T12:00:00,1.0,1081.7199000000005
DE6,ccgt,2021-01-31T15:00:00,1.0,1081.7199000000005
DE6,ccgt,2021-01-31T18:00:00,1.0,1081.7199000000005
DE6,ccgt,2021-01-31T21:00:00,1.0,1081.7199000000005
DE6,ccgt,2021-02-01T00:00:00,1.0,1081.7199000000005
DE6,ccgt,2021-02-01T03:00:00,1.0,1081.7199000000005
DE6,ccgt,2021-02-01T06:00:00,1.0,1081.7199000000005
DE6,ccgt,2021-02-01T09:00:00,1.0,1081.7199000000005
DE6,ccgt,2021-02-01T12:00:00,1.0,1081.7199000000005
DE6,ccgt,2021-02-01T15:00:00,1.0,1081.7199000000005
DE6,ccgt,2021-02-01T18:00:00,1.0,3605.733000000002
DE6,ccgt,2021-02-01T21:00:00,1.0,3605.733000000002
DE6,ccgt,2021-02-02T00:00:00,1.0,3605.733000000002
DE6,ccgt,2021-02-02T03:00:00,1.0,3605.733000000002
DE6,ccgt,2021-02-02T06:00:00,1.0,3605.733000000002
DE6,ccgt,2021-02-02T09:00:00,1.0,1081.7199000000005
DE6,ccgt,2021-02-02T12:00:00,1.0,1081.7199000000005
DE6,ccgt,2021-02-02T15:00:00,1.0,1081.7199000000005
DE6,ccgt,2021-02-02T18:00:00,1.0,3605.733000000002
DE6,ccgt,2021-02-02T21:00:00,1.0,3605.733000000002
DE6,ccgt,2021-02-03T00:00:00,1.0,3605.733000000002
DE6,ccgt,2021-02-03T03:00:00,1.0,3605.733000000002
DE6,ccgt,2021-02-03T06:00:00,1.0,3605.733000000002
DE6,ccgt,2021-02-03T09:00:00,1.0,1081.7199000000005
DE6,ccgt,2021-02-03T12:00:00,1.0,1081.7199000000005
DE6,ccgt,2021-02-03T15:00:00,1.0,1081.7199000000005
DE6,ccgt,2021-02-03T18:00:00,1.0,1081.7199000000005
DE6,ccgt,2021-02-03T21:00:00,1.0,1081.7199000000005
DE6,ccgt,2021-02-04T00:00:00,1.0,3605.733000000002
DE6,ccgt,2021-02-04T03:00:00,1.0,1081.7199000000005
DE6,ccgt,2021-02-04T06:00:00,1.0,3605.733000000002
DE6,ccgt,2021-02-04T09:00:00,1.0,1081.7199000000005
DE6,ccgt,2021-02-04T12:00:00,1.0,1081.7199000000005
DE6,ccgt,2021-02-04T15:00:00,1.0,1081.7199000000005
DE6,ccgt,2021-02-04T18:00:00,1.0,1081.7199000000005
DE6,ccgt,2021-02-04T21:00:00,1.0,1081.7199000000005
DE6,ccgt,2021-02-05T00:00:00,1.0,1081.7199000000005
DE6,ccgt,2021-02-05T03:00:00,1.0,1081.7199000000005
DE6,ccgt,2021-02-05T06:00:00,1.0,1081.7199000000005
DE6,ccgt,2021-02-05T09:00:00,1.0,1081.7199000000005
DE6,ccgt,2021-02-05T12:00:00,1.0,1081.7199000000005
DE6,ccgt,2021-02-05T15:00:00,1.0,1081.7199000000005
DE6,ccgt,2021-02-05T18:00:00,1.0,1081.7199000000005
DE6,ccgt,2021-02-05T21:00:00,1.0,1081.7199000000005
DE6,ccgt,2021-02-06T00:00:00,1.0,1081.7199000000005
DE6,ccgt,2021-02-06T03:00:00,1.0,3605.733000000002
DE6,ccgt,2021-02-06T06:00:00,1.0,3605.733000000002
DE6,ccgt,2021-02-06T09:00:00,1.0,1081.7199000000005
DE6,ccgt,2021-02-06T12:00:00,1.0,1081.7199000000005
DE6,ccgt,2021-02-06T15:00:00,1.0,1081.7199000000005
DE6,ccgt,2021-02-06T18:00:00,1.0,3605.733000000002
DE6,ccgt,2021-02-06T21:00:00,1.0,3605.733000000002
DE6,ccgt,2021-02-07T00:00:00,1.0,3605.733000000002
DE6,ccgt,2021-02-07T03:00:00,1.0,3605.733000000002
DE6,ccgt,2021-02-07T06:00:00,1.0,3605.733000000002
DE6,ccgt,2021-02-07T09:00:00,1.0,3605.733000000002
DE6,ccgt,2021-02-07T12:00:00,1.0,1081.7199000000005
DE6,ccgt,2021-02-07T15:00:00,1.0,3605.733000000002
DE6,ccgt,2021-02-07T18:00:00,1.0,3605.733000000002
DE6,ccgt,2021-02-07T21:00:00,1.0,3605.733000000002
DE6,ocgt,2021-01-25T00:00:00,1.0,0.0
DE6,ocgt,2021-01-25T03:00:00,1.0,0.0
DE6,ocgt,2021-01-25T06:00:00,1.0,0.0
DE6,ocgt,2021-01-25T09:00:00,1.0,0.0
DE6,ocgt,2021-01-25T12:00:00,1.0,0.0
DE6,ocgt,2021-01-25T15:00:00,1.0,0.0
DE6,ocgt,2021-01-25T18:00:00,1.0,0.0
DE6,ocgt,2021-01-25T21:00:00,1.0,0.0
DE6,ocgt,2021-01-26T00:00:00,1.0,0.0
DE6,ocgt,2021-01-26T03:00:00,1.0,0.0
DE6,ocgt,2021-01-26T06:00:00,1.0,0.0
DE6,ocgt,2021-01-26T09:00:00,1.0,0.0
DE6,ocgt,2021-01-26T12:00:00,1.0,0.0
DE6,ocgt,2021-01-26T15:00:00,1.0,0.0
DE6,ocgt,2021-01-26T18:00:00,1.0,0.0
DE6,ocgt,2021-01-26T21:00:00,1.0,0.0
DE6,ocgt,2021-01-27T00:00:00,1.0,0.0
DE6,ocgt,2021-01-27T03:00:00,1.0,0.0
DE6,ocgt,2021-01-27T06:00:00,1.0,0.0
DE6,ocgt,2021-01-27T09:00:00,1.0,0.0
DE6,ocgt,2021-01-27T12:00:00,1.0,0.0
DE6,ocgt,2021-01-27T15:00:00,1.0,0.0
DE6,ocgt,2021-01-27T18:00:00,1.0,0.0
DE6,ocgt,2021-01-27T21:00:00,1.0,0.0
DE6,ocgt,2021-01-28T00:00:00,1.0,0.0
DE6,ocgt,2021-01-28T03:00:00,1.0,0.0
DE6,ocgt,2021-01-28T06:00:00,1.0,0.0
DE6,ocgt,2021-01-28T09:00:00,1.0,0.0
DE6,ocgt,2021-01-28T12:00:00,1.0,0.0
DE6,ocgt,2021-01-28T15:00:00,1.0,0.0
DE6,ocgt,2021-01-28T18:00:00,1.0,740.0
DE6,ocgt,2021-01-28T21:00:00,1.0,740.0
DE6,ocgt,2021-01-29T00:00:00,1.0,740.0
DE6,ocgt,2021-01-29T03:00:00,1.0,740.0
DE6,ocgt,2021-01-29T06:00:00,1.0,740.0
DE6,ocgt,2021-01-29T09:00:00,1.0,0.0
DE6,ocgt,2021-01-29T12:00:00,1.0,0.0
DE6,ocgt,2021-01-29T15:00:00,1.0,0.0
DE6,ocgt,2021-01-29T18:00:00,1.0,0.0
DE6,ocgt,2021-01-29T21:00:00,1.0,0.0
DE6,ocgt,2021-01-30T00:00:00,1.0,0.0
DE6,ocgt,2021-01-30T03:00:00,1.0,0.0
DE6,ocgt,2021-01-30T06:00:00,1.0,0.0
DE6,ocgt,2021-01-30T09:00:00,1.0,0.0
DE6,ocgt,2021-01-30T12:00:00,1.0,0.0
DE6,ocgt,2021-01-30T15:00:00,1.0,0.0
DE6,ocgt,2021-01-30T18:00:00,1.0,0.0
DE6,ocgt,2021-01-30T21:00:00,1.0,0.0
DE6,ocgt,2021-01-31T00:00:00,1.0,0.0
DE6,ocgt,2021-01-31T03:00:00,1.0,0.0
DE6,ocgt,2021-01-31T06:00:00,1.0,0.0
DE6,ocgt,2021-01-31T09:00:00,1.0,0.0
DE6,ocgt,2021-01-31T12:00:00,1.0,0.0
DE6,ocgt,2021-01-31T15:00:00,1.0,0.0
DE6,ocgt,2021-01-31T18:00:00,1.0,0.0
DE6,ocgt,2021-01-31T21:00:00,1.0,0.0
DE6,ocgt,2021-02-01T00:00:00,1.0,0.0
DE6,ocgt,2021-02-01T03:00:00,1.0,0.0
DE6,ocgt,2021-02-01T06:00:00,1.0,0.0
DE6,ocgt,2021-02-01T09:00:00,1.0,0.0
DE6,ocgt,2021-02-01T12:00:00,1.0,0.0
DE6,ocgt,2021-02-01T15:00:00,1.0,0.0
DE6,ocgt,2021-02-01T18:00:00,1.0,0.0
DE6,ocgt,2021-02-01T21:00:00,1.0,0.0
DE6,ocgt,2021-02-02T00:00:00,1.0,0.0
DE6,ocgt,2021-02-02T03:00:00,1.0,0.0
DE6,ocgt,2021-02-02T06:00:00,1.0,0.0
DE6,ocgt,2021-02-02T09:00:00,1.0,0.0
DE6,ocgt,2021-02-02T12:00:00,1.0,0.0
DE6,ocgt,2021-02-02T15:00:00,1.0,0.0
DE6,ocgt,2021-02-02T18:00:00,1.0,0.0
DE6,ocgt,2021-02-02T21:00:00,1.0,0.0
DE6,ocgt,2021-02-03T00:00:00,1.0,740.0
DE6,ocgt,2021-02-03T03:00:00,1.0,0.0
DE6,ocgt,2021-02-03T06:00:00,1.0,740.0
DE6,ocgt,2021-02-03T09:00:00,1.0,0.0
DE6,ocgt,2021-02-03T12:00:00,1.0,0.0
DE6,ocgt,2021-02-03T15:00:00,1.0,0.0
DE6,ocgt,2021-02-03T18:00:00,1.0,0.0
DE6,ocgt,2021-02-03T21:00:00,1.0,0.0
DE6,ocgt,2021-02-04T00:00:00,1.0,0.0
DE6,ocgt,2021-02-04T03:00:00,1.0,0.0
DE6,ocgt,2021-02-04T06:00:00,1.0,0.0
DE6,ocgt,2021-02-04T09:00:00,1.0,0.0
DE6,ocgt,2021-02-04T12:00:00,1.0,0.0
DE6,ocgt,2021-02-04T15:00:00,1.0,0.0
DE6,ocgt,2021-02-04T18:00:00,1.0,0.0
DE6,ocgt,2021-02-04T21:00:00,1.0,0.0
DE6,ocgt,2021-02-05T00:00:00,1.0,0.0
DE6,ocgt,2021-02-05T03:00:00,1.0,0.0
DE6,ocgt,2021-02-05T06:00:00,1.0,0.0
DE6,ocgt,2021-02-05T09:00:00,1.0,0.0
DE6,ocgt,2021-02-05T12:00:00,1.0,0.0
DE6,ocgt,2021-02-05T15:00:00,1.0,0.0
DE6,ocgt,2021-02-05T18:00:00,1.0,0.0
DE6,ocgt,2021-02-05T21:00:00,1.0,0.0
DE6,ocgt,2021-02-06T00:00:00,1.0,0.0
DE6,ocgt,2021-02-06T03:00:00,1.0,0.0
DE6,ocgt,2021-02-06T06:00:00,1.0,0.0
DE6,ocgt,2021-02-06T09:00:00,1.0,0.0
DE6,ocgt,2021-02-06T12:00:00,1.0,0.0
DE6,ocgt,2021-02-06T15:00:00,1.0,0.0
DE6,ocgt,2021-02-06T18:00:00,1.0,0.0
DE6,ocgt,2021-02-06T21:00:00,1.0,0.0
DE6,ocgt,2021-02-07T00:00:00,1.0,0.0
DE6,ocgt,2021-02-07T03:00:00,1.0,0.0
DE6,ocgt,2021-02-07T06:00:00,1.0,0.0
DE6,ocgt,2021-02-07T09:00:00,1.0,0.0
DE6,ocgt,2021-02-07T12:00:00,1.0,0.0
DE6,ocgt,2021-02-07T15:00:00,1.0,0.0
DE6,ocgt,2021-02-07T18:00:00,1.0,740.0
DE6,ocgt,2021-02-07T21:00:00,1.0,740.0
DE6,offwind,2021-01-25T00:00:00,1.0,104.704
DE6,offwind,2021-01-25T03:00:00,1.0,114.048
DE6,offwind,2021-01-25T06:00:00,1.0,123.232
DE6,offwind,2021-01-25T09:00:00,1.0,132.128
DE6,offwind,2021-01-25T12:00:00,1.0,0.0
DE6,offwind,2021-01-25T15:00:00,1.0,148.48000000000002
DE6,offwind,2021-01-25T18:00:00,1.0,155.712
DE6,offwind,2021-01-25T21:00:00,1.0,162.144
DE6,offwind,2021-01-26T00:00:00,1.0,175.87199999999999
DE6,offwind,2021-01-26T03:00:00,1.0,178.176
DE6,offwind,2021-01-26T06:00:00,1.0,179.36
DE6,offwind,2021-01-26T09:00:00,1.0,0.0
DE6,offwind,2021-01-26T12:00:00,1.0,0.0
DE6,offwind,2021-01-26T15:00:00,1.0,175.93599999999998
DE6,offwind,2021-01-26T18:00:00,1.0,172.512
DE6,offwind,2021-01-26T21:00:00,1.0,168.064
DE6,offwind,2021-01-27T00:00:00,1.0,148.672
DE6,offwind,2021-01-27T03:00:00,1.0,140.8
DE6,offwind,2021-01-27T06:00:00,1.0,132.352
DE6,offwind,2021-01-27T09:00:00,1.0,123.45599999999999
DE6,offwind,2021-01-27T12:00:00,1.0,114.304
DE6,offwind,2021-01-27T15:00:00,1.0,104.96000000000001
DE6,offwind,2021-01-27T18:00:00,1.0,95.648
DE6,offwind,2021-01-27T21:00:00,1.0,86.464
DE6,offwind,2021-01-28T00:00:00,1.0,60.768
DE6,offwind,2021-01-28T03:00:00,1.0,53.568
DE6,offwind,2021-01-28T06:00:00,1.0,47.135999999999996
DE6,offwind,2021-01-28T09:00:00,1.0,41.632
DE6,offwind,2021-01-28T12:00:00,1.0,37.120000000000005
DE6,offwind,2021-01-28T15:00:00,1.0,33.664
DE6,offwind,2021-01-28T18:00:00,1.0,31.296
DE6,offwind,2021-01-28T21:00:00,1.0,30.08
DE6,offwind,2021-01-29T00:00:00,1.0,33.568
DE6,offwind,2021-01-29T03:00:00,1.0,37.024
DE6,offwind,2021-01-29T06:00:00,1.0,41.504000000000005
DE6,offwind,2021-01-29T09:00:00,1.0,46.976000000000006
DE6,offwind,2021-01-29T12:00:00,1.0,53.376000000000005
DE6,offwind,2021-01-29T15:00:00,1.0,60.544000000000004
DE6,offwind,2021-01-29T18:00:00,1.0,68.416
DE6,offwind,2021-01-29T21:00:00,1.0,76.864
DE6,offwind,2021-01-30T00:00:00,1.0,104.704
DE6,offwind,2021-01-30T03:00:00,1.0,114.048
DE6,offwind,2021-01-30T06:00:00,1.0,123.232
DE6,offwind,2021-01-30T09:00:00,1.0,0.0
DE6,offwind,2021-01-30T12:00:00,1.0,0.0
DE6,offwind,2021-01-30T15:00:00,1.0,148.48000000000002
DE6,offwind,2021-01-30T18:00:00,1.0,155.712
DE6,offwind,2021-01-30T21:00:00,1.0,162.144
DE6,offwind,2021-01-31T00:00:00,1.0,175.87199999999999
DE6,offwind,2021-01-31T03:00:00,1.0,178.176
DE6,offwind,2021-01-31T06:00:00,1.0,179.36
DE6,offwind,2021-01-31T09:00:00,1.0,179.392
DE6,offwind,2021-01-31T12:00:00,1.0,0.0
DE6,offwind,2021-01-31T15:00:00,1.0,175.93599999999998
DE6,offwind,2021-01-31T18:00:00,1.0,172.512
DE6,offwind,2021-01-31T21:00:00,1.0,168.064
DE6,offwind,2021-02-01T00:00:00,1.0,148.672
DE6,offwind,2021-02-01T03:00:00,1.0,140.8
DE6,offwind,2021-02-01T06:00:00,1.0,132.352
DE6,offwind,2021-02-01T09:00:00,1.0,123.45599999999999
DE6,offwind,2021-02-01T12:00:00,1.0,0.0
DE6,offwind,2021-02-01T15:00:00,1.0,0.0
DE6,offwind,2021-02-01T18:00:00,1.0,95.648
DE6,offwind,2021-02-01T21:00:00,1.0,86.464
DE6,offwind,2021-02-02T00:00:00,1.0,60.768
DE6,offwind,2021-02-02T03:00:00,1.0,53.568
DE6,offwind,2021-02-02T06:00:00,1.0,47.135999999999996
DE6,offwind,2021-02-02T09:00:00,1.0,41.632
DE6,offwind,2021-02-02T12:00:00,1.0,37.120000000000005
DE6,offwind,2021-02-02T15:00:00,1.0,33.664
DE6,offwind,2021-02-02T18:00:00,1.0,31.296
DE6,offwind,2021-02-02T21:00:00,1.0,30.08
DE6,offwind,2021-02-03T00:00:00,1.0,33.568
DE6,offwind,2021-02-03T03:00:00,1.0,37.024
DE6,offwind,2021-02-03T06:00:00,1.0,41.504000000000005
DE6,offwind,2021-02-03T09:00:00,1.0,46.976000000000006
DE6,offwind,2021-02-03T12:00:00,1.0,0.0
DE6,offwind,2021-02-03T15:00:00,1.0,60.544000000000004
DE6,offwind,2021-02-03T18:00:00,1.0,68.416
DE6,offwind,2021-02-03T21:00:00,1.0,76.864
DE6,offwind,2021-02-04T00:00:00,1.0,104.704
DE6,offwind,2021-02-04T03:00:00,1.0,114.048
DE6,offwind,2021-02-04T06:00:00,1.0,123.232
DE6,offwind,2021-02-04T09:00:00,1.0,132.128
DE6,offwind,2021-02-04T12:00:00,1.0,0.0
DE6,offwind,2021-02-04T15:00:00,1.0,0.0
DE6,offwind,2021-02-04T18:00:00,1.0,155.712
DE6,offwind,2021-02-04T21:00:00,1.0,162.144
DE6,offwind,2021-02-05T00:00:00,1.0,175.87199999999999
DE6,offwind,2021-02-05T03:00:00,1.0,178.176
DE6,offwind,2021-02-05T06:00:00,1.0,179.36
DE6,offwind,2021-02-05T09:00:00,1.0,179.392
DE6,offwind,2021-02-05T12:00:00,1.0,0.0
DE6,offwind,2021-02-05T15:00:00,1.0,0.0
DE6,offwind,2021-02-05T18:00:00,1.0,172.512
DE6,offwind,2021-02-05T21:00:00,1.0,168.064
DE6,offwind,2021-02-06T00:00:00,1.0,148.672
DE6,offwind,2021-02-06T03:00:00,1.0,140.8
DE6,offwind,2021-02-06T06:00:00,1.0,132.352
DE6,offwind,2021-02-06T09:00:00,1.0,123.45599999999999
DE6,offwind,2021-02-06T12:00:00,1.0,0.0
DE6,offwind,2021-02-06T15:00:00,1.0,104.96000000000001
DE6,offwind,2021-02-06T18:00:00,1.0,95.648
DE6,offwind,2021-02-06T21:00:00,1.0,86.464
DE6,offwind,2021-02-07T00:00:00,1.0,60.768
DE6,offwind,2021-02-07T03:00:00,1.0,53.568
DE6,offwind,2021-02-07T06:00:00,1.0,47.135999999999996
DE6,offwind,2021-02-07T09:00:00,1.0,41.632
DE6,offwind,2021-02-07T12:00:00,1.0,37.120000000000005
DE6,offwind,2021-02-07T15:00:00,1.0,33.664
DE6,offwind,2021-02-07T18:00:00,1.0,31.296
DE6,offwind,2021-02-07T21:00:00,1.0,30.08
DE6,onwind,2021-01-25T00:00:00,1.0,1547.0
DE6,onwind,2021-01-25T03:00:00,1.0,1684.8
DE6,onwind,2021-01-25T06:00:00,1.0,1820.5200000000002
DE6,onwind,2021-01-25T09:00:00,1.0,0.0
DE6,onwind,2021-01-25T12:00:00,1.0,0.0
DE6,onwind,2021-01-25T15:00:00,1.0,0.0
DE6,onwind,2021-01-25T18:00:00,1.0,2299.96
DE6,onwind,2021-01-25T21:00:00,1.0,1954.3425181256534
DE6,onwind,2021-01-26T00:00:00,1.0,2597.92
DE6,onwind,2021-01-26T03:00:00,1.0,0.0
DE6,onwind,2021-01-26T06:00:00,1.0,2649.92
DE6,onwind,2021-01-26T09:00:00,1.0,1318.7327769797848
DE6,onwind,2021-01-26T12:00:00,1.0,0.0
DE6,onwind,2021-01-26T15:00:00,1.0,0.0
DE6,onwind,2021-01-26T18:00:00,1.0,2548.52
DE6,onwind,2021-01-26T21:00:00,1.0,2482.48
DE6,onwind,2021-01-27T00:00:00,1.0,2196.48
DE6,onwind,2021-01-27T03:00:00,1.0,2080.0
DE6,onwind,2021-01-27T06:00:00,1.0,1955.2
DE6,onwind,2021-01-27T09:00:00,1.0,1824.16
DE6,onwind,2021-01-27T12:00:00,1.0,0.0
DE6,onwind,2021-01-27T15:00:00,1.0,1550.64
DE6,onwind,2021-01-27T18:00:00,1.0,1412.84
DE6,onwind,2021-01-27T21:00:00,1.0,1277.1200000000001
DE6,onwind,2021-01-28T00:00:00,1.0,897.52
DE6,onwind,2021-01-28T03:00:00,1.0,790.9200000000001
DE6,onwind,2021-01-28T06:00:00,1.0,696.28
DE6,onwind,2021-01-28T09:00:00,1.0,615.16
DE6,onwind,2021-01-28T12:00:00,1.0,548.6
DE6,onwind,2021-01-28T15:00:00,1.0,497.12
DE6,onwind,2021-01-28T18:00:00,1.0,462.28000000000003
DE6,onwind,2021-01-28T21:00:00,1.0,444.6
DE6,onwind,2021-01-29T00:00:00,1.0,496.08
DE6,onwind,2021-01-29T03:00:00,1.0,547.04
DE6,onwind,2021-01-29T06:00:00,1.0,613.08
DE6,onwind,2021-01-29T09:00:00,1.0,694.2
DE6,onwind,2021-01-29T12:00:00,1.0,788.32
DE6,onwind,2021-01-29T15:00:00,1.0,894.4
DE6,onwind,2021-01-29T18:00:00,1.0,1010.88
DE6,onwind,2021-01-29T21:00:00,1.0,1135.68
DE6,onwind,2021-01-30T00:00:00,1.0,1547.0
DE6,onwind,2021-01-30T03:00:00,1.0,1684.8
DE6,onwind,2021-01-30T06:00:00,1.0,1820.5200000000002
DE6,onwind,2021-01-30T09:00:00,1.0,0.0
DE6,onwind,2021-01-30T12:00:00,1.0,2076.88
DE6,onwind,2021-01-30T15:00:00,1.0,2193.36
DE6,onwind,2021-01-30T18:00:00,1.0,2299.96
DE6,onwind,2021-01-30T21:00:00,1.0,2395.12
DE6,onwind,2021-01-31T00:00:00,1.0,2597.92
DE6,onwind,2021-01-31T03:00:00,1.0,2632.24
DE6,onwind,2021-01-31T06:00:00,1.0,2649.92
DE6,onwind,2021-01-31T09:00:00,1.0,0.0
DE6,onwind,2021-01-31T12:00:00,1.0,0.0
DE6,onwind,2021-01-31T15:00:00,1.0,2598.96
DE6,onwind,2021-01-31T18:00:00,1.0,2548.52
DE6,onwind,2021-01-31T21:00:00,1.0,2482.48
DE6,onwind,2021-02-01T00:00:00,1.0,2196.48
DE6,onwind,2021-02-01T03:00:00,1.0,2080.0
DE6,onwind,2021-02-01T06:00:00,1.0,1955.2
DE6,onwind,2021-02-01T09:00:00,1.0,0.0
DE6,onwind,2021-02-01T12:00:00,1.0,0.0
DE6,onwind,2021-02-01T15:00:00,1.0,1550.64
DE6,onwind,2021-02-01T18:00:00,1.0,1412.84
DE6,onwind,2021-02-01T21:00:00,1.0,1277.1200000000001
DE6,onwind,2021-02-02T00:00:00,1.0,897.52
DE6,onwind,2021-02-02T03:00:00,1.0,790.9200000000001
DE6,onwind,2021-02-02T06:00:00,1.0,696.28
DE6,onwind,2021-02-02T09:00:00,1.0,615.16
DE6,onwind,2021-02-02T12:00:00,1.0,170.34379728938256
DE6,onwind,2021-02-02T15:00:00,1.0,497.12
DE6,onwind,2021-02-02T18:00:00,1.0,462.28000000000003
DE6,onwind,2021-02-02T21:00:00,1.0,444.6
DE6,onwind,2021-02-03T00:00:00,1.0,496.08
DE6,onwind,2021-02-03T03:00:00,1.0,547.04
DE6,onwind,2021-02-03T06:00:00,1.0,613.08
DE6,onwind,2021-02-03T09:00:00,1.0,694.2
DE6,onwind,2021-02-03T12:00:00,1.0,0.0
DE6,onwind,2021-02-03T15:00:00,1.0,894.4
DE6,onwind,2021-02-03T18:00:00,1.0,1010.88
DE6,onwind,2021-02-03T21:00:00,1.0,1135.68
DE6,onwind,2021-02-04T00:00:00,1.0,1547.0
DE6,onwind,2021-02-04T03:00:00,1.0,1684.8
DE6,onwind,2021-02-04T06:00:00,1.0,1820.5200000000002
DE6,onwind,2021-02-04T09:00:00,1.0,1951.5600000000002
DE6,onwind,2021-02-04T12:00:00,1.0,0.0
DE6,onwind,2021-02-04T15:00:00,1.0,2193.36
DE6,onwind,2021-02-04T18:00:00,1.0,2299.96
DE6,onwind,2021-02-04T21:00:00,1.0,2395.12
DE6,onwind,2021-02-05T00:00:00,1.0,2597.92
DE6,onwind,2021-02-05T03:00:00,1.0,2632.24
DE6,onwind,2021-02-05T06:00:00,1.0,2649.92
DE6,onwind,2021-02-05T09:00:00,1.0,0.0
DE6,onwind,2021-02-05T12:00:00,1.0,0.0
DE6,onwind,2021-02-05T15:00:00,1.0,2598.96
DE6,onwind,2021-02-05T18:00:00,1.0,2548.52
DE6,onwind,2021-02-05T21:00:00,1.0,2482.48
DE6,onwind,2021-02-06T00:00:00,1.0,2196.48
DE6,onwind,2021-02-06T03:00:00,1.0,2080.0
DE6,onwind,2021-02-06T06:00:00,1.0,1955.2
DE6,onwind,2021-02-06T09:00:00,1.0,0.0
DE6,onwind,2021-02-06T12:00:00,1.0,0.0
DE6,onwind,2021-02-06T15:00:00,1.0,1550.64
DE6,onwind,2021-02-06T18:00:00,1.0,1412.84
DE6,onwind,2021-02-06T21:00:00,1.0,1277.1200000000001
DE6,onwind,2021-02-07T00:00:00,1.0,897.52
DE6,onwind,2021-02-07T03:00:00,1.0,790.9200000000001
DE6,onwind,2021-02-07T06:00:00,1.0,696.28
DE6,onwind,2021-02-07T09:00:00,1.0,615.16
DE6,onwind,2021-02-07T12:00:00,1.0,548.6
DE6,onwind,2021-02-07T15:00:00,1.0,497.12
DE6,onwind,2021-02-07T18:00:00,1.0,462.28000000000003
DE6,onwind,2021-02-07T21:00:00,1.0,444.6
DE6,solar,2021-01-25T00:00:00,1.0,0.0
DE6,solar,2021-01-25T03:00:00,1.0,0.0
DE6,solar,2021-01-25T06:00:00,1.0,0.0
DE6,solar,2021-01-25T09:00:00,1.0,3111.24
DE6,solar,2021-01-25T12:00:00,1.0,4400.0
DE6,solar,2021-01-25T15:00:00,1.0,3111.24
DE6,solar,2021-01-25T18:00:00,1.0,0.0
DE6,solar,2021-01-25T21:00:00,1.0,0.0
DE6,solar,2021-01-26T00:00:00,1.0,0.0
DE6,solar,2021-01-26T03:00:00,1.0,0.0
DE6,solar,2021-01-26T06:00:00,1.0,0.0
DE6,solar,2021-01-26T09:00:00,1.0,3111.24
DE6,solar,2021-01-26T12:00:00,1.0,4400.0
DE6,solar,2021-01-26T15:00:00,1.0,3111.24
DE6,solar,2021-01-26T18:00:00,1.0,0.0
DE6,solar,2021-01-26T21:00:00,1.0,0.0
DE6,solar,2021-01-27T00:00:00,1.0,0.0
DE6,solar,2021-01-27T03:00:00,1.0,0.0
DE6,solar,2021-01-27T06:00:00,1.0,0.0
DE6,solar,2021-01-27T09:00:00,1.0,3111.24
DE6,solar,2021-01-27T12:00:00,1.0,4400.0
DE6,solar,2021-01-27T15:00:00,1.0,3111.24
DE6,solar,2021-01-27T18:00:00,1.0,0.0
DE6,solar,2021-01-27T21:00:00,1.0,0.0
DE6,solar,2021-01-28T00:00:00,1.0,0.0
DE6,solar,2021-01-28T03:00:00,1.0,0.0
DE6,solar,2021-01-28T06:00:00,1.0,0.0
DE6,solar,2021-01-28T09:00:00,1.0,3111.24
DE6,solar,2021-01-28T12:00:00,1.0,4400.0
DE6,solar,2021-01-28T15:00:00,1.0,3111.24
DE6,solar,2021-01-28T18:00:00,1.0,0.0
DE6,solar,2021-01-28T21:00:00,1.0,0.0
DE6,solar,2021-01-29T00:00:00,1.0,0.0
DE6,solar,2021-01-29T03:00:00,1.0,0.0
DE6,solar,2021-01-29T06:00:00,1.0,0.0
DE6,solar,2021-01-29T09:00:00,1.0,3111.24
DE6,solar,2021-01-29T12:00:00,1.0,4400.0
DE6,solar,2021-01-29T15:00:00,1.0,3111.24
DE6,solar,2021-01-29T18:00:00,1.0,0.0
DE6,solar,2021-01-29T21:00:00,1.0,0.0
DE6,solar,2021-01-30T00:00:00,1.0,0.0
DE6,solar,2021-01-30T03:00:00,1.0,0.0
DE6,solar,2021-01-30T06:00:00,1.0,0.0
DE6,solar,2021-01-30T09:00:00,1.0,3111.24
DE6,solar,2021-01-30T12:00:00,1.0,4400.0
DE6,solar,2021-01-30T15:00:00,1.0,3111.24
DE6,solar,2021-01-30T18:00:00,1.0,0.0
DE6,solar,2021-01-30T21:00:00,1.0,0.0
DE6,solar,2021-01-31T00:00:00,1.0,0.0
DE6,solar,2021-01-31T03:00:00,1.0,0.0
DE6,solar,2021-01-31T06:00:00,1.0,0.0
DE6,solar,2021-01-31T09:00:00,1.0,3111.24
DE6,solar,2021-01-31T12:00:00,1.0,4400.0
DE6,solar,2021-01-31T15:00:00,1.0,3111.24
DE6,solar,2021-01-31T18:00:00,1.0,0.0
DE6,solar,2021-01-31T21:00:00,1.0,0.0
DE6,solar,2021-02-01T00:00:00,1.0,0.0
DE6,solar,2021-02-01T03:00:00,1.0,0.0
DE6,solar,2021-02-01T06:00:00,1.0,0.0
DE6,solar,2021-02-01T09:00:00,1.0,3111.24
DE6,solar,2021-02-01T12:00:00,1.0,4400.0
DE6,solar,2021-02-01T15:00:00,1.0,3111.24
DE6,solar,2021-02-01T18:00:00,1.0,0.0
DE6,solar,2021-02-01T21:00:00,1.0,0.0
DE6,solar,2021-02-02T00:00:00,1.0,0.0
DE6,solar,2021-02-02T03:00:00,1.0,0.0
DE6,solar,2021-02-02T06:00:00,1.0,0.0
DE6,solar,2021-02-02T09:00:00,1.0,3111.24
DE6,solar,2021-02-02T12:00:00,1.0,4400.0
DE6,solar,2021-02-02T15:00:00,1.0,3111.24
DE6,solar,2021-02-02T18:00:00,1.0,0.0
DE6,solar,2021-02-02T21:00:00,1.0,0.0
DE6,solar,2021-02-03T00:00:00,1.0,0.0
DE6,solar,2021-02-03T03:00:00,1.0,0.0
DE6,solar,2021-02-03T06:00:00,1.0,0.0
DE6,solar,2021-02-03T09:00:00,1.0,3111.24
DE6,solar,2021-02-03T12:00:00,1.0,4400.0
DE6,solar,2021-02-03T15:00:00,1.0,3111.24
DE6,solar,2021-02-03T18:00:00,1.0,0.0
DE6,solar,2021-02-03T21:00:00,1.0,0.0
DE6,solar,2021-02-04T00:00:00,1.0,0.0
DE6,solar,2021-02-04T03:00:00,1.0,0.0
DE6,solar,2021-02-04T06:00:00,1.0,0.0
DE6,solar,2021-02-04T09:00:00,1.0,3111.24
DE6,solar,2021-02-04T12:00:00,1.0,4400.0
DE6,solar,2021-02-04T15:00:00,1.0,3111.24
DE6,solar,2021-02-04T18:00:00,1.0,0.0
DE6,solar,2021-02-04T21:00:00,1.0,0.0
DE6,solar,2021-02-05T00:00:00,1.0,0.0
DE6,solar,2021-02-05T03:00:00,1.0,0.0
DE6,solar,2021-02-05T06:00:00,1.0,0.0
DE6,solar,2021-02-05T09:00:00,1.0,3111.24
DE6,solar,2021-02-05T12:00:00,1.0,4400.0
DE6,solar,2021-02-05T15:00:00,1.0,3111.24
DE6,solar,2021-02-05T18:00:00,1.0,0.0
DE6,solar,2021-02-05T21:00:00,1.0,0.0
DE6,solar,2021-02-06T00:00:00,1.0,0.0
DE6,solar,2021-02-06T03:00:00,1.0,0.0
DE6,solar,2021-02-06T06:00:00,1.0,0.0
DE6,solar,2021-02-06T09:00:00,1.0,3111.24
DE6,solar,2021-02-06T12:00:00,1.0,4400.0
DE6,solar,2021-02-06T15:00:00,1.0,3111.24
DE6,solar,2021-02-06T18:00:00,1.0,0.0
DE6,solar,2021-02-06T21:00:00,1.0,0.0
DE6,solar,2021-02-07T00:00:00,1.0,0.0
DE6,solar,2021-02-07T03:00:00,1.0,0.0
DE6,solar,2021-02-07T06:00:00,1.0,0.0
DE6,solar,2021-02-07T09:00:00,1.0,3111.24
DE6,solar,2021-02-07T12:00:00,1.0,4400.0
DE6,solar,2021-02-07T15:00:00,1.0,3111.24
DE6,solar,2021-02-07T18:00:00,1.0,0.0
DE6,solar,2021-02-07T21:00:00,1.0,0.0
DE7,ccgt,2021-01-25T00:00:00,1.0,540.0
DE7,ccgt,2021-01-25T03:00:00,1.0,540.0
DE7,ccgt,2021-01-25T06:00:00,1.0,1800.0
DE7,ccgt,2021-01-25T09:00:00,1.0,540.0
DE7,ccgt,2021-01-25T12:00:00,1.0,540.0
DE7,ccgt,2021-01-25T15:00:00,1.0,540.0
DE7,ccgt,2021-01-25T18:00:00,1.0,540.0
DE7,ccgt,2021-01-25T21:00:00,1.0,540.0
DE7,ccgt,2021-01-26T00:00:00,1.0,540.0
DE7,ccgt,2021-01-26T03:00:00,1.0,540.0
DE7,ccgt,2021-01-26T06:00:00,1.0,540.0
DE7,ccgt,2021-01-26T09:00:00,1.0,540.0
DE7,ccgt,2021-01-26T12:00:00,1.0,540.0
DE7,ccgt,2021-01-26T15:00:00,1.0,540.0
DE7,ccgt,2021-01-26T18:00:00,1.0,540.0
DE7,ccgt,2021-01-26T21:00:00,1.0,540.0
DE7,ccgt,2021-01-27T00:00:00,1.0,540.0
DE7,ccgt,2021-01-27T03:00:00,1.0,540.0
DE7,ccgt,2021-01-27T06:00:00,1.0,540.0
DE7,ccgt,2021-01-27T09:00:00,1.0,540.0
DE7,ccgt,2021-01-27T12:00:00,1.0,540.0
DE7,ccgt,2021-01-27T15:00:00,1.0,540.0
DE7,ccgt,2021-01-27T18:00:00,1.0,1800.0
DE7,ccgt,2021-01-27T21:00:00,1.0,1800.0
DE7,ccgt,2021-01-28T00:00:00,1.0,1800.0
DE7,ccgt,2021-01-28T03:00:00,1.0,1800.0
DE7,ccgt,2021-01-28T06:00:00,1.0,1800.0
DE7,ccgt,2021-01-28T09:00:00,1.0,1679.2395918980696
DE7,ccgt,2021-01-28T12:00:00,1.0,540.0
DE7,ccgt,2021-01-28T15:00:00,1.0,540.0
DE7,ccgt,2021-01-28T18:00:00,1.0,1800.0
DE7,ccgt,2021-01-28T21:00:00,1.0,1800.0
DE7,ccgt,2021-01-29T00:00:00,1.0,1800.0
DE7,ccgt,2021-01-29T03:00:00,1.0,1800.0
DE7,ccgt,2021-01-29T06:00:00,1.0,1800.0
DE7,ccgt,2021-01-29T09:00:00,1.0,1800.0
DE7,ccgt,2021-01-29T12:00:00,1.0,540.0
DE7,ccgt,2021-01-29T15:00:00,1.0,540.0
DE7,ccgt,2021-01-29T18:00:00,1.0,1800.0
DE7,ccgt,2021-01-29T21:00:00,1.0,540.0
DE7,ccgt,2021-01-30T00:00:00,1.0,540.0
DE7,ccgt,2021-01-30T03:00:00,1.0,1800.0
DE7,ccgt,2021-01-30T06:00:00,1.0,1800.0
DE7,ccgt,2021-01-30T09:00:00,1.0,540.0
DE7,ccgt,2021-01-30T12:00:00,1.0,540.0
DE7,ccgt,2021-01-30T15:00:00,1.0,540.0
DE7,ccgt,2021-01-30T18:00:00,1.0,540.0
DE7,ccgt,2021-01-30T21:00:00,1.0,540.0
DE7,ccgt,2021-01-31T00:00:00,1.0,540.0
DE7,ccgt,2021-01-31T03:00:00,1.0,540.0
DE7,ccgt,2021-01-31T06:00:00,1.0,540.0
DE7,ccgt,2021-01-31T09:00:00,1.0,540.0
DE7,ccgt,2021-01-31T12:00:00,1.0,540.0
DE7,ccgt,2021-01-31T15:00:00,1.0,540.0
DE7,ccgt,2021-01-31T18:00:00,1.0,540.0
DE7,ccgt,2021-01-31T21:00:00,1.0,540.0
DE7,ccgt,2021-02-01T00:00:00,1.0,540.0
DE7,ccgt,2021-02-01T03:00:00,1.0,540.0
DE7,ccgt,2021-02-01T06:00:00,1.0,1800.0
DE7,ccgt,2021-02-01T09:00:00,1.0,540.0
DE7,ccgt,2021-02-01T12:00:00,1.0,540.0
DE7,ccgt,2021-02-01T15:00:00,1.0,540.0
DE7,ccgt,2021-02-01T18:00:00,1.0,1800.0
DE7,ccgt,2021-02-01T21:00:00,1.0,1800.0
DE7,ccgt,2021-02-02T00:00:00,1.0,540.0
DE7,ccgt,2021-02-02T03:00:00,1.0,1800.0
DE7,ccgt,2021-02-02T06:00:00,1.0,1800.0
DE7,ccgt,2021-02-02T09:00:00,1.0,540.0
DE7,ccgt,2021-02-02T12:00:00,1.0,540.0
DE7,ccgt,2021-02-02T15:00:00,1.0,540.0
DE7,ccgt,2021-02-02T18:00:00,1.0,1800.0
DE7,ccgt,2021-02-02T21:00:00,1.0,1800.0
DE7,ccgt,2021-02-03T00:00:00,1.0,1800.0
DE7,ccgt,2021-02-03T03:00:00,1.0,1800.0
DE7,ccgt,2021-02-03T06:00:00,1.0,1800.0
DE7,ccgt,2021-02-03T09:00:00,1.0,540.0
DE7,ccgt,2021-02-03T12:00:00,1.0,540.0
DE7,ccgt,2021-02-03T15:00:00,1.0,540.0
DE7,ccgt,2021-02-03T18:00:00,1.0,1800.0
DE7,ccgt,2021-02-03T21:00:00,1.0,1800.0
DE7,ccgt,2021-02-04T00:00:00,1.0,1800.0
DE7,ccgt,2021-02-04T03:00:00,1.0,1800.0
DE7,ccgt,2021-02-04T06:00:00,1.0,1800.0
DE7,ccgt,2021-02-04T09:00:00,1.0,540.0
DE7,ccgt,2021-02-04T12:00:00,1.0,540.0
DE7,ccgt,2021-02-04T15:00:00,1.0,540.0
DE7,ccgt,2021-02-04T18:00:00,1.0,540.0
DE7,ccgt,2021-02-04T21:00:00,1.0,540.0
DE7,ccgt,2021-02-05T00:00:00,1.0,540.0
DE7,ccgt,2021-02-05T03:00:00,1.0,540.0
DE7,ccgt,2021-02-05T06:00:00,1.0,540.0
DE7,ccgt,2021-02-05T09:00:00,1.0,540.0
DE7,ccgt,2021-02-05T12:00:00,1.0,540.0
DE7,ccgt,2021-02-05T15:00:00,1.0,540.0
DE7,ccgt,2021-02-05T18:00:00,1.0,540.0
DE7,ccgt,2021-02-05T21:00:00,1.0,540.0
DE7,ccgt,2021-02-06T00:00:00,1.0,540.0
DE7,ccgt,2021-02-06T03:00:00,1.0,1800.0
DE7,ccgt,2021-02-06T06:00:00,1.0,1800.0
DE7,ccgt,2021-02-06T09:00:00,1.0,540.0
DE7,ccgt,2021-02-06T12:00:00,1.0,540.0
DE7,ccgt,2021-02-06T15:00:00,1.0,540.0
DE7,ccgt,2021-02-06T18:00:00,1.0,1800.0
DE7,ccgt,2021-02-06T21:00:00,1.0,1800.0
DE7,ccgt,2021-02-07T00:00:00,1.0,1800.0
DE7,ccgt,2021-02-07T03:00:00,1.0,1800.0
DE7,ccgt,2021-02-07T06:00:00,1.0,1800.0
DE7,ccgt,2021-02-07T09:00:00,1.0,540.0
DE7,ccgt,2021-02-07T12:00:00,1.0,540.0
DE7,ccgt,2021-02-07T15:00:00,1.0,540.0
DE7,ccgt,2021-02-07T18:00:00,1.0,1800.0
DE7,ccgt,2021-02-07T21:00:00,1.0,1800.0
DE7,ocgt,2021-01-25T00:00:00,1.0,0.0
DE7,ocgt,2021-01-25T03:00:00,1.0,0.0
DE7,ocgt,2021-01-25T06:00:00,1.0,0.0
DE7,ocgt,2021-01-25T09:00:00,1.0,0.0
DE7,ocgt,2021-01-25T12:00:00,1.0,0.0
DE7,ocgt,2021-01-25T15:00:00,1.0,0.0
DE7,ocgt,2021-01-25T18:00:00,1.0,0.0
DE7,ocgt,2021-01-25T21:00:00,1.0,0.0
DE7,ocgt,2021-01-26T00:00:00,1.0,0.0
DE7,ocgt,2021-01-26T03:00:00,1.0,0.0
DE7,ocgt,2021-01-26T06:00:00,1.0,0.0
DE7,ocgt,2021-01-26T09:00:00,1.0,0.0
DE7,ocgt,2021-01-26T12:00:00,1.0,0.0
DE7,ocgt,2021-01-26T15:00:00,1.0,0.0
DE7,ocgt,2021-01-26T18:00:00,1.0,0.0
DE7,ocgt,2021-01-26T21:00:00,1.0,0.0
DE7,ocgt,2021-01-27T00:00:00,1.0,0.0
DE7,ocgt,2021-01-27T03:00:00,1.0,0.0
DE7,ocgt,2021-01-27T06:00:00,1.0,0.0
DE7,ocgt,2021-01-27T09:00:00,1.0,0.0
DE7,ocgt,2021-01-27T12:00:00,1.0,0.0
DE7,ocgt,2021-01-27T15:00:00,1.0,0.0
DE7,ocgt,2021-01-27T18:00:00,1.0,0.0
DE7,ocgt,2021-01-27T21:00:00,1.0,0.0
DE7,ocgt,2021-01-28T00:00:00,1.0,0.0
DE7,ocgt,2021-01-28T03:00:00,1.0,0.0
DE7,ocgt,2021-01-28T06:00:00,1.0,0.0
DE7,ocgt,2021-01-28T09:00:00,1.0,0.0
DE7,ocgt,2021-01-28T12:00:00,1.0,0.0
DE7,ocgt,2021-01-28T15:00:00,1.0,0.0
DE7,ocgt,2021-01-28T18:00:00,1.0,800.0
DE7,ocgt,2021-01-28T21:00:00,1.0,800.0
DE7,ocgt,2021-01-29T00:00:00,1.0,800.0
DE7,ocgt,2021-01-29T03:00:00,1.0,800.0
DE7,ocgt,2021-01-29T06:00:00,1.0,800.0
DE7,ocgt,2021-01-29T09:00:00,1.0,0.0
DE7,ocgt,2021-01-29T12:00:00,1.0,0.0
DE7,ocgt,2021-01-29T15:00:00,1.0,0.0
DE7,ocgt,2021-01-29T18:00:00,1.0,0.0
DE7,ocgt,2021-01-29T21:00:00,1.0,0.0
DE7,ocgt,2021-01-30T00:00:00,1.0,0.0
DE7,ocgt,2021-01-30T03:00:00,1.0,0.0
DE7,ocgt,2021-01-30T06:00:00,1.0,0.0
DE7,ocgt,2021-01-30T09:00:00,1.0,0.0
DE7,ocgt,2021-01-30T12:00:00,1.0,0.0
DE7,ocgt,2021-01-30T15:00:00,1.0,0.0
DE7,ocgt,2021-01-30T18:00:00,1.0,0.0
DE7,ocgt,2021-01-30T21:00:00,1.0,0.0
DE7,ocgt,2021-01-31T00:00:00,1.0,0.0
DE7,ocgt,2021-01-31T03:00:00,1.0,0.0
DE7,ocgt,2021-01-31T06:00:00,1.0,0.0
DE7,ocgt,2021-01-31T09:00:00,1.0,0.0
DE7,ocgt,2021-01-31T12:00:00,1.0,0.0
DE7,ocgt,2021-01-31T15:00:00,1.0,0.0
DE7,ocgt,2021-01-31T18:00:00,1.0,0.0
DE7,ocgt,2021-01-31T21:00:00,1.0,0.0
DE7,ocgt,2021-02-01T00:00:00,1.0,0.0
DE7,ocgt,2021-02-01T03:00:00,1.0,0.0
DE7,ocgt,2021-02-01T06:00:00,1.0,0.0
DE7,ocgt,2021-02-01T09:00:00,1.0,0.0
DE7,ocgt,2021-02-01T12:00:00,1.0,0.0
DE7,ocgt,2021-02-01T15:00:00,1.0,0.0
DE7,ocgt,2021-02-01T18:00:00,1.0,0.0
DE7,ocgt,2021-02-01T21:00:00,1.0,0.0
DE7,ocgt,2021-02-02T00:00:00,1.0,0.0
DE7,ocgt,2021-02-02T03:00:00,1.0,0.0
DE7,ocgt,2021-02-02T06:00:00,1.0,0.0
DE7,ocgt,2021-02-02T09:00:00,1.0,0.0
DE7,ocgt,2021-02-02T12:00:00,1.0,0.0
DE7,ocgt,2021-02-02T15:00:00,1.0,0.0
DE7,ocgt,2021-02-02T18:00:00,1.0,0.0
DE7,ocgt,2021-02-02T21:00:00,1.0,0.0
DE7,ocgt,2021-02-03T00:00:00,1.0,0.0
DE7,ocgt,2021-02-03T03:00:00,1.0,87.40880469527883
DE7,ocgt,2021-02-03T06:00:00,1.0,800.0
DE7,ocgt,2021-02-03T09:00:00,1.0,0.0
DE7,ocgt,2021-02-03T12:00:00,1.0,0.0
DE7,ocgt,2021-02-03T15:00:00,1.0,0.0
DE7,ocgt,2021-02-03T18:00:00,1.0,0.0
DE7,ocgt,2021-02-03T21:00:00,1.0,0.0
DE7,ocgt,2021-02-04T00:00:00,1.0,0.0
DE7,ocgt,2021-02-04T03:00:00,1.0,0.0
DE7,ocgt,2021-02-04T06:00:00,1.0,0.0
DE7,ocgt,2021-02-04T09:00:00,1.0,0.0
DE7,ocgt,2021-02-04T12:00:00,1.0,0.0
DE7,ocgt,2021-02-04T15:00:00,1.0,0.0
DE7,ocgt,2021-02-04T18:00:00,1.0,0.0
DE7,ocgt,2021-02-04T21:00:00,1.0,0.0
DE7,ocgt,2021-02-05T00:00:00,1.0,0.0
DE7,ocgt,2021-02-05T03:00:00,1.0,0.0
DE7,ocgt,2021-02-05T06:00:00,1.0,0.0
DE7,ocgt,2021-02-05T09:00:00,1.0,0.0
DE7,ocgt,2021-02-05T12:00:00,1.0,0.0
DE7,ocgt,2021-02-05T15:00:00,1.0,0.0
DE7,ocgt,2021-02-05T18:00:00,1.0,0.0
DE7,ocgt,2021-02-05T21:00:00,1.0,0.0
DE7,ocgt,2021-02-06T00:00:00,1.0,0.0
DE7,ocgt,2021-02-06T03:00:00,1.0,0.0
DE7,ocgt,2021-02-06T06:00:00,1.0,0.0
DE7,ocgt,2021-02-06T09:00:00,1.0,0.0
DE7,ocgt,2021-02-06T12:00:00,1.0,0.0
DE7,ocgt,2021-02-06T15:00:00,1.0,0.0
DE7,ocgt,2021-02-06T18:00:00,1.0,0.0
DE7,ocgt,2021-02-06T21:00:00,1.0,0.0
DE7,ocgt,2021-02-07T00:00:00,1.0,0.0
DE7,ocgt,2021-02-07T03:00:00,1.0,0.0
DE7,ocgt,2021-02-07T06:00:00,1.0,800.0
DE7,ocgt,2021-02-07T09:00:00,1.0,0.0
DE7,ocgt,2021-02-07T12:00:00,1.0,0.0
DE7,ocgt,2021-02-07T15:00:00,1.0,0.0
DE7,ocgt,2021-02-07T18:00:00,1.0,800.0
DE7,ocgt,2021-02-07T21:00:00,1.0,800.0
DE7,offwind,2021-01-25T00:00:00,1.0,130.88
DE7,offwind,2021-01-25T03:00:00,1.0,142.56
DE7,offwind,2021-01-25T06:00:00,1.0,154.04
DE7,offwind,2021-01-25T09:00:00,1.0,165.16
DE7,offwind,2021-01-25T12:00:00,1.0,0.0
DE7,offwind,2021-01-25T15:00:00,1.0,0.0
DE7,offwind,2021-01-25T18:00:00,1.0,194.64
DE7,offwind,2021-01-25T21:00:00,1.0,202.68
DE7,offwind,2021-01-26T00:00:00,1.0,0.0
DE7,offwind,2021-01-26T03:00:00,1.0,222.71999999999997
DE7,offwind,2021-01-26T06:00:00,1.0,224.2
DE7,offwind,2021-01-26T09:00:00,1.0,224.24
DE7,offwind,2021-01-26T12:00:00,1.0,0.0
DE7,offwind,2021-01-26T15:00:00,1.0,219.92
DE7,offwind,2021-01-26T18:00:00,1.0,215.64000000000001
DE7,offwind,2021-01-26T21:00:00,1.0,210.08
DE7,offwind,2021-01-27T00:00:00,1.0,185.84
DE7,offwind,2021-01-27T03:00:00,1.0,176.0
DE7,offwind,2021-01-27T06:00:00,1.0,165.44
DE7,offwind,2021-01-27T09:00:00,1.0,154.32
DE7,offwind,2021-01-27T12:00:00,1.0,0.0
DE7,offwind,2021-01-27T15:00:00,1.0,131.20000000000002
DE7,offwind,2021-01-27T18:00:00,1.0,119.56
DE7,offwind,2021-01-27T21:00:00,1.0,108.08
DE7,offwind,2021-01-28T00:00:00,1.0,75.96000000000001
DE7,offwind,2021-01-28T03:00:00,1.0,66.96
DE7,offwind,2021-01-28T06:00:00,1.0,58.919999999999995
DE7,offwind,2021-01-28T09:00:00,1.0,52.04
DE7,offwind,2021-01-28T12:00:00,1.0,46.400000000000006
DE7,offwind,2021-01-28T15:00:00,1.0,42.08
DE7,offwind,2021-01-28T18:00:00,1.0,39.12
DE7,offwind,2021-01-28T21:00:00,1.0,37.6
DE7,offwind,2021-01-29T00:00:00,1.0,41.959999999999994
DE7,offwind,2021-01-29T03:00:00,1.0,46.28
DE7,offwind,2021-01-29T06:00:00,1.0,51.88
DE7,offwind,2021-01-29T09:00:00,1.0,58.720000000000006
DE7,offwind,2021-01-29T12:00:00,1.0,66.72
DE7,offwind,2021-01-29T15:00:00,1.0,75.68
DE7,offwind,2021-01-29T18:00:00,1.0,85.52
DE7,offwind,2021-01-29T21:00:00,1.0,96.08
DE7,offwind,2021-01-30T00:00:00,1.0,130.88
DE7,offwind,2021-01-30T03:00:00,1.0,142.56
DE7,offwind,2021-01-30T06:00:00,1.0,154.04
DE7,offwind,2021-01-30T09:00:00,1.0,165.16
DE7,offwind,2021-01-30T12:00:00,1.0,0.0
DE7,offwind,2021-01-30T15:00:00,1.0,185.60000000000002
DE7,offwind,2021-01-30T18:00:00,1.0,194.64
DE7,offwind,2021-01-30T21:00:00,1.0,202.68
DE7,offwind,2021-01-31T00:00:00,1.0,219.84
DE7,offwind,2021-01-31T03:00:00,1.0,222.71999999999997
DE7,offwind,2021-01-31T06:00:00,1.0,224.2
DE7,offwind,2021-01-31T09:00:00,1.0,0.0
DE7,offwind,2021-01-31T12:00:00,1.0,0.0
DE7,offwind,2021-01-31T15:00:00,1.0,219.92
DE7,offwind,2021-01-31T18:00:00,1.0,215.64000000000001
DE7,offwind,2021-01-31T21:00:00,1.0,210.08
DE7,offwind,2021-02-01T00:00:00,1.0,185.84
DE7,offwind,2021-02-01T03:00:00,1.0,176.0
DE7,offwind,2021-02-01T06:00:00,1.0,165.44
DE7,offwind,2021-02-01T09:00:00,1.0,154.32
DE7,offwind,2021-02-01T12:00:00,1.0,0.0
DE7,offwind,2021-02-01T15:00:00,1.0,131.20000000000002
DE7,offwind,2021-02-01T18:00:00,1.0,119.56
DE7,offwind,2021-02-01T21:00:00,1.0,108.08
DE7,offwind,2021-02-02T00:00:00,1.0,75.96000000000001
DE7,offwind,2021-02-02T03:00:00,1.0,66.96
DE7,offwind,2021-02-02T06:00:00,1.0,58.919999999999995
DE7,offwind,2021-02-02T09:00:00,1.0,52.04
DE7,offwind,2021-02-02T12:00:00,1.0,46.400000000000006
DE7,offwind,2021-02-02T15:00:00,1.0,42.08
DE7,offwind,2021-02-02T18:00:00,1.0,39.12
DE7,offwind,2021-02-02T21:00:00,1.0,37.6
DE7,offwind,2021-02-03T00:00:00,1.0,41.959999999999994
DE7,offwind,2021-02-03T03:00:00,1.0,46.28
DE7,offwind,2021-02-03T06:00:00,1.0,51.88
DE7,offwind,2021-02-03T09:00:00,1.0,58.720000000000006
DE7,offwind,2021-02-03T12:00:00,1.0,0.0
DE7,offwind,2021-02-03T15:00:00,1.0,75.68
DE7,offwind,2021-02-03T18:00:00,1.0,85.52
DE7,offwind,2021-02-03T21:00:00,1.0,96.08
DE7,offwind,2021-02-04T00:00:00,1.0,130.88
DE7,offwind,2021-02-04T03:00:00,1.0,142.56
DE7,offwind,2021-02-04T06:00:00,1.0,154.04
DE7,offwind,2021-02-04T09:00:00,1.0,0.0
DE7,offwind,2021-02-04T12:00:00,1.0,0.0
DE7,offwind,2021-02-04T15:00:00,1.0,185.60000000000002
DE7,offwind,2021-02-04T18:00:00,1.0,194.64
DE7,offwind,2021-02-04T21:00:00,1.0,202.68
DE7,offwind,2021-02-05T00:00:00,1.0,219.84
DE7,offwind,2021-02-05T03:00:00,1.0,222.71999999999997
DE7,offwind,2021-02-05T06:00:00,1.0,224.2
DE7,offwind,2021-02-05T09:00:00,1.0,224.24
DE7,offwind,2021-02-05T12:00:00,1.0,0.0
DE7,offwind,2021-02-05T15:00:00,1.0,219.92
DE7,offwind,2021-02-05T18:00:00,1.0,215.64000000000001
DE7,offwind,2021-02-05T21:00:00,1.0,210.08
DE7,offwind,2021-02-06T00:00:00,1.0,185.84
DE7,offwind,2021-02-06T03:00:00,1.0,176.0
DE7,offwind,2021-02-06T06:00:00,1.0,165.44
DE7,offwind,2021-02-06T09:00:00,1.0,0.0
DE7,offwind,2021-02-06T12:00:00,1.0,0.0
DE7,offwind,2021-02-06T15:00:00,1.0,131.20000000000002
DE7,offwind,2021-02-06T18:00:00,1.0,119.56
DE7,offwind,2021-02-06T21:00:00,1.0,108.08
DE7,offwind,2021-02-07T00:00:00,1.0,75.96000000000001
DE7,offwind,2021-02-07T03:00:00,1.0,66.96
DE7,offwind,2021-02-07T06:00:00,1.0,58.919999999999995
DE7,offwind,2021-02-07T09:00:00,1.0,52.04
DE7,offwind,2021-02-07T12:00:00,1.0,46.400000000000006
DE7,offwind,2021-02-07T15:00:00,1.0,42.08
DE7,offwind,2021-02-07T18:00:00,1.0,39.12
DE7,offwind,2021-02-07T21:00:00,1.0,37.6
DE7,onwind,2021-01-25T00:00:00,1.0,1933.75
DE7,onwind,2021-01-25T03:00:00,1.0,2106.0
DE7,onwind,2021-01-25T06:00:00,1.0,2275.65
DE7,onwind,2021-01-25T09:00:00,1.0,0.0
DE7,onwind,2021-01-25T12:00:00,1.0,0.0
DE7,onwind,2021-01-25T15:00:00,1.0,0.0
DE7,onwind,2021-01-25T18:00:00,1.0,2874.9500000000003
DE7,onwind,2021-01-25T21:00:00,1.0,2993.9
DE7,onwind,2021-01-26T00:00:00,1.0,0.0
DE7,onwind,2021-01-26T03:00:00,1.0,3290.2999999999997
DE7,onwind,2021-01-26T06:00:00,1.0,3312.4000000000005
DE7,onwind,2021-01-26T09:00:00,1.0,3312.4000000000005
DE7,onwind,2021-01-26T12:00:00,1.0,0.0
DE7,onwind,2021-01-26T15:00:00,1.0,3248.7000000000003
DE7,onwind,2021-01-26T18:00:00,1.0,3185.65
DE7,onwind,2021-01-26T21:00:00,1.0,3103.1
DE7,onwind,2021-01-27T00:00:00,1.0,2745.6
DE7,onwind,2021-01-27T03:00:00,1.0,2600.0
DE7,onwind,2021-01-27T06:00:00,1.0,2444.0
DE7,onwind,2021-01-27T09:00:00,1.0,0.0
DE7,onwind,2021-01-27T12:00:00,1.0,0.0
DE7,onwind,2021-01-27T15:00:00,1.0,0.0
DE7,onwind,2021-01-27T18:00:00,1.0,1766.05
DE7,onwind,2021-01-27T21:00:00,1.0,1596.4
DE7,onwind,2021-01-28T00:00:00,1.0,1121.9
DE7,onwind,2021-01-28T03:00:00,1.0,988.6500000000001
DE7,onwind,2021-01-28T06:00:00,1.0,870.3499999999999
DE7,onwind,2021-01-28T09:00:00,1.0,768.95
DE7,onwind,2021-01-28T12:00:00,1.0,685.75
DE7,onwind,2021-01-28T15:00:00,1.0,621.4
DE7,onwind,2021-01-28T18:00:00,1.0,577.85
DE7,onwind,2021-01-28T21:00:00,1.0,555.75
DE7,onwind,2021-01-29T00:00:00,1.0,620.1
DE7,onwind,2021-01-29T03:00:00,1.0,683.8000000000001
DE7,onwind,2021-01-29T06:00:00,1.0,766.35
DE7,onwind,2021-01-29T09:00:00,1.0,867.75
DE7,onwind,2021-01-29T12:00:00,1.0,985.4000000000001
DE7,onwind,2021-01-29T15:00:00,1.0,1118.0
DE7,onwind,2021-01-29T18:00:00,1.0,1263.6
DE7,onwind,2021-01-29T21:00:00,1.0,1419.6000000000001
DE7,onwind,2021-01-30T00:00:00,1.0,1933.75
DE7,onwind,2021-01-30T03:00:00,1.0,2106.0
DE7,onwind,2021-01-30T06:00:00,1.0,2275.65
DE7,onwind,2021-01-30T09:00:00,1.0,2439.4500000000003
DE7,onwind,2021-01-30T12:00:00,1.0,0.0
DE7,onwind,2021-01-30T15:00:00,1.0,2741.7000000000003
DE7,onwind,2021-01-30T18:00:00,1.0,2874.9500000000003
DE7,onwind,2021-01-30T21:00:00,1.0,2993.9
DE7,onwind,2021-01-31T00:00:00,1.0,3247.4
DE7,onwind,2021-01-31T03:00:00,1.0,3290.2999999999997
DE7,onwind,2021-01-31T06:00:00,1.0,3312.4000000000005
DE7,onwind,2021-01-31T09:00:00,1.0,0.0
DE7,onwind,2021-01-31T12:00:00,1.0,0.0
DE7,onwind,2021-01-31T15:00:00,1.0,3248.7000000000003
DE7,onwind,2021-01-31T18:00:00,1.0,3185.65
DE7,onwind,2021-01-31T21:00:00,1.0,3103.1
DE7,onwind,2021-02-01T00:00:00,1.0,2745.6
DE7,onwind,2021-02-01T03:00:00,1.0,2600.0
DE7,onwind,2021-02-01T06:00:00,1.0,2444.0
DE7,onwind,2021-02-01T09:00:00,1.0,2280.2
DE7,onwind,2021-02-01T12:00:00,1.0,0.0
DE7,onwind,2021-02-01T15:00:00,1.0,1938.3000000000002
DE7,onwind,2021-02-01T18:00:00,1.0,1766.05
DE7,onwind,2021-02-01T21:00:00,1.0,1596.4
DE7,onwind,2021-02-02T00:00:00,1.0,1121.9
DE7,onwind,2021-02-02T03:00:00,1.0,988.6500000000001
DE7,onwind,2021-02-02T06:00:00,1.0,870.3499999999999
DE7,onwind,2021-02-02T09:00:00,1.0,768.95
DE7,onwind,2021-02-02T12:00:00,1.0,685.75
DE7,onwind,2021-02-02T15:00:00,1.0,621.4
DE7,onwind,2021-02-02T18:00:00,1.0,577.85
DE7,onwind,2021-02-02T21:00:00,1.0,555.75
DE7,onwind,2021-02-03T00:00:00,1.0,620.1
DE7,onwind,2021-02-03T03:00:00,1.0,683.8000000000001
DE7,onwind,2021-02-03T06:00:00,1.0,766.35
DE7,onwind,2021-02-03T09:00:00,1.0,867.75
DE7,onwind,2021-02-03T12:00:00,1.0,985.4000000000001
DE7,onwind,2021-02-03T15:00:00,1.0,1118.0
DE7,onwind,2021-02-03T18:00:00,1.0,1263.6
DE7,onwind,2021-02-03T21:00:00,1.0,1419.6000000000001
DE7,onwind,2021-02-04T00:00:00,1.0,1933.75
DE7,onwind,2021-02-04T03:00:00,1.0,2106.0
DE7,onwind,2021-02-04T06:00:00,1.0,2275.65
DE7,onwind,2021-02-04T09:00:00,1.0,0.0
DE7,onwind,2021-02-04T12:00:00,1.0,0.0
DE7,onwind,2021-02-04T15:00:00,1.0,0.0
DE7,onwind,2021-02-04T18:00:00,1.0,2874.9500000000003
DE7,onwind,2021-02-04T21:00:00,1.0,2993.9
DE7,onwind,2021-02-05T00:00:00,1.0,3247.4
DE7,onwind,2021-02-05T03:00:00,1.0,3290.2999999999997
DE7,onwind,2021-02-05T06:00:00,1.0,3312.4000000000005
DE7,onwind,2021-02-05T09:00:00,1.0,0.0
DE7,onwind,2021-02-05T12:00:00,1.0,0.0
DE7,onwind,2021-02-05T15:00:00,1.0,3248.7000000000003
DE7,onwind,2021-02-05T18:00:00,1.0,3185.65
DE7,onwind,2021-02-05T21:00:00,1.0,3103.1
DE7,onwind,2021-02-06T00:00:00,1.0,2745.6
DE7,onwind,2021-02-06T03:00:00,1.0,2600.0
DE7,onwind,2021-02-06T06:00:00,1.0,2444.0
DE7,onwind,2021-02-06T09:00:00,1.0,2280.2
DE7,onwind,2021-02-06T12:00:00,1.0,0.0
DE7,onwind,2021-02-06T15:00:00,1.0,1938.3000000000002
DE7,onwind,2021-02-06T18:00:00,1.0,1766.05
DE7,onwind,2021-02-06T21:00:00,1.0,1596.4
DE7,onwind,2021-02-07T00:00:00,1.0,1121.9
DE7,onwind,2021-02-07T03:00:00,1.0,988.6500000000001
DE7,onwind,2021-02-07T06:00:00,1.0,870.3499999999999
DE7,onwind,2021-02-07T09:00:00,1.0,768.95
DE7,onwind,2021-02-07T12:00:00,1.0,685.75
DE7,onwind,2021-02-07T15:00:00,1.0,621.4
DE7,onwind,2021-02-07T18:00:00,1.0,577.85
DE7,onwind,2021-02-07T21:00:00,1.0,555.75
DE7,solar,2021-01-25T00:00:00,1.0,0.0
DE7,solar,2021-01-25T03:00:00,1.0,0.0
DE7,solar,2021-01-25T06:00:00,1.0,0.0
DE7,solar,2021-01-25T09:00:00,1.0,3694.8999999999996
DE7,solar,2021-01-25T12:00:00,1.0,5225.0
DE7,solar,2021-01-25T15:00:00,1.0,3694.8999999999996
DE7,solar,2021-01-25T18:00:00,1.0,0.0
DE7,solar,2021-01-25T21:00:00,1.0,0.0
DE7,solar,2021-01-26T00:00:00,1.0,0.0
DE7,solar,2021-01-26T03:00:00,1.0,0.0
DE7,solar,2021-01-26T06:00:00,1.0,0.0
DE7,solar,2021-01-26T09:00:00,1.0,3694.8999999999996
DE7,solar,2021-01-26T12:00:00,1.0,5225.0
DE7,solar,2021-01-26T15:00:00,1.0,3694.8999999999996
DE7,solar,2021-01-26T18:00:00,1.0,0.0
DE7,solar,2021-01-26T21:00:00,1.0,0.0
DE7,solar,2021-01-27T00:00:00,1.0,0.0
DE7,solar,2021-01-27T03:00:00,1.0,0.0
DE7,solar,2021-01-27T06:00:00,1.0,0.0
DE7,solar,2021-01-27T09:00:00,1.0,3694.8999999999996
DE7,solar,2021-01-27T12:00:00,1.0,5225.0
DE7,solar,2021-01-27T15:00:00,1.0,3694.8999999999996
DE7,solar,2021-01-27T18:00:00,1.0,0.0
DE7,solar,2021-01-27T21:00:00,1.0,0.0
DE7,solar,2021-01-28T00:00:00,1.0,0.0
DE7,solar,2021-01-28T03:00:00,1.0,0.0
DE7,solar,2021-01-28T06:00:00,1.0,0.0
DE7,solar,2021-01-28T09:00:00,1.0,3694.8999999999996
DE7,solar,2021-01-28T12:00:00,1.0,5225.0
DE7,solar,2021-01-28T15:00:00,1.0,3694.8999999999996
DE7,solar,2021-01-28T18:00:00,1.0,0.0
DE7,solar,2021-01-28T21:00:00,1.0,0.0
DE7,solar,2021-01-29T00:00:00,1.0,0.0
DE7,solar,2021-01-29T03:00:00,1.0,0.0
DE7,solar,2021-01-29T06:00:00,1.0,0.0
DE7,solar,2021-01-29T09:00:00,1.0,3694.8999999999996
DE7,solar,2021-01-29T12:00:00,1.0,5225.0
DE7,solar,2021-01-29T15:00:00,1.0,3694.8999999999996
DE7,solar,2021-01-29T18:00:00,1.0,0.0
DE7,solar,2021-01-29T21:00:00,1.0,0.0
DE7,solar,2021-01-30T00:00:00,1.0,0.0
DE7,solar,2021-01-30T03:00:00,1.0,0.0
DE7,solar,2021-01-30T06:00:00,1.0,0.0
DE7,solar,2021-01-30T09:00:00,1.0,3694.8999999999996
DE7,solar,2021-01-30T12:00:00,1.0,5225.0
DE7,solar,2021-01-30T15:00:00,1.0,3694.8999999999996
DE7,solar,2021-01-30T18:00:00,1.0,0.0
DE7,solar,2021-01-30T21:00:00,1.0,0.0
DE7,solar,2021-01-31T00:00:00,1.0,0.0
DE7,solar,2021-01-31T03:00:00,1.0,0.0
DE7,solar,2021-01-31T06:00:00,1.0,0.0
DE7,solar,2021-01-31T09:00:00,1.0,3694.8999999999996
DE7,solar,2021-01-31T12:00:00,1.0,5225.0
DE7,solar,2021-01-31T15:00:00,1.0,3694.8999999999996
DE7,solar,2021-01-31T18:00:00,1.0,0.0
DE7,solar,2021-01-31T21:00:00,1.0,0.0
DE7,solar,2021-02-01T00:00:00,1.0,0.0
DE7,solar,2021-02-01T03:00:00,1.0,0.0
DE7,solar,2021-02-01T06:00:00,1.0,0.0
DE7,solar,2021-02-01T09:00:00,1.0,3694.8999999999996
DE7,solar,2021-02-01T12:00:00,1.0,5225.0
DE7,solar,2021-02-01T15:00:00,1.0,3694.8999999999996
DE7,solar,2021-02-01T18:00:00,1.0,0.0
DE7,solar,2021-02-01T21:00:00,1.0,0.0
DE7,solar,2021-02-02T00:00:00,1.0,0.0
DE7,solar,2021-02-02T03:00:00,1.0,0.0
DE7,solar,2021-02-02T06:00:00,1.0,0.0
DE7,solar,2021-02-02T09:00:00,1.0,3694.8999999999996
DE7,solar,2021-02-02T12:00:00,1.0,5225.0
DE7,solar,2021-02-02T15:00:00,1.0,3694.8999999999996
DE7,solar,2021-02-02T18:00:00,1.0,0.0
DE7,solar,2021-02-02T21:00:00,1.0,0.0
DE7,solar,2021-02-03T00:00:00,1.0,0.0
DE7,solar,2021-02-03T03:00:00,1.0,0.0
DE7,solar,2021-02-03T06:00:00,1.0,0.0
DE7,solar,2021-02-03T09:00:00,1.0,3694.8999999999996
DE7,solar,2021-02-03T12:00:00,1.0,5225.0
DE7,solar,2021-02-03T15:00:00,1.0,3694.8999999999996
DE7,solar,2021-02-03T18:00:00,1.0,0.0
DE7,solar,2021-02-03T21:00:00,1.0,0.0
DE7,solar,2021-02-04T00:00:00,1.0,0.0
DE7,solar,2021-02-04T03:00:00,1.0,0.0
DE7,solar,2021-02-04T06:00:00,1.0,0.0
DE7,solar,2021-02-04T09:00:00,1.0,3694.8999999999996
DE7,solar,2021-02-04T12:00:00,1.0,5225.0
DE7,solar,2021-02-04T15:00:00,1.0,3694.8999999999996
DE7,solar,2021-02-04T18:00:00,1.0,0.0
DE7,solar,2021-02-04T21:00:00,1.0,0.0
DE7,solar,2021-02-05T00:00:00,1.0,0.0
DE7,solar,2021-02-05T03:00:00,1.0,0.0
DE7,solar,2021-02-05T06:00:00,1.0,0.0
DE7,solar,2021-02-05T09:00:00,1.0,3694.8999999999996
DE7,solar,2021-02-05T12:00:00,1.0,5225.0
DE7,solar,2021-02-05T15:00:00,1.0,3694.8999999999996
DE7,solar,2021-02-05T18:00:00,1.0,0.0
DE7,solar,2021-02-05T21:00:00,1.0,0.0
DE7,solar,2021-02-06T00:00:00,1.0,0.0
DE7,solar,2021-02-06T03:00:00,1.0,0.0
DE7,solar,2021-02-06T06:00:00,1.0,0.0
DE7,solar,2021-02-06T09:00:00,1.0,3694.8999999999996
DE7,solar,2021-02-06T12:00:00,1.0,5225.0
DE7,solar,2021-02-06T15:00:00,1.0,3694.8999999999996
DE7,solar,2021-02-06T18:00:00,1.0,0.0
DE7,solar,2021-02-06T21:00:00,1.0,0.0
DE7,solar,2021-02-07T00:00:00,1.0,0.0
DE7,solar,2021-02-07T03:00:00,1.0,0.0
DE7,solar,2021-02-07T06:00:00,1.0,0.0
DE7,solar,2021-02-07T09:00:00,1.0,3694.8999999999996
DE7,solar,2021-02-07T12:00:00,1.0,5225.0
DE7,solar,2021-02-07T15:00:00,1.0,3694.8999999999996
DE7,solar,2021-02-07T18:00:00,1.0,0.0
DE7,solar,2021-02-07T21:00:00,1.0,0.0
DE8,ccgt,2021-01-25T00:00:00,1.0,516.0
DE8,ccgt,2021-01-25T03:00:00,1.0,516.0
DE8,ccgt,2021-01-25T06:00:00,1.0,516.0
DE8,ccgt,2021-01-25T09:00:00,1.0,516.0
DE8,ccgt,2021-01-25T12:00:00,1.0,516.0
DE8,ccgt,2021-01-25T15:00:00,1.0,516.0
DE8,ccgt,2021-01-25T18:00:00,1.0,516.0
DE8,ccgt,2021-01-25T21:00:00,1.0,516.0
DE8,ccgt,2021-01-26T00:00:00,1.0,516.0
DE8,ccgt,2021-01-26T03:00:00,1.0,516.0
DE8,ccgt,2021-01-26T06:00:00,1.0,516.0
DE8,ccgt,2021-01-26T09:00:00,1.0,516.0
DE8,ccgt,2021-01-26T12:00:00,1.0,516.0
DE8,ccgt,2021-01-26T15:00:00,1.0,516.0
DE8,ccgt,2021-01-26T18:00:00,1.0,516.0
DE8,ccgt,2021-01-26T21:00:00,1.0,516.0
DE8,ccgt,2021-01-27T00:00:00,1.0,516.0
DE8,ccgt,2021-01-27T03:00:00,1.0,516.0
DE8,ccgt,2021-01-27T06:00:00,1.0,516.0
DE8,ccgt,2021-01-27T09:00:00,1.0,516.0
DE8,ccgt,2021-01-27T12:00:00,1.0,516.0
DE8,ccgt,2021-01-27T15:00:00,1.0,516.0
DE8,ccgt,2021-01-27T18:00:00,1.0,516.0
DE8,ccgt,2021-01-27T21:00:00,1.0,1720.0
DE8,ccgt,2021-01-28T00:00:00,1.0,1720.0
DE8,ccgt,2021-01-28T03:00:00,1.0,1720.0
DE8,ccgt,2021-01-28T06:00:00,1.0,1720.0
DE8,ccgt,2021-01-28T09:00:00,1.0,1720.0
DE8,ccgt,2021-01-28T12:00:00,1.0,516.0
DE8,ccgt,2021-01-28T15:00:00,1.0,1720.0
DE8,ccgt,2021-01-28T18:00:00,1.0,1720.0
DE8,ccgt,2021-01-28T21:00:00,1.0,1720.0
DE8,ccgt,2021-01-29T00:00:00,1.0,1720.0
DE8,ccgt,2021-01-29T03:00:00,1.0,1720.0
DE8,ccgt,2021-01-29T06:00:00,1.0,1720.0
DE8,ccgt,2021-01-29T09:00:00,1.0,1720.0
DE8,ccgt,2021-01-29T12:00:00,1.0,516.0
DE8,ccgt,2021-01-29T15:00:00,1.0,516.0
DE8,ccgt,2021-01-29T18:00:00,1.0,1720.0
DE8,ccgt,2021-01-29T21:00:00,1.0,1720.0
DE8,ccgt,2021-01-30T00:00:00,1.0,1720.0
DE8,ccgt,2021-01-30T03:00:00,1.0,1720.0
DE8,ccgt,2021-01-30T06:00:00,1.0,1720.0
DE8,ccgt,2021-01-30T09:00:00,1.0,516.0
DE8,ccgt,2021-01-30T12:00:00,1.0,516.0
DE8,ccgt,2021-01-30T15:00:00,1.0,516.0
DE8,ccgt,2021-01-30T18:00:00,1.0,516.0
DE8,ccgt,2021-01-30T21:00:00,1.0,516.0
DE8,ccgt,2021-01-31T00:00:00,1.0,516.0
DE8,ccgt,2021-01-31T03:00:00,1.0,516.0
DE8,ccgt,2021-01-31T06:00:00,1.0,516.0
DE8,ccgt,2021-01-31T09:00:00,1.0,516.0
DE8,ccgt,2021-01-31T12:00:00,1.0,516.0
DE8,ccgt,2021-01-31T15:00:00,1.0,516.0
DE8,ccgt,2021-01-31T18:00:00,1.0,516.0
DE8,ccgt,2021-01-31T21:00:00,1.0,516.0
DE8,ccgt,2021-02-01T00:00:00,1.0,516.0
DE8,ccgt,2021-02-01T03:00:00,1.0,516.0
DE8,ccgt,2021-02-01T06:00:00,1.0,1720.0
DE8,ccgt,2021-02-01T09:00:00,1.0,516.0
DE8,ccgt,2021-02-01T12:00:00,1.0,516.0
DE8,ccgt,2021-02-01T15:00:00,1.0,516.0
DE8,ccgt,2021-02-01T18:00:00,1.0,1720.0
DE8,ccgt,2021-02-01T21:00:00,1.0,1720.0
DE8,ccgt,2021-02-02T00:00:00,1.0,1720.0
DE8,ccgt,2021-02-02T03:00:00,1.0,1720.0
DE8,ccgt,2021-02-02T06:00:00,1.0,1720.0
DE8,ccgt,2021-02-02T09:00:00,1.0,516.0
DE8,ccgt,2021-02-02T12:00:00,1.0,516.0
DE8,ccgt,2021-02-02T15:00:00,1.0,516.0
DE8,ccgt,2021-02-02T18:00:00,1.0,1720.0
DE8,ccgt,2021-02-02T21:00:00,1.0,1720.0
DE8,ccgt,2021-02-03T00:00:00,1.0,1720.0
DE8,ccgt,2021-02-03T03:00:00,1.0,1720.0
DE8,ccgt,2021-02-03T06:00:00,1.0,1720.0
DE8,ccgt,2021-02-03T09:00:00,1.0,516.0
DE8,ccgt,2021-02-03T12:00:00,1.0,516.0
DE8,ccgt,2021-02-03T15:00:00,1.0,516.0
DE8,ccgt,2021-02-03T18:00:00,1.0,1720.0
DE8,ccgt,2021-02-03T21:00:00,1.0,1720.0
DE8,ccgt,2021-02-04T00:00:00,1.0,1720.0
DE8,ccgt,2021-02-04T03:00:00,1.0,1720.0
DE8,ccgt,2021-02-04T06:00:00,1.0,814.0974778936547
DE8,ccgt,2021-02-04T09:00:00,1.0,516.0
DE8,ccgt,2021-02-04T12:00:00,1.0,516.0
DE8,ccgt,2021-02-04T15:00:00,1.0,516.0
DE8,ccgt,2021-02-04T18:00:00,1.0,516.0
DE8,ccgt,2021-02-04T21:00:00,1.0,516.0
DE8,ccgt,2021-02-05T00:00:00,1.0,516.0
DE8,ccgt,2021-02-05T03:00:00,1.0,516.0
DE8,ccgt,2021-02-05T06:00:00,1.0,516.0
DE8,ccgt,2021-02-05T09:00:00,1.0,516.0
DE8,ccgt,2021-02-05T12:00:00,1.0,516.0
DE8,ccgt,2021-02-05T15:00:00,1.0,516.0
DE8,ccgt,2021-02-05T18:00:00,1.0,516.0
DE8,ccgt,2021-02-05T21:00:00,1.0,516.0
DE8,ccgt,2021-02-06T00:00:00,1.0,516.0
DE8,ccgt,2021-02-06T03:00:00,1.0,516.0
DE8,ccgt,2021-02-06T06:00:00,1.0,516.0
DE8,ccgt,2021-02-06T09:00:00,1.0,516.0
DE8,ccgt,2021-02-06T12:00:00,1.0,516.0
DE8,ccgt,2021-02-06T15:00:00,1.0,516.0
DE8,ccgt,2021-02-06T18:00:00,1.0,1720.0
DE8,ccgt,2021-02-06T21:00:00,1.0,830.3909999999983
DE8,ccgt,2021-02-07T00:00:00,1.0,820.2832978822244
DE8,ccgt,2021-02-07T03:00:00,1.0,1720.0
DE8,ccgt,2021-02-07T06:00:00,1.0,1720.0
DE8,ccgt,2021-02-07T09:00:00,1.0,516.0
DE8,ccgt,2021-02-07T12:00:00,1.0,516.0
DE8,ccgt,2021-02-07T15:00:00,1.0,1720.0
DE8,ccgt,2021-02-07T18:00:00,1.0,1720.0
DE8,ccgt,2021-02-07T21:00:00,1.0,1720.0
DE8,ocgt,2021-01-25T00:00:00,1.0,0.0
DE8,ocgt,2021-01-25T03:00:00,1.0,0.0
DE8,ocgt,2021-01-25T06:00:00,1.0,0.0
DE8,ocgt,2021-01-25T09:00:00,1.0,0.0
DE8,ocgt,2021-01-25T12:00:00,1.0,0.0
DE8,ocgt,2021-01-25T15:00:00,1.0,0.0
DE8,ocgt,2021-01-25T18:00:00,1.0,0.0
DE8,ocgt,2021-01-25T21:00:00,1.0,0.0
DE8,ocgt,2021-01-26T00:00:00,1.0,0.0
DE8,ocgt,2021-01-26T03:00:00,1.0,0.0
DE8,ocgt,2021-01-26T06:00:00,1.0,0.0
DE8,ocgt,2021-01-26T09:00:00,1.0,0.0
DE8,ocgt,2021-01-26T12:00:00,1.0,0.0
DE8,ocgt,2021-01-26T15:00:00,1.0,0.0
DE8,ocgt,2021-01-26T18:00:00,1.0,0.0
DE8,ocgt,2021-01-26T21:00:00,1.0,0.0
DE8,ocgt,2021-01-27T00:00:00,1.0,0.0
DE8,ocgt,2021-01-27T03:00:00,1.0,0.0
DE8,ocgt,2021-01-27T06:00:00,1.0,0.0
DE8,ocgt,2021-01-27T09:00:00,1.0,0.0
DE8,ocgt,2021-01-27T12:00:00,1.0,0.0
DE8,ocgt,2021-01-27T15:00:00,1.0,0.0
DE8,ocgt,2021-01-27T18:00:00,1.0,0.0
DE8,ocgt,2021-01-27T21:00:00,1.0,0.0
DE8,ocgt,2021-01-28T00:00:00,1.0,0.0
DE8,ocgt,2021-01-28T03:00:00,1.0,0.0
DE8,ocgt,2021-01-28T06:00:00,1.0,0.0
DE8,ocgt,2021-01-28T09:00:00,1.0,0.0
DE8,ocgt,2021-01-28T12:00:00,1.0,0.0
DE8,ocgt,2021-01-28T15:00:00,1.0,0.0
DE8,ocgt,2021-01-28T18:00:00,1.0,770.0
DE8,ocgt,2021-01-28T21:00:00,1.0,770.0
DE8,ocgt,2021-01-29T00:00:00,1.0,770.0
DE8,ocgt,2021-01-29T03:00:00,1.0,770.0
DE8,ocgt,2021-01-29T06:00:00,1.0,770.0
DE8,ocgt,2021-01-29T09:00:00,1.0,0.0
DE8,ocgt,2021-01-29T12:00:00,1.0,0.0
DE8,ocgt,2021-01-29T15:00:00,1.0,0.0
DE8,ocgt,2021-01-29T18:00:00,1.0,0.0
DE8,ocgt,2021-01-29T21:00:00,1.0,0.0
DE8,ocgt,2021-01-30T00:00:00,1.0,0.0
DE8,ocgt,2021-01-30T03:00:00,1.0,0.0
DE8,ocgt,2021-01-30T06:00:00,1.0,0.0
DE8,ocgt,2021-01-30T09:00:00,1.0,0.0
DE8,ocgt,2021-01-30T12:00:00,1.0,0.0
DE8,ocgt,2021-01-30T15:00:00,1.0,0.0
DE8,ocgt,2021-01-30T18:00:00,1.0,0.0
DE8,ocgt,2021-01-30T21:00:00,1.0,0.0
DE8,ocgt,2021-01-31T00:00:00,1.0,0.0
DE8,ocgt,2021-01-31T03:00:00,1.0,0.0
DE8,ocgt,2021-01-31T06:00:00,1.0,0.0
DE8,ocgt,2021-01-31T09:00:00,1.0,0.0
DE8,ocgt,2021-01-31T12:00:00,1.0,0.0
DE8,ocgt,2021-01-31T15:00:00,1.0,0.0
DE8,ocgt,2021-01-31T18:00:00,1.0,0.0
DE8,ocgt,2021-01-31T21:00:00,1.0,0.0
DE8,ocgt,2021-02-01T00:00:00,1.0,0.0
DE8,ocgt,2021-02-01T03:00:00,1.0,0.0
DE8,ocgt,2021-02-01T06:00:00,1.0,0.0
DE8,ocgt,2021-02-01T09:00:00,1.0,0.0
DE8,ocgt,2021-02-01T12:00:00,1.0,0.0
DE8,ocgt,2021-02-01T15:00:00,1.0,0.0
DE8,ocgt,2021-02-01T18:00:00,1.0,0.0
DE8,ocgt,2021-02-01T21:00:00,1.0,0.0
DE8,ocgt,2021-02-02T00:00:00,1.0,0.0
DE8,ocgt,2021-02-02T03:00:00,1.0,0.0
DE8,ocgt,2021-02-02T06:00:00,1.0,0.0
DE8,ocgt,2021-02-02T09:00:00,1.0,0.0
DE8,ocgt,2021-02-02T12:00:00,1.0,0.0
DE8,ocgt,2021-02-02T15:00:00,1.0,0.0
DE8,ocgt,2021-02-02T18:00:00,1.0,0.0
DE8,ocgt,2021-02-02T21:00:00,1.0,0.0
DE8,ocgt,2021-02-03T00:00:00,1.0,589.9430716062263
DE8,ocgt,2021-02-03T03:00:00,1.0,0.0
DE8,ocgt,2021-02-03T06:00:00,1.0,770.0
DE8,ocgt,2021-02-03T09:00:00,1.0,0.0
DE8,ocgt,2021-02-03T12:00:00,1.0,0.0
DE8,ocgt,2021-02-03T15:00:00,1.0,0.0
DE8,ocgt,2021-02-03T18:00:00,1.0,0.0
DE8,ocgt,2021-02-03T21:00:00,1.0,0.0
DE8,ocgt,2021-02-04T00:00:00,1.0,0.0
DE8,ocgt,2021-02-04T03:00:00,1.0,0.0
DE8,ocgt,2021-02-04T06:00:00,1.0,0.0
DE8,ocgt,2021-02-04T09:00:00,1.0,0.0
DE8,ocgt,2021-02-04T12:00:00,1.0,0.0
DE8,ocgt,2021-02-04T15:00:00,1.0,0.0
DE8,ocgt,2021-02-04T18:00:00,1.0,0.0
DE8,ocgt,2021-02-04T21:00:00,1.0,0.0
DE8,ocgt,2021-02-05T00:00:00,1.0,0.0
DE8,ocgt,2021-02-05T03:00:00,1.0,0.0
DE8,ocgt,2021-02-05T06:00:00,1.0,0.0
DE8,ocgt,2021-02-05T09:00:00,1.0,0.0
DE8,ocgt,2021-02-05T12:00:00,1.0,0.0
DE8,ocgt,2021-02-05T15:00:00,1.0,0.0
DE8,ocgt,2021-02-05T18:00:00,1.0,0.0
DE8,ocgt,2021-02-05T21:00:00,1.0,0.0
DE8,ocgt,2021-02-06T00:00:00,1.0,0.0
DE8,ocgt,2021-02-06T03:00:00,1.0,0.0
DE8,ocgt,2021-02-06T06:00:00,1.0,0.0
DE8,ocgt,2021-02-06T09:00:00,1.0,0.0
DE8,ocgt,2021-02-06T12:00:00,1.0,0.0
DE8,ocgt,2021-02-06T15:00:00,1.0,0.0
DE8,ocgt,2021-02-06T18:00:00,1.0,0.0
DE8,ocgt,2021-02-06T21:00:00,1.0,0.0
DE8,ocgt,2021-02-07T00:00:00,1.0,0.0
DE8,ocgt,2021-02-07T03:00:00,1.0,0.0
DE8,ocgt,2021-02-07T06:00:00,1.0,770.0
DE8,ocgt,2021-02-07T09:00:00,1.0,0.0
DE8,ocgt,2021-02-07T12:00:00,1.0,0.0
DE8,ocgt,2021-02-07T15:00:00,1.0,0.0
DE8,ocgt,2021-02-07T18:00:00,1.0,770.0
DE8,ocgt,2021-02-07T21:00:00,1.0,770.0
DE8,offwind,2021-01-25T00:00:00,1.0,117.792
DE8,offwind,2021-01-25T03:00:00,1.0,128.304
DE8,offwind,2021-01-25T06:00:00,1.0,138.636
DE8,offwind,2021-01-25T09:00:00,1.0,148.644
DE8,offwind,2021-01-25T12:00:00,1.0,0.0
DE8,offwind,2021-01-25T15:00:00,1.0,167.04000000000002
DE8,offwind,2021-01-25T18:00:00,1.0,175.176
DE8,offwind,2021-01-25T21:00:00,1.0,182.412
DE8,offwind,2021-01-26T00:00:00,1.0,197.856
DE8,offwind,2021-01-26T03:00:00,1.0,200.44799999999998
DE8,offwind,2021-01-26T06:00:00,1.0,201.78
DE8,offwind,2021-01-26T09:00:00,1.0,201.816
DE8,offwind,2021-01-26T12:00:00,1.0,0.0
DE8,offwind,2021-01-26T15:00:00,1.0,0.0
DE8,offwind,2021-01-26T18:00:00,1.0,194.07600000000002
DE8,offwind,2021-01-26T21:00:00,1.0,189.072
DE8,offwind,2021-01-27T00:00:00,1.0,167.256
DE8,offwind,2021-01-27T03:00:00,1.0,158.4
DE8,offwind,2021-01-27T06:00:00,1.0,148.89600000000002
DE8,offwind,2021-01-27T09:00:00,1.0,138.888
DE8,offwind,2021-01-27T12:00:00,1.0,128.592
DE8,offwind,2021-01-27T15:00:00,1.0,118.08
DE8,offwind,2021-01-27T18:00:00,1.0,107.604
DE8,offwind,2021-01-27T21:00:00,1.0,97.27199999999999
DE8,offwind,2021-01-28T00:00:00,1.0,68.364
DE8,offwind,2021-01-28T03:00:00,1.0,60.263999999999996
DE8,offwind,2021-01-28T06:00:00,1.0,53.02799999999999
DE8,offwind,2021-01-28T09:00:00,1.0,46.836
DE8,offwind,2021-01-28T12:00:00,1.0,41.760000000000005
DE8,offwind,2021-01-28T15:00:00,1.0,37.872
DE8,offwind,2021-01-28T18:00:00,1.0,35.208
DE8,offwind,2021-01-28T21:00:00,1.0,33.84
DE8,offwind,2021-01-29T00:00:00,1.0,37.763999999999996
DE8,offwind,2021-01-29T03:00:00,1.0,41.652
DE8,offwind,2021-01-29T06:00:00,1.0,46.692
DE8,offwind,2021-01-29T09:00:00,1.0,52.848000000000006
DE8,offwind,2021-01-29T12:00:00,1.0,60.048
DE8,offwind,2021-01-29T15:00:00,1.0,68.11200000000001
DE8,offwind,2021-01-29T18:00:00,1.0,76.96799999999999
DE8,offwind,2021-01-29T21:00:00,1.0,86.472
DE8,offwind,2021-01-30T00:00:00,1.0,117.792
DE8,offwind,2021-01-30T03:00:00,1.0,128.304
DE8,offwind,2021-01-30T06:00:00,1.0,138.636
DE8,offwind,2021-01-30T09:00:00,1.0,0.0
DE8,offwind,2021-01-30T12:00:00,1.0,0.0
DE8,offwind,2021-01-30T15:00:00,1.0,0.0
DE8,offwind,2021-01-30T18:00:00,1.0,175.176
DE8,offwind,2021-01-30T21:00:00,1.0,182.412
DE8,offwind,2021-01-31T00:00:00,1.0,197.856
DE8,offwind,2021-01-31T03:00:00,1.0,200.44799999999998
DE8,offwind,2021-01-31T06:00:00,1.0,201.78
DE8,offwind,2021-01-31T09:00:00,1.0,0.0
DE8,offwind,2021-01-31T12:00:00,1.0,0.0
DE8,offwind,2021-01-31T15:00:00,1.0,0.0
DE8,offwind,2021-01-31T18:00:00,1.0,194.07600000000002
DE8,offwind,2021-01-31T21:00:00,1.0,189.072
DE8,offwind,2021-02-01T00:00:00,1.0,167.256
DE8,offwind,2021-02-01T03:00:00,1.0,158.4
DE8,offwind,2021-02-01T06:00:00,1.0,148.89600000000002
DE8,offwind,2021-02-01T09:00:00,1.0,138.888
DE8,offwind,2021-02-01T12:00:00,1.0,0.0
DE8,offwind,2021-02-01T15:00:00,1.0,118.08
DE8,offwind,2021-02-01T18:00:00,1.0,107.604
DE8,offwind,2021-02-01T21:00:00,1.0,97.27199999999999
DE8,offwind,2021-02-02T00:00:00,1.0,68.364
DE8,offwind,2021-02-02T03:00:00,1.0,60.263999999999996
DE8,offwind,2021-02-02T06:00:00,1.0,53.02799999999999
DE8,offwind,2021-02-02T09:00:00,1.0,46.836
DE8,offwind,2021-02-02T12:00:00,1.0,41.760000000000005
DE8,offwind,2021-02-02T15:00:00,1.0,37.872
DE8,offwind,2021-02-02T18:00:00,1.0,35.208
DE8,offwind,2021-02-02T21:00:00,1.0,33.84
DE8,offwind,2021-02-03T00:00:00,1.0,37.763999999999996
DE8,offwind,2021-02-03T03:00:00,1.0,41.652
DE8,offwind,2021-02-03T06:00:00,1.0,46.692
DE8,offwind,2021-02-03T09:00:00,1.0,52.848000000000006
DE8,offwind,2021-02-03T12:00:00,1.0,0.0
DE8,offwind,2021-02-03T15:00:00,1.0,68.11200000000001
DE8,offwind,2021-02-03T18:00:00,1.0,76.96799999999999
DE8,offwind,2021-02-03T21:00:00,1.0,86.472
DE8,offwind,2021-02-04T00:00:00,1.0,117.792
DE8,offwind,2021-02-04T03:00:00,1.0,128.304
DE8,offwind,2021-02-04T06:00:00,1.0,138.636
DE8,offwind,2021-02-04T09:00:00,1.0,0.0
DE8,offwind,2021-02-04T12:00:00,1.0,0.0
DE8,offwind,2021-02-04T15:00:00,1.0,167.04000000000002
DE8,offwind,2021-02-04T18:00:00,1.0,175.176
DE8,offwind,2021-02-04T21:00:00,1.0,182.412
DE8,offwind,2021-02-05T00:00:00,1.0,197.856
DE8,offwind,2021-02-05T03:00:00,1.0,200.44799999999998
DE8,offwind,2021-02-05T06:00:00,1.0,201.78
DE8,offwind,2021-02-05T09:00:00,1.0,201.816
DE8,offwind,2021-02-05T12:00:00,1.0,0.0
DE8,offwind,2021-02-05T15:00:00,1.0,197.928
DE8,offwind,2021-02-05T18:00:00,1.0,194.07600000000002
DE8,offwind,2021-02-05T21:00:00,1.0,189.072
DE8,offwind,2021-02-06T00:00:00,1.0,167.256
DE8,offwind,2021-02-06T03:00:00,1.0,158.4
DE8,offwind,2021-02-06T06:00:00,1.0,148.89600000000002
DE8,offwind,2021-02-06T09:00:00,1.0,138.888
DE8,offwind,2021-02-06T12:00:00,1.0,0.0
DE8,offwind,2021-02-06T15:00:00,1.0,118.08
DE8,offwind,2021-02-06T18:00:00,1.0,107.604
DE8,offwind,2021-02-06T21:00:00,1.0,97.27199999999999
DE8,offwind,2021-02-07T00:00:00,1.0,68.364
DE8,offwind,2021-02-07T03:00:00,1.0,60.263999999999996
DE8,offwind,2021-02-07T06:00:00,1.0,53.02799999999999
DE8,offwind,2021-02-07T09:00:00,1.0,46.836
DE8,offwind,2021-02-07T12:00:00,1.0,41.760000000000005
DE8,offwind,2021-02-07T15:00:00,1.0,37.872
DE8,offwind,2021-02-07T18:00:00,1.0,35.208
DE8,offwind,2021-02-07T21:00:00,1.0,33.84
DE8,onwind,2021-01-25T00:00:00,1.0,1740.375
DE8,onwind,2021-01-25T03:00:00,1.0,1895.4
DE8,onwind,2021-01-25T06:00:00,1.0,2048.085
DE8,onwind,2021-01-25T09:00:00,1.0,1958.7797769797835
DE8,onwind,2021-01-25T12:00:00,1.0,0.0
DE8,onwind,2021-01-25T15:00:00,1.0,0.0
DE8,onwind,2021-01-25T18:00:00,1.0,2587.4550000000004
DE8,onwind,2021-01-25T21:00:00,1.0,2694.51
DE8,onwind,2021-01-26T00:00:00,1.0,2922.66
DE8,onwind,2021-01-26T03:00:00,1.0,2961.27
DE8,onwind,2021-01-26T06:00:00,1.0,2057.3449062744794
DE8,onwind,2021-01-26T09:00:00,1.0,0.0
DE8,onwind,2021-01-26T12:00:00,1.0,0.0
DE8,onwind,2021-01-26T15:00:00,1.0,0.0
DE8,onwind,2021-01-26T18:00:00,1.0,2867.085
DE8,onwind,2021-01-26T21:00:00,1.0,2792.79
DE8,onwind,2021-01-27T00:00:00,1.0,2471.04
DE8,onwind,2021-01-27T03:00:00,1.0,2340.0
DE8,onwind,2021-01-27T06:00:00,1.0,2199.6
DE8,onwind,2021-01-27T09:00:00,1.0,2052.18
DE8,onwind,2021-01-27T12:00:00,1.0,0.0
DE8,onwind,2021-01-27T15:00:00,1.0,1744.47
DE8,onwind,2021-01-27T18:00:00,1.0,1589.445
DE8,onwind,2021-01-27T21:00:00,1.0,1436.76
DE8,onwind,2021-01-28T00:00:00,1.0,1009.71
DE8,onwind,2021-01-28T03:00:00,1.0,889.7850000000001
DE8,onwind,2021-01-28T06:00:00,1.0,783.3149999999999
DE8,onwind,2021-01-28T09:00:00,1.0,692.0550000000001
DE8,onwind,2021-01-28T12:00:00,1.0,617.175
DE8,onwind,2021-01-28T15:00:00,1.0,559.26
DE8,onwind,2021-01-28T18:00:00,1.0,520.065
DE8,onwind,2021-01-28T21:00:00,1.0,500.175
DE8,onwind,2021-01-29T00:00:00,1.0,558.09
DE8,onwind,2021-01-29T03:00:00,1.0,615.42
DE8,onwind,2021-01-29T06:00:00,1.0,689.715
DE8,onwind,2021-01-29T09:00:00,1.0,780.975
DE8,onwind,2021-01-29T12:00:00,1.0,886.8600000000001
DE8,onwind,2021-01-29T15:00:00,1.0,1006.1999999999999
DE8,onwind,2021-01-29T18:00:00,1.0,1137.24
DE8,onwind,2021-01-29T21:00:00,1.0,1277.64
DE8,onwind,2021-01-30T00:00:00,1.0,1740.375
DE8,onwind,2021-01-30T03:00:00,1.0,1895.4
DE8,onwind,2021-01-30T06:00:00,1.0,2048.085
DE8,onwind,2021-01-30T09:00:00,1.0,0.0
DE8,onwind,2021-01-30T12:00:00,1.0,0.0
DE8,onwind,2021-01-30T15:00:00,1.0,2084.7717769797837
DE8,onwind,2021-01-30T18:00:00,1.0,2587.4550000000004
DE8,onwind,2021-01-30T21:00:00,1.0,2694.51
DE8,onwind,2021-01-31T00:00:00,1.0,2922.66
DE8,onwind,2021-01-31T03:00:00,1.0,2961.27
DE8,onwind,2021-01-31T06:00:00,1.0,2981.1600000000003
DE8,onwind,2021-01-31T09:00:00,1.0,2981.1600000000003
DE8,onwind,2021-01-31T12:00:00,1.0,0.0
DE8,onwind,2021-01-31T15:00:00,1.0,2923.83
DE8,onwind,2021-01-31T18:00:00,1.0,2867.085
DE8,onwind,2021-01-31T21:00:00,1.0,2792.79
DE8,onwind,2021-02-01T00:00:00,1.0,2471.04
DE8,onwind,2021-02-01T03:00:00,1.0,2340.0
DE8,onwind,2021-02-01T06:00:00,1.0,2199.6
DE8,onwind,2021-02-01T09:00:00,1.0,2052.18
DE8,onwind,2021-02-01T12:00:00,1.0,0.0
DE8,onwind,2021-02-01T15:00:00,1.0,1744.47
DE8,onwind,2021-02-01T18:00:00,1.0,1589.445
DE8,onwind,2021-02-01T21:00:00,1.0,1436.76
DE8,onwind,2021-02-02T00:00:00,1.0,1009.71
DE8,onwind,2021-02-02T03:00:00,1.0,889.7850000000001
DE8,onwind,2021-02-02T06:00:00,1.0,783.3149999999999
DE8,onwind,2021-02-02T09:00:00,1.0,692.0550000000001
DE8,onwind,2021-02-02T12:00:00,1.0,617.175
DE8,onwind,2021-02-02T15:00:00,1.0,559.26
DE8,onwind,2021-02-02T18:00:00,1.0,520.065
DE8,onwind,2021-02-02T21:00:00,1.0,500.175
DE8,onwind,2021-02-03T00:00:00,1.0,558.09
DE8,onwind,2021-02-03T03:00:00,1.0,615.42
DE8,onwind,2021-02-03T06:00:00,1.0,689.715
DE8,onwind,2021-02-03T09:00:00,1.0,780.975
DE8,onwind,2021-02-03T12:00:00,1.0,886.8600000000001
DE8,onwind,2021-02-03T15:00:00,1.0,1006.1999999999999
DE8,onwind,2021-02-03T18:00:00,1.0,1137.24
DE8,onwind,2021-02-03T21:00:00,1.0,1277.64
DE8,onwind,2021-02-04T00:00:00,1.0,1740.375
DE8,onwind,2021-02-04T03:00:00,1.0,1895.4
DE8,onwind,2021-02-04T06:00:00,1.0,2048.085
DE8,onwind,2021-02-04T09:00:00,1.0,0.0
DE8,onwind,2021-02-04T12:00:00,1.0,0.0
DE8,onwind,2021-02-04T15:00:00,1.0,2467.53
DE8,onwind,2021-02-04T18:00:00,1.0,2587.4550000000004
DE8,onwind,2021-02-04T21:00:00,1.0,2694.51
DE8,onwind,2021-02-05T00:00:00,1.0,2922.66
DE8,onwind,2021-02-05T03:00:00,1.0,2961.27
DE8,onwind,2021-02-05T06:00:00,1.0,2981.1600000000003
DE8,onwind,2021-02-05T09:00:00,1.0,2549.1427769797865
DE8,onwind,2021-02-05T12:00:00,1.0,0.0
DE8,onwind,2021-02-05T15:00:00,1.0,2923.83
DE8,onwind,2021-02-05T18:00:00,1.0,2867.085
DE8,onwind,2021-02-05T21:00:00,1.0,2792.79
DE8,onwind,2021-02-06T00:00:00,1.0,2471.04
DE8,onwind,2021-02-06T03:00:00,1.0,2340.0
DE8,onwind,2021-02-06T06:00:00,1.0,2199.6
DE8,onwind,2021-02-06T09:00:00,1.0,0.0
DE8,onwind,2021-02-06T12:00:00,1.0,1899.495
DE8,onwind,2021-02-06T15:00:00,1.0,1744.47
DE8,onwind,2021-02-06T18:00:00,1.0,1589.445
DE8,onwind,2021-02-06T21:00:00,1.0,1436.76
DE8,onwind,2021-02-07T00:00:00,1.0,1009.71
DE8,onwind,2021-02-07T03:00:00,1.0,889.7850000000001
DE8,onwind,2021-02-07T06:00:00,1.0,783.3149999999999
DE8,onwind,2021-02-07T09:00:00,1.0,692.0550000000001
DE8,onwind,2021-02-07T12:00:00,1.0,617.175
DE8,onwind,2021-02-07T15:00:00,1.0,559.26
DE8,onwind,2021-02-07T18:00:00,1.0,520.065
DE8,onwind,2021-02-07T21:00:00,1.0,500.175
DE8,solar,2021-01-25T00:00:00,1.0,0.0
DE8,solar,2021-01-25T03:00:00,1.0,0.0
DE8,solar,2021-01-25T06:00:00,1.0,0.0
DE8,solar,2021-01-25T09:00:00,1.0,3325.41
DE8,solar,2021-01-25T12:00:00,1.0,4702.5
DE8,solar,2021-01-25T15:00:00,1.0,3325.41
DE8,solar,2021-01-25T18:00:00,1.0,0.0
DE8,solar,2021-01-25T21:00:00,1.0,0.0
DE8,solar,2021-01-26T00:00:00,1.0,0.0
DE8,solar,2021-01-26T03:00:00,1.0,0.0
DE8,solar,2021-01-26T06:00:00,1.0,0.0
DE8,solar,2021-01-26T09:00:00,1.0,3325.41
DE8,solar,2021-01-26T12:00:00,1.0,4702.5
DE8,solar,2021-01-26T15:00:00,1.0,3325.41
DE8,solar,2021-01-26T18:00:00,1.0,0.0
DE8,solar,2021-01-26T21:00:00,1.0,0.0
DE8,solar,2021-01-27T00:00:00,1.0,0.0
DE8,solar,2021-01-27T03:00:00,1.0,0.0
DE8,solar,2021-01-27T06:00:00,1.0,0.0
DE8,solar,2021-01-27T09:00:00,1.0,3325.41
DE8,solar,2021-01-27T12:00:00,1.0,4702.5
DE8,solar,2021-01-27T15:00:00,1.0,3325.41
DE8,solar,2021-01-27T18:00:00,1.0,0.0
DE8,solar,2021-01-27T21:00:00,1.0,0.0
DE8,solar,2021-01-28T00:00:00,1.0,0.0
DE8,solar,2021-01-28T03:00:00,1.0,0.0
DE8,solar,2021-01-28T06:00:00,1.0,0.0
DE8,solar,2021-01-28T09:00:00,1.0,3325.41
DE8,solar,2021-01-28T12:00:00,1.0,4702.5
DE8,solar,2021-01-28T15:00:00,1.0,3325.41
DE8,solar,2021-01-28T18:00:00,1.0,0.0
DE8,solar,2021-01-28T21:00:00,1.0,0.0
DE8,solar,2021-01-29T00:00:00,1.0,0.0
DE8,solar,2021-01-29T03:00:00,1.0,0.0
DE8,solar,2021-01-29T06:00:00,1.0,0.0
DE8,solar,2021-01-29T09:00:00,1.0,3325.41
DE8,solar,2021-01-29T12:00:00,1.0,4702.5
DE8,solar,2021-01-29T15:00:00,1.0,3325.41
DE8,solar,2021-01-29T18:00:00,1.0,0.0
DE8,solar,2021-01-29T21:00:00,1.0,0.0
DE8,solar,2021-01-30T00:00:00,1.0,0.0
DE8,solar,2021-01-30T03:00:00,1.0,0.0
DE8,solar,2021-01-30T06:00:00,1.0,0.0
DE8,solar,2021-01-30T09:00:00,1.0,3325.41
DE8,solar,2021-01-30T12:00:00,1.0,4702.5
DE8,solar,2021-01-30T15:00:00,1.0,3325.41
DE8,solar,2021-01-30T18:00:00,1.0,0.0
DE8,solar,2021-01-30T21:00:00,1.0,0.0
DE8,solar,2021-01-31T00:00:00,1.0,0.0
DE8,solar,2021-01-31T03:00:00,1.0,0.0
DE8,solar,2021-01-31T06:00:00,1.0,0.0
DE8,solar,2021-01-31T09:00:00,1.0,3325.41
DE8,solar,2021-01-31T12:00:00,1.0,4702.5
DE8,solar,2021-01-31T15:00:00,1.0,3325.41
DE8,solar,2021-01-31T18:00:00,1.0,0.0
DE8,solar,2021-01-31T21:00:00,1.0,0.0
DE8,solar,2021-02-01T00:00:00,1.0,0.0
DE8,solar,2021-02-01T03:00:00,1.0,0.0
DE8,solar,2021-02-01T06:00:00,1.0,0.0
DE8,solar,2021-02-01T09:00:00,1.0,3325.41
DE8,solar,2021-02-01T12:00:00,1.0,4702.5
DE8,solar,2021-02-01T15:00:00,1.0,3325.41
DE8,solar,2021-02-01T18:00:00,1.0,0.0
DE8,solar,2021-02-01T21:00:00,1.0,0.0
DE8,solar,2021-02-02T00:00:00,1.0,0.0
DE8,solar,2021-02-02T03:00:00,1.0,0.0
DE8,solar,2021-02-02T06:00:00,1.0,0.0
DE8,solar,2021-02-02T09:00:00,1.0,3325.41
DE8,solar,2021-02-02T12:00:00,1.0,4702.5
DE8,solar,2021-02-02T15:00:00,1.0,3325.41
DE8,solar,2021-02-02T18:00:00,1.0,0.0
DE8,solar,2021-02-02T21:00:00,1.0,0.0
DE8,solar,2021-02-03T00:00:00,1.0,0.0
DE8,solar,2021-02-03T03:00:00,1.0,0.0
DE8,solar,2021-02-03T06:00:00,1.0,0.0
DE8,solar,2021-02-03T09:00:00,1.0,3325.41
DE8,solar,2021-02-03T12:00:00,1.0,4702.5
DE8,solar,2021-02-03T15:00:00,1.0,3325.41
DE8,solar,2021-02-03T18:00:00,1.0,0.0
DE8,solar,2021-02-03T21:00:00,1.0,0.0
DE8,solar,2021-02-04T00:00:00,1.0,0.0
DE8,solar,2021-02-04T03:00:00,1.0,0.0
DE8,solar,2021-02-04T06:00:00,1.0,0.0
DE8,solar,2021-02-04T09:00:00,1.0,3325.41
DE8,solar,2021-02-04T12:00:00,1.0,4702.5
DE8,solar,2021-02-04T15:00:00,1.0,3325.41
DE8,solar,2021-02-04T18:00:00,1.0,0.0
DE8,solar,2021-02-04T21:00:00,1.0,0.0
DE8,solar,2021-02-05T00:00:00,1.0,0.0
DE8,solar,2021-02-05T03:00:00,1.0,0.0
DE8,solar,2021-02-05T06:00:00,1.0,0.0
DE8,solar,2021-02-05T09:00:00,1.0,3325.41
DE8,solar,2021-02-05T12:00:00,1.0,4702.5
DE8,solar,2021-02-05T15:00:00,1.0,3325.41
DE8,solar,2021-02-05T18:00:00,1.0,0.0
DE8,solar,2021-02-05T21:00:00,1.0,0.0
DE8,solar,2021-02-06T00:00:00,1.0,0.0
DE8,solar,2021-02-06T03:00:00,1.0,0.0
DE8,solar,2021-02-06T06:00:00,1.0,0.0
DE8,solar,2021-02-06T09:00:00,1.0,3325.41
DE8,solar,2021-02-06T12:00:00,1.0,4702.5
DE8,solar,2021-02-06T15:00:00,1.0,3325.41
DE8,solar,2021-02-06T18:00:00,1.0,0.0
DE8,solar,2021-02-06T21:00:00,1.0,0.0
DE8,solar,2021-02-07T00:00:00,1.0,0.0
DE8,solar,2021-02-07T03:00:00,1.0,0.0
DE8,solar,2021-02-07T06:00:00,1.0,0.0
DE8,solar,2021-02-07T09:00:00,1.0,3325.41
DE8,solar,2021-02-07T12:00:00,1.0,4702.5
DE8,solar,2021-02-07T15:00:00,1.0,3325.41
DE8,solar,2021-02-07T18:00:00,1.0,0.0
DE8,solar,2021-02-07T21:00:00,1.0,0.0
DE9,ccgt,2021-01-25T00:00:00,1.0,444.0
DE9,ccgt,2021-01-25T03:00:00,1.0,444.0
DE9,ccgt,2021-01-25T06:00:00,1.0,444.0
DE9,ccgt,2021-01-25T09:00:00,1.0,444.0
DE9,ccgt,2021-01-25T12:00:00,1.0,444.0
DE9,ccgt,2021-01-25T15:00:00,1.0,444.0
DE9,ccgt,2021-01-25T18:00:00,1.0,444.0
DE9,ccgt,2021-01-25T21:00:00,1.0,444.0
DE9,ccgt,2021-01-26T00:00:00,1.0,444.0
DE9,ccgt,2021-01-26T03:00:00,1.0,444.0
DE9,ccgt,2021-01-26T06:00:00,1.0,444.0
DE9,ccgt,2021-01-26T09:00:00,1.0,444.0
DE9,ccgt,2021-01-26T12:00:00,1.0,444.0
DE9,ccgt,2021-01-26T15:00:00,1.0,444.0
DE9,ccgt,2021-01-26T18:00:00,1.0,444.0
DE9,ccgt,2021-01-26T21:00:00,1.0,444.0
DE9,ccgt,2021-01-27T00:00:00,1.0,444.0
DE9,ccgt,2021-01-27T03:00:00,1.0,444.0
DE9,ccgt,2021-01-27T06:00:00,1.0,444.0
DE9,ccgt,2021-01-27T09:00:00,1.0,444.0
DE9,ccgt,2021-01-27T12:00:00,1.0,444.0
DE9,ccgt,2021-01-27T15:00:00,1.0,444.0
DE9,ccgt,2021-01-27T18:00:00,1.0,1480.0
DE9,ccgt,2021-01-27T21:00:00,1.0,1480.0
DE9,ccgt,2021-01-28T00:00:00,1.0,1480.0
DE9,ccgt,2021-01-28T03:00:00,1.0,1480.0
DE9,ccgt,2021-01-28T06:00:00,1.0,1480.0
DE9,ccgt,2021-01-28T09:00:00,1.0,1480.0
DE9,ccgt,2021-01-28T12:00:00,1.0,444.0
DE9,ccgt,2021-01-28T15:00:00,1.0,444.0
DE9,ccgt,2021-01-28T18:00:00,1.0,1480.0
DE9,ccgt,2021-01-28T21:00:00,1.0,1480.0
DE9,ccgt,2021-01-29T00:00:00,1.0,1480.0
DE9,ccgt,2021-01-29T03:00:00,1.0,1480.0
DE9,ccgt,2021-01-29T06:00:00,1.0,1480.0
DE9,ccgt,2021-01-29T09:00:00,1.0,444.0
DE9,ccgt,2021-01-29T12:00:00,1.0,444.0
DE9,ccgt,2021-01-29T15:00:00,1.0,444.0
DE9,ccgt,2021-01-29T18:00:00,1.0,1480.0
DE9,ccgt,2021-01-29T21:00:00,1.0,1480.0
DE9,ccgt,2021-01-30T00:00:00,1.0,444.0
DE9,ccgt,2021-01-30T03:00:00,1.0,1480.0
DE9,ccgt,2021-01-30T06:00:00,1.0,1480.0
DE9,ccgt,2021-01-30T09:00:00,1.0,444.0
DE9,ccgt,2021-01-30T12:00:00,1.0,444.0
DE9,ccgt,2021-01-30T15:00:00,1.0,444.0
DE9,ccgt,2021-01-30T18:00:00,1.0,444.0
DE9,ccgt,2021-01-30T21:00:00,1.0,444.0
DE9,ccgt,2021-01-31T00:00:00,1.0,444.0
DE9,ccgt,2021-01-31T03:00:00,1.0,444.0
DE9,ccgt,2021-01-31T06:00:00,1.0,444.0
DE9,ccgt,2021-01-31T09:00:00,1.0,444.0
DE9,ccgt,2021-01-31T12:00:00,1.0,444.0
DE9,ccgt,2021-01-31T15:00:00,1.0,444.0
DE9,ccgt,2021-01-31T18:00:00,1.0,444.0
DE9,ccgt,2021-01-31T21:00:00,1.0,444.0
DE9,ccgt,2021-02-01T00:00:00,1.0,444.0
DE9,ccgt,2021-02-01T03:00:00,1.0,444.0
DE9,ccgt,2021-02-01T06:00:00,1.0,1480.0
DE9,ccgt,2021-02-01T09:00:00,1.0,444.0
DE9,ccgt,2021-02-01T12:00:00,1.0,444.0
DE9,ccgt,2021-02-01T15:00:00,1.0,444.0
DE9,ccgt,2021-02-01T18:00:00,1.0,1480.0
DE9,ccgt,2021-02-01T21:00:00,1.0,1480.0
DE9,ccgt,2021-02-02T00:00:00,1.0,444.0
DE9,ccgt,2021-02-02T03:00:00,1.0,1480.0
DE9,ccgt,2021-02-02T06:00:00,1.0,1480.0
DE9,ccgt,2021-02-02T09:00:00,1.0,444.0
DE9,ccgt,2021-02-02T12:00:00,1.0,444.0
DE9,ccgt,2021-02-02T15:00:00,1.0,444.0
DE9,ccgt,2021-02-02T18:00:00,1.0,1480.0
DE9,ccgt,2021-02-02T21:00:00,1.0,1480.0
DE9,ccgt,2021-02-03T00:00:00,1.0,1480.0
DE9,ccgt,2021-02-03T03:00:00,1.0,1480.0
DE9,ccgt,2021-02-03T06:00:00,1.0,1480.0
DE9,ccgt,2021-02-03T09:00:00,1.0,444.0
DE9,ccgt,2021-02-03T12:00:00,1.0,444.0
DE9,ccgt,2021-02-03T15:00:00,1.0,444.0
DE9,ccgt,2021-02-03T18:00:00,1.0,444.0
DE9,ccgt,2021-02-03T21:00:00,1.0,444.0
DE9,ccgt,2021-02-04T00:00:00,1.0,444.0
DE9,ccgt,2021-02-04T03:00:00,1.0,444.0
DE9,ccgt,2021-02-04T06:00:00,1.0,1480.0
DE9,ccgt,2021-02-04T09:00:00,1.0,444.0
DE9,ccgt,2021-02-04T12:00:00,1.0,444.0
DE9,ccgt,2021-02-04T15:00:00,1.0,444.0
DE9,ccgt,2021-02-04T18:00:00,1.0,444.0
DE9,ccgt,2021-02-04T21:00:00,1.0,444.0
DE9,ccgt,2021-02-05T00:00:00,1.0,444.0
DE9,ccgt,2021-02-05T03:00:00,1.0,444.0
DE9,ccgt,2021-02-05T06:00:00,1.0,444.0
DE9,ccgt,2021-02-05T09:00:00,1.0,444.0
DE9,ccgt,2021-02-05T12:00:00,1.0,444.0
DE9,ccgt,2021-02-05T15:00:00,1.0,444.0
DE9,ccgt,2021-02-05T18:00:00,1.0,444.0
DE9,ccgt,2021-02-05T21:00:00,1.0,444.0
DE9,ccgt,2021-02-06T00:00:00,1.0,444.0
DE9,ccgt,2021-02-06T03:00:00,1.0,1480.0
DE9,ccgt,2021-02-06T06:00:00,1.0,444.0
DE9,ccgt,2021-02-06T09:00:00,1.0,444.0
DE9,ccgt,2021-02-06T12:00:00,1.0,444.0
DE9,ccgt,2021-02-06T15:00:00,1.0,444.0
DE9,ccgt,2021-02-06T18:00:00,1.0,1480.0
DE9,ccgt,2021-02-06T21:00:00,1.0,1480.0
DE9,ccgt,2021-02-07T00:00:00,1.0,1480.0
DE9,ccgt,2021-02-07T03:00:00,1.0,1480.0
DE9,ccgt,2021-02-07T06:00:00,1.0,1480.0
DE9,ccgt,2021-02-07T09:00:00,1.0,444.0
DE9,ccgt,2021-02-07T12:00:00,1.0,444.0
DE9,ccgt,2021-02-07T15:00:00,1.0,1480.0
DE9,ccgt,2021-02-07T18:00:00,1.0,1480.0
DE9,ccgt,2021-02-07T21:00:00,1.0,1480.0
DE9,ocgt,2021-01-25T00:00:00,1.0,0.0
DE9,ocgt,2021-01-25T03:00:00,1.0,0.0
DE9,ocgt,2021-01-25T06:00:00,1.0,0.0
DE9,ocgt,2021-01-25T09:00:00,1.0,0.0
DE9,ocgt,2021-01-25T12:00:00,1.0,0.0
DE9,ocgt,2021-01-25T15:00:00,1.0,0.0
DE9,ocgt,2021-01-25T18:00:00,1.0,0.0
DE9,ocgt,2021-01-25T21:00:00,1.0,0.0
DE9,ocgt,2021-01-26T00:00:00,1.0,0.0
DE9,ocgt,2021-01-26T03:00:00,1.0,0.0
DE9,ocgt,2021-01-26T06:00:00,1.0,0.0
DE9,ocgt,2021-01-26T09:00:00,1.0,0.0
DE9,ocgt,2021-01-26T12:00:00,1.0,0.0
DE9,ocgt,2021-01-26T15:00:00,1.0,0.0
DE9,ocgt,2021-01-26T18:00:00,1.0,0.0
DE9,ocgt,2021-01-26T21:00:00,1.0,0.0
DE9,ocgt,2021-01-27T00:00:00,1.0,0.0
DE9,ocgt,2021-01-27T03:00:00,1.0,0.0
DE9,ocgt,2021-01-27T06:00:00,1.0,0.0
DE9,ocgt,2021-01-27T09:00:00,1.0,0.0
DE9,ocgt,2021-01-27T12:00:00,1.0,0.0
DE9,ocgt,2021-01-27T15:00:00,1.0,0.0
DE9,ocgt,2021-01-27T18:00:00,1.0,0.0
DE9,ocgt,2021-01-27T21:00:00,1.0,0.0
DE9,ocgt,2021-01-28T00:00:00,1.0,0.0
DE9,ocgt,2021-01-28T03:00:00,1.0,0.0
DE9,ocgt,2021-01-28T06:00:00,1.0,680.0
DE9,ocgt,2021-01-28T09:00:00,1.0,0.0
DE9,ocgt,2021-01-28T12:00:00,1.0,0.0
DE9,ocgt,2021-01-28T15:00:00,1.0,0.0
DE9,ocgt,2021-01-28T18:00:00,1.0,680.0
DE9,ocgt,2021-01-28T21:00:00,1.0,680.0
DE9,ocgt,2021-01-29T00:00:00,1.0,680.0
DE9,ocgt,2021-01-29T03:00:00,1.0,680.0
DE9,ocgt,2021-01-29T06:00:00,1.0,680.0
DE9,ocgt,2021-01-29T09:00:00,1.0,0.0
DE9,ocgt,2021-01-29T12:00:00,1.0,0.0
DE9,ocgt,2021-01-29T15:00:00,1.0,0.0
DE9,ocgt,2021-01-29T18:00:00,1.0,0.0
DE9,ocgt,2021-01-29T21:00:00,1.0,0.0
DE9,ocgt,2021-01-30T00:00:00,1.0,0.0
DE9,ocgt,2021-01-30T03:00:00,1.0,0.0
DE9,ocgt,2021-01-30T06:00:00,1.0,0.0
DE9,ocgt,2021-01-30T09:00:00,1.0,0.0
DE9,ocgt,2021-01-30T12:00:00,1.0,0.0
DE9,ocgt,2021-01-30T15:00:00,1.0,0.0
DE9,ocgt,2021-01-30T18:00:00,1.0,0.0
DE9,ocgt,2021-01-30T21:00:00,1.0,0.0
DE9,ocgt,2021-01-31T00:00:00,1.0,0.0
DE9,ocgt,2021-01-31T03:00:00,1.0,0.0
DE9,ocgt,2021-01-31T06:00:00,1.0,0.0
DE9,ocgt,2021-01-31T09:00:00,1.0,0.0
DE9,ocgt,2021-01-31T12:00:00,1.0,0.0
DE9,ocgt,2021-01-31T15:00:00,1.0,0.0
DE9,ocgt,2021-01-31T18:00:00,1.0,0.0
DE9,ocgt,2021-01-31T21:00:00,1.0,0.0
DE9,ocgt,2021-02-01T00:00:00,1.0,0.0
DE9,ocgt,2021-02-01T03:00:00,1.0,0.0
DE9,ocgt,2021-02-01T06:00:00,1.0,0.0
DE9,ocgt,2021-02-01T09:00:00,1.0,0.0
DE9,ocgt,2021-02-01T12:00:00,1.0,0.0
DE9,ocgt,2021-02-01T15:00:00,1.0,0.0
DE9,ocgt,2021-02-01T18:00:00,1.0,0.0
DE9,ocgt,2021-02-01T21:00:00,1.0,0.0
DE9,ocgt,2021-02-02T00:00:00,1.0,0.0
DE9,ocgt,2021-02-02T03:00:00,1.0,0.0
DE9,ocgt,2021-02-02T06:00:00,1.0,0.0
DE9,ocgt,2021-02-02T09:00:00,1.0,0.0
DE9,ocgt,2021-02-02T12:00:00,1.0,0.0
DE9,ocgt,2021-02-02T15:00:00,1.0,0.0
DE9,ocgt,2021-02-02T18:00:00,1.0,0.0
DE9,ocgt,2021-02-02T21:00:00,1.0,450.6488844755633
DE9,ocgt,2021-02-03T00:00:00,1.0,0.0
DE9,ocgt,2021-02-03T03:00:00,1.0,680.0
DE9,ocgt,2021-02-03T06:00:00,1.0,680.0
DE9,ocgt,2021-02-03T09:00:00,1.0,0.0
DE9,ocgt,2021-02-03T12:00:00,1.0,0.0
DE9,ocgt,2021-02-03T15:00:00,1.0,0.0
DE9,ocgt,2021-02-03T18:00:00,1.0,0.0
DE9,ocgt,2021-02-03T21:00:00,1.0,0.0
DE9,ocgt,2021-02-04T00:00:00,1.0,0.0
DE9,ocgt,2021-02-04T03:00:00,1.0,0.0
DE9,ocgt,2021-02-04T06:00:00,1.0,0.0
DE9,ocgt,2021-02-04T09:00:00,1.0,0.0
DE9,ocgt,2021-02-04T12:00:00,1.0,0.0
DE9,ocgt,2021-02-04T15:00:00,1.0,0.0
DE9,ocgt,2021-02-04T18:00:00,1.0,0.0
DE9,ocgt,2021-02-04T21:00:00,1.0,0.0
DE9,ocgt,2021-02-05T00:00:00,1.0,0.0
DE9,ocgt,2021-02-05T03:00:00,1.0,0.0
DE9,ocgt,2021-02-05T06:00:00,1.0,0.0
DE9,ocgt,2021-02-05T09:00:00,1.0,0.0
DE9,ocgt,2021-02-05T12:00:00,1.0,0.0
DE9,ocgt,2021-02-05T15:00:00,1.0,0.0
DE9,ocgt,2021-02-05T18:00:00,1.0,0.0
DE9,ocgt,2021-02-05T21:00:00,1.0,0.0
DE9,ocgt,2021-02-06T00:00:00,1.0,0.0
DE9,ocgt,2021-02-06T03:00:00,1.0,0.0
DE9,ocgt,2021-02-06T06:00:00,1.0,0.0
DE9,ocgt,2021-02-06T09:00:00,1.0,0.0
DE9,ocgt,2021-02-06T12:00:00,1.0,0.0
DE9,ocgt,2021-02-06T15:00:00,1.0,0.0
DE9,ocgt,2021-02-06T18:00:00,1.0,0.0
DE9,ocgt,2021-02-06T21:00:00,1.0,0.0
DE9,ocgt,2021-02-07T00:00:00,1.0,0.0
DE9,ocgt,2021-02-07T03:00:00,1.0,0.0
DE9,ocgt,2021-02-07T06:00:00,1.0,680.0
DE9,ocgt,2021-02-07T09:00:00,1.0,0.0
DE9,ocgt,2021-02-07T12:00:00,1.0,0.0
DE9,ocgt,2021-02-07T15:00:00,1.0,0.0
DE9,ocgt,2021-02-07T18:00:00,1.0,680.0
DE9,ocgt,2021-02-07T21:00:00,1.0,680.0
DE9,offwind,2021-01-25T00:00:00,1.0,78.52799999999999
DE9,offwind,2021-01-25T03:00:00,1.0,85.536
DE9,offwind,2021-01-25T06:00:00,1.0,92.424
DE9,offwind,2021-01-25T09:00:00,1.0,0.0
DE9,offwind,2021-01-25T12:00:00,1.0,0.0
DE9,offwind,2021-01-25T15:00:00,1.0,111.36
DE9,offwind,2021-01-25T18:00:00,1.0,116.78399999999999
DE9,offwind,2021-01-25T21:00:00,1.0,0.0
DE9,offwind,2021-01-26T00:00:00,1.0,131.904
DE9,offwind,2021-01-26T03:00:00,1.0,133.632
DE9,offwind,2021-01-26T06:00:00,1.0,134.52
DE9,offwind,2021-01-26T09:00:00,1.0,0.0
DE9,offwind,2021-01-26T12:00:00,1.0,0.0
DE9,offwind,2021-01-26T15:00:00,1.0,131.952
DE9,offwind,2021-01-26T18:00:00,1.0,129.38400000000001
DE9,offwind,2021-01-26T21:00:00,1.0,126.048
DE9,offwind,2021-01-27T00:00:00,1.0,111.504
DE9,offwind,2021-01-27T03:00:00,1.0,105.6
DE9,offwind,2021-01-27T06:00:00,1.0,99.26400000000001
DE9,offwind,2021-01-27T09:00:00,1.0,0.0
DE9,offwind,2021-01-27T12:00:00,1.0,0.0
DE9,offwind,2021-01-27T15:00:00,1.0,78.72
DE9,offwind,2021-01-27T18:00:00,1.0,71.736
DE9,offwind,2021-01-27T21:00:00,1.0,64.848
DE9,offwind,2021-01-28T00:00:00,1.0,45.576
DE9,offwind,2021-01-28T03:00:00,1.0,40.176
DE9,offwind,2021-01-28T06:00:00,1.0,35.352
DE9,offwind,2021-01-28T09:00:00,1.0,31.223999999999997
DE9,offwind,2021-01-28T12:00:00,1.0,27.84
DE9,offwind,2021-01-28T15:00:00,1.0,25.248
DE9,offwind,2021-01-28T18:00:00,1.0,23.472
DE9,offwind,2021-01-28T21:00:00,1.0,22.56
DE9,offwind,2021-01-29T00:00:00,1.0,25.176
DE9,offwind,2021-01-29T03:00:00,1.0,27.768
DE9,offwind,2021-01-29T06:00:00,1.0,31.128000000000004
DE9,offwind,2021-01-29T09:00:00,1.0,35.232000000000006
DE9,offwind,2021-01-29T12:00:00,1.0,40.032000000000004
DE9,offwind,2021-01-29T15:00:00,1.0,45.408
DE9,offwind,2021-01-29T18:00:00,1.0,51.312
DE9,offwind,2021-01-29T21:00:00,1.0,57.647999999999996
DE9,offwind,2021-01-30T00:00:00,1.0,78.52799999999999
DE9,offwind,2021-01-30T03:00:00,1.0,85.536
DE9,offwind,2021-01-30T06:00:00,1.0,92.424
DE9,offwind,2021-01-30T09:00:00,1.0,0.0
DE9,offwind,2021-01-30T12:00:00,1.0,0.0
DE9,offwind,2021-01-30T15:00:00,1.0,0.0
DE9,offwind,2021-01-30T18:00:00,1.0,116.78399999999999
DE9,offwind,2021-01-30T21:00:00,1.0,121.608
DE9,offwind,2021-01-31T00:00:00,1.0,131.904
DE9,offwind,2021-01-31T03:00:00,1.0,133.632
DE9,offwind,2021-01-31T06:00:00,1.0,134.52
DE9,offwind,2021-01-31T09:00:00,1.0,0.0
DE9,offwind,2021-01-31T12:00:00,1.0,0.0
DE9,offwind,2021-01-31T15:00:00,1.0,0.0
DE9,offwind,2021-01-31T18:00:00,1.0,129.38400000000001
DE9,offwind,2021-01-31T21:00:00,1.0,126.048
DE9,offwind,2021-02-01T00:00:00,1.0,111.504
DE9,offwind,2021-02-01T03:00:00,1.0,105.6
DE9,offwind,2021-02-01T06:00:00,1.0,99.26400000000001
DE9,offwind,2021-02-01T09:00:00,1.0,0.0
DE9,offwind,2021-02-01T12:00:00,1.0,0.0
DE9,offwind,2021-02-01T15:00:00,1.0,78.72
DE9,offwind,2021-02-01T18:00:00,1.0,71.736
DE9,offwind,2021-02-01T21:00:00,1.0,64.848
DE9,offwind,2021-02-02T00:00:00,1.0,45.576
DE9,offwind,2021-02-02T03:00:00,1.0,40.176
DE9,offwind,2021-02-02T06:00:00,1.0,35.352
DE9,offwind,2021-02-02T09:00:00,1.0,31.223999999999997
DE9,offwind,2021-02-02T12:00:00,1.0,27.84
DE9,offwind,2021-02-02T15:00:00,1.0,25.248
DE9,offwind,2021-02-02T18:00:00,1.0,23.472
DE9,offwind,2021-02-02T21:00:00,1.0,22.56
DE9,offwind,2021-02-03T00:00:00,1.0,25.176
DE9,offwind,2021-02-03T03:00:00,1.0,27.768
DE9,offwind,2021-02-03T06:00:00,1.0,31.128000000000004
DE9,offwind,2021-02-03T09:00:00,1.0,35.232000000000006
DE9,offwind,2021-02-03T12:00:00,1.0,40.032000000000004
DE9,offwind,2021-02-03T15:00:00,1.0,45.408
DE9,offwind,2021-02-03T18:00:00,1.0,51.312
DE9,offwind,2021-02-03T21:00:00,1.0,57.647999999999996
DE9,offwind,2021-02-04T00:00:00,1.0,78.52799999999999
DE9,offwind,2021-02-04T03:00:00,1.0,85.536
DE9,offwind,2021-02-04T06:00:00,1.0,92.424
DE9,offwind,2021-02-04T09:00:00,1.0,0.0
DE9,offwind,2021-02-04T12:00:00,1.0,0.0
DE9,offwind,2021-02-04T15:00:00,1.0,0.0
DE9,offwind,2021-02-04T18:00:00,1.0,116.78399999999999
DE9,offwind,2021-02-04T21:00:00,1.0,121.608
DE9,offwind,2021-02-05T00:00:00,1.0,131.904
DE9,offwind,2021-02-05T03:00:00,1.0,133.632
DE9,offwind,2021-02-05T06:00:00,1.0,134.52
DE9,offwind,2021-02-05T09:00:00,1.0,134.54399999999998
DE9,offwind,2021-02-05T12:00:00,1.0,0.0
DE9,offwind,2021-02-05T15:00:00,1.0,0.0
DE9,offwind,2021-02-05T18:00:00,1.0,129.38400000000001
DE9,offwind,2021-02-05T21:00:00,1.0,126.048
DE9,offwind,2021-02-06T00:00:00,1.0,111.504
DE9,offwind,2021-02-06T03:00:00,1.0,105.6
DE9,offwind,2021-02-06T06:00:00,1.0,99.26400000000001
DE9,offwind,2021-02-06T09:00:00,1.0,0.0
DE9,offwind,2021-02-06T12:00:00,1.0,0.0
DE9,offwind,2021-02-06T15:00:00,1.0,0.0
DE9,offwind,2021-02-06T18:00:00,1.0,71.736
DE9,offwind,2021-02-06T21:00:00,1.0,64.848
DE9,offwind,2021-02-07T00:00:00,1.0,45.576
DE9,offwind,2021-02-07T03:00:00,1.0,40.176
DE9,offwind,2021-02-07T06:00:00,1.0,35.352
DE9,offwind,2021-02-07T09:00:00,1.0,31.223999999999997
DE9,offwind,2021-02-07T12:00:00,1.0,27.84
DE9,offwind,2021-02-07T15:00:00,1.0,25.248
DE9,offwind,2021-02-07T18:00:00,1.0,23.472
DE9,offwind,2021-02-07T21:00:00,1.0,22.56
DE9,onwind,2021-01-25T00:00:00,1.0,1160.25
DE9,onwind,2021-01-25T03:00:00,1.0,1263.6000000000001
DE9,onwind,2021-01-25T06:00:00,1.0,1365.39
DE9,onwind,2021-01-25T09:00:00,1.0,0.0
DE9,onwind,2021-01-25T12:00:00,1.0,0.0
DE9,onwind,2021-01-25T15:00:00,1.0,1645.02
DE9,onwind,2021-01-25T18:00:00,1.0,1724.97
DE9,onwind,2021-01-25T21:00:00,1.0,1796.3400000000001
DE9,onwind,2021-01-26T00:00:00,1.0,1948.44
DE9,onwind,2021-01-26T03:00:00,1.0,1974.1799999999998
DE9,onwind,2021-01-26T06:00:00,1.0,1987.4400000000003
DE9,onwind,2021-01-26T09:00:00,1.0,0.0
DE9,onwind,2021-01-26T12:00:00,1.0,0.0
DE9,onwind,2021-01-26T15:00:00,1.0,799.9460147327595
DE9,onwind,2021-01-26T18:00:00,1.0,1911.3899999999999
DE9,onwind,2021-01-26T21:00:00,1.0,1861.86
DE9,onwind,2021-01-27T00:00:00,1.0,1647.36
DE9,onwind,2021-01-27T03:00:00,1.0,1560.0
DE9,onwind,2021-01-27T06:00:00,1.0,1466.4
DE9,onwind,2021-01-27T09:00:00,1.0,1368.12
DE9,onwind,2021-01-27T12:00:00,1.0,1266.33
DE9,onwind,2021-01-27T15:00:00,1.0,1162.98
DE9,onwind,2021-01-27T18:00:00,1.0,1059.6299999999999
DE9,onwind,2021-01-27T21:00:00,1.0,957.84
DE9,onwind,2021-01-28T00:00:00,1.0,673.14
DE9,onwind,2021-01-28T03:00:00,1.0,593.19
DE9,onwind,2021-01-28T06:00:00,1.0,522.2099999999999
DE9,onwind,2021-01-28T09:00:00,1.0,461.37
DE9,onwind,2021-01-28T12:00:00,1.0,411.45
DE9,onwind,2021-01-28T15:00:00,1.0,372.84000000000003
DE9,onwind,2021-01-28T18:00:00,1.0,346.71000000000004
DE9,onwind,2021-01-28T21:00:00,1.0,333.45000000000005
DE9,onwind,2021-01-29T00:00:00,1.0,372.06
DE9,onwind,2021-01-29T03:00:00,1.0,410.28000000000003
DE9,onwind,2021-01-29T06:00:00,1.0,459.81
DE9,onwind,2021-01-29T09:00:00,1.0,520.65
DE9,onwind,2021-01-29T12:00:00,1.0,591.24
DE9,onwind,2021-01-29T15:00:00,1.0,670.8
DE9,onwind,2021-01-29T18:00:00,1.0,758.16
DE9,onwind,2021-01-29T21:00:00,1.0,851.76
DE9,onwind,2021-01-30T00:00:00,1.0,1160.25
DE9,onwind,2021-01-30T03:00:00,1.0,1263.6000000000001
DE9,onwind,2021-01-30T06:00:00,1.0,1365.39
DE9,onwind,2021-01-30T09:00:00,1.0,1463.67
DE9,onwind,2021-01-30T12:00:00,1.0,0.0
DE9,onwind,2021-01-30T15:00:00,1.0,1645.02
DE9,onwind,2021-01-30T18:00:00,1.0,1724.97
DE9,onwind,2021-01-30T21:00:00,1.0,1796.3400000000001
DE9,onwind,2021-01-31T00:00:00,1.0,1948.44
DE9,onwind,2021-01-31T03:00:00,1.0,1974.1799999999998
DE9,onwind,2021-01-31T06:00:00,1.0,1987.4400000000003
DE9,onwind,2021-01-31T09:00:00,1.0,0.0
DE9,onwind,2021-01-31T12:00:00,1.0,0.0
DE9,onwind,2021-01-31T15:00:00,1.0,1949.22
DE9,onwind,2021-01-31T18:00:00,1.0,1911.3899999999999
DE9,onwind,2021-01-31T21:00:00,1.0,1861.86
DE9,onwind,2021-02-01T00:00:00,1.0,1647.36
DE9,onwind,2021-02-01T03:00:00,1.0,1560.0
DE9,onwind,2021-02-01T06:00:00,1.0,1466.4
DE9,onwind,2021-02-01T09:00:00,1.0,0.0
DE9,onwind,2021-02-01T12:00:00,1.0,0.0
DE9,onwind,2021-02-01T15:00:00,1.0,1162.98
DE9,onwind,2021-02-01T18:00:00,1.0,1059.6299999999999
DE9,onwind,2021-02-01T21:00:00,1.0,957.84
DE9,onwind,2021-02-02T00:00:00,1.0,673.14
DE9,onwind,2021-02-02T03:00:00,1.0,593.19
DE9,onwind,2021-02-02T06:00:00,1.0,522.2099999999999
DE9,onwind,2021-02-02T09:00:00,1.0,461.37
DE9,onwind,2021-02-02T12:00:00,1.0,411.45
DE9,onwind,2021-02-02T15:00:00,1.0,372.84000000000003
DE9,onwind,2021-02-02T18:00:00,1.0,346.71000000000004
DE9,onwind,2021-02-02T21:00:00,1.0,333.45000000000005
DE9,onwind,2021-02-03T00:00:00,1.0,372.06
DE9,onwind,2021-02-03T03:00:00,1.0,410.28000000000003
DE9,onwind,2021-02-03T06:00:00,1.0,459.81
DE9,onwind,2021-02-03T09:00:00,1.0,520.65
DE9,onwind,2021-02-03T12:00:00,1.0,591.24
DE9,onwind,2021-02-03T15:00:00,1.0,670.8
DE9,onwind,2021-02-03T18:00:00,1.0,758.16
DE9,onwind,2021-02-03T21:00:00,1.0,851.76
DE9,onwind,2021-02-04T00:00:00,1.0,1160.25
DE9,onwind,2021-02-04T03:00:00,1.0,1263.6000000000001
DE9,onwind,2021-02-04T06:00:00,1.0,1365.39
DE9,onwind,2021-02-04T09:00:00,1.0,1463.67
DE9,onwind,2021-02-04T12:00:00,1.0,0.0
DE9,onwind,2021-02-04T15:00:00,1.0,1645.02
DE9,onwind,2021-02-04T18:00:00,1.0,1724.97
DE9,onwind,2021-02-04T21:00:00,1.0,1796.3400000000001
DE9,onwind,2021-02-05T00:00:00,1.0,1948.44
DE9,onwind,2021-02-05T03:00:00,1.0,1974.1799999999998
DE9,onwind,2021-02-05T06:00:00,1.0,1987.4400000000003
DE9,onwind,2021-02-05T09:00:00,1.0,1987.4400000000003
DE9,onwind,2021-02-05T12:00:00,1.0,0.0
DE9,onwind,2021-02-05T15:00:00,1.0,1949.22
DE9,onwind,2021-02-05T18:00:00,1.0,1911.3899999999999
DE9,onwind,2021-02-05T21:00:00,1.0,1861.86
DE9,onwind,2021-02-06T00:00:00,1.0,1647.36
DE9,onwind,2021-02-06T03:00:00,1.0,1560.0
DE9,onwind,2021-02-06T06:00:00,1.0,1466.4
DE9,onwind,2021-02-06T09:00:00,1.0,1368.12
DE9,onwind,2021-02-06T12:00:00,1.0,0.0
DE9,onwind,2021-02-06T15:00:00,1.0,1162.98
DE9,onwind,2021-02-06T18:00:00,1.0,1059.6299999999999
DE9,onwind,2021-02-06T21:00:00,1.0,957.84
DE9,onwind,2021-02-07T00:00:00,1.0,673.14
DE9,onwind,2021-02-07T03:00:00,1.0,593.19
DE9,onwind,2021-02-07T06:00:00,1.0,522.2099999999999
DE9,onwind,2021-02-07T09:00:00,1.0,461.37
DE9,onwind,2021-02-07T12:00:00,1.0,411.45
DE9,onwind,2021-02-07T15:00:00,1.0,372.84000000000003
DE9,onwind,2021-02-07T18:00:00,1.0,346.71000000000004
DE9,onwind,2021-02-07T21:00:00,1.0,333.45000000000005
DE9,solar,2021-01-25T00:00:00,1.0,0.0
DE9,solar,2021-01-25T03:00:00,1.0,0.0
DE9,solar,2021-01-25T06:00:00,1.0,0.0
DE9,solar,2021-01-25T09:00:00,1.0,2216.94
DE9,solar,2021-01-25T12:00:00,1.0,3135.0
DE9,solar,2021-01-25T15:00:00,1.0,2216.94
DE9,solar,2021-01-25T18:00:00,1.0,0.0
DE9,solar,2021-01-25T21:00:00,1.0,0.0
DE9,solar,2021-01-26T00:00:00,1.0,0.0
DE9,solar,2021-01-26T03:00:00,1.0,0.0
DE9,solar,2021-01-26T06:00:00,1.0,0.0
DE9,solar,2021-01-26T09:00:00,1.0,2216.94
DE9,solar,2021-01-26T12:00:00,1.0,3135.0
DE9,solar,2021-01-26T15:00:00,1.0,2216.94
DE9,solar,2021-01-26T18:00:00,1.0,0.0
DE9,solar,2021-01-26T21:00:00,1.0,0.0
DE9,solar,2021-01-27T00:00:00,1.0,0.0
DE9,solar,2021-01-27T03:00:00,1.0,0.0
DE9,solar,2021-01-27T06:00:00,1.0,0.0
DE9,solar,2021-01-27T09:00:00,1.0,2216.94
DE9,solar,2021-01-27T12:00:00,1.0,3135.0
DE9,solar,2021-01-27T15:00:00,1.0,2216.94
DE9,solar,2021-01-27T18:00:00,1.0,0.0
DE9,solar,2021-01-27T21:00:00,1.0,0.0
DE9,solar,2021-01-28T00:00:00,1.0,0.0
DE9,solar,2021-01-28T03:00:00,1.0,0.0
DE9,solar,2021-01-28T06:00:00,1.0,0.0
DE9,solar,2021-01-28T09:00:00,1.0,2216.94
DE9,solar,2021-01-28T12:00:00,1.0,3135.0
DE9,solar,2021-01-28T15:00:00,1.0,2216.94
DE9,solar,2021-01-28T18:00:00,1.0,0.0
DE9,solar,2021-01-28T21:00:00,1.0,0.0
DE9,solar,2021-01-29T00:00:00,1.0,0.0
DE9,solar,2021-01-29T03:00:00,1.0,0.0
DE9,solar,2021-01-29T06:00:00,1.0,0.0
DE9,solar,2021-01-29T09:00:00,1.0,2216.94
DE9,solar,2021-01-29T12:00:00,1.0,3135.0
DE9,solar,2021-01-29T15:00:00,1.0,2216.94
DE9,solar,2021-01-29T18:00:00,1.0,0.0
DE9,solar,2021-01-29T21:00:00,1.0,0.0
DE9,solar,2021-01-30T00:00:00,1.0,0.0
DE9,solar,2021-01-30T03:00:00,1.0,0.0
DE9,solar,2021-01-30T06:00:00,1.0,0.0
DE9,solar,2021-01-30T09:00:00,1.0,2216.94
DE9,solar,2021-01-30T12:00:00,1.0,3135.0
DE9,solar,2021-01-30T15:00:00,1.0,2216.94
DE9,solar,2021-01-30T18:00:00,1.0,0.0
DE9,solar,2021-01-30T21:00:00,1.0,0.0
DE9,solar,2021-01-31T00:00:00,1.0,0.0
DE9,solar,2021-01-31T03:00:00,1.0,0.0
DE9,solar,2021-01-31T06:00:00,1.0,0.0
DE9,solar,2021-01-31T09:00:00,1.0,2216.94
DE9,solar,2021-01-31T12:00:00,1.0,3135.0
DE9,solar,2021-01-31T15:00:00,1.0,2216.94
DE9,solar,2021-01-31T18:00:00,1.0,0.0
DE9,solar,2021-01-31T21:00:00,1.0,0.0
DE9,solar,2021-02-01T00:00:00,1.0,0.0
DE9,solar,2021-02-01T03:00:00,1.0,0.0
DE9,solar,2021-02-01T06:00:00,1.0,0.0
DE9,solar,2021-02-01T09:00:00,1.0,2216.94
DE9,solar,2021-02-01T12:00:00,1.0,3135.0
DE9,solar,2021-02-01T15:00:00,1.0,2216.94
DE9,solar,2021-02-01T18:00:00,1.0,0.0
DE9,solar,2021-02-01T21:00:00,1.0,0.0
DE9,solar,2021-02-02T00:00:00,1.0,0.0
DE9,solar,2021-02-02T03:00:00,1.0,0.0
DE9,solar,2021-02-02T06:00:00,1.0,0.0
DE9,solar,2021-02-02T09:00:00,1.0,2216.94
DE9,solar,2021-02-02T12:00:00,1.0,3135.0
DE9,solar,2021-02-02T15:00:00,1.0,2216.94
DE9,solar,2021-02-02T18:00:00,1.0,0.0
DE9,solar,2021-02-02T21:00:00,1.0,0.0
DE9,solar,2021-02-03T00:00:00,1.0,0.0
DE9,solar,2021-02-03T03:00:00,1.0,0.0
DE9,solar,2021-02-03T06:00:00,1.0,0.0
DE9,solar,2021-02-03T09:00:00,1.0,2216.94
DE9,solar,2021-02-03T12:00:00,1.0,3135.0
DE9,solar,2021-02-03T15:00:00,1.0,2216.94
DE9,solar,2021-02-03T18:00:00,1.0,0.0
DE9,solar,2021-02-03T21:00:00,1.0,0.0
DE9,solar,2021-02-04T00:00:00,1.0,0.0
DE9,solar,2021-02-04T03:00:00,1.0,0.0
DE9,solar,2021-02-04T06:00:00,1.0,0.0
DE9,solar,2021-02-04T09:00:00,1.0,2216.94
DE9,solar,2021-02-04T12:00:00,1.0,3135.0
DE9,solar,2021-02-04T15:00:00,1.0,2216.94
DE9,solar,2021-02-04T18:00:00,1.0,0.0
DE9,solar,2021-02-04T21:00:00,1.0,0.0
DE9,solar,2021-02-05T00:00:00,1.0,0.0
DE9,solar,2021-02-05T03:00:00,1.0,0.0
DE9,solar,2021-02-05T06:00:00,1.0,0.0
DE9,solar,2021-02-05T09:00:00,1.0,2216.94
DE9,solar,2021-02-05T12:00:00,1.0,3135.0
DE9,solar,2021-02-05T15:00:00,1.0,2216.94
DE9,solar,2021-02-05T18:00:00,1.0,0.0
DE9,solar,2021-02-05T21:00:00,1.0,0.0
DE9,solar,2021-02-06T00:00:00,1.0,0.0
DE9,solar,2021-02-06T03:00:00,1.0,0.0
DE9,solar,2021-02-06T06:00:00,1.0,0.0
DE9,solar,2021-02-06T09:00:00,1.0,2216.94
DE9,solar,2021-02-06T12:00:00,1.0,3135.0
DE9,solar,2021-02-06T15:00:00,1.0,2216.94
DE9,solar,2021-02-06T18:00:00,1.0,0.0
DE9,solar,2021-02-06T21:00:00,1.0,0.0
DE9,solar,2021-02-07T00:00:00,1.0,0.0
DE9,solar,2021-02-07T03:00:00,1.0,0.0
DE9,solar,2021-02-07T06:00:00,1.0,0.0
DE9,solar,2021-02-07T09:00:00,1.0,2216.94
DE9,solar,2021-02-07T12:00:00,1.0,3135.0
DE9,solar,2021-02-07T15:00:00,1.0,2216.94
DE9,solar,2021-02-07T18:00:00,1.0,0.0
DE9,solar,2021-02-07T21:00:00,1.0,0.0
