n,k,t,scale,MW
DE0,ccgt,2021-01-25T00:00:00,1.0,492.0
DE0,ccgt,2021-01-25T03:00:00,1.0,1640.0
DE0,ccgt,2021-01-25T06:00:00,1.0,1640.0
DE0,ccgt,2021-01-25T09:00:00,1.0,492.0
DE0,ccgt,2021-01-25T12:00:00,1.0,492.0
DE0,ccgt,2021-01-25T15:00:00,1.0,492.0
DE0,ccgt,2021-01-25T18:00:00,1.0,492.0
DE0,ccgt,2021-01-25T21:00:00,1.0,492.0
DE0,ccgt,2021-01-26T00:00:00,1.0,492.0
DE0,ccgt,2021-01-26T03:00:00,1.0,1640.0
DE0,ccgt,2021-01-26T06:00:00,1.0,1640.0
DE0,ccgt,2021-01-26T09:00:00,1.0,492.0
DE0,ccgt,2021-01-26T12:00:00,1.0,492.0
DE0,ccgt,2021-01-26T15:00:00,1.0,492.0
DE0,ccgt,2021-01-26T18:00:00,1.0,492.0
DE0,ccgt,2021-01-26T21:00:00,1.0,492.0
DE0,ccgt,2021-01-27T00:00:00,1.0,492.0
DE0,ccgt,2021-01-27T03:00:00,1.0,492.0
DE0,ccgt,2021-01-27T06:00:00,1.0,1640.0
DE0,ccgt,2021-01-27T09:00:00,1.0,492.0
DE0,ccgt,2021-01-27T12:00:00,1.0,492.0
DE0,ccgt,2021-01-27T15:00:00,1.0,492.0
DE0,ccgt,2021-01-27T18:00:00,1.0,492.0
DE0,ccgt,2021-01-27T21:00:00,1.0,1640.0
DE0,ccgt,2021-01-28T00:00:00,1.0,1640.0
DE0,ccgt,2021-01-28T03:00:00,1.0,1640.0
DE0,ccgt,2021-01-28T06:00:00,1.0,1640.0
DE0,ccgt,2021-01-28T09:00:00,1.0,492.0
DE0,ccgt,2021-01-28T12:00:00,1.0,492.0
DE0,ccgt,2021-01-28T15:00:00,1.0,492.0
DE0,ccgt,2021-01-28T18:00:00,1.0,1640.0
DE0,ccgt,2021-01-28T21:00:00,1.0,1640.0
DE0,ccgt,2021-01-29T00:00:00,1.0,1640.0
DE0,ccgt,2021-01-29T03:00:00,1.0,1640.0
DE0,ccgt,2021-01-29T06:00:00,1.0,1640.0
DE0,ccgt,2021-01-29T09:00:00,1.0,492.0
DE0,ccgt,2021-01-29T12:00:00,1.0,492.0
DE0,ccgt,2021-01-29T15:00:00,1.0,492.0
DE0,ccgt,2021-01-29T18:00:00,1.0,492.0
DE0,ccgt,2021-01-29T21:00:00,1.0,492.0
DE0,ccgt,2021-01-30T00:00:00,1.0,492.0
DE0,ccgt,2021-01-30T03:00:00,1.0,1640.0
DE0,ccgt,2021-01-30T06:00:00,1.0,1640.0
DE0,ccgt,2021-01-30T09:00:00,1.0,492.0
DE0,ccgt,2021-01-30T12:00:00,1.0,492.0
DE0,ccgt,2021-01-30T15:00:00,1.0,492.0
DE0,ccgt,2021-01-30T18:00:00,1.0,492.0
DE0,ccgt,2021-01-30T21:00:00,1.0,492.0
DE0,ccgt,2021-01-31T00:00:00,1.0,492.0
DE0,ccgt,2021-01-31T03:00:00,1.0,1640.0
DE0,ccgt,2021-01-31T06:00:00,1.0,1640.0
DE0,ccgt,2021-01-31T09:00:00,1.0,492.0
DE0,ccgt,2021-01-31T12:00:00,1.0,492.0
DE0,ccgt,2021-01-31T15:00:00,1.0,492.0
DE0,ccgt,2021-01-31T18:00:00,1.0,492.0
DE0,ccgt,2021-01-31T21:00:00,1.0,492.0
DE0,ccgt,2021-02-01T00:00:00,1.0,1640.0
DE0,ccgt,2021-02-01T03:00:00,1.0,1640.0
DE0,ccgt,2021-02-01T06:00:00,1.0,1640.0
DE0,ccgt,2021-02-01T09:00:00,1.0,492.0
DE0,ccgt,2021-02-01T12:00:00,1.0,492.0
DE0,ccgt,2021-02-01T15:00:00,1.0,492.0
DE0,ccgt,2021-02-01T18:00:00,1.0,492.0
DE0,ccgt,2021-02-01T21:00:00,1.0,492.0
DE0,ccgt,2021-02-02T00:00:00,1.0,492.0
DE0,ccgt,2021-02-02T03:00:00,1.0,1640.0
DE0,ccgt,2021-02-02T06:00:00,1.0,1640.0
DE0,ccgt,2021-02-02T09:00:00,1.0,492.0
DE0,ccgt,2021-02-02T12:00:00,1.0,492.0
DE0,ccgt,2021-02-02T15:00:00,1.0,492.0
DE0,ccgt,2021-02-02T18:00:00,1.0,492.0
DE0,ccgt,2021-02-02T21:00:00,1.0,492.0
DE0,ccgt,2021-02-03T00:00:00,1.0,1640.0
DE0,ccgt,2021-02-03T03:00:00,1.0,1640.0
DE0,ccgt,2021-02-03T06:00:00,1.0,1640.0
DE0,ccgt,2021-02-03T09:00:00,1.0,492.0
DE0,ccgt,2021-02-03T12:00:00,1.0,492.0
DE0,ccgt,2021-02-03T15:00:00,1.0,492.0
DE0,ccgt,2021-02-03T18:00:00,1.0,492.0
DE0,ccgt,2021-02-03T21:00:00,1.0,492.0
DE0,ccgt,2021-02-04T00:00:00,1.0,1640.0
DE0,ccgt,2021-02-04T03:00:00,1.0,1640.0
DE0,ccgt,2021-02-04T06:00:00,1.0,1640.0
DE0,ccgt,2021-02-04T09:00:00,1.0,492.0
DE0,ccgt,2021-02-04T12:00:00,1.0,492.0
DE0,ccgt,2021-02-04T15:00:00,1.0,492.0
DE0,ccgt,2021-02-04T18:00:00,1.0,492.0
DE0,ccgt,2021-02-04T21:00:00,1.0,1640.0
DE0,ccgt,2021-02-05T00:00:00,1.0,1640.0
DE0,ccgt,2021-02-05T03:00:00,1.0,1640.0
DE0,ccgt,2021-02-05T06:00:00,1.0,1640.0
DE0,ccgt,2021-02-05T09:00:00,1.0,492.0
DE0,ccgt,2021-02-05T12:00:00,1.0,492.0
DE0,ccgt,2021-02-05T15:00:00,1.0,492.0
DE0,ccgt,2021-02-05T18:00:00,1.0,492.0
DE0,ccgt,2021-02-05T21:00:00,1.0,492.0
DE0,ccgt,2021-02-06T00:00:00,1.0,1640.0
DE0,ccgt,2021-02-06T03:00:00,1.0,1640.0
DE0,ccgt,2021-02-06T06:00:00,1.0,1640.0
DE0,ccgt,2021-02-06T09:00:00,1.0,492.0
DE0,ccgt,2021-02-06T12:00:00,1.0,492.0
DE0,ccgt,2021-02-06T15:00:00,1.0,492.0
DE0,ccgt,2021-02-06T18:00:00,1.0,492.0
DE0,ccgt,2021-02-06T21:00:00,1.0,492.0
DE0,ccgt,2021-02-07T00:00:00,1.0,1640.0
DE0,ccgt,2021-02-07T03:00:00,1.0,1640.0
DE0,ccgt,2021-02-07T06:00:00,1.0,1640.0
DE0,ccgt,2021-02-07T09:00:00,1.0,1640.0
DE0,ccgt,2021-02-07T12:00:00,1.0,492.0
DE0,ccgt,2021-02-07T15:00:00,1.0,492.0
DE0,ccgt,2021-02-07T18:00:00,1.0,492.0
DE0,ccgt,2021-02-07T21:00:00,1.0,492.0
DE0,ocgt,2021-01-25T00:00:00,1.0,0.0
DE0,ocgt,2021-01-25T03:00:00,1.0,740.0
DE0,ocgt,2021-01-25T06:00:00,1.0,740.0
DE0,ocgt,2021-01-25T09:00:00,1.0,0.0
DE0,ocgt,2021-01-25T12:00:00,1.0,0.0
DE0,ocgt,2021-01-25T15:00:00,1.0,0.0
DE0,ocgt,2021-01-25T18:00:00,1.0,0.0
DE0,ocgt,2021-01-25T21:00:00,1.0,0.0
DE0,ocgt,2021-01-26T00:00:00,1.0,0.0
DE0,ocgt,2021-01-26T03:00:00,1.0,0.0
DE0,ocgt,2021-01-26T06:00:00,1.0,0.0
DE0,ocgt,2021-01-26T09:00:00,1.0,0.0
DE0,ocgt,2021-01-26T12:00:00,1.0,0.0
DE0,ocgt,2021-01-26T15:00:00,1.0,0.0
DE0,ocgt,2021-01-26T18:00:00,1.0,0.0
DE0,ocgt,2021-01-26T21:00:00,1.0,0.0
DE0,ocgt,2021-01-27T00:00:00,1.0,0.0
DE0,ocgt,2021-01-27T03:00:00,1.0,0.0
DE0,ocgt,2021-01-27T06:00:00,1.0,0.0
DE0,ocgt,2021-01-27T09:00:00,1.0,0.0
DE0,ocgt,2021-01-27T12:00:00,1.0,0.0
DE0,ocgt,2021-01-27T15:00:00,1.0,0.0
DE0,ocgt,2021-01-27T18:00:00,1.0,0.0
DE0,ocgt,2021-01-27T21:00:00,1.0,0.0
DE0,ocgt,2021-01-28T00:00:00,1.0,0.0
DE0,ocgt,2021-01-28T03:00:00,1.0,0.0
DE0,ocgt,2021-01-28T06:00:00,1.0,0.0
DE0,ocgt,2021-01-28T09:00:00,1.0,0.0
DE0,ocgt,2021-01-28T12:00:00,1.0,0.0
DE0,ocgt,2021-01-28T15:00:00,1.0,0.0
DE0,ocgt,2021-01-28T18:00:00,1.0,0.0
DE0,ocgt,2021-01-28T21:00:00,1.0,0.0
DE0,ocgt,2021-01-29T00:00:00,1.0,0.0
DE0,ocgt,2021-01-29T03:00:00,1.0,0.0
DE0,ocgt,2021-01-29T06:00:00,1.0,0.0
DE0,ocgt,2021-01-29T09:00:00,1.0,0.0
DE0,ocgt,2021-01-29T12:00:00,1.0,0.0
DE0,ocgt,2021-01-29T15:00:00,1.0,0.0
DE0,ocgt,2021-01-29T18:00:00,1.0,0.0
DE0,ocgt,2021-01-29T21:00:00,1.0,0.0
DE0,ocgt,2021-01-30T00:00:00,1.0,0.0
DE0,ocgt,2021-01-30T03:00:00,1.0,0.0
DE0,ocgt,2021-01-30T06:00:00,1.0,0.0
DE0,ocgt,2021-01-30T09:00:00,1.0,0.0
DE0,ocgt,2021-01-30T12:00:00,1.0,0.0
DE0,ocgt,2021-01-30T15:00:00,1.0,0.0
DE0,ocgt,2021-01-30T18:00:00,1.0,0.0
DE0,ocgt,2021-01-30T21:00:00,1.0,0.0
DE0,ocgt,2021-01-31T00:00:00,1.0,0.0
DE0,ocgt,2021-01-31T03:00:00,1.0,0.0
DE0,ocgt,2021-01-31T06:00:00,1.0,0.0
DE0,ocgt,2021-01-31T09:00:00,1.0,0.0
DE0,ocgt,2021-01-31T12:00:00,1.0,0.0
DE0,ocgt,2021-01-31T15:00:00,1.0,0.0
DE0,ocgt,2021-01-31T18:00:00,1.0,0.0
DE0,ocgt,2021-01-31T21:00:00,1.0,0.0
DE0,ocgt,2021-02-01T00:00:00,1.0,0.0
DE0,ocgt,2021-02-01T03:00:00,1.0,0.0
DE0,ocgt,2021-02-01T06:00:00,1.0,0.0
DE0,ocgt,2021-02-01T09:00:00,1.0,0.0
DE0,ocgt,2021-02-01T12:00:00,1.0,0.0
DE0,ocgt,2021-02-01T15:00:00,1.0,0.0
DE0,ocgt,2021-02-01T18:00:00,1.0,0.0
DE0,ocgt,2021-02-01T21:00:00,1.0,0.0
DE0,ocgt,2021-02-02T00:00:00,1.0,0.0
DE0,ocgt,2021-02-02T03:00:00,1.0,0.0
DE0,ocgt,2021-02-02T06:00:00,1.0,0.0
DE0,ocgt,2021-02-02T09:00:00,1.0,0.0
DE0,ocgt,2021-02-02T12:00:00,1.0,0.0
DE0,ocgt,2021-02-02T15:00:00,1.0,0.0
DE0,ocgt,2021-02-02T18:00:00,1.0,0.0
DE0,ocgt,2021-02-02T21:00:00,1.0,0.0
DE0,ocgt,2021-02-03T00:00:00,1.0,0.0
DE0,ocgt,2021-02-03T03:00:00,1.0,0.0
DE0,ocgt,2021-02-03T06:00:00,1.0,0.0
DE0,ocgt,2021-02-03T09:00:00,1.0,0.0
DE0,ocgt,2021-02-03T12:00:00,1.0,0.0
DE0,ocgt,2021-02-03T15:00:00,1.0,0.0
DE0,ocgt,2021-02-03T18:00:00,1.0,0.0
DE0,ocgt,2021-02-03T21:00:00,1.0,0.0
DE0,ocgt,2021-02-04T00:00:00,1.0,0.0
DE0,ocgt,2021-02-04T03:00:00,1.0,0.0
DE0,ocgt,2021-02-04T06:00:00,1.0,0.0
DE0,ocgt,2021-02-04T09:00:00,1.0,0.0
DE0,ocgt,2021-02-04T12:00:00,1.0,0.0
DE0,ocgt,2021-02-04T15:00:00,1.0,0.0
DE0,ocgt,2021-02-04T18:00:00,1.0,0.0
DE0,ocgt,2021-02-04T21:00:00,1.0,0.0
DE0,ocgt,2021-02-05T00:00:00,1.0,0.0
DE0,ocgt,2021-02-05T03:00:00,1.0,0.0
DE0,ocgt,2021-02-05T06:00:00,1.0,0.0
DE0,ocgt,2021-02-05T09:00:00,1.0,0.0
DE0,ocgt,2021-02-05T12:00:00,1.0,0.0
DE0,ocgt,2021-02-05T15:00:00,1.0,0.0
DE0,ocgt,2021-02-05T18:00:00,1.0,0.0
DE0,ocgt,2021-02-05T21:00:00,1.0,0.0
DE0,ocgt,2021-02-06T00:00:00,1.0,0.0
DE0,ocgt,2021-02-06T03:00:00,1.0,0.0
DE0,ocgt,2021-02-06T06:00:00,1.0,0.0
DE0,ocgt,2021-02-06T09:00:00,1.0,0.0
DE0,ocgt,2021-02-06T12:00:00,1.0,0.0
DE0,ocgt,2021-02-06T15:00:00,1.0,0.0
DE0,ocgt,2021-02-06T18:00:00,1.0,0.0
DE0,ocgt,2021-02-06T21:00:00,1.0,0.0
DE0,ocgt,2021-02-07T00:00:00,1.0,0.0
DE0,ocgt,2021-02-07T03:00:00,1.0,0.0
DE0,ocgt,2021-02-07T06:00:00,1.0,0.0
DE0,ocgt,2021-02-07T09:00:00,1.0,0.0
DE0,ocgt,2021-02-07T12:00:00,1.0,0.0
DE0,ocgt,2021-02-07T15:00:00,1.0,0.0
DE0,ocgt,2021-02-07T18:00:00,1.0,0.0
DE0,ocgt,2021-02-07T21:00:00,1.0,0.0
DE0,offwind,2021-01-25T00:00:00,1.0,0.0
DE0,offwind,2021-01-25T03:00:00,1.0,81.20436479999998
DE0,offwind,2021-01-25T06:00:00,1.0,116.82616319999995
DE0,offwind,2021-01-25T09:00:00,1.0,114.37896959999998
DE0,offwind,2021-01-25T12:00:00,1.0,0.0
DE0,offwind,2021-01-25T15:00:00,1.0,128.71404799999996
DE0,offwind,2021-01-25T18:00:00,1.0,167.4057728
DE0,offwind,2021-01-25T21:00:00,1.0,119.48371200000005
DE0,offwind,2021-01-26T00:00:00,1.0,148.35778559999997
DE0,offwind,2021-01-26T03:00:00,1.0,144.59208959999995
DE0,offwind,2021-01-26T06:00:00,1.0,116.47936
DE0,offwind,2021-01-26T09:00:00,1.0,0.0
DE0,offwind,2021-01-26T12:00:00,1.0,0.0
DE0,offwind,2021-01-26T15:00:00,1.0,0.0
DE0,offwind,2021-01-26T18:00:00,1.0,214.54878719999996
DE0,offwind,2021-01-26T21:00:00,1.0,179.54928640000003
DE0,offwind,2021-01-27T00:00:00,1.0,138.04339199999998
DE0,offwind,2021-01-27T03:00:00,1.0,124.51829759999997
DE0,offwind,2021-01-27T06:00:00,1.0,166.51893760000002
DE0,offwind,2021-01-27T09:00:00,1.0,0.0
DE0,offwind,2021-01-27T12:00:00,1.0,132.5602304
DE0,offwind,2021-01-27T15:00:00,1.0,128.39354880000002
DE0,offwind,2021-01-27T18:00:00,1.0,87.48518400000002
DE0,offwind,2021-01-27T21:00:00,1.0,50.088499200000015
DE0,offwind,2021-01-28T00:00:00,1.0,52.279295999999995
DE0,offwind,2021-01-28T03:00:00,1.0,44.462208000000004
DE0,offwind,2021-01-28T06:00:00,1.0,35.276800000000016
DE0,offwind,2021-01-28T09:00:00,1.0,26.429286400000013
DE0,offwind,2021-01-28T12:00:00,1.0,34.8461568
DE0,offwind,2021-01-28T15:00:00,1.0,25.6608
DE0,offwind,2021-01-28T18:00:00,1.0,36.608652800000016
DE0,offwind,2021-01-28T21:00:00,1.0,29.101260800000006
DE0,offwind,2021-01-29T00:00:00,1.0,57.57273599999999
DE0,offwind,2021-01-29T03:00:00,1.0,62.7490048
DE0,offwind,2021-01-29T06:00:00,1.0,37.4051328
DE0,offwind,2021-01-29T09:00:00,1.0,0.0
DE0,offwind,2021-01-29T12:00:00,1.0,0.0
DE0,offwind,2021-01-29T15:00:00,1.0,0.0
DE0,offwind,2021-01-29T18:00:00,1.0,53.86862079999999
DE0,offwind,2021-01-29T21:00:00,1.0,60.9403392
DE0,offwind,2021-01-30T00:00:00,1.0,98.04748799999997
DE0,offwind,2021-01-30T03:00:00,1.0,211.99426559999995
DE0,offwind,2021-01-30T06:00:00,1.0,123.50591999999999
DE0,offwind,2021-01-30T09:00:00,1.0,172.57570560000005
DE0,offwind,2021-01-30T12:00:00,1.0,154.96069120000004
DE0,offwind,2021-01-30T15:00:00,1.0,207.95494399999998
DE0,offwind,2021-01-30T18:00:00,1.0,193.60688639999995
DE0,offwind,2021-01-30T21:00:00,1.0,338.49140479999994
DE0,offwind,2021-01-31T00:00:00,1.0,232.4669184
DE0,offwind,2021-01-31T03:00:00,1.0,246.21909760000005
DE0,offwind,2021-01-31T06:00:00,1.0,229.00855039999996
DE0,offwind,2021-01-31T09:00:00,1.0,216.78028799999996
DE0,offwind,2021-01-31T12:00:00,1.0,198.37405440000003
DE0,offwind,2021-01-31T15:00:00,1.0,148.2355712
DE0,offwind,2021-01-31T18:00:00,1.0,204.4156928
DE0,offwind,2021-01-31T21:00:00,1.0,219.50184960000004
DE0,offwind,2021-02-01T00:00:00,1.0,166.08870399999998
DE0,offwind,2021-02-01T03:00:00,1.0,114.42007040000001
DE0,offwind,2021-02-01T06:00:00,1.0,157.02705919999997
DE0,offwind,2021-02-01T09:00:00,1.0,100.25966080000002
DE0,offwind,2021-02-01T12:00:00,1.0,75.57352959999999
DE0,offwind,2021-02-01T15:00:00,1.0,78.60103680000003
DE0,offwind,2021-02-01T18:00:00,1.0,77.71060480000001
DE0,offwind,2021-02-01T21:00:00,1.0,84.7501312
DE0,offwind,2021-02-02T00:00:00,1.0,51.31878399999999
DE0,offwind,2021-02-02T03:00:00,1.0,34.7531136
DE0,offwind,2021-02-02T06:00:00,1.0,37.22035200000001
DE0,offwind,2021-02-02T09:00:00,1.0,37.950950399999996
DE0,offwind,2021-02-02T12:00:00,1.0,37.8653184
DE0,offwind,2021-02-02T15:00:00,1.0,33.20697599999999
DE0,offwind,2021-02-02T18:00:00,1.0,24.040448000000005
DE0,offwind,2021-02-02T21:00:00,1.0,28.387328000000007
DE0,offwind,2021-02-03T00:00:00,1.0,40.9363968
DE0,offwind,2021-02-03T03:00:00,1.0,42.5990912
DE0,offwind,2021-02-03T06:00:00,1.0,41.60032
DE0,offwind,2021-02-03T09:00:00,1.0,39.93427199999999
DE0,offwind,2021-02-03T12:00:00,1.0,37.98144
DE0,offwind,2021-02-03T15:00:00,1.0,47.21473279999999
DE0,offwind,2021-02-03T18:00:00,1.0,70.6397696
DE0,offwind,2021-02-03T21:00:00,1.0,76.17542399999999
DE0,offwind,2021-02-04T00:00:00,1.0,122.11584000000002
DE0,offwind,2021-02-04T03:00:00,1.0,120.42201600000004
DE0,offwind,2021-02-04T06:00:00,1.0,196.4265984
DE0,offwind,2021-02-04T09:00:00,1.0,105.1271808
DE0,offwind,2021-02-04T12:00:00,1.0,134.2410496
DE0,offwind,2021-02-04T15:00:00,1.0,137.18318079999997
DE0,offwind,2021-02-04T18:00:00,1.0,139.35827199999997
DE0,offwind,2021-02-04T21:00:00,1.0,174.60186879999998
DE0,offwind,2021-02-05T00:00:00,1.0,140.11568640000002
DE0,offwind,2021-02-05T03:00:00,1.0,140.86912
DE0,offwind,2021-02-05T06:00:00,1.0,154.25918719999999
DE0,offwind,2021-02-05T09:00:00,1.0,167.95407359999996
DE0,offwind,2021-02-05T12:00:00,1.0,185.08872959999994
DE0,offwind,2021-02-05T15:00:00,1.0,128.86161920000004
DE0,offwind,2021-02-05T18:00:00,1.0,112.9255424
DE0,offwind,2021-02-05T21:00:00,1.0,144.4365824
DE0,offwind,2021-02-06T00:00:00,1.0,146.608128
DE0,offwind,2021-02-06T03:00:00,1.0,133.02625279999998
DE0,offwind,2021-02-06T06:00:00,1.0,138.19278080000004
DE0,offwind,2021-02-06T09:00:00,1.0,122.64029439999995
DE0,offwind,2021-02-06T12:00:00,1.0,111.00467199999996
DE0,offwind,2021-02-06T15:00:00,1.0,132.89858559999996
DE0,offwind,2021-02-06T18:00:00,1.0,116.37689600000002
DE0,offwind,2021-02-06T21:00:00,1.0,126.49054720000001
DE0,offwind,2021-02-07T00:00:00,1.0,73.85651200000001
DE0,offwind,2021-02-07T03:00:00,1.0,61.40019200000002
DE0,offwind,2021-02-07T06:00:00,1.0,32.00204799999999
DE0,offwind,2021-02-07T09:00:00,1.0,38.6328448
DE0,offwind,2021-02-07T12:00:00,1.0,40.8215808
DE0,offwind,2021-02-07T15:00:00,1.0,25.318655999999997
DE0,offwind,2021-02-07T18:00:00,1.0,20.3106432
DE0,offwind,2021-02-07T21:00:00,1.0,25.021644799999997
DE0,onwind,2021-01-25T00:00:00,1.0,0.0
DE0,onwind,2021-01-25T03:00:00,1.0,299.92632799999996
DE0,onwind,2021-01-25T06:00:00,1.0,431.4761359999998
DE0,onwind,2021-01-25T09:00:00,1.0,422.41508400000004
DE0,onwind,2021-01-25T12:00:00,1.0,0.0
DE0,onwind,2021-01-25T15:00:00,1.0,475.3280999999999
DE0,onwind,2021-01-25T18:00:00,1.0,618.30496
DE0,onwind,2021-01-25T21:00:00,1.0,441.2935800000002
DE0,onwind,2021-01-26T00:00:00,1.0,547.933464
DE0,onwind,2021-01-26T03:00:00,1.0,533.9777039999998
DE0,onwind,2021-01-26T06:00:00,1.0,430.2012
DE0,onwind,2021-01-26T09:00:00,1.0,0.0
DE0,onwind,2021-01-26T12:00:00,1.0,0.0
DE0,onwind,2021-01-26T15:00:00,1.0,0.0
DE0,onwind,2021-01-26T18:00:00,1.0,792.3676799999997
DE0,onwind,2021-01-26T21:00:00,1.0,663.1081600000002
DE0,onwind,2021-01-27T00:00:00,1.0,509.764944
DE0,onwind,2021-01-27T03:00:00,1.0,459.84650399999987
DE0,onwind,2021-01-27T06:00:00,1.0,614.963648
DE0,onwind,2021-01-27T09:00:00,1.0,0.0
DE0,onwind,2021-01-27T12:00:00,1.0,489.60787200000004
DE0,onwind,2021-01-27T15:00:00,1.0,474.18072000000006
DE0,onwind,2021-01-27T18:00:00,1.0,323.14464000000004
DE0,onwind,2021-01-27T21:00:00,1.0,184.97138400000003
DE0,onwind,2021-01-28T00:00:00,1.0,193.12737599999997
DE0,onwind,2021-01-28T03:00:00,1.0,164.19312000000002
DE0,onwind,2021-01-28T06:00:00,1.0,130.28990000000007
DE0,onwind,2021-01-28T09:00:00,1.0,97.60816000000005
DE0,onwind,2021-01-28T12:00:00,1.0,128.68533600000004
DE0,onwind,2021-01-28T15:00:00,1.0,94.77000000000001
DE0,onwind,2021-01-28T18:00:00,1.0,135.15346000000005
DE0,onwind,2021-01-28T21:00:00,1.0,107.45196800000001
DE0,onwind,2021-01-29T00:00:00,1.0,212.58353999999997
DE0,onwind,2021-01-29T03:00:00,1.0,231.81444
DE0,onwind,2021-01-29T06:00:00,1.0,138.18167999999997
DE0,onwind,2021-01-29T09:00:00,1.0,0.0
DE0,onwind,2021-01-29T12:00:00,1.0,0.0
DE0,onwind,2021-01-29T15:00:00,1.0,0.0
DE0,onwind,2021-01-29T18:00:00,1.0,198.90707199999994
DE0,onwind,2021-01-29T21:00:00,1.0,225.08366399999997
DE0,onwind,2021-01-30T00:00:00,1.0,362.10719999999986
DE0,onwind,2021-01-30T03:00:00,1.0,782.9956159999998
DE0,onwind,2021-01-30T06:00:00,1.0,456.1466
DE0,onwind,2021-01-30T09:00:00,1.0,637.3425240000001
DE0,onwind,2021-01-30T12:00:00,1.0,572.2795520000001
DE0,onwind,2021-01-30T15:00:00,1.0,767.9568
DE0,onwind,2021-01-30T18:00:00,1.0,715.0774799999999
DE0,onwind,2021-01-30T21:00:00,1.0,1250.1627319999998
DE0,onwind,2021-01-31T00:00:00,1.0,858.575796
DE0,onwind,2021-01-31T03:00:00,1.0,909.2856240000001
DE0,onwind,2021-01-31T06:00:00,1.0,845.812968
DE0,onwind,2021-01-31T09:00:00,1.0,800.54832
DE0,onwind,2021-01-31T12:00:00,1.0,732.6128160000002
DE0,onwind,2021-01-31T15:00:00,1.0,547.432704
DE0,onwind,2021-01-31T18:00:00,1.0,754.9443199999998
DE0,onwind,2021-01-31T21:00:00,1.0,810.6602400000002
DE0,onwind,2021-02-01T00:00:00,1.0,613.330328
DE0,onwind,2021-02-01T03:00:00,1.0,422.5537160000001
DE0,onwind,2021-02-01T06:00:00,1.0,579.9096159999999
DE0,onwind,2021-02-01T09:00:00,1.0,370.29075200000005
DE0,onwind,2021-02-01T12:00:00,1.0,279.1289279999999
DE0,onwind,2021-02-01T15:00:00,1.0,290.2879200000001
DE0,onwind,2021-02-01T18:00:00,1.0,287.04020800000006
DE0,onwind,2021-02-01T21:00:00,1.0,312.973024
DE0,onwind,2021-02-02T00:00:00,1.0,189.57910399999992
DE0,onwind,2021-02-02T03:00:00,1.0,128.338704
DE0,onwind,2021-02-02T06:00:00,1.0,137.46813600000004
DE0,onwind,2021-02-02T09:00:00,1.0,140.15976
DE0,onwind,2021-02-02T12:00:00,1.0,139.834968
DE0,onwind,2021-02-02T15:00:00,1.0,122.6394
DE0,onwind,2021-02-02T18:00:00,1.0,88.7536
DE0,onwind,2021-02-02T21:00:00,1.0,104.81588000000002
DE0,onwind,2021-02-03T00:00:00,1.0,151.15495199999998
DE0,onwind,2021-02-03T03:00:00,1.0,157.37436
DE0,onwind,2021-02-03T06:00:00,1.0,153.6795
DE0,onwind,2021-02-03T09:00:00,1.0,147.52009999999999
DE0,onwind,2021-02-03T12:00:00,1.0,140.27832
DE0,onwind,2021-02-03T15:00:00,1.0,174.431348
DE0,onwind,2021-02-03T18:00:00,1.0,260.83366399999994
DE0,onwind,2021-02-03T21:00:00,1.0,281.35458
DE0,onwind,2021-02-04T00:00:00,1.0,450.996
DE0,onwind,2021-02-04T03:00:00,1.0,444.7757600000001
DE0,onwind,2021-02-04T06:00:00,1.0,725.4658319999999
DE0,onwind,2021-02-04T09:00:00,1.0,388.2471320000001
DE0,onwind,2021-02-04T12:00:00,1.0,495.760616
DE0,onwind,2021-02-04T15:00:00,1.0,506.60375999999997
DE0,onwind,2021-02-04T18:00:00,1.0,514.7129
DE0,onwind,2021-02-04T21:00:00,1.0,644.863492
DE0,onwind,2021-02-05T00:00:00,1.0,517.492716
DE0,onwind,2021-02-05T03:00:00,1.0,520.2288000000001
DE0,onwind,2021-02-05T06:00:00,1.0,569.736024
DE0,onwind,2021-02-05T09:00:00,1.0,620.2379039999998
DE0,onwind,2021-02-05T12:00:00,1.0,683.5489439999998
DE0,onwind,2021-02-05T15:00:00,1.0,475.8848640000001
DE0,onwind,2021-02-05T18:00:00,1.0,417.0545599999999
DE0,onwind,2021-02-05T21:00:00,1.0,533.43056
DE0,onwind,2021-02-06T00:00:00,1.0,541.392696
DE0,onwind,2021-02-06T03:00:00,1.0,491.266412
DE0,onwind,2021-02-06T06:00:00,1.0,510.3535840000002
DE0,onwind,2021-02-06T09:00:00,1.0,452.9495359999998
DE0,onwind,2021-02-06T12:00:00,1.0,409.9929599999998
DE0,onwind,2021-02-06T15:00:00,1.0,490.8186399999999
DE0,onwind,2021-02-06T18:00:00,1.0,429.8621600000001
DE0,onwind,2021-02-06T21:00:00,1.0,467.115844
DE0,onwind,2021-02-07T00:00:00,1.0,272.83677200000005
DE0,onwind,2021-02-07T03:00:00,1.0,226.74288000000007
DE0,onwind,2021-02-07T06:00:00,1.0,118.19506399999997
DE0,onwind,2021-02-07T09:00:00,1.0,142.67812
DE0,onwind,2021-02-07T12:00:00,1.0,150.75231599999998
DE0,onwind,2021-02-07T15:00:00,1.0,93.50639999999999
DE0,onwind,2021-02-07T18:00:00,1.0,74.98374
DE0,onwind,2021-02-07T21:00:00,1.0,92.388608
DE0,solar,2021-01-25T00:00:00,1.0,0.0
DE0,solar,2021-01-25T03:00:00,1.0,0.0
DE0,solar,2021-01-25T06:00:00,1.0,0.0
DE0,solar,2021-01-25T09:00:00,1.0,1331.0145995992543
DE0,solar,2021-01-25T12:00:00,1.0,5475.947491955121
DE0,solar,2021-01-25T15:00:00,1.0,4228.863903703535
DE0,solar,2021-01-25T18:00:00,1.0,0.0
DE0,solar,2021-01-25T21:00:00,1.0,0.0
DE0,solar,2021-01-26T00:00:00,1.0,0.0
DE0,solar,2021-01-26T03:00:00,1.0,0.0
DE0,solar,2021-01-26T06:00:00,1.0,0.0
DE0,solar,2021-01-26T09:00:00,1.0,0.0
DE0,solar,2021-01-26T12:00:00,1.0,4476.687000722435
DE0,solar,2021-01-26T15:00:00,1.0,5445.942947
DE0,solar,2021-01-26T18:00:00,1.0,0.0
DE0,solar,2021-01-26T21:00:00,1.0,0.0
DE0,solar,2021-01-27T00:00:00,1.0,0.0
DE0,solar,2021-01-27T03:00:00,1.0,0.0
DE0,solar,2021-01-27T06:00:00,1.0,0.0
DE0,solar,2021-01-27T09:00:00,1.0,3089.5083406756403
DE0,solar,2021-01-27T12:00:00,1.0,3887.1233108951487
DE0,solar,2021-01-27T15:00:00,1.0,4362.230330073467
DE0,solar,2021-01-27T18:00:00,1.0,0.0
DE0,solar,2021-01-27T21:00:00,1.0,0.0
DE0,solar,2021-01-28T00:00:00,1.0,0.0
DE0,solar,2021-01-28T03:00:00,1.0,0.0
DE0,solar,2021-01-28T06:00:00,1.0,0.0
DE0,solar,2021-01-28T09:00:00,1.0,2455.3553993934474
DE0,solar,2021-01-28T12:00:00,1.0,1986.0302263249644
DE0,solar,2021-01-28T15:00:00,1.0,3205.2103397118062
DE0,solar,2021-01-28T18:00:00,1.0,0.0
DE0,solar,2021-01-28T21:00:00,1.0,0.0
DE0,solar,2021-01-29T00:00:00,1.0,0.0
DE0,solar,2021-01-29T03:00:00,1.0,0.0
DE0,solar,2021-01-29T06:00:00,1.0,0.0
DE0,solar,2021-01-29T09:00:00,1.0,1614.5636823444784
DE0,solar,2021-01-29T12:00:00,1.0,5628.334716868106
DE0,solar,2021-01-29T15:00:00,1.0,5380.584565865066
DE0,solar,2021-01-29T18:00:00,1.0,0.0
DE0,solar,2021-01-29T21:00:00,1.0,0.0
DE0,solar,2021-01-30T00:00:00,1.0,0.0
DE0,solar,2021-01-30T03:00:00,1.0,0.0
DE0,solar,2021-01-30T06:00:00,1.0,0.0
DE0,solar,2021-01-30T09:00:00,1.0,2141.8118142191042
DE0,solar,2021-01-30T12:00:00,1.0,3322.5411333486823
DE0,solar,2021-01-30T15:00:00,1.0,3888.823677528543
DE0,solar,2021-01-30T18:00:00,1.0,0.0
DE0,solar,2021-01-30T21:00:00,1.0,0.0
DE0,solar,2021-01-31T00:00:00,1.0,0.0
DE0,solar,2021-01-31T03:00:00,1.0,0.0
DE0,solar,2021-01-31T06:00:00,1.0,0.0
DE0,solar,2021-01-31T09:00:00,1.0,2983.521776673045
DE0,solar,2021-01-31T12:00:00,1.0,1867.368042991082
DE0,solar,2021-01-31T15:00:00,1.0,4366.646436906907
DE0,solar,2021-01-31T18:00:00,1.0,0.0
DE0,solar,2021-01-31T21:00:00,1.0,0.0
DE0,solar,2021-02-01T00:00:00,1.0,0.0
DE0,solar,2021-02-01T03:00:00,1.0,0.0
DE0,solar,2021-02-01T06:00:00,1.0,0.0
DE0,solar,2021-02-01T09:00:00,1.0,3249.371408046221
DE0,solar,2021-02-01T12:00:00,1.0,4164.4180972122185
DE0,solar,2021-02-01T15:00:00,1.0,3772.238457125689
DE0,solar,2021-02-01T18:00:00,1.0,0.0
DE0,solar,2021-02-01T21:00:00,1.0,0.0
DE0,solar,2021-02-02T00:00:00,1.0,0.0
DE0,solar,2021-02-02T03:00:00,1.0,0.0
DE0,solar,2021-02-02T06:00:00,1.0,0.0
DE0,solar,2021-02-02T09:00:00,1.0,3127.4868594432373
DE0,solar,2021-02-02T12:00:00,1.0,2836.6507194867877
DE0,solar,2021-02-02T15:00:00,1.0,3401.285483116607
DE0,solar,2021-02-02T18:00:00,1.0,0.0
DE0,solar,2021-02-02T21:00:00,1.0,0.0
DE0,solar,2021-02-03T00:00:00,1.0,0.0
DE0,solar,2021-02-03T03:00:00,1.0,0.0
DE0,solar,2021-02-03T06:00:00,1.0,0.0
DE0,solar,2021-02-03T09:00:00,1.0,2287.5433397226725
DE0,solar,2021-02-03T12:00:00,1.0,4837.669853180242
DE0,solar,2021-02-03T15:00:00,1.0,2287.5433397226725
DE0,solar,2021-02-03T18:00:00,1.0,0.0
DE0,solar,2021-02-03T21:00:00,1.0,0.0
DE0,solar,2021-02-04T00:00:00,1.0,0.0
DE0,solar,2021-02-04T03:00:00,1.0,0.0
DE0,solar,2021-02-04T06:00:00,1.0,0.0
DE0,solar,2021-02-04T09:00:00,1.0,2401.478896025462
DE0,solar,2021-02-04T12:00:00,1.0,2909.0971051011584
DE0,solar,2021-02-04T15:00:00,1.0,3070.077470608498
DE0,solar,2021-02-04T18:00:00,1.0,0.0
DE0,solar,2021-02-04T21:00:00,1.0,0.0
DE0,solar,2021-02-05T00:00:00,1.0,0.0
DE0,solar,2021-02-05T03:00:00,1.0,0.0
DE0,solar,2021-02-05T06:00:00,1.0,0.0
DE0,solar,2021-02-05T09:00:00,1.0,2187.739325286896
DE0,solar,2021-02-05T12:00:00,1.0,2932.8295417679346
DE0,solar,2021-02-05T15:00:00,1.0,4699.620892148394
DE0,solar,2021-02-05T18:00:00,1.0,0.0
DE0,solar,2021-02-05T21:00:00,1.0,0.0
DE0,solar,2021-02-06T00:00:00,1.0,0.0
DE0,solar,2021-02-06T03:00:00,1.0,0.0
DE0,solar,2021-02-06T06:00:00,1.0,0.0
DE0,solar,2021-02-06T09:00:00,1.0,3615.025053855173
DE0,solar,2021-02-06T12:00:00,1.0,3523.6423072092603
DE0,solar,2021-02-06T15:00:00,1.0,4348.982009573142
DE0,solar,2021-02-06T18:00:00,1.0,0.0
DE0,solar,2021-02-06T21:00:00,1.0,0.0
DE0,solar,2021-02-07T00:00:00,1.0,0.0
DE0,solar,2021-02-07T03:00:00,1.0,0.0
DE0,solar,2021-02-07T06:00:00,1.0,0.0
DE0,solar,2021-02-07T09:00:00,1.0,1641.9085206735317
DE0,solar,2021-02-07T12:00:00,1.0,3366.2587798401128
DE0,solar,2021-02-07T15:00:00,1.0,4943.389989354362
DE0,solar,2021-02-07T18:00:00,1.0,0.0
DE0,solar,2021-02-07T21:00:00,1.0,0.0
DE1,ccgt,2021-01-25T00:00:00,1.0,564.0
DE1,ccgt,2021-01-25T03:00:00,1.0,1880.0
DE1,ccgt,2021-01-25T06:00:00,1.0,1880.0
DE1,ccgt,2021-01-25T09:00:00,1.0,564.0
DE1,ccgt,2021-01-25T12:00:00,1.0,564.0
DE1,ccgt,2021-01-25T15:00:00,1.0,564.0
DE1,ccgt,2021-01-25T18:00:00,1.0,564.0
DE1,ccgt,2021-01-25T21:00:00,1.0,564.0
DE1,ccgt,2021-01-26T00:00:00,1.0,564.0
DE1,ccgt,2021-01-26T03:00:00,1.0,1880.0
DE1,ccgt,2021-01-26T06:00:00,1.0,1880.0
DE1,ccgt,2021-01-26T09:00:00,1.0,564.0
DE1,ccgt,2021-01-26T12:00:00,1.0,564.0
DE1,ccgt,2021-01-26T15:00:00,1.0,564.0
DE1,ccgt,2021-01-26T18:00:00,1.0,564.0
DE1,ccgt,2021-01-26T21:00:00,1.0,564.0
DE1,ccgt,2021-01-27T00:00:00,1.0,564.0
DE1,ccgt,2021-01-27T03:00:00,1.0,564.0
DE1,ccgt,2021-01-27T06:00:00,1.0,1880.0
DE1,ccgt,2021-01-27T09:00:00,1.0,564.0
DE1,ccgt,2021-01-27T12:00:00,1.0,564.0
DE1,ccgt,2021-01-27T15:00:00,1.0,564.0
DE1,ccgt,2021-01-27T18:00:00,1.0,564.0
DE1,ccgt,2021-01-27T21:00:00,1.0,1880.0
DE1,ccgt,2021-01-28T00:00:00,1.0,1880.0
DE1,ccgt,2021-01-28T03:00:00,1.0,1880.0
DE1,ccgt,2021-01-28T06:00:00,1.0,1880.0
DE1,ccgt,2021-01-28T09:00:00,1.0,564.0
DE1,ccgt,2021-01-28T12:00:00,1.0,564.0
DE1,ccgt,2021-01-28T15:00:00,1.0,564.0
DE1,ccgt,2021-01-28T18:00:00,1.0,1880.0
DE1,ccgt,2021-01-28T21:00:00,1.0,1880.0
DE1,ccgt,2021-01-29T00:00:00,1.0,1880.0
DE1,ccgt,2021-01-29T03:00:00,1.0,1880.0
DE1,ccgt,2021-01-29T06:00:00,1.0,1880.0
DE1,ccgt,2021-01-29T09:00:00,1.0,564.0
DE1,ccgt,2021-01-29T12:00:00,1.0,564.0
DE1,ccgt,2021-01-29T15:00:00,1.0,564.0
DE1,ccgt,2021-01-29T18:00:00,1.0,564.0
DE1,ccgt,2021-01-29T21:00:00,1.0,564.0
DE1,ccgt,2021-01-30T00:00:00,1.0,564.0
DE1,ccgt,2021-01-30T03:00:00,1.0,1880.0
DE1,ccgt,2021-01-30T06:00:00,1.0,1880.0
DE1,ccgt,2021-01-30T09:00:00,1.0,564.0
DE1,ccgt,2021-01-30T12:00:00,1.0,564.0
DE1,ccgt,2021-01-30T15:00:00,1.0,564.0
DE1,ccgt,2021-01-30T18:00:00,1.0,564.0
DE1,ccgt,2021-01-30T21:00:00,1.0,564.0
DE1,ccgt,2021-01-31T00:00:00,1.0,564.0
DE1,ccgt,2021-01-31T03:00:00,1.0,1880.0
DE1,ccgt,2021-01-31T06:00:00,1.0,1880.0
DE1,ccgt,2021-01-31T09:00:00,1.0,564.0
DE1,ccgt,2021-01-31T12:00:00,1.0,564.0
DE1,ccgt,2021-01-31T15:00:00,1.0,564.0
DE1,ccgt,2021-01-31T18:00:00,1.0,564.0
DE1,ccgt,2021-01-31T21:00:00,1.0,564.0
DE1,ccgt,2021-02-01T00:00:00,1.0,564.0
DE1,ccgt,2021-02-01T03:00:00,1.0,1880.0
DE1,ccgt,2021-02-01T06:00:00,1.0,1880.0
DE1,ccgt,2021-02-01T09:00:00,1.0,564.0
DE1,ccgt,2021-02-01T12:00:00,1.0,564.0
DE1,ccgt,2021-02-01T15:00:00,1.0,564.0
DE1,ccgt,2021-02-01T18:00:00,1.0,564.0
DE1,ccgt,2021-02-01T21:00:00,1.0,564.0
DE1,ccgt,2021-02-02T00:00:00,1.0,564.0
DE1,ccgt,2021-02-02T03:00:00,1.0,1880.0
DE1,ccgt,2021-02-02T06:00:00,1.0,1880.0
DE1,ccgt,2021-02-02T09:00:00,1.0,564.0
DE1,ccgt,2021-02-02T12:00:00,1.0,564.0
DE1,ccgt,2021-02-02T15:00:00,1.0,564.0
DE1,ccgt,2021-02-02T18:00:00,1.0,564.0
DE1,ccgt,2021-02-02T21:00:00,1.0,564.0
DE1,ccgt,2021-02-03T00:00:00,1.0,1880.0
DE1,ccgt,2021-02-03T03:00:00,1.0,1880.0
DE1,ccgt,2021-02-03T06:00:00,1.0,1880.0
DE1,ccgt,2021-02-03T09:00:00,1.0,564.0
DE1,ccgt,2021-02-03T12:00:00,1.0,564.0
DE1,ccgt,2021-02-03T15:00:00,1.0,564.0
DE1,ccgt,2021-02-03T18:00:00,1.0,564.0
DE1,ccgt,2021-02-03T21:00:00,1.0,1880.0
DE1,ccgt,2021-02-04T00:00:00,1.0,1880.0
DE1,ccgt,2021-02-04T03:00:00,1.0,1880.0
DE1,ccgt,2021-02-04T06:00:00,1.0,1880.0
DE1,ccgt,2021-02-04T09:00:00,1.0,564.0
DE1,ccgt,2021-02-04T12:00:00,1.0,564.0
DE1,ccgt,2021-02-04T15:00:00,1.0,564.0
DE1,ccgt,2021-02-04T18:00:00,1.0,564.0
DE1,ccgt,2021-02-04T21:00:00,1.0,564.0
DE1,ccgt,2021-02-05T00:00:00,1.0,1880.0
DE1,ccgt,2021-02-05T03:00:00,1.0,1880.0
DE1,ccgt,2021-02-05T06:00:00,1.0,1880.0
DE1,ccgt,2021-02-05T09:00:00,1.0,564.0
DE1,ccgt,2021-02-05T12:00:00,1.0,564.0
DE1,ccgt,2021-02-05T15:00:00,1.0,564.0
DE1,ccgt,2021-02-05T18:00:00,1.0,564.0
DE1,ccgt,2021-02-05T21:00:00,1.0,564.0
DE1,ccgt,2021-02-06T00:00:00,1.0,1880.0
DE1,ccgt,2021-02-06T03:00:00,1.0,1880.0
DE1,ccgt,2021-02-06T06:00:00,1.0,1880.0
DE1,ccgt,2021-02-06T09:00:00,1.0,564.0
DE1,ccgt,2021-02-06T12:00:00,1.0,564.0
DE1,ccgt,2021-02-06T15:00:00,1.0,564.0
DE1,ccgt,2021-02-06T18:00:00,1.0,564.0
DE1,ccgt,2021-02-06T21:00:00,1.0,564.0
DE1,ccgt,2021-02-07T00:00:00,1.0,564.0
DE1,ccgt,2021-02-07T03:00:00,1.0,1880.0
DE1,ccgt,2021-02-07T06:00:00,1.0,1880.0
DE1,ccgt,2021-02-07T09:00:00,1.0,1880.0
DE1,ccgt,2021-02-07T12:00:00,1.0,564.0
DE1,ccgt,2021-02-07T15:00:00,1.0,564.0
DE1,ccgt,2021-02-07T18:00:00,1.0,564.0
DE1,ccgt,2021-02-07T21:00:00,1.0,564.0
DE1,ocgt,2021-01-25T00:00:00,1.0,0.0
DE1,ocgt,2021-01-25T03:00:00,1.0,830.0
DE1,ocgt,2021-01-25T06:00:00,1.0,830.0
DE1,ocgt,2021-01-25T09:00:00,1.0,0.0
DE1,ocgt,2021-01-25T12:00:00,1.0,0.0
DE1,ocgt,2021-01-25T15:00:00,1.0,0.0
DE1,ocgt,2021-01-25T18:00:00,1.0,0.0
DE1,ocgt,2021-01-25T21:00:00,1.0,0.0
DE1,ocgt,2021-01-26T00:00:00,1.0,0.0
DE1,ocgt,2021-01-26T03:00:00,1.0,0.0
DE1,ocgt,2021-01-26T06:00:00,1.0,0.0
DE1,ocgt,2021-01-26T09:00:00,1.0,0.0
DE1,ocgt,2021-01-26T12:00:00,1.0,0.0
DE1,ocgt,2021-01-26T15:00:00,1.0,0.0
DE1,ocgt,2021-01-26T18:00:00,1.0,0.0
DE1,ocgt,2021-01-26T21:00:00,1.0,0.0
DE1,ocgt,2021-01-27T00:00:00,1.0,0.0
DE1,ocgt,2021-01-27T03:00:00,1.0,0.0
DE1,ocgt,2021-01-27T06:00:00,1.0,0.0
DE1,ocgt,2021-01-27T09:00:00,1.0,0.0
DE1,ocgt,2021-01-27T12:00:00,1.0,0.0
DE1,ocgt,2021-01-27T15:00:00,1.0,0.0
DE1,ocgt,2021-01-27T18:00:00,1.0,0.0
DE1,ocgt,2021-01-27T21:00:00,1.0,0.0
DE1,ocgt,2021-01-28T00:00:00,1.0,0.0
DE1,ocgt,2021-01-28T03:00:00,1.0,0.0
DE1,ocgt,2021-01-28T06:00:00,1.0,0.0
DE1,ocgt,2021-01-28T09:00:00,1.0,0.0
DE1,ocgt,2021-01-28T12:00:00,1.0,0.0
DE1,ocgt,2021-01-28T15:00:00,1.0,0.0
DE1,ocgt,2021-01-28T18:00:00,1.0,0.0
DE1,ocgt,2021-01-28T21:00:00,1.0,0.0
DE1,ocgt,2021-01-29T00:00:00,1.0,0.0
DE1,ocgt,2021-01-29T03:00:00,1.0,0.0
DE1,ocgt,2021-01-29T06:00:00,1.0,0.0
DE1,ocgt,2021-01-29T09:00:00,1.0,0.0
DE1,ocgt,2021-01-29T12:00:00,1.0,0.0
DE1,ocgt,2021-01-29T15:00:00,1.0,0.0
DE1,ocgt,2021-01-29T18:00:00,1.0,0.0
DE1,ocgt,2021-01-29T21:00:00,1.0,0.0
DE1,ocgt,2021-01-30T00:00:00,1.0,0.0
DE1,ocgt,2021-01-30T03:00:00,1.0,0.0
DE1,ocgt,2021-01-30T06:00:00,1.0,0.0
DE1,ocgt,2021-01-30T09:00:00,1.0,0.0
DE1,ocgt,2021-01-30T12:00:00,1.0,0.0
DE1,ocgt,2021-01-30T15:00:00,1.0,0.0
DE1,ocgt,2021-01-30T18:00:00,1.0,0.0
DE1,ocgt,2021-01-30T21:00:00,1.0,0.0
DE1,ocgt,2021-01-31T00:00:00,1.0,0.0
DE1,ocgt,2021-01-31T03:00:00,1.0,0.0
DE1,ocgt,2021-01-31T06:00:00,1.0,0.0
DE1,ocgt,2021-01-31T09:00:00,1.0,0.0
DE1,ocgt,2021-01-31T12:00:00,1.0,0.0
DE1,ocgt,2021-01-31T15:00:00,1.0,0.0
DE1,ocgt,2021-01-31T18:00:00,1.0,0.0
DE1,ocgt,2021-01-31T21:00:00,1.0,0.0
DE1,ocgt,2021-02-01T00:00:00,1.0,0.0
DE1,ocgt,2021-02-01T03:00:00,1.0,0.0
DE1,ocgt,2021-02-01T06:00:00,1.0,0.0
DE1,ocgt,2021-02-01T09:00:00,1.0,0.0
DE1,ocgt,2021-02-01T12:00:00,1.0,0.0
DE1,ocgt,2021-02-01T15:00:00,1.0,0.0
DE1,ocgt,2021-02-01T18:00:00,1.0,0.0
DE1,ocgt,2021-02-01T21:00:00,1.0,0.0
DE1,ocgt,2021-02-02T00:00:00,1.0,0.0
DE1,ocgt,2021-02-02T03:00:00,1.0,0.0
DE1,ocgt,2021-02-02T06:00:00,1.0,0.0
DE1,ocgt,2021-02-02T09:00:00,1.0,0.0
DE1,ocgt,2021-02-02T12:00:00,1.0,0.0
DE1,ocgt,2021-02-02T15:00:00,1.0,0.0
DE1,ocgt,2021-02-02T18:00:00,1.0,0.0
DE1,ocgt,2021-02-02T21:00:00,1.0,0.0
DE1,ocgt,2021-02-03T00:00:00,1.0,0.0
DE1,ocgt,2021-02-03T03:00:00,1.0,0.0
DE1,ocgt,2021-02-03T06:00:00,1.0,0.0
DE1,ocgt,2021-02-03T09:00:00,1.0,0.0
DE1,ocgt,2021-02-03T12:00:00,1.0,0.0
DE1,ocgt,2021-02-03T15:00:00,1.0,0.0
DE1,ocgt,2021-02-03T18:00:00,1.0,0.0
DE1,ocgt,2021-02-03T21:00:00,1.0,0.0
DE1,ocgt,2021-02-04T00:00:00,1.0,0.0
DE1,ocgt,2021-02-04T03:00:00,1.0,0.0
DE1,ocgt,2021-02-04T06:00:00,1.0,0.0
DE1,ocgt,2021-02-04T09:00:00,1.0,0.0
DE1,ocgt,2021-02-04T12:00:00,1.0,0.0
DE1,ocgt,2021-02-04T15:00:00,1.0,0.0
DE1,ocgt,2021-02-04T18:00:00,1.0,0.0
DE1,ocgt,2021-02-04T21:00:00,1.0,0.0
DE1,ocgt,2021-02-05T00:00:00,1.0,0.0
DE1,ocgt,2021-02-05T03:00:00,1.0,0.0
DE1,ocgt,2021-02-05T06:00:00,1.0,0.0
DE1,ocgt,2021-02-05T09:00:00,1.0,0.0
DE1,ocgt,2021-02-05T12:00:00,1.0,0.0
DE1,ocgt,2021-02-05T15:00:00,1.0,0.0
DE1,ocgt,2021-02-05T18:00:00,1.0,0.0
DE1,ocgt,2021-02-05T21:00:00,1.0,0.0
DE1,ocgt,2021-02-06T00:00:00,1.0,0.0
DE1,ocgt,2021-02-06T03:00:00,1.0,0.0
DE1,ocgt,2021-02-06T06:00:00,1.0,0.0
DE1,ocgt,2021-02-06T09:00:00,1.0,0.0
DE1,ocgt,2021-02-06T12:00:00,1.0,0.0
DE1,ocgt,2021-02-06T15:00:00,1.0,0.0
DE1,ocgt,2021-02-06T18:00:00,1.0,0.0
DE1,ocgt,2021-02-06T21:00:00,1.0,0.0
DE1,ocgt,2021-02-07T00:00:00,1.0,0.0
DE1,ocgt,2021-02-07T03:00:00,1.0,0.0
DE1,ocgt,2021-02-07T06:00:00,1.0,0.0
DE1,ocgt,2021-02-07T09:00:00,1.0,0.0
DE1,ocgt,2021-02-07T12:00:00,1.0,0.0
DE1,ocgt,2021-02-07T15:00:00,1.0,0.0
DE1,ocgt,2021-02-07T18:00:00,1.0,0.0
DE1,ocgt,2021-02-07T21:00:00,1.0,0.0
DE1,offwind,2021-01-25T00:00:00,1.0,0.0
DE1,offwind,2021-01-25T03:00:00,1.0,111.65600159999998
DE1,offwind,2021-01-25T06:00:00,1.0,160.63597439999995
DE1,offwind,2021-01-25T09:00:00,1.0,157.27108319999996
DE1,offwind,2021-01-25T12:00:00,1.0,0.0
DE1,offwind,2021-01-25T15:00:00,1.0,176.98181599999995
DE1,offwind,2021-01-25T18:00:00,1.0,230.1829376
DE1,offwind,2021-01-25T21:00:00,1.0,164.29010400000007
DE1,offwind,2021-01-26T00:00:00,1.0,203.99195519999998
DE1,offwind,2021-01-26T03:00:00,1.0,198.81412319999993
DE1,offwind,2021-01-26T06:00:00,1.0,160.15912
DE1,offwind,2021-01-26T09:00:00,1.0,0.0
DE1,offwind,2021-01-26T12:00:00,1.0,0.0
DE1,offwind,2021-01-26T15:00:00,1.0,0.0
DE1,offwind,2021-01-26T18:00:00,1.0,295.00458239999995
DE1,offwind,2021-01-26T21:00:00,1.0,246.88026880000004
DE1,offwind,2021-01-27T00:00:00,1.0,189.809664
DE1,offwind,2021-01-27T03:00:00,1.0,171.21265919999996
DE1,offwind,2021-01-27T06:00:00,1.0,228.9635392
DE1,offwind,2021-01-27T09:00:00,1.0,0.0
DE1,offwind,2021-01-27T12:00:00,1.0,182.27031680000002
DE1,offwind,2021-01-27T15:00:00,1.0,176.54112960000003
DE1,offwind,2021-01-27T18:00:00,1.0,120.29212800000002
DE1,offwind,2021-01-27T21:00:00,1.0,68.87168640000002
DE1,offwind,2021-01-28T00:00:00,1.0,71.88403199999999
DE1,offwind,2021-01-28T03:00:00,1.0,61.13553600000001
DE1,offwind,2021-01-28T06:00:00,1.0,48.50560000000002
DE1,offwind,2021-01-28T09:00:00,1.0,36.34026880000002
DE1,offwind,2021-01-28T12:00:00,1.0,47.91346560000001
DE1,offwind,2021-01-28T15:00:00,1.0,35.2836
DE1,offwind,2021-01-28T18:00:00,1.0,50.336897600000015
DE1,offwind,2021-01-28T21:00:00,1.0,40.014233600000004
DE1,offwind,2021-01-29T00:00:00,1.0,79.16251199999999
DE1,offwind,2021-01-29T03:00:00,1.0,86.27988160000001
DE1,offwind,2021-01-29T06:00:00,1.0,51.43205759999999
DE1,offwind,2021-01-29T09:00:00,1.0,0.0
DE1,offwind,2021-01-29T12:00:00,1.0,0.0
DE1,offwind,2021-01-29T15:00:00,1.0,0.0
DE1,offwind,2021-01-29T18:00:00,1.0,74.06935359999999
DE1,offwind,2021-01-29T21:00:00,1.0,83.7929664
DE1,offwind,2021-01-30T00:00:00,1.0,134.81529599999996
DE1,offwind,2021-01-30T03:00:00,1.0,291.49211519999994
DE1,offwind,2021-01-30T06:00:00,1.0,169.82064
DE1,offwind,2021-01-30T09:00:00,1.0,237.29159520000007
DE1,offwind,2021-01-30T12:00:00,1.0,213.07095040000004
DE1,offwind,2021-01-30T15:00:00,1.0,285.938048
DE1,offwind,2021-01-30T18:00:00,1.0,266.20946879999997
DE1,offwind,2021-01-30T21:00:00,1.0,465.42568159999996
DE1,offwind,2021-01-31T00:00:00,1.0,319.64201280000003
DE1,offwind,2021-01-31T03:00:00,1.0,338.55125920000006
DE1,offwind,2021-01-31T06:00:00,1.0,314.88675679999994
DE1,offwind,2021-01-31T09:00:00,1.0,298.07289599999996
DE1,offwind,2021-01-31T12:00:00,1.0,272.76432480000005
DE1,offwind,2021-01-31T15:00:00,1.0,203.82391040000002
DE1,offwind,2021-01-31T18:00:00,1.0,281.0715776
DE1,offwind,2021-01-31T21:00:00,1.0,301.81504320000005
DE1,offwind,2021-02-01T00:00:00,1.0,228.37196799999995
DE1,offwind,2021-02-01T03:00:00,1.0,157.32759680000004
DE1,offwind,2021-02-01T06:00:00,1.0,215.91220639999995
DE1,offwind,2021-02-01T09:00:00,1.0,137.85703360000002
DE1,offwind,2021-02-01T12:00:00,1.0,103.91360319999998
DE1,offwind,2021-02-01T15:00:00,1.0,108.07642560000005
DE1,offwind,2021-02-01T18:00:00,1.0,106.85208160000002
DE1,offwind,2021-02-01T21:00:00,1.0,116.5314304
DE1,offwind,2021-02-02T00:00:00,1.0,70.56332799999998
DE1,offwind,2021-02-02T03:00:00,1.0,47.7855312
DE1,offwind,2021-02-02T06:00:00,1.0,51.177984000000016
DE1,offwind,2021-02-02T09:00:00,1.0,52.18255679999999
DE1,offwind,2021-02-02T12:00:00,1.0,52.0648128
DE1,offwind,2021-02-02T15:00:00,1.0,45.65959199999999
DE1,offwind,2021-02-02T18:00:00,1.0,33.05561600000001
DE1,offwind,2021-02-02T21:00:00,1.0,39.03257600000001
DE1,offwind,2021-02-03T00:00:00,1.0,56.2875456
DE1,offwind,2021-02-03T03:00:00,1.0,58.573750399999994
DE1,offwind,2021-02-03T06:00:00,1.0,57.20044
DE1,offwind,2021-02-03T09:00:00,1.0,54.909623999999994
DE1,offwind,2021-02-03T12:00:00,1.0,52.22448
DE1,offwind,2021-02-03T15:00:00,1.0,64.9202576
DE1,offwind,2021-02-03T18:00:00,1.0,97.12968319999999
DE1,offwind,2021-02-03T21:00:00,1.0,104.741208
DE1,offwind,2021-02-04T00:00:00,1.0,167.90928000000002
DE1,offwind,2021-02-04T03:00:00,1.0,165.58027200000006
DE1,offwind,2021-02-04T06:00:00,1.0,270.0865728
DE1,offwind,2021-02-04T09:00:00,1.0,144.5498736
DE1,offwind,2021-02-04T12:00:00,1.0,184.58144320000002
DE1,offwind,2021-02-04T15:00:00,1.0,188.62687359999998
DE1,offwind,2021-02-04T18:00:00,1.0,191.61762399999995
DE1,offwind,2021-02-04T21:00:00,1.0,240.07756959999998
DE1,offwind,2021-02-05T00:00:00,1.0,192.65906880000003
DE1,offwind,2021-02-05T03:00:00,1.0,193.69504000000003
DE1,offwind,2021-02-05T06:00:00,1.0,212.10638239999997
DE1,offwind,2021-02-05T09:00:00,1.0,230.93685119999992
DE1,offwind,2021-02-05T12:00:00,1.0,254.4970031999999
DE1,offwind,2021-02-05T15:00:00,1.0,177.18472640000007
DE1,offwind,2021-02-05T18:00:00,1.0,155.2726208
DE1,offwind,2021-02-05T21:00:00,1.0,198.60030079999999
DE1,offwind,2021-02-06T00:00:00,1.0,201.586176
DE1,offwind,2021-02-06T03:00:00,1.0,182.91109759999998
DE1,offwind,2021-02-06T06:00:00,1.0,190.01507360000005
DE1,offwind,2021-02-06T09:00:00,1.0,168.63040479999992
DE1,offwind,2021-02-06T12:00:00,1.0,152.63142399999992
DE1,offwind,2021-02-06T15:00:00,1.0,182.73555519999996
DE1,offwind,2021-02-06T18:00:00,1.0,160.018232
DE1,offwind,2021-02-06T21:00:00,1.0,173.9245024
DE1,offwind,2021-02-07T00:00:00,1.0,101.55270400000002
DE1,offwind,2021-02-07T03:00:00,1.0,84.42526400000003
DE1,offwind,2021-02-07T06:00:00,1.0,44.00281599999999
DE1,offwind,2021-02-07T09:00:00,1.0,53.120161599999996
DE1,offwind,2021-02-07T12:00:00,1.0,56.129673600000004
DE1,offwind,2021-02-07T15:00:00,1.0,34.813151999999995
DE1,offwind,2021-02-07T18:00:00,1.0,27.9271344
DE1,offwind,2021-02-07T21:00:00,1.0,34.4047616
DE1,onwind,2021-01-25T00:00:00,1.0,0.0
DE1,onwind,2021-01-25T03:00:00,1.0,1839.1992660990713
DE1,onwind,2021-01-25T06:00:00,1.0,2645.8850677172395
DE1,onwind,2021-01-25T09:00:00,1.0,2590.32115540713
DE1,onwind,2021-01-25T12:00:00,1.0,0.0
DE1,onwind,2021-01-25T15:00:00,1.0,2914.792770964295
DE1,onwind,2021-01-25T18:00:00,1.0,3791.5511993912587
DE1,onwind,2021-01-25T21:00:00,1.0,2706.0873044470854
DE1,onwind,2021-01-26T00:00:00,1.0,3360.0212144761167
DE1,onwind,2021-01-26T03:00:00,1.0,3274.442120033114
DE1,onwind,2021-01-26T06:00:00,1.0,2638.06694327595
DE1,onwind,2021-01-26T09:00:00,1.0,0.0
DE1,onwind,2021-01-26T12:00:00,1.0,0.0
DE1,onwind,2021-01-26T15:00:00,1.0,0.0
DE1,onwind,2021-01-26T18:00:00,1.0,4858.9334095959175
DE1,onwind,2021-01-26T21:00:00,1.0,4066.2920436124778
DE1,onwind,2021-01-27T00:00:00,1.0,3125.9653566919756
DE1,onwind,2021-01-27T03:00:00,1.0,2819.8569905974496
DE1,onwind,2021-01-27T06:00:00,1.0,3771.0617057906566
DE1,onwind,2021-01-27T09:00:00,1.0,0.0
DE1,onwind,2021-01-27T12:00:00,1.0,3002.358762111502
DE1,onwind,2021-01-27T15:00:00,1.0,2907.75684161455
DE1,onwind,2021-01-27T18:00:00,1.0,1981.577905130919
DE1,onwind,2021-01-27T21:00:00,1.0,1134.2759936104364
DE1,onwind,2021-01-28T00:00:00,1.0,1184.2899240337429
DE1,onwind,2021-01-28T03:00:00,1.0,1006.8601440101546
DE1,onwind,2021-01-28T06:00:00,1.0,798.959831429409
DE1,onwind,2021-01-28T09:00:00,1.0,598.5498420041367
DE1,onwind,2021-01-28T12:00:00,1.0,789.1203720165322
DE1,onwind,2021-01-28T15:00:00,1.0,581.145762062639
DE1,onwind,2021-01-28T18:00:00,1.0,828.784008727471
DE1,onwind,2021-01-28T21:00:00,1.0,658.9137472669654
DE1,onwind,2021-01-29T00:00:00,1.0,1303.5984315212988
DE1,onwind,2021-01-29T03:00:00,1.0,1421.5255818394419
DE1,onwind,2021-01-29T06:00:00,1.0,847.3535689215541
DE1,onwind,2021-01-29T09:00:00,1.0,0.0
DE1,onwind,2021-01-29T12:00:00,1.0,0.0
DE1,onwind,2021-01-29T15:00:00,1.0,0.0
DE1,onwind,2021-01-29T18:00:00,1.0,1219.7320031348336
DE1,onwind,2021-01-29T21:00:00,1.0,1380.2513183827264
DE1,onwind,2021-01-30T00:00:00,1.0,2220.5029512753863
DE1,onwind,2021-01-30T03:00:00,1.0,4801.462318793136
DE1,onwind,2021-01-30T06:00:00,1.0,2797.168549849971
DE1,onwind,2021-01-30T09:00:00,1.0,3908.29278046751
DE1,onwind,2021-01-30T12:00:00,1.0,3509.315567794721
DE1,onwind,2021-01-30T15:00:00,1.0,4709.241740711045
DE1,onwind,2021-01-30T18:00:00,1.0,4384.976754758167
DE1,onwind,2021-01-30T21:00:00,1.0,7666.210547540895
DE1,onwind,2021-01-31T00:00:00,1.0,5264.93284008607
DE1,onwind,2021-01-31T03:00:00,1.0,5575.894132025771
DE1,onwind,2021-01-31T06:00:00,1.0,5186.6690076060195
DE1,onwind,2021-01-31T09:00:00,1.0,4909.098485748289
DE1,onwind,2021-01-31T12:00:00,1.0,4492.5064181827165
DE1,onwind,2021-01-31T15:00:00,1.0,3356.950468967934
DE1,onwind,2021-01-31T18:00:00,1.0,4629.446999696747
DE1,onwind,2021-01-31T21:00:00,1.0,4971.10649940574
DE1,onwind,2021-02-01T00:00:00,1.0,3761.045909693873
DE1,onwind,2021-02-01T03:00:00,1.0,2591.1712704148995
DE1,onwind,2021-02-01T06:00:00,1.0,3556.104418252319
DE1,onwind,2021-02-01T09:00:00,1.0,2270.6858843071404
DE1,onwind,2021-02-01T12:00:00,1.0,1711.6660712914156
DE1,onwind,2021-02-01T15:00:00,1.0,1780.0949085784368
DE1,onwind,2021-02-01T18:00:00,1.0,1760.1793861008596
DE1,onwind,2021-02-01T21:00:00,1.0,1919.2038254461181
DE1,onwind,2021-02-02T00:00:00,1.0,1162.5313165055636
DE1,onwind,2021-02-02T03:00:00,1.0,786.9947656242637
DE1,onwind,2021-02-02T06:00:00,1.0,842.9779957270289
DE1,onwind,2021-02-02T09:00:00,1.0,859.4834919881459
DE1,onwind,2021-02-02T12:00:00,1.0,857.4918121912498
DE1,onwind,2021-02-02T15:00:00,1.0,752.0456639432817
DE1,onwind,2021-02-02T18:00:00,1.0,544.2521737659875
DE1,onwind,2021-02-02T21:00:00,1.0,642.7488072055094
DE1,onwind,2021-02-03T00:00:00,1.0,926.9078798098724
DE1,onwind,2021-02-03T03:00:00,1.0,965.0463476977957
DE1,onwind,2021-02-03T06:00:00,1.0,942.3888376163906
DE1,onwind,2021-02-03T09:00:00,1.0,904.6183489928954
DE1,onwind,2021-02-03T12:00:00,1.0,860.2105220773108
DE1,onwind,2021-02-03T15:00:00,1.0,1069.642699810841
DE1,onwind,2021-02-03T18:00:00,1.0,1599.4764000935982
DE1,onwind,2021-02-03T21:00:00,1.0,1725.314147978408
DE1,onwind,2021-02-04T00:00:00,1.0,2765.5841944412996
DE1,onwind,2021-02-04T03:00:00,1.0,2727.440624587839
DE1,onwind,2021-02-04T06:00:00,1.0,4448.6798964656155
DE1,onwind,2021-02-04T09:00:00,1.0,2380.7974611667623
DE1,onwind,2021-02-04T12:00:00,1.0,3040.088435010693
DE1,onwind,2021-02-04T15:00:00,1.0,3106.58043863035
DE1,onwind,2021-02-04T18:00:00,1.0,3156.307064619298
DE1,onwind,2021-02-04T21:00:00,1.0,3954.412635693938
DE1,onwind,2021-02-05T00:00:00,1.0,3173.3533692274436
DE1,onwind,2021-02-05T03:00:00,1.0,3190.131501771998
DE1,onwind,2021-02-05T06:00:00,1.0,3493.718221399367
DE1,onwind,2021-02-05T09:00:00,1.0,3803.4043408274124
DE1,onwind,2021-02-05T12:00:00,1.0,4191.638408441407
DE1,onwind,2021-02-05T15:00:00,1.0,2918.206942527756
DE1,onwind,2021-02-05T18:00:00,1.0,2557.4495103186514
DE1,onwind,2021-02-05T21:00:00,1.0,3271.086939946189
DE1,onwind,2021-02-06T00:00:00,1.0,3319.9121123991417
DE1,onwind,2021-02-06T03:00:00,1.0,3012.529211538656
DE1,onwind,2021-02-06T06:00:00,1.0,3129.5749973101106
DE1,onwind,2021-02-06T09:00:00,1.0,2777.563609524519
DE1,onwind,2021-02-06T12:00:00,1.0,2514.1465778148886
DE1,onwind,2021-02-06T15:00:00,1.0,3009.7833974606733
DE1,onwind,2021-02-06T18:00:00,1.0,2635.9878923192164
DE1,onwind,2021-02-06T21:00:00,1.0,2864.4338201214814
DE1,onwind,2021-02-07T00:00:00,1.0,1673.0815002917648
DE1,onwind,2021-02-07T03:00:00,1.0,1390.4259131568806
DE1,onwind,2021-02-07T06:00:00,1.0,724.7922395306782
DE1,onwind,2021-02-07T09:00:00,1.0,874.9265039259752
DE1,onwind,2021-02-07T12:00:00,1.0,924.4388473623275
DE1,onwind,2021-02-07T15:00:00,1.0,573.3971519018038
DE1,onwind,2021-02-07T18:00:00,1.0,459.81304974788213
DE1,onwind,2021-02-07T21:00:00,1.0,566.5426612015029
DE1,solar,2021-01-25T00:00:00,1.0,0.0
DE1,solar,2021-01-25T03:00:00,1.0,0.0
DE1,solar,2021-01-25T06:00:00,1.0,0.0
DE1,solar,2021-01-25T09:00:00,1.0,644.6878185000002
DE1,solar,2021-01-25T12:00:00,1.0,2652.32
DE1,solar,2021-01-25T15:00:00,1.0,2048.284854
DE1,solar,2021-01-25T18:00:00,1.0,0.0
DE1,solar,2021-01-25T21:00:00,1.0,0.0
DE1,solar,2021-01-26T00:00:00,1.0,0.0
DE1,solar,2021-01-26T03:00:00,1.0,0.0
DE1,solar,2021-01-26T06:00:00,1.0,0.0
DE1,solar,2021-01-26T09:00:00,1.0,0.0
DE1,solar,2021-01-26T12:00:00,1.0,2168.32
DE1,solar,2021-01-26T15:00:00,1.0,2637.787053
DE1,solar,2021-01-26T18:00:00,1.0,0.0
DE1,solar,2021-01-26T21:00:00,1.0,0.0
DE1,solar,2021-01-27T00:00:00,1.0,0.0
DE1,solar,2021-01-27T03:00:00,1.0,0.0
DE1,solar,2021-01-27T06:00:00,1.0,0.0
DE1,solar,2021-01-27T09:00:00,1.0,1496.428659
DE1,solar,2021-01-27T12:00:00,1.0,1882.7599999999995
DE1,solar,2021-01-27T15:00:00,1.0,2112.8819744999996
DE1,solar,2021-01-27T18:00:00,1.0,0.0
DE1,solar,2021-01-27T21:00:00,1.0,0.0
DE1,solar,2021-01-28T00:00:00,1.0,0.0
DE1,solar,2021-01-28T03:00:00,1.0,0.0
DE1,solar,2021-01-28T06:00:00,1.0,0.0
DE1,solar,2021-01-28T09:00:00,1.0,1189.2714899999999
DE1,solar,2021-01-28T12:00:00,1.0,961.9500000000002
DE1,solar,2021-01-28T15:00:00,1.0,1552.4698694999997
DE1,solar,2021-01-28T18:00:00,1.0,0.0
DE1,solar,2021-01-28T21:00:00,1.0,0.0
DE1,solar,2021-01-29T00:00:00,1.0,0.0
DE1,solar,2021-01-29T03:00:00,1.0,0.0
DE1,solar,2021-01-29T06:00:00,1.0,0.0
DE1,solar,2021-01-29T09:00:00,1.0,1427.5535834999998
DE1,solar,2021-01-29T12:00:00,1.0,2726.13
DE1,solar,2021-01-29T15:00:00,1.0,2606.130186
DE1,solar,2021-01-29T18:00:00,1.0,0.0
DE1,solar,2021-01-29T21:00:00,1.0,0.0
DE1,solar,2021-01-30T00:00:00,1.0,0.0
DE1,solar,2021-01-30T03:00:00,1.0,0.0
DE1,solar,2021-01-30T06:00:00,1.0,0.0
DE1,solar,2021-01-30T09:00:00,1.0,1037.4040874999996
DE1,solar,2021-01-30T12:00:00,1.0,1609.3000000000002
DE1,solar,2021-01-30T15:00:00,1.0,1883.5835865
DE1,solar,2021-01-30T18:00:00,1.0,0.0
DE1,solar,2021-01-30T21:00:00,1.0,0.0
DE1,solar,2021-01-31T00:00:00,1.0,0.0
DE1,solar,2021-01-31T03:00:00,1.0,0.0
DE1,solar,2021-01-31T06:00:00,1.0,0.0
DE1,solar,2021-01-31T09:00:00,1.0,1445.093199
DE1,solar,2021-01-31T12:00:00,1.0,904.4749999999998
DE1,solar,2021-01-31T15:00:00,1.0,2115.020952
DE1,solar,2021-01-31T18:00:00,1.0,0.0
DE1,solar,2021-01-31T21:00:00,1.0,0.0
DE1,solar,2021-02-01T00:00:00,1.0,0.0
DE1,solar,2021-02-01T03:00:00,1.0,0.0
DE1,solar,2021-02-01T06:00:00,1.0,0.0
DE1,solar,2021-02-01T09:00:00,1.0,1573.8596445
DE1,solar,2021-02-01T12:00:00,1.0,2017.0699999999995
DE1,solar,2021-02-01T15:00:00,1.0,1827.1145805
DE1,solar,2021-02-01T18:00:00,1.0,0.0
DE1,solar,2021-02-01T21:00:00,1.0,0.0
DE1,solar,2021-02-02T00:00:00,1.0,0.0
DE1,solar,2021-02-02T03:00:00,1.0,0.0
DE1,solar,2021-02-02T06:00:00,1.0,0.0
DE1,solar,2021-02-02T09:00:00,1.0,1514.8238655000002
DE1,solar,2021-02-02T12:00:00,1.0,1373.9549999999997
DE1,solar,2021-02-02T15:00:00,1.0,1647.4404705
DE1,solar,2021-02-02T18:00:00,1.0,0.0
DE1,solar,2021-02-02T21:00:00,1.0,0.0
DE1,solar,2021-02-03T00:00:00,1.0,0.0
DE1,solar,2021-02-03T03:00:00,1.0,0.0
DE1,solar,2021-02-03T06:00:00,1.0,0.0
DE1,solar,2021-02-03T09:00:00,1.0,1107.990345
DE1,solar,2021-02-03T12:00:00,1.0,2343.165
DE1,solar,2021-02-03T15:00:00,1.0,1107.990345
DE1,solar,2021-02-03T18:00:00,1.0,0.0
DE1,solar,2021-02-03T21:00:00,1.0,0.0
DE1,solar,2021-02-04T00:00:00,1.0,0.0
DE1,solar,2021-02-04T03:00:00,1.0,0.0
DE1,solar,2021-02-04T06:00:00,1.0,0.0
DE1,solar,2021-02-04T09:00:00,1.0,1163.1759645
DE1,solar,2021-02-04T12:00:00,1.0,1409.045
DE1,solar,2021-02-04T15:00:00,1.0,1487.017158
DE1,solar,2021-02-04T18:00:00,1.0,0.0
DE1,solar,2021-02-04T21:00:00,1.0,0.0
DE1,solar,2021-02-05T00:00:00,1.0,0.0
DE1,solar,2021-02-05T03:00:00,1.0,0.0
DE1,solar,2021-02-05T06:00:00,1.0,0.0
DE1,solar,2021-02-05T09:00:00,1.0,1059.6494535
DE1,solar,2021-02-05T12:00:00,1.0,1420.54
DE1,solar,2021-02-05T15:00:00,1.0,2276.2998555
DE1,solar,2021-02-05T18:00:00,1.0,0.0
DE1,solar,2021-02-05T21:00:00,1.0,0.0
DE1,solar,2021-02-06T00:00:00,1.0,0.0
DE1,solar,2021-02-06T03:00:00,1.0,0.0
DE1,solar,2021-02-06T06:00:00,1.0,0.0
DE1,solar,2021-02-06T09:00:00,1.0,1750.9669815
DE1,solar,2021-02-06T12:00:00,1.0,1706.7050000000002
DE1,solar,2021-02-06T15:00:00,1.0,2106.465042
DE1,solar,2021-02-06T18:00:00,1.0,0.0
DE1,solar,2021-02-06T21:00:00,1.0,0.0
DE1,solar,2021-02-07T00:00:00,1.0,0.0
DE1,solar,2021-02-07T03:00:00,1.0,0.0
DE1,solar,2021-02-07T06:00:00,1.0,0.0
DE1,solar,2021-02-07T09:00:00,1.0,795.2718344999997
DE1,solar,2021-02-07T12:00:00,1.0,1630.4750000000004
DE1,solar,2021-02-07T15:00:00,1.0,2394.3714134999996
DE1,solar,2021-02-07T18:00:00,1.0,0.0
DE1,solar,2021-02-07T21:00:00,1.0,0.0
DE2,ccgt,2021-01-25T00:00:00,1.0,636.0
DE2,ccgt,2021-01-25T03:00:00,1.0,2120.0
DE2,ccgt,2021-01-25T06:00:00,1.0,2120.0
DE2,ccgt,2021-01-25T09:00:00,1.0,636.0
DE2,ccgt,2021-01-25T12:00:00,1.0,636.0
DE2,ccgt,2021-01-25T15:00:00,1.0,636.0
DE2,ccgt,2021-01-25T18:00:00,1.0,636.0
DE2,ccgt,2021-01-25T21:00:00,1.0,636.0
DE2,ccgt,2021-01-26T00:00:00,1.0,636.0
DE2,ccgt,2021-01-26T03:00:00,1.0,2120.0
DE2,ccgt,2021-01-26T06:00:00,1.0,2120.0
DE2,ccgt,2021-01-26T09:00:00,1.0,636.0
DE2,ccgt,2021-01-26T12:00:00,1.0,636.0
DE2,ccgt,2021-01-26T15:00:00,1.0,636.0
DE2,ccgt,2021-01-26T18:00:00,1.0,636.0
DE2,ccgt,2021-01-26T21:00:00,1.0,636.0
DE2,ccgt,2021-01-27T00:00:00,1.0,636.0
DE2,ccgt,2021-01-27T03:00:00,1.0,636.0
DE2,ccgt,2021-01-27T06:00:00,1.0,2120.0
DE2,ccgt,2021-01-27T09:00:00,1.0,636.0
DE2,ccgt,2021-01-27T12:00:00,1.0,636.0
DE2,ccgt,2021-01-27T15:00:00,1.0,636.0
DE2,ccgt,2021-01-27T18:00:00,1.0,636.0
DE2,ccgt,2021-01-27T21:00:00,1.0,2120.0
DE2,ccgt,2021-01-28T00:00:00,1.0,2120.0
DE2,ccgt,2021-01-28T03:00:00,1.0,2120.0
DE2,ccgt,2021-01-28T06:00:00,1.0,2120.0
DE2,ccgt,2021-01-28T09:00:00,1.0,636.0
DE2,ccgt,2021-01-28T12:00:00,1.0,636.0
DE2,ccgt,2021-01-28T15:00:00,1.0,636.0
DE2,ccgt,2021-01-28T18:00:00,1.0,2120.0
DE2,ccgt,2021-01-28T21:00:00,1.0,2120.0
DE2,ccgt,2021-01-29T00:00:00,1.0,2120.0
DE2,ccgt,2021-01-29T03:00:00,1.0,2120.0
DE2,ccgt,2021-01-29T06:00:00,1.0,2120.0
DE2,ccgt,2021-01-29T09:00:00,1.0,636.0
DE2,ccgt,2021-01-29T12:00:00,1.0,636.0
DE2,ccgt,2021-01-29T15:00:00,1.0,636.0
DE2,ccgt,2021-01-29T18:00:00,1.0,636.0
DE2,ccgt,2021-01-29T21:00:00,1.0,636.0
DE2,ccgt,2021-01-30T00:00:00,1.0,2120.0
DE2,ccgt,2021-01-30T03:00:00,1.0,2120.0
DE2,ccgt,2021-01-30T06:00:00,1.0,2120.0
DE2,ccgt,2021-01-30T09:00:00,1.0,636.0
DE2,ccgt,2021-01-30T12:00:00,1.0,636.0
DE2,ccgt,2021-01-30T15:00:00,1.0,636.0
DE2,ccgt,2021-01-30T18:00:00,1.0,636.0
DE2,ccgt,2021-01-30T21:00:00,1.0,636.0
DE2,ccgt,2021-01-31T00:00:00,1.0,636.0
DE2,ccgt,2021-01-31T03:00:00,1.0,2120.0
DE2,ccgt,2021-01-31T06:00:00,1.0,2120.0
DE2,ccgt,2021-01-31T09:00:00,1.0,636.0
DE2,ccgt,2021-01-31T12:00:00,1.0,636.0
DE2,ccgt,2021-01-31T15:00:00,1.0,636.0
DE2,ccgt,2021-01-31T18:00:00,1.0,636.0
DE2,ccgt,2021-01-31T21:00:00,1.0,636.0
DE2,ccgt,2021-02-01T00:00:00,1.0,2120.0
DE2,ccgt,2021-02-01T03:00:00,1.0,2120.0
DE2,ccgt,2021-02-01T06:00:00,1.0,2120.0
DE2,ccgt,2021-02-01T09:00:00,1.0,636.0
DE2,ccgt,2021-02-01T12:00:00,1.0,636.0
DE2,ccgt,2021-02-01T15:00:00,1.0,636.0
DE2,ccgt,2021-02-01T18:00:00,1.0,636.0
DE2,ccgt,2021-02-01T21:00:00,1.0,636.0
DE2,ccgt,2021-02-02T00:00:00,1.0,636.0
DE2,ccgt,2021-02-02T03:00:00,1.0,2120.0
DE2,ccgt,2021-02-02T06:00:00,1.0,2120.0
DE2,ccgt,2021-02-02T09:00:00,1.0,636.0
DE2,ccgt,2021-02-02T12:00:00,1.0,636.0
DE2,ccgt,2021-02-02T15:00:00,1.0,636.0
DE2,ccgt,2021-02-02T18:00:00,1.0,636.0
DE2,ccgt,2021-02-02T21:00:00,1.0,2120.0
DE2,ccgt,2021-02-03T00:00:00,1.0,2120.0
DE2,ccgt,2021-02-03T03:00:00,1.0,2120.0
DE2,ccgt,2021-02-03T06:00:00,1.0,2120.0
DE2,ccgt,2021-02-03T09:00:00,1.0,636.0
DE2,ccgt,2021-02-03T12:00:00,1.0,636.0
DE2,ccgt,2021-02-03T15:00:00,1.0,636.0
DE2,ccgt,2021-02-03T18:00:00,1.0,636.0
DE2,ccgt,2021-02-03T21:00:00,1.0,2120.0
DE2,ccgt,2021-02-04T00:00:00,1.0,2120.0
DE2,ccgt,2021-02-04T03:00:00,1.0,2120.0
DE2,ccgt,2021-02-04T06:00:00,1.0,2120.0
DE2,ccgt,2021-02-04T09:00:00,1.0,636.0
DE2,ccgt,2021-02-04T12:00:00,1.0,636.0
DE2,ccgt,2021-02-04T15:00:00,1.0,636.0
DE2,ccgt,2021-02-04T18:00:00,1.0,636.0
DE2,ccgt,2021-02-04T21:00:00,1.0,2120.0
DE2,ccgt,2021-02-05T00:00:00,1.0,2120.0
DE2,ccgt,2021-02-05T03:00:00,1.0,2120.0
DE2,ccgt,2021-02-05T06:00:00,1.0,2120.0
DE2,ccgt,2021-02-05T09:00:00,1.0,636.0
DE2,ccgt,2021-02-05T12:00:00,1.0,636.0
DE2,ccgt,2021-02-05T15:00:00,1.0,636.0
DE2,ccgt,2021-02-05T18:00:00,1.0,636.0
DE2,ccgt,2021-02-05T21:00:00,1.0,636.0
DE2,ccgt,2021-02-06T00:00:00,1.0,2120.0
DE2,ccgt,2021-02-06T03:00:00,1.0,2120.0
DE2,ccgt,2021-02-06T06:00:00,1.0,2120.0
DE2,ccgt,2021-02-06T09:00:00,1.0,636.0
DE2,ccgt,2021-02-06T12:00:00,1.0,636.0
DE2,ccgt,2021-02-06T15:00:00,1.0,636.0
DE2,ccgt,2021-02-06T18:00:00,1.0,636.0
DE2,ccgt,2021-02-06T21:00:00,1.0,636.0
DE2,ccgt,2021-02-07T00:00:00,1.0,636.0
DE2,ccgt,2021-02-07T03:00:00,1.0,2120.0
DE2,ccgt,2021-02-07T06:00:00,1.0,2120.0
DE2,ccgt,2021-02-07T09:00:00,1.0,636.0
DE2,ccgt,2021-02-07T12:00:00,1.0,636.0
DE2,ccgt,2021-02-07T15:00:00,1.0,636.0
DE2,ccgt,2021-02-07T18:00:00,1.0,636.0
DE2,ccgt,2021-02-07T21:00:00,1.0,636.0
DE2,ocgt,2021-01-25T00:00:00,1.0,0.0
DE2,ocgt,2021-01-25T03:00:00,1.0,920.0
DE2,ocgt,2021-01-25T06:00:00,1.0,920.0
DE2,ocgt,2021-01-25T09:00:00,1.0,0.0
DE2,ocgt,2021-01-25T12:00:00,1.0,0.0
DE2,ocgt,2021-01-25T15:00:00,1.0,0.0
DE2,ocgt,2021-01-25T18:00:00,1.0,0.0
DE2,ocgt,2021-01-25T21:00:00,1.0,0.0
DE2,ocgt,2021-01-26T00:00:00,1.0,0.0
DE2,ocgt,2021-01-26T03:00:00,1.0,0.0
DE2,ocgt,2021-01-26T06:00:00,1.0,0.0
DE2,ocgt,2021-01-26T09:00:00,1.0,0.0
DE2,ocgt,2021-01-26T12:00:00,1.0,0.0
DE2,ocgt,2021-01-26T15:00:00,1.0,0.0
DE2,ocgt,2021-01-26T18:00:00,1.0,0.0
DE2,ocgt,2021-01-26T21:00:00,1.0,0.0
DE2,ocgt,2021-01-27T00:00:00,1.0,0.0
DE2,ocgt,2021-01-27T03:00:00,1.0,0.0
DE2,ocgt,2021-01-27T06:00:00,1.0,0.0
DE2,ocgt,2021-01-27T09:00:00,1.0,0.0
DE2,ocgt,2021-01-27T12:00:00,1.0,0.0
DE2,ocgt,2021-01-27T15:00:00,1.0,0.0
DE2,ocgt,2021-01-27T18:00:00,1.0,0.0
DE2,ocgt,2021-01-27T21:00:00,1.0,0.0
DE2,ocgt,2021-01-28T00:00:00,1.0,0.0
DE2,ocgt,2021-01-28T03:00:00,1.0,0.0
DE2,ocgt,2021-01-28T06:00:00,1.0,0.0
DE2,ocgt,2021-01-28T09:00:00,1.0,0.0
DE2,ocgt,2021-01-28T12:00:00,1.0,0.0
DE2,ocgt,2021-01-28T15:00:00,1.0,0.0
DE2,ocgt,2021-01-28T18:00:00,1.0,0.0
DE2,ocgt,2021-01-28T21:00:00,1.0,0.0
DE2,ocgt,2021-01-29T00:00:00,1.0,0.0
DE2,ocgt,2021-01-29T03:00:00,1.0,0.0
DE2,ocgt,2021-01-29T06:00:00,1.0,0.0
DE2,ocgt,2021-01-29T09:00:00,1.0,0.0
DE2,ocgt,2021-01-29T12:00:00,1.0,0.0
DE2,ocgt,2021-01-29T15:00:00,1.0,0.0
DE2,ocgt,2021-01-29T18:00:00,1.0,0.0
DE2,ocgt,2021-01-29T21:00:00,1.0,0.0
DE2,ocgt,2021-01-30T00:00:00,1.0,0.0
DE2,ocgt,2021-01-30T03:00:00,1.0,0.0
DE2,ocgt,2021-01-30T06:00:00,1.0,0.0
DE2,ocgt,2021-01-30T09:00:00,1.0,0.0
DE2,ocgt,2021-01-30T12:00:00,1.0,0.0
DE2,ocgt,2021-01-30T15:00:00,1.0,0.0
DE2,ocgt,2021-01-30T18:00:00,1.0,0.0
DE2,ocgt,2021-01-30T21:00:00,1.0,0.0
DE2,ocgt,2021-01-31T00:00:00,1.0,0.0
DE2,ocgt,2021-01-31T03:00:00,1.0,0.0
DE2,ocgt,2021-01-31T06:00:00,1.0,0.0
DE2,ocgt,2021-01-31T09:00:00,1.0,0.0
DE2,ocgt,2021-01-31T12:00:00,1.0,0.0
DE2,ocgt,2021-01-31T15:00:00,1.0,0.0
DE2,ocgt,2021-01-31T18:00:00,1.0,0.0
DE2,ocgt,2021-01-31T21:00:00,1.0,0.0
DE2,ocgt,2021-02-01T00:00:00,1.0,0.0
DE2,ocgt,2021-02-01T03:00:00,1.0,0.0
DE2,ocgt,2021-02-01T06:00:00,1.0,0.0
DE2,ocgt,2021-02-01T09:00:00,1.0,0.0
DE2,ocgt,2021-02-01T12:00:00,1.0,0.0
DE2,ocgt,2021-02-01T15:00:00,1.0,0.0
DE2,ocgt,2021-02-01T18:00:00,1.0,0.0
DE2,ocgt,2021-02-01T21:00:00,1.0,0.0
DE2,ocgt,2021-02-02T00:00:00,1.0,0.0
DE2,ocgt,2021-02-02T03:00:00,1.0,0.0
DE2,ocgt,2021-02-02T06:00:00,1.0,0.0
DE2,ocgt,2021-02-02T09:00:00,1.0,0.0
DE2,ocgt,2021-02-02T12:00:00,1.0,0.0
DE2,ocgt,2021-02-02T15:00:00,1.0,0.0
DE2,ocgt,2021-02-02T18:00:00,1.0,0.0
DE2,ocgt,2021-02-02T21:00:00,1.0,0.0
DE2,ocgt,2021-02-03T00:00:00,1.0,0.0
DE2,ocgt,2021-02-03T03:00:00,1.0,0.0
DE2,ocgt,2021-02-03T06:00:00,1.0,0.0
DE2,ocgt,2021-02-03T09:00:00,1.0,0.0
DE2,ocgt,2021-02-03T12:00:00,1.0,0.0
DE2,ocgt,2021-02-03T15:00:00,1.0,0.0
DE2,ocgt,2021-02-03T18:00:00,1.0,0.0
DE2,ocgt,2021-02-03T21:00:00,1.0,0.0
DE2,ocgt,2021-02-04T00:00:00,1.0,0.0
DE2,ocgt,2021-02-04T03:00:00,1.0,0.0
DE2,ocgt,2021-02-04T06:00:00,1.0,0.0
DE2,ocgt,2021-02-04T09:00:00,1.0,0.0
DE2,ocgt,2021-02-04T12:00:00,1.0,0.0
DE2,ocgt,2021-02-04T15:00:00,1.0,0.0
DE2,ocgt,2021-02-04T18:00:00,1.0,0.0
DE2,ocgt,2021-02-04T21:00:00,1.0,0.0
DE2,ocgt,2021-02-05T00:00:00,1.0,0.0
DE2,ocgt,2021-02-05T03:00:00,1.0,0.0
DE2,ocgt,2021-02-05T06:00:00,1.0,0.0
DE2,ocgt,2021-02-05T09:00:00,1.0,0.0
DE2,ocgt,2021-02-05T12:00:00,1.0,0.0
DE2,ocgt,2021-02-05T15:00:00,1.0,0.0
DE2,ocgt,2021-02-05T18:00:00,1.0,0.0
DE2,ocgt,2021-02-05T21:00:00,1.0,0.0
DE2,ocgt,2021-02-06T00:00:00,1.0,0.0
DE2,ocgt,2021-02-06T03:00:00,1.0,0.0
DE2,ocgt,2021-02-06T06:00:00,1.0,0.0
DE2,ocgt,2021-02-06T09:00:00,1.0,0.0
DE2,ocgt,2021-02-06T12:00:00,1.0,0.0
DE2,ocgt,2021-02-06T15:00:00,1.0,0.0
DE2,ocgt,2021-02-06T18:00:00,1.0,0.0
DE2,ocgt,2021-02-06T21:00:00,1.0,0.0
DE2,ocgt,2021-02-07T00:00:00,1.0,0.0
DE2,ocgt,2021-02-07T03:00:00,1.0,0.0
DE2,ocgt,2021-02-07T06:00:00,1.0,0.0
DE2,ocgt,2021-02-07T09:00:00,1.0,0.0
DE2,ocgt,2021-02-07T12:00:00,1.0,0.0
DE2,ocgt,2021-02-07T15:00:00,1.0,0.0
DE2,ocgt,2021-02-07T18:00:00,1.0,0.0
DE2,ocgt,2021-02-07T21:00:00,1.0,0.0
DE2,offwind,2021-01-25T00:00:00,1.0,0.0
DE2,offwind,2021-01-25T03:00:00,1.0,142.10763839999998
DE2,offwind,2021-01-25T06:00:00,1.0,204.44578559999994
DE2,offwind,2021-01-25T09:00:00,1.0,200.16319679999995
DE2,offwind,2021-01-25T12:00:00,1.0,0.0
DE2,offwind,2021-01-25T15:00:00,1.0,129.0317067484956
DE2,offwind,2021-01-25T18:00:00,1.0,292.9601024
DE2,offwind,2021-01-25T21:00:00,1.0,209.0964960000001
DE2,offwind,2021-01-26T00:00:00,1.0,259.62612479999996
DE2,offwind,2021-01-26T03:00:00,1.0,253.0361567999999
DE2,offwind,2021-01-26T06:00:00,1.0,203.83888
DE2,offwind,2021-01-26T09:00:00,1.0,0.0
DE2,offwind,2021-01-26T12:00:00,1.0,0.0
DE2,offwind,2021-01-26T15:00:00,1.0,0.0
DE2,offwind,2021-01-26T18:00:00,1.0,375.46037759999996
DE2,offwind,2021-01-26T21:00:00,1.0,314.21125120000005
DE2,offwind,2021-01-27T00:00:00,1.0,241.57593599999998
DE2,offwind,2021-01-27T03:00:00,1.0,217.90702079999994
DE2,offwind,2021-01-27T06:00:00,1.0,291.4081408
DE2,offwind,2021-01-27T09:00:00,1.0,0.0
DE2,offwind,2021-01-27T12:00:00,1.0,231.9804032
DE2,offwind,2021-01-27T15:00:00,1.0,224.68871040000005
DE2,offwind,2021-01-27T18:00:00,1.0,153.09907200000004
DE2,offwind,2021-01-27T21:00:00,1.0,87.65487360000002
DE2,offwind,2021-01-28T00:00:00,1.0,91.488768
DE2,offwind,2021-01-28T03:00:00,1.0,77.80886400000001
DE2,offwind,2021-01-28T06:00:00,1.0,61.73440000000003
DE2,offwind,2021-01-28T09:00:00,1.0,46.25125120000003
DE2,offwind,2021-01-28T12:00:00,1.0,60.98077440000001
DE2,offwind,2021-01-28T15:00:00,1.0,44.9064
DE2,offwind,2021-01-28T18:00:00,1.0,64.06514240000003
DE2,offwind,2021-01-28T21:00:00,1.0,50.92720640000001
DE2,offwind,2021-01-29T00:00:00,1.0,100.752288
DE2,offwind,2021-01-29T03:00:00,1.0,109.81075840000001
DE2,offwind,2021-01-29T06:00:00,1.0,65.4589824
DE2,offwind,2021-01-29T09:00:00,1.0,0.0
DE2,offwind,2021-01-29T12:00:00,1.0,0.0
DE2,offwind,2021-01-29T15:00:00,1.0,0.0
DE2,offwind,2021-01-29T18:00:00,1.0,94.27008639999997
DE2,offwind,2021-01-29T21:00:00,1.0,106.64559359999998
DE2,offwind,2021-01-30T00:00:00,1.0,171.58310399999993
DE2,offwind,2021-01-30T03:00:00,1.0,370.98996479999994
DE2,offwind,2021-01-30T06:00:00,1.0,216.13536
DE2,offwind,2021-01-30T09:00:00,1.0,302.0074848000001
DE2,offwind,2021-01-30T12:00:00,1.0,271.18120960000005
DE2,offwind,2021-01-30T15:00:00,1.0,363.921152
DE2,offwind,2021-01-30T18:00:00,1.0,338.8120511999999
DE2,offwind,2021-01-30T21:00:00,1.0,592.3599583999999
DE2,offwind,2021-01-31T00:00:00,1.0,406.8171072
DE2,offwind,2021-01-31T03:00:00,1.0,430.88342080000007
DE2,offwind,2021-01-31T06:00:00,1.0,400.76496319999995
DE2,offwind,2021-01-31T09:00:00,1.0,379.36550399999993
DE2,offwind,2021-01-31T12:00:00,1.0,347.1545952000001
DE2,offwind,2021-01-31T15:00:00,1.0,259.4122496
DE2,offwind,2021-01-31T18:00:00,1.0,357.7274624
DE2,offwind,2021-01-31T21:00:00,1.0,384.1282368000001
DE2,offwind,2021-02-01T00:00:00,1.0,290.65523199999996
DE2,offwind,2021-02-01T03:00:00,1.0,200.23512320000003
DE2,offwind,2021-02-01T06:00:00,1.0,274.79735359999995
DE2,offwind,2021-02-01T09:00:00,1.0,175.45440640000004
DE2,offwind,2021-02-01T12:00:00,1.0,132.25367679999997
DE2,offwind,2021-02-01T15:00:00,1.0,137.55181440000007
DE2,offwind,2021-02-01T18:00:00,1.0,135.99355840000004
DE2,offwind,2021-02-01T21:00:00,1.0,148.3127296
DE2,offwind,2021-02-02T00:00:00,1.0,89.80787199999997
DE2,offwind,2021-02-02T03:00:00,1.0,60.8179488
DE2,offwind,2021-02-02T06:00:00,1.0,65.13561600000001
DE2,offwind,2021-02-02T09:00:00,1.0,66.41416319999999
DE2,offwind,2021-02-02T12:00:00,1.0,66.2643072
DE2,offwind,2021-02-02T15:00:00,1.0,58.11220799999998
DE2,offwind,2021-02-02T18:00:00,1.0,42.070784
DE2,offwind,2021-02-02T21:00:00,1.0,49.677824000000015
DE2,offwind,2021-02-03T00:00:00,1.0,71.63869439999999
DE2,offwind,2021-02-03T03:00:00,1.0,74.5484096
DE2,offwind,2021-02-03T06:00:00,1.0,72.80056
DE2,offwind,2021-02-03T09:00:00,1.0,69.884976
DE2,offwind,2021-02-03T12:00:00,1.0,66.46752
DE2,offwind,2021-02-03T15:00:00,1.0,82.62578239999999
DE2,offwind,2021-02-03T18:00:00,1.0,123.61959679999998
DE2,offwind,2021-02-03T21:00:00,1.0,133.30699199999998
DE2,offwind,2021-02-04T00:00:00,1.0,213.70272000000003
DE2,offwind,2021-02-04T03:00:00,1.0,210.73852800000006
DE2,offwind,2021-02-04T06:00:00,1.0,343.7465472
DE2,offwind,2021-02-04T09:00:00,1.0,183.9725664
DE2,offwind,2021-02-04T12:00:00,1.0,234.92183680000002
DE2,offwind,2021-02-04T15:00:00,1.0,240.07056639999996
DE2,offwind,2021-02-04T18:00:00,1.0,243.87697599999996
DE2,offwind,2021-02-04T21:00:00,1.0,305.5532704
DE2,offwind,2021-02-05T00:00:00,1.0,245.20245120000004
DE2,offwind,2021-02-05T03:00:00,1.0,246.52096000000003
DE2,offwind,2021-02-05T06:00:00,1.0,269.95357759999996
DE2,offwind,2021-02-05T09:00:00,1.0,293.91962879999994
DE2,offwind,2021-02-05T12:00:00,1.0,323.9052767999999
DE2,offwind,2021-02-05T15:00:00,1.0,225.50783360000008
DE2,offwind,2021-02-05T18:00:00,1.0,197.61969919999999
DE2,offwind,2021-02-05T21:00:00,1.0,252.76401919999998
DE2,offwind,2021-02-06T00:00:00,1.0,256.56422399999997
DE2,offwind,2021-02-06T03:00:00,1.0,232.79594239999997
DE2,offwind,2021-02-06T06:00:00,1.0,241.83736640000006
DE2,offwind,2021-02-06T09:00:00,1.0,214.62051519999991
DE2,offwind,2021-02-06T12:00:00,1.0,194.2581759999999
DE2,offwind,2021-02-06T15:00:00,1.0,232.57252479999994
DE2,offwind,2021-02-06T18:00:00,1.0,203.65956800000004
DE2,offwind,2021-02-06T21:00:00,1.0,221.3584576
DE2,offwind,2021-02-07T00:00:00,1.0,129.24889600000003
DE2,offwind,2021-02-07T03:00:00,1.0,107.45033600000004
DE2,offwind,2021-02-07T06:00:00,1.0,56.00358399999998
DE2,offwind,2021-02-07T09:00:00,1.0,67.6074784
DE2,offwind,2021-02-07T12:00:00,1.0,71.4377664
DE2,offwind,2021-02-07T15:00:00,1.0,44.30764799999999
DE2,offwind,2021-02-07T18:00:00,1.0,35.5436256
DE2,offwind,2021-02-07T21:00:00,1.0,43.7878784
DE2,onwind,2021-01-25T00:00:00,1.0,0.0
DE2,onwind,2021-01-25T03:00:00,1.0,524.8710739999999
DE2,onwind,2021-01-25T06:00:00,1.0,755.0832379999997
DE2,onwind,2021-01-25T09:00:00,1.0,739.226397
DE2,onwind,2021-01-25T12:00:00,1.0,0.0
DE2,onwind,2021-01-25T15:00:00,1.0,831.8241749999999
DE2,onwind,2021-01-25T18:00:00,1.0,1082.0336800000002
DE2,onwind,2021-01-25T21:00:00,1.0,772.2637650000004
DE2,onwind,2021-01-26T00:00:00,1.0,958.8835619999999
DE2,onwind,2021-01-26T03:00:00,1.0,934.4609819999997
DE2,onwind,2021-01-26T06:00:00,1.0,752.8521
DE2,onwind,2021-01-26T09:00:00,1.0,0.0
DE2,onwind,2021-01-26T12:00:00,1.0,0.0
DE2,onwind,2021-01-26T15:00:00,1.0,0.0
DE2,onwind,2021-01-26T18:00:00,1.0,1386.6434399999994
DE2,onwind,2021-01-26T21:00:00,1.0,1160.4392800000005
DE2,onwind,2021-01-27T00:00:00,1.0,892.088652
DE2,onwind,2021-01-27T03:00:00,1.0,804.7313819999997
DE2,onwind,2021-01-27T06:00:00,1.0,1076.186384
DE2,onwind,2021-01-27T09:00:00,1.0,0.0
DE2,onwind,2021-01-27T12:00:00,1.0,856.8137760000001
DE2,onwind,2021-01-27T15:00:00,1.0,829.81626
DE2,onwind,2021-01-27T18:00:00,1.0,565.5031200000001
DE2,onwind,2021-01-27T21:00:00,1.0,323.6999220000001
DE2,onwind,2021-01-28T00:00:00,1.0,337.97290799999996
DE2,onwind,2021-01-28T03:00:00,1.0,287.33796
DE2,onwind,2021-01-28T06:00:00,1.0,228.00732500000012
DE2,onwind,2021-01-28T09:00:00,1.0,170.8142800000001
DE2,onwind,2021-01-28T12:00:00,1.0,225.19933800000004
DE2,onwind,2021-01-28T15:00:00,1.0,165.84750000000003
DE2,onwind,2021-01-28T18:00:00,1.0,236.51855500000008
DE2,onwind,2021-01-28T21:00:00,1.0,188.04094400000002
DE2,onwind,2021-01-29T00:00:00,1.0,372.0211949999999
DE2,onwind,2021-01-29T03:00:00,1.0,405.67527
DE2,onwind,2021-01-29T06:00:00,1.0,241.81793999999996
DE2,onwind,2021-01-29T09:00:00,1.0,0.0
DE2,onwind,2021-01-29T12:00:00,1.0,0.0
DE2,onwind,2021-01-29T15:00:00,1.0,0.0
DE2,onwind,2021-01-29T18:00:00,1.0,348.0873759999999
DE2,onwind,2021-01-29T21:00:00,1.0,393.89641199999994
DE2,onwind,2021-01-30T00:00:00,1.0,633.6875999999997
DE2,onwind,2021-01-30T03:00:00,1.0,1370.2423279999998
DE2,onwind,2021-01-30T06:00:00,1.0,798.25655
DE2,onwind,2021-01-30T09:00:00,1.0,1115.3494170000004
DE2,onwind,2021-01-30T12:00:00,1.0,1001.4892160000002
DE2,onwind,2021-01-30T15:00:00,1.0,1343.9244
DE2,onwind,2021-01-30T18:00:00,1.0,1251.3855899999999
DE2,onwind,2021-01-30T21:00:00,1.0,2187.7847809999994
DE2,onwind,2021-01-31T00:00:00,1.0,1502.507643
DE2,onwind,2021-01-31T03:00:00,1.0,1591.2498420000002
DE2,onwind,2021-01-31T06:00:00,1.0,1480.1726939999999
DE2,onwind,2021-01-31T09:00:00,1.0,1400.95956
DE2,onwind,2021-01-31T12:00:00,1.0,1282.0724280000002
DE2,onwind,2021-01-31T15:00:00,1.0,958.0072319999999
DE2,onwind,2021-01-31T18:00:00,1.0,1321.1525599999998
DE2,onwind,2021-01-31T21:00:00,1.0,1418.6554200000003
DE2,onwind,2021-02-01T00:00:00,1.0,1073.328074
DE2,onwind,2021-02-01T03:00:00,1.0,739.4690030000002
DE2,onwind,2021-02-01T06:00:00,1.0,1014.8418279999999
DE2,onwind,2021-02-01T09:00:00,1.0,648.0088160000001
DE2,onwind,2021-02-01T12:00:00,1.0,488.47562399999987
DE2,onwind,2021-02-01T15:00:00,1.0,508.0038600000002
DE2,onwind,2021-02-01T18:00:00,1.0,502.3203640000001
DE2,onwind,2021-02-01T21:00:00,1.0,547.7027919999999
DE2,onwind,2021-02-02T00:00:00,1.0,331.76343199999985
DE2,onwind,2021-02-02T03:00:00,1.0,224.592732
DE2,onwind,2021-02-02T06:00:00,1.0,240.56923800000007
DE2,onwind,2021-02-02T09:00:00,1.0,245.27958
DE2,onwind,2021-02-02T12:00:00,1.0,244.711194
DE2,onwind,2021-02-02T15:00:00,1.0,214.61894999999998
DE2,onwind,2021-02-02T18:00:00,1.0,155.3188
DE2,onwind,2021-02-02T21:00:00,1.0,183.42779000000004
DE2,onwind,2021-02-03T00:00:00,1.0,264.52116599999994
DE2,onwind,2021-02-03T03:00:00,1.0,275.40513
DE2,onwind,2021-02-03T06:00:00,1.0,268.939125
DE2,onwind,2021-02-03T09:00:00,1.0,258.160175
DE2,onwind,2021-02-03T12:00:00,1.0,245.48706000000004
DE2,onwind,2021-02-03T15:00:00,1.0,305.254859
DE2,onwind,2021-02-03T18:00:00,1.0,456.4589119999999
DE2,onwind,2021-02-03T21:00:00,1.0,492.370515
DE2,onwind,2021-02-04T00:00:00,1.0,789.243
DE2,onwind,2021-02-04T03:00:00,1.0,778.3575800000002
DE2,onwind,2021-02-04T06:00:00,1.0,1269.5652059999998
DE2,onwind,2021-02-04T09:00:00,1.0,679.4324810000002
DE2,onwind,2021-02-04T12:00:00,1.0,867.581078
DE2,onwind,2021-02-04T15:00:00,1.0,886.5565799999999
DE2,onwind,2021-02-04T18:00:00,1.0,900.747575
DE2,onwind,2021-02-04T21:00:00,1.0,1128.5111109999998
DE2,onwind,2021-02-05T00:00:00,1.0,905.612253
DE2,onwind,2021-02-05T03:00:00,1.0,910.4004000000001
DE2,onwind,2021-02-05T06:00:00,1.0,997.038042
DE2,onwind,2021-02-05T09:00:00,1.0,1085.4163319999998
DE2,onwind,2021-02-05T12:00:00,1.0,1196.2106519999998
DE2,onwind,2021-02-05T15:00:00,1.0,832.7985120000002
DE2,onwind,2021-02-05T18:00:00,1.0,729.84548
DE2,onwind,2021-02-05T21:00:00,1.0,933.50348
DE2,onwind,2021-02-06T00:00:00,1.0,947.4372179999999
DE2,onwind,2021-02-06T03:00:00,1.0,859.716221
DE2,onwind,2021-02-06T06:00:00,1.0,893.1187720000004
DE2,onwind,2021-02-06T09:00:00,1.0,792.6616879999997
DE2,onwind,2021-02-06T12:00:00,1.0,717.4876799999997
DE2,onwind,2021-02-06T15:00:00,1.0,858.9326199999998
DE2,onwind,2021-02-06T18:00:00,1.0,752.2587800000001
DE2,onwind,2021-02-06T21:00:00,1.0,817.452727
DE2,onwind,2021-02-07T00:00:00,1.0,477.46435100000014
DE2,onwind,2021-02-07T03:00:00,1.0,396.80004000000014
DE2,onwind,2021-02-07T06:00:00,1.0,206.84136199999995
DE2,onwind,2021-02-07T09:00:00,1.0,249.68671000000003
DE2,onwind,2021-02-07T12:00:00,1.0,263.816553
DE2,onwind,2021-02-07T15:00:00,1.0,163.63619999999997
DE2,onwind,2021-02-07T18:00:00,1.0,131.22154500000002
DE2,onwind,2021-02-07T21:00:00,1.0,161.68006400000002
DE2,solar,2021-01-25T00:00:00,1.0,0.0
DE2,solar,2021-01-25T03:00:00,1.0,0.0
DE2,solar,2021-01-25T06:00:00,1.0,0.0
DE2,solar,2021-01-25T09:00:00,1.0,11765.251650511434
DE2,solar,2021-01-25T12:00:00,1.0,48403.60149861352
DE2,solar,2021-01-25T15:00:00,1.0,37380.24213845304
DE2,solar,2021-01-25T18:00:00,1.0,0.0
DE2,solar,2021-01-25T21:00:00,1.0,0.0
DE2,solar,2021-01-26T00:00:00,1.0,0.0
DE2,solar,2021-01-26T03:00:00,1.0,0.0
DE2,solar,2021-01-26T06:00:00,1.0,0.0
DE2,solar,2021-01-26T09:00:00,1.0,10605.428915755369
DE2,solar,2021-01-26T12:00:00,1.0,39570.827502516164
DE2,solar,2021-01-26T15:00:00,1.0,48138.3820020262
DE2,solar,2021-01-26T18:00:00,1.0,0.0
DE2,solar,2021-01-26T21:00:00,1.0,0.0
DE2,solar,2021-01-27T00:00:00,1.0,0.0
DE2,solar,2021-01-27T03:00:00,1.0,0.0
DE2,solar,2021-01-27T06:00:00,1.0,0.0
DE2,solar,2021-01-27T09:00:00,1.0,27309.124269070326
DE2,solar,2021-01-27T12:00:00,1.0,34359.49084481871
DE2,solar,2021-01-27T15:00:00,1.0,38559.10942393892
DE2,solar,2021-01-27T18:00:00,1.0,0.0
DE2,solar,2021-01-27T21:00:00,1.0,0.0
DE2,solar,2021-01-28T00:00:00,1.0,0.0
DE2,solar,2021-01-28T03:00:00,1.0,0.0
DE2,solar,2021-01-28T06:00:00,1.0,0.0
DE2,solar,2021-01-28T09:00:00,1.0,21703.64936192553
DE2,solar,2021-01-28T12:00:00,1.0,17555.1383172435
DE2,solar,2021-01-28T15:00:00,1.0,28331.8501922402
DE2,solar,2021-01-28T18:00:00,1.0,0.0
DE2,solar,2021-01-28T21:00:00,1.0,0.0
DE2,solar,2021-01-29T00:00:00,1.0,0.0
DE2,solar,2021-01-29T03:00:00,1.0,0.0
DE2,solar,2021-01-29T06:00:00,1.0,0.0
DE2,solar,2021-01-29T09:00:00,1.0,13398.646981166916
DE2,solar,2021-01-29T12:00:00,1.0,49750.599533018365
DE2,solar,2021-01-29T15:00:00,1.0,47560.65896145695
DE2,solar,2021-01-29T18:00:00,1.0,0.0
DE2,solar,2021-01-29T21:00:00,1.0,0.0
DE2,solar,2021-01-30T00:00:00,1.0,0.0
DE2,solar,2021-01-30T03:00:00,1.0,0.0
DE2,solar,2021-01-30T06:00:00,1.0,0.0
DE2,solar,2021-01-30T09:00:00,1.0,18932.140180816332
DE2,solar,2021-01-30T12:00:00,1.0,29368.973537023714
DE2,solar,2021-01-30T15:00:00,1.0,34374.52091386983
DE2,solar,2021-01-30T18:00:00,1.0,0.0
DE2,solar,2021-01-30T21:00:00,1.0,0.0
DE2,solar,2021-01-31T00:00:00,1.0,0.0
DE2,solar,2021-01-31T03:00:00,1.0,0.0
DE2,solar,2021-01-31T06:00:00,1.0,0.0
DE2,solar,2021-01-31T09:00:00,1.0,26372.27609517426
DE2,solar,2021-01-31T12:00:00,1.0,16506.246405206934
DE2,solar,2021-01-31T15:00:00,1.0,38598.14476451792
DE2,solar,2021-01-31T18:00:00,1.0,0.0
DE2,solar,2021-01-31T21:00:00,1.0,0.0
DE2,solar,2021-02-01T00:00:00,1.0,0.0
DE2,solar,2021-02-01T03:00:00,1.0,0.0
DE2,solar,2021-02-01T06:00:00,1.0,0.0
DE2,solar,2021-02-01T09:00:00,1.0,28722.203598030228
DE2,solar,2021-02-01T12:00:00,1.0,36810.585628735724
DE2,solar,2021-02-01T15:00:00,1.0,33343.98792258416
DE2,solar,2021-02-01T18:00:00,1.0,0.0
DE2,solar,2021-02-01T21:00:00,1.0,0.0
DE2,solar,2021-02-02T00:00:00,1.0,0.0
DE2,solar,2021-02-02T03:00:00,1.0,0.0
DE2,solar,2021-02-02T06:00:00,1.0,0.0
DE2,solar,2021-02-02T09:00:00,1.0,27644.828198049756
DE2,solar,2021-02-02T12:00:00,1.0,25074.03718142137
DE2,solar,2021-02-02T15:00:00,1.0,30065.019313947923
DE2,solar,2021-02-02T18:00:00,1.0,0.0
DE2,solar,2021-02-02T21:00:00,1.0,0.0
DE2,solar,2021-02-03T00:00:00,1.0,0.0
DE2,solar,2021-02-03T03:00:00,1.0,0.0
DE2,solar,2021-02-03T06:00:00,1.0,0.0
DE2,solar,2021-02-03T09:00:00,1.0,20220.30641992343
DE2,solar,2021-02-03T12:00:00,1.0,42761.66710860633
DE2,solar,2021-02-03T15:00:00,1.0,20220.30641992343
DE2,solar,2021-02-03T18:00:00,1.0,0.0
DE2,solar,2021-02-03T21:00:00,1.0,0.0
DE2,solar,2021-02-04T00:00:00,1.0,0.0
DE2,solar,2021-02-04T03:00:00,1.0,0.0
DE2,solar,2021-02-04T06:00:00,1.0,0.0
DE2,solar,2021-02-04T09:00:00,1.0,21227.4182068617
DE2,solar,2021-02-04T12:00:00,1.0,25714.41329613843
DE2,solar,2021-02-04T15:00:00,1.0,27137.368770522717
DE2,solar,2021-02-04T18:00:00,1.0,0.0
DE2,solar,2021-02-04T21:00:00,1.0,0.0
DE2,solar,2021-02-05T00:00:00,1.0,0.0
DE2,solar,2021-02-05T03:00:00,1.0,0.0
DE2,solar,2021-02-05T06:00:00,1.0,0.0
DE2,solar,2021-02-05T09:00:00,1.0,19338.107722837965
DE2,solar,2021-02-05T12:00:00,1.0,25924.191678545743
DE2,solar,2021-02-05T15:00:00,1.0,41541.40944417473
DE2,solar,2021-02-05T18:00:00,1.0,0.0
DE2,solar,2021-02-05T21:00:00,1.0,0.0
DE2,solar,2021-02-06T00:00:00,1.0,0.0
DE2,solar,2021-02-06T03:00:00,1.0,0.0
DE2,solar,2021-02-06T06:00:00,1.0,0.0
DE2,solar,2021-02-06T09:00:00,1.0,31954.329797971655
DE2,solar,2021-02-06T12:00:00,1.0,31146.569303738306
DE2,solar,2021-02-06T15:00:00,1.0,38442.00340220191
DE2,solar,2021-02-06T18:00:00,1.0,0.0
DE2,solar,2021-02-06T21:00:00,1.0,0.0
DE2,solar,2021-02-07T00:00:00,1.0,0.0
DE2,solar,2021-02-07T03:00:00,1.0,0.0
DE2,solar,2021-02-07T06:00:00,1.0,0.0
DE2,solar,2021-02-07T09:00:00,1.0,14513.33962727322
DE2,solar,2021-02-07T12:00:00,1.0,29755.407399352982
DE2,solar,2021-02-07T15:00:00,1.0,43696.16024413568
DE2,solar,2021-02-07T18:00:00,1.0,0.0
DE2,solar,2021-02-07T21:00:00,1.0,0.0
DE3,ccgt,2021-01-25T00:00:00,1.0,592.9638897903156
DE3,ccgt,2021-01-25T03:00:00,1.0,1976.546299301052
DE3,ccgt,2021-01-25T06:00:00,1.0,1976.546299301052
DE3,ccgt,2021-01-25T09:00:00,1.0,592.9638897903156
DE3,ccgt,2021-01-25T12:00:00,1.0,592.9638897903156
DE3,ccgt,2021-01-25T15:00:00,1.0,592.9638897903156
DE3,ccgt,2021-01-25T18:00:00,1.0,592.9638897903156
DE3,ccgt,2021-01-25T21:00:00,1.0,592.9638897903156
DE3,ccgt,2021-01-26T00:00:00,1.0,592.9638897903156
DE3,ccgt,2021-01-26T03:00:00,1.0,1976.546299301052
DE3,ccgt,2021-01-26T06:00:00,1.0,1976.546299301052
DE3,ccgt,2021-01-26T09:00:00,1.0,592.9638897903156
DE3,ccgt,2021-01-26T12:00:00,1.0,592.9638897903156
DE3,ccgt,2021-01-26T15:00:00,1.0,592.9638897903156
DE3,ccgt,2021-01-26T18:00:00,1.0,592.9638897903156
DE3,ccgt,2021-01-26T21:00:00,1.0,592.9638897903156
DE3,ccgt,2021-01-27T00:00:00,1.0,592.9638897903156
DE3,ccgt,2021-01-27T03:00:00,1.0,592.9638897903156
DE3,ccgt,2021-01-27T06:00:00,1.0,1976.546299301052
DE3,ccgt,2021-01-27T09:00:00,1.0,592.9638897903156
DE3,ccgt,2021-01-27T12:00:00,1.0,592.9638897903156
DE3,ccgt,2021-01-27T15:00:00,1.0,592.9638897903156
DE3,ccgt,2021-01-27T18:00:00,1.0,592.9638897903156
DE3,ccgt,2021-01-27T21:00:00,1.0,1976.546299301052
DE3,ccgt,2021-01-28T00:00:00,1.0,1976.546299301052
DE3,ccgt,2021-01-28T03:00:00,1.0,1976.546299301052
DE3,ccgt,2021-01-28T06:00:00,1.0,1976.546299301052
DE3,ccgt,2021-01-28T09:00:00,1.0,592.9638897903156
DE3,ccgt,2021-01-28T12:00:00,1.0,592.9638897903156
DE3,ccgt,2021-01-28T15:00:00,1.0,592.9638897903156
DE3,ccgt,2021-01-28T18:00:00,1.0,1976.546299301052
DE3,ccgt,2021-01-28T21:00:00,1.0,1976.546299301052
DE3,ccgt,2021-01-29T00:00:00,1.0,1976.546299301052
DE3,ccgt,2021-01-29T03:00:00,1.0,1976.546299301052
DE3,ccgt,2021-01-29T06:00:00,1.0,1976.546299301052
DE3,ccgt,2021-01-29T09:00:00,1.0,592.9638897903156
DE3,ccgt,2021-01-29T12:00:00,1.0,592.9638897903156
DE3,ccgt,2021-01-29T15:00:00,1.0,592.9638897903156
DE3,ccgt,2021-01-29T18:00:00,1.0,592.9638897903156
DE3,ccgt,2021-01-29T21:00:00,1.0,592.9638897903156
DE3,ccgt,2021-01-30T00:00:00,1.0,1976.546299301052
DE3,ccgt,2021-01-30T03:00:00,1.0,1976.546299301052
DE3,ccgt,2021-01-30T06:00:00,1.0,1976.546299301052
DE3,ccgt,2021-01-30T09:00:00,1.0,592.9638897903156
DE3,ccgt,2021-01-30T12:00:00,1.0,592.9638897903156
DE3,ccgt,2021-01-30T15:00:00,1.0,592.9638897903156
DE3,ccgt,2021-01-30T18:00:00,1.0,592.9638897903156
DE3,ccgt,2021-01-30T21:00:00,1.0,592.9638897903156
DE3,ccgt,2021-01-31T00:00:00,1.0,1052.1607341870833
DE3,ccgt,2021-01-31T03:00:00,1.0,1976.546299301052
DE3,ccgt,2021-01-31T06:00:00,1.0,1976.546299301052
DE3,ccgt,2021-01-31T09:00:00,1.0,592.9638897903156
DE3,ccgt,2021-01-31T12:00:00,1.0,592.9638897903156
DE3,ccgt,2021-01-31T15:00:00,1.0,592.9638897903156
DE3,ccgt,2021-01-31T18:00:00,1.0,592.9638897903156
DE3,ccgt,2021-01-31T21:00:00,1.0,592.9638897903156
DE3,ccgt,2021-02-01T00:00:00,1.0,1976.546299301052
DE3,ccgt,2021-02-01T03:00:00,1.0,1976.546299301052
DE3,ccgt,2021-02-01T06:00:00,1.0,1976.546299301052
DE3,ccgt,2021-02-01T09:00:00,1.0,592.9638897903156
DE3,ccgt,2021-02-01T12:00:00,1.0,592.9638897903156
DE3,ccgt,2021-02-01T15:00:00,1.0,592.9638897903156
DE3,ccgt,2021-02-01T18:00:00,1.0,592.9638897903156
DE3,ccgt,2021-02-01T21:00:00,1.0,592.9638897903156
DE3,ccgt,2021-02-02T00:00:00,1.0,592.9638897903156
DE3,ccgt,2021-02-02T03:00:00,1.0,1976.546299301052
DE3,ccgt,2021-02-02T06:00:00,1.0,1976.546299301052
DE3,ccgt,2021-02-02T09:00:00,1.0,592.9638897903156
DE3,ccgt,2021-02-02T12:00:00,1.0,592.9638897903156
DE3,ccgt,2021-02-02T15:00:00,1.0,592.9638897903156
DE3,ccgt,2021-02-02T18:00:00,1.0,592.9638897903156
DE3,ccgt,2021-02-02T21:00:00,1.0,1976.546299301052
DE3,ccgt,2021-02-03T00:00:00,1.0,1976.546299301052
DE3,ccgt,2021-02-03T03:00:00,1.0,1976.546299301052
DE3,ccgt,2021-02-03T06:00:00,1.0,1976.546299301052
DE3,ccgt,2021-02-03T09:00:00,1.0,592.9638897903156
DE3,ccgt,2021-02-03T12:00:00,1.0,592.9638897903156
DE3,ccgt,2021-02-03T15:00:00,1.0,592.9638897903156
DE3,ccgt,2021-02-03T18:00:00,1.0,592.9638897903156
DE3,ccgt,2021-02-03T21:00:00,1.0,1976.546299301052
DE3,ccgt,2021-02-04T00:00:00,1.0,1976.546299301052
DE3,ccgt,2021-02-04T03:00:00,1.0,1976.546299301052
DE3,ccgt,2021-02-04T06:00:00,1.0,1976.546299301052
DE3,ccgt,2021-02-04T09:00:00,1.0,592.9638897903156
DE3,ccgt,2021-02-04T12:00:00,1.0,592.9638897903156
DE3,ccgt,2021-02-04T15:00:00,1.0,592.9638897903156
DE3,ccgt,2021-02-04T18:00:00,1.0,592.9638897903156
DE3,ccgt,2021-02-04T21:00:00,1.0,592.9638897903156
DE3,ccgt,2021-02-05T00:00:00,1.0,1976.546299301052
DE3,ccgt,2021-02-05T03:00:00,1.0,1976.546299301052
DE3,ccgt,2021-02-05T06:00:00,1.0,1976.546299301052
DE3,ccgt,2021-02-05T09:00:00,1.0,592.9638897903156
DE3,ccgt,2021-02-05T12:00:00,1.0,592.9638897903156
DE3,ccgt,2021-02-05T15:00:00,1.0,592.9638897903156
DE3,ccgt,2021-02-05T18:00:00,1.0,592.9638897903156
DE3,ccgt,2021-02-05T21:00:00,1.0,592.9638897903156
DE3,ccgt,2021-02-06T00:00:00,1.0,1976.546299301052
DE3,ccgt,2021-02-06T03:00:00,1.0,1976.546299301052
DE3,ccgt,2021-02-06T06:00:00,1.0,1976.546299301052
DE3,ccgt,2021-02-06T09:00:00,1.0,592.9638897903156
DE3,ccgt,2021-02-06T12:00:00,1.0,592.9638897903156
DE3,ccgt,2021-02-06T15:00:00,1.0,592.9638897903156
DE3,ccgt,2021-02-06T18:00:00,1.0,592.9638897903156
DE3,ccgt,2021-02-06T21:00:00,1.0,592.9638897903156
DE3,ccgt,2021-02-07T00:00:00,1.0,1976.546299301052
DE3,ccgt,2021-02-07T03:00:00,1.0,1976.546299301052
DE3,ccgt,2021-02-07T06:00:00,1.0,1976.546299301052
DE3,ccgt,2021-02-07T09:00:00,1.0,1976.546299301052
DE3,ccgt,2021-02-07T12:00:00,1.0,592.9638897903156
DE3,ccgt,2021-02-07T15:00:00,1.0,592.9638897903156
DE3,ccgt,2021-02-07T18:00:00,1.0,592.9638897903156
DE3,ccgt,2021-02-07T21:00:00,1.0,592.9638897903156
DE3,ocgt,2021-01-25T00:00:00,1.0,0.0
DE3,ocgt,2021-01-25T03:00:00,1.0,770.0
DE3,ocgt,2021-01-25T06:00:00,1.0,770.0
DE3,ocgt,2021-01-25T09:00:00,1.0,0.0
DE3,ocgt,2021-01-25T12:00:00,1.0,0.0
DE3,ocgt,2021-01-25T15:00:00,1.0,0.0
DE3,ocgt,2021-01-25T18:00:00,1.0,0.0
DE3,ocgt,2021-01-25T21:00:00,1.0,0.0
DE3,ocgt,2021-01-26T00:00:00,1.0,0.0
DE3,ocgt,2021-01-26T03:00:00,1.0,0.0
DE3,ocgt,2021-01-26T06:00:00,1.0,0.0
DE3,ocgt,2021-01-26T09:00:00,1.0,0.0
DE3,ocgt,2021-01-26T12:00:00,1.0,0.0
DE3,ocgt,2021-01-26T15:00:00,1.0,0.0
DE3,ocgt,2021-01-26T18:00:00,1.0,0.0
DE3,ocgt,2021-01-26T21:00:00,1.0,0.0
DE3,ocgt,2021-01-27T00:00:00,1.0,0.0
DE3,ocgt,2021-01-27T03:00:00,1.0,0.0
DE3,ocgt,2021-01-27T06:00:00,1.0,0.0
DE3,ocgt,2021-01-27T09:00:00,1.0,0.0
DE3,ocgt,2021-01-27T12:00:00,1.0,0.0
DE3,ocgt,2021-01-27T15:00:00,1.0,0.0
DE3,ocgt,2021-01-27T18:00:00,1.0,0.0
DE3,ocgt,2021-01-27T21:00:00,1.0,0.0
DE3,ocgt,2021-01-28T00:00:00,1.0,0.0
DE3,ocgt,2021-01-28T03:00:00,1.0,0.0
DE3,ocgt,2021-01-28T06:00:00,1.0,0.0
DE3,ocgt,2021-01-28T09:00:00,1.0,0.0
DE3,ocgt,2021-01-28T12:00:00,1.0,0.0
DE3,ocgt,2021-01-28T15:00:00,1.0,0.0
DE3,ocgt,2021-01-28T18:00:00,1.0,0.0
DE3,ocgt,2021-01-28T21:00:00,1.0,0.0
DE3,ocgt,2021-01-29T00:00:00,1.0,0.0
DE3,ocgt,2021-01-29T03:00:00,1.0,0.0
DE3,ocgt,2021-01-29T06:00:00,1.0,0.0
DE3,ocgt,2021-01-29T09:00:00,1.0,0.0
DE3,ocgt,2021-01-29T12:00:00,1.0,0.0
DE3,ocgt,2021-01-29T15:00:00,1.0,0.0
DE3,ocgt,2021-01-29T18:00:00,1.0,0.0
DE3,ocgt,2021-01-29T21:00:00,1.0,0.0
DE3,ocgt,2021-01-30T00:00:00,1.0,0.0
DE3,ocgt,2021-01-30T03:00:00,1.0,0.0
DE3,ocgt,2021-01-30T06:00:00,1.0,0.0
DE3,ocgt,2021-01-30T09:00:00,1.0,0.0
DE3,ocgt,2021-01-30T12:00:00,1.0,0.0
DE3,ocgt,2021-01-30T15:00:00,1.0,0.0
DE3,ocgt,2021-01-30T18:00:00,1.0,0.0
DE3,ocgt,2021-01-30T21:00:00,1.0,0.0
DE3,ocgt,2021-01-31T00:00:00,1.0,0.0
DE3,ocgt,2021-01-31T03:00:00,1.0,0.0
DE3,ocgt,2021-01-31T06:00:00,1.0,0.0
DE3,ocgt,2021-01-31T09:00:00,1.0,0.0
DE3,ocgt,2021-01-31T12:00:00,1.0,0.0
DE3,ocgt,2021-01-31T15:00:00,1.0,0.0
DE3,ocgt,2021-01-31T18:00:00,1.0,0.0
DE3,ocgt,2021-01-31T21:00:00,1.0,0.0
DE3,ocgt,2021-02-01T00:00:00,1.0,0.0
DE3,ocgt,2021-02-01T03:00:00,1.0,0.0
DE3,ocgt,2021-02-01T06:00:00,1.0,0.0
DE3,ocgt,2021-02-01T09:00:00,1.0,0.0
DE3,ocgt,2021-02-01T12:00:00,1.0,0.0
DE3,ocgt,2021-02-01T15:00:00,1.0,0.0
DE3,ocgt,2021-02-01T18:00:00,1.0,0.0
DE3,ocgt,2021-02-01T21:00:00,1.0,0.0
DE3,ocgt,2021-02-02T00:00:00,1.0,0.0
DE3,ocgt,2021-02-02T03:00:00,1.0,0.0
DE3,ocgt,2021-02-02T06:00:00,1.0,0.0
DE3,ocgt,2021-02-02T09:00:00,1.0,0.0
DE3,ocgt,2021-02-02T12:00:00,1.0,0.0
DE3,ocgt,2021-02-02T15:00:00,1.0,0.0
DE3,ocgt,2021-02-02T18:00:00,1.0,0.0
DE3,ocgt,2021-02-02T21:00:00,1.0,0.0
DE3,ocgt,2021-02-03T00:00:00,1.0,0.0
DE3,ocgt,2021-02-03T03:00:00,1.0,0.0
DE3,ocgt,2021-02-03T06:00:00,1.0,0.0
DE3,ocgt,2021-02-03T09:00:00,1.0,0.0
DE3,ocgt,2021-02-03T12:00:00,1.0,0.0
DE3,ocgt,2021-02-03T15:00:00,1.0,0.0
DE3,ocgt,2021-02-03T18:00:00,1.0,0.0
DE3,ocgt,2021-02-03T21:00:00,1.0,0.0
DE3,ocgt,2021-02-04T00:00:00,1.0,0.0
DE3,ocgt,2021-02-04T03:00:00,1.0,0.0
DE3,ocgt,2021-02-04T06:00:00,1.0,0.0
DE3,ocgt,2021-02-04T09:00:00,1.0,0.0
DE3,ocgt,2021-02-04T12:00:00,1.0,0.0
DE3,ocgt,2021-02-04T15:00:00,1.0,0.0
DE3,ocgt,2021-02-04T18:00:00,1.0,0.0
DE3,ocgt,2021-02-04T21:00:00,1.0,0.0
DE3,ocgt,2021-02-05T00:00:00,1.0,0.0
DE3,ocgt,2021-02-05T03:00:00,1.0,0.0
DE3,ocgt,2021-02-05T06:00:00,1.0,0.0
DE3,ocgt,2021-02-05T09:00:00,1.0,0.0
DE3,ocgt,2021-02-05T12:00:00,1.0,0.0
DE3,ocgt,2021-02-05T15:00:00,1.0,0.0
DE3,ocgt,2021-02-05T18:00:00,1.0,0.0
DE3,ocgt,2021-02-05T21:00:00,1.0,0.0
DE3,ocgt,2021-02-06T00:00:00,1.0,0.0
DE3,ocgt,2021-02-06T03:00:00,1.0,0.0
DE3,ocgt,2021-02-06T06:00:00,1.0,0.0
DE3,ocgt,2021-02-06T09:00:00,1.0,0.0
DE3,ocgt,2021-02-06T12:00:00,1.0,0.0
DE3,ocgt,2021-02-06T15:00:00,1.0,0.0
DE3,ocgt,2021-02-06T18:00:00,1.0,0.0
DE3,ocgt,2021-02-06T21:00:00,1.0,0.0
DE3,ocgt,2021-02-07T00:00:00,1.0,0.0
DE3,ocgt,2021-02-07T03:00:00,1.0,0.0
DE3,ocgt,2021-02-07T06:00:00,1.0,0.0
DE3,ocgt,2021-02-07T09:00:00,1.0,0.0
DE3,ocgt,2021-02-07T12:00:00,1.0,0.0
DE3,ocgt,2021-02-07T15:00:00,1.0,0.0
DE3,ocgt,2021-02-07T18:00:00,1.0,0.0
DE3,ocgt,2021-02-07T21:00:00,1.0,0.0
DE3,offwind,2021-01-25T00:00:00,1.0,0.0
DE3,offwind,2021-01-25T03:00:00,1.0,16.1791344
DE3,offwind,2021-01-25T06:00:00,1.0,23.276984399999993
DE3,offwind,2021-01-25T09:00:00,1.0,22.7871252
DE3,offwind,2021-01-25T12:00:00,1.0,0.0
DE3,offwind,2021-01-25T15:00:00,1.0,25.640639999999998
DE3,offwind,2021-01-25T18:00:00,1.0,33.353510400000005
DE3,offwind,2021-01-25T21:00:00,1.0,23.804766000000015
DE3,offwind,2021-01-26T00:00:00,1.0,29.559686399999997
DE3,offwind,2021-01-26T03:00:00,1.0,28.804377599999984
DE3,offwind,2021-01-26T06:00:00,1.0,23.2047
DE3,offwind,2021-01-26T09:00:00,1.0,0.0
DE3,offwind,2021-01-26T12:00:00,1.0,0.0
DE3,offwind,2021-01-26T15:00:00,1.0,0.0
DE3,offwind,2021-01-26T18:00:00,1.0,42.735535199999994
DE3,offwind,2021-01-26T21:00:00,1.0,35.7724224
DE3,offwind,2021-01-27T00:00:00,1.0,27.4968864
DE3,offwind,2021-01-27T03:00:00,1.0,24.805439999999994
DE3,offwind,2021-01-27T06:00:00,1.0,33.1740288
DE3,offwind,2021-01-27T09:00:00,1.0,0.0
DE3,offwind,2021-01-27T12:00:00,1.0,26.412796800000002
DE3,offwind,2021-01-27T15:00:00,1.0,25.576128
DE3,offwind,2021-01-27T18:00:00,1.0,17.431848000000002
DE3,offwind,2021-01-27T21:00:00,1.0,9.980107200000003
DE3,offwind,2021-01-28T00:00:00,1.0,10.4186736
DE3,offwind,2021-01-28T03:00:00,1.0,8.858808000000002
DE3,offwind,2021-01-28T06:00:00,1.0,7.0262100000000025
DE3,offwind,2021-01-28T09:00:00,1.0,5.264366400000002
DE3,offwind,2021-01-28T12:00:00,1.0,6.940512000000001
DE3,offwind,2021-01-28T15:00:00,1.0,5.11272
DE3,offwind,2021-01-28T18:00:00,1.0,7.291576800000002
DE3,offwind,2021-01-28T21:00:00,1.0,5.793408
DE3,offwind,2021-01-29T00:00:00,1.0,11.461373999999998
DE3,offwind,2021-01-29T03:00:00,1.0,12.503930400000002
DE3,offwind,2021-01-29T06:00:00,1.0,7.4520431999999985
DE3,offwind,2021-01-29T09:00:00,1.0,0.0
DE3,offwind,2021-01-29T12:00:00,1.0,0.0
DE3,offwind,2021-01-29T15:00:00,1.0,0.0
DE3,offwind,2021-01-29T18:00:00,1.0,10.729339199999997
DE3,offwind,2021-01-29T21:00:00,1.0,12.140668799999997
DE3,offwind,2021-01-30T00:00:00,1.0,19.529913599999993
DE3,offwind,2021-01-30T03:00:00,1.0,42.237676799999996
DE3,offwind,2021-01-30T06:00:00,1.0,24.607889999999998
DE3,offwind,2021-01-30T09:00:00,1.0,34.38135720000001
DE3,offwind,2021-01-30T12:00:00,1.0,30.87048960000001
DE3,offwind,2021-01-30T15:00:00,1.0,41.425920000000005
DE3,offwind,2021-01-30T18:00:00,1.0,38.57375519999999
DE3,offwind,2021-01-30T21:00:00,1.0,67.43771639999999
DE3,offwind,2021-01-31T00:00:00,1.0,46.31808959999999
DE3,offwind,2021-01-31T03:00:00,1.0,49.0496256
DE3,offwind,2021-01-31T06:00:00,1.0,45.622457999999995
DE3,offwind,2021-01-31T09:00:00,1.0,43.18862399999999
DE3,offwind,2021-01-31T12:00:00,1.0,39.522492000000014
DE3,offwind,2021-01-31T15:00:00,1.0,29.530857599999997
DE3,offwind,2021-01-31T18:00:00,1.0,40.7171448
DE3,offwind,2021-01-31T21:00:00,1.0,43.73235360000001
DE3,offwind,2021-02-01T00:00:00,1.0,33.083236799999995
DE3,offwind,2021-02-01T03:00:00,1.0,22.793760000000002
DE3,offwind,2021-02-01T06:00:00,1.0,31.28304959999999
DE3,offwind,2021-02-01T09:00:00,1.0,19.972094400000003
DE3,offwind,2021-02-01T12:00:00,1.0,15.058123199999999
DE3,offwind,2021-02-01T15:00:00,1.0,15.657408000000007
DE3,offwind,2021-02-01T18:00:00,1.0,15.484215600000002
DE3,offwind,2021-02-01T21:00:00,1.0,16.8864192
DE3,offwind,2021-02-02T00:00:00,1.0,10.227254399999998
DE3,offwind,2021-02-02T03:00:00,1.0,6.9243336
DE3,offwind,2021-02-02T06:00:00,1.0,7.413314400000001
DE3,offwind,2021-02-02T09:00:00,1.0,7.5593303999999995
DE3,offwind,2021-02-02T12:00:00,1.0,7.541855999999999
DE3,offwind,2021-02-02T15:00:00,1.0,6.6162383999999985
DE3,offwind,2021-02-02T18:00:00,1.0,4.7882880000000005
DE3,offwind,2021-02-02T21:00:00,1.0,5.651280000000002
DE3,offwind,2021-02-03T00:00:00,1.0,8.149471199999999
DE3,offwind,2021-02-03T03:00:00,1.0,8.488677599999999
DE3,offwind,2021-02-03T06:00:00,1.0,8.28783
DE3,offwind,2021-02-03T09:00:00,1.0,7.953623999999999
DE3,offwind,2021-02-03T12:00:00,1.0,7.566048
DE3,offwind,2021-02-03T15:00:00,1.0,9.4062672
DE3,offwind,2021-02-03T18:00:00,1.0,14.069750399999995
DE3,offwind,2021-02-03T21:00:00,1.0,15.175835999999999
DE3,offwind,2021-02-04T00:00:00,1.0,24.324048000000005
DE3,offwind,2021-02-04T03:00:00,1.0,23.992848000000006
DE3,offwind,2021-02-04T06:00:00,1.0,39.1369428
DE3,offwind,2021-02-04T09:00:00,1.0,20.943939600000004
DE3,offwind,2021-02-04T12:00:00,1.0,26.742826800000007
DE3,offwind,2021-02-04T15:00:00,1.0,27.327743999999996
DE3,offwind,2021-02-04T18:00:00,1.0,27.765395999999996
DE3,offwind,2021-02-04T21:00:00,1.0,34.7859684
DE3,offwind,2021-02-05T00:00:00,1.0,27.917481600000002
DE3,offwind,2021-02-05T03:00:00,1.0,28.062720000000002
DE3,offwind,2021-02-05T06:00:00,1.0,30.731094
DE3,offwind,2021-02-05T09:00:00,1.0,33.46109279999999
DE3,offwind,2021-02-05T12:00:00,1.0,36.87562799999999
DE3,offwind,2021-02-05T15:00:00,1.0,25.67126160000001
DE3,offwind,2021-02-05T18:00:00,1.0,22.493408400000003
DE3,offwind,2021-02-05T21:00:00,1.0,28.7767584
DE3,offwind,2021-02-06T00:00:00,1.0,29.2028976
DE3,offwind,2021-02-06T03:00:00,1.0,26.50032
DE3,offwind,2021-02-06T06:00:00,1.0,27.53087040000001
DE3,offwind,2021-02-06T09:00:00,1.0,24.43039919999999
DE3,offwind,2021-02-06T12:00:00,1.0,22.11782399999999
DE3,offwind,2021-02-06T15:00:00,1.0,26.473536
DE3,offwind,2021-02-06T18:00:00,1.0,23.188662000000004
DE3,offwind,2021-02-06T21:00:00,1.0,25.2031752
DE3,offwind,2021-02-07T00:00:00,1.0,14.718769200000006
DE3,offwind,2021-02-07T03:00:00,1.0,12.233592000000003
DE3,offwind,2021-02-07T06:00:00,1.0,6.373965599999998
DE3,offwind,2021-02-07T09:00:00,1.0,7.6951548
DE3,offwind,2021-02-07T12:00:00,1.0,8.130672
DE3,offwind,2021-02-07T15:00:00,1.0,5.044550399999999
DE3,offwind,2021-02-07T18:00:00,1.0,4.045399199999999
DE3,offwind,2021-02-07T21:00:00,1.0,4.981248
DE3,onwind,2021-01-25T00:00:00,1.0,0.0
DE3,onwind,2021-01-25T03:00:00,1.0,239.00994
DE3,onwind,2021-01-25T06:00:00,1.0,343.8734714999999
DE3,onwind,2021-01-25T09:00:00,1.0,336.5709165
DE3,onwind,2021-01-25T12:00:00,1.0,0.0
DE3,onwind,2021-01-25T15:00:00,1.0,378.76585499999993
DE3,onwind,2021-01-25T18:00:00,1.0,492.65143200000006
DE3,onwind,2021-01-25T21:00:00,1.0,351.6335550000002
DE3,onwind,2021-01-26T00:00:00,1.0,436.64540399999987
DE3,onwind,2021-01-26T03:00:00,1.0,425.53449899999976
DE3,onwind,2021-01-26T06:00:00,1.0,342.83340000000004
DE3,onwind,2021-01-26T09:00:00,1.0,0.0
DE3,onwind,2021-01-26T12:00:00,1.0,0.0
DE3,onwind,2021-01-26T15:00:00,1.0,0.0
DE3,onwind,2021-01-26T18:00:00,1.0,631.3321169999999
DE3,onwind,2021-01-26T21:00:00,1.0,528.3958680000001
DE3,onwind,2021-01-27T00:00:00,1.0,406.238976
DE3,onwind,2021-01-27T03:00:00,1.0,366.4439999999999
DE3,onwind,2021-01-27T06:00:00,1.0,490.07088
DE3,onwind,2021-01-27T09:00:00,1.0,0.0
DE3,onwind,2021-01-27T12:00:00,1.0,390.15627300000006
DE3,onwind,2021-01-27T15:00:00,1.0,377.8522020000001
DE3,onwind,2021-01-27T18:00:00,1.0,257.49009000000007
DE3,onwind,2021-01-27T21:00:00,1.0,147.41157600000005
DE3,onwind,2021-01-28T00:00:00,1.0,153.87980399999998
DE3,onwind,2021-01-28T03:00:00,1.0,130.79839500000003
DE3,onwind,2021-01-28T06:00:00,1.0,103.78923750000004
DE3,onwind,2021-01-28T09:00:00,1.0,77.78698200000004
DE3,onwind,2021-01-28T12:00:00,1.0,102.574485
DE3,onwind,2021-01-28T15:00:00,1.0,75.5001
DE3,onwind,2021-01-28T18:00:00,1.0,107.70546150000004
DE3,onwind,2021-01-28T21:00:00,1.0,85.62996000000001
DE3,onwind,2021-01-29T00:00:00,1.0,169.380315
DE3,onwind,2021-01-29T03:00:00,1.0,184.74908400000004
DE3,onwind,2021-01-29T06:00:00,1.0,110.07851399999998
DE3,onwind,2021-01-29T09:00:00,1.0,0.0
DE3,onwind,2021-01-29T12:00:00,1.0,0.0
DE3,onwind,2021-01-29T15:00:00,1.0,0.0
DE3,onwind,2021-01-29T18:00:00,1.0,158.53125599999996
DE3,onwind,2021-01-29T21:00:00,1.0,179.38065599999996
DE3,onwind,2021-01-30T00:00:00,1.0,288.5541749999999
DE3,onwind,2021-01-30T03:00:00,1.0,623.9656799999999
DE3,onwind,2021-01-30T06:00:00,1.0,363.53508750000003
DE3,onwind,2021-01-30T09:00:00,1.0,507.82030650000013
DE3,onwind,2021-01-30T12:00:00,1.0,456.08284800000007
DE3,onwind,2021-01-30T15:00:00,1.0,611.94744
DE3,onwind,2021-01-30T18:00:00,1.0,569.7575909999999
DE3,onwind,2021-01-30T21:00:00,1.0,996.1603469999999
DE3,onwind,2021-01-31T00:00:00,1.0,684.1947059999999
DE3,onwind,2021-01-31T03:00:00,1.0,724.6227690000001
DE3,onwind,2021-01-31T06:00:00,1.0,674.040276
DE3,onwind,2021-01-31T09:00:00,1.0,637.9682399999999
DE3,onwind,2021-01-31T12:00:00,1.0,583.7816205000001
DE3,onwind,2021-01-31T15:00:00,1.0,436.235436
DE3,onwind,2021-01-31T18:00:00,1.0,601.5144329999999
DE3,onwind,2021-01-31T21:00:00,1.0,645.9723270000002
DE3,onwind,2021-02-01T00:00:00,1.0,488.771712
DE3,onwind,2021-02-01T03:00:00,1.0,336.72600000000006
DE3,onwind,2021-02-01T06:00:00,1.0,462.1359599999999
DE3,onwind,2021-02-01T09:00:00,1.0,295.10348400000004
DE3,onwind,2021-02-01T12:00:00,1.0,222.43086449999996
DE3,onwind,2021-02-01T15:00:00,1.0,231.3167220000001
DE3,onwind,2021-02-01T18:00:00,1.0,228.72113550000006
DE3,onwind,2021-02-01T21:00:00,1.0,249.421536
DE3,onwind,2021-02-02T00:00:00,1.0,151.05261599999997
DE3,onwind,2021-02-02T03:00:00,1.0,102.23629650000001
DE3,onwind,2021-02-02T06:00:00,1.0,109.50743700000002
DE3,onwind,2021-02-02T09:00:00,1.0,111.697677
DE3,onwind,2021-02-02T12:00:00,1.0,111.461805
DE3,onwind,2021-02-02T15:00:00,1.0,97.702722
DE3,onwind,2021-02-02T18:00:00,1.0,70.72884
DE3,onwind,2021-02-02T21:00:00,1.0,83.52922500000003
DE3,onwind,2021-02-03T00:00:00,1.0,120.435822
DE3,onwind,2021-02-03T03:00:00,1.0,125.422596
DE3,onwind,2021-02-03T06:00:00,1.0,122.4244125
DE3,onwind,2021-02-03T09:00:00,1.0,117.53673749999997
DE3,onwind,2021-02-03T12:00:00,1.0,111.74436000000001
DE3,onwind,2021-02-03T15:00:00,1.0,138.95622
DE3,onwind,2021-02-03T18:00:00,1.0,207.88747199999995
DE3,onwind,2021-02-03T21:00:00,1.0,224.22582
DE3,onwind,2021-02-04T00:00:00,1.0,359.38743750000003
DE3,onwind,2021-02-04T03:00:00,1.0,354.4398000000001
DE3,onwind,2021-02-04T06:00:00,1.0,578.1743955000001
DE3,onwind,2021-02-04T09:00:00,1.0,309.34665450000006
DE3,onwind,2021-02-04T12:00:00,1.0,395.10045900000006
DE3,onwind,2021-02-04T15:00:00,1.0,403.6879079999999
DE3,onwind,2021-02-04T18:00:00,1.0,410.1116174999999
DE3,onwind,2021-02-04T21:00:00,1.0,513.843057
DE3,onwind,2021-02-05T00:00:00,1.0,412.387326
DE3,onwind,2021-02-05T03:00:00,1.0,414.5778
DE3,onwind,2021-02-05T06:00:00,1.0,454.030668
DE3,onwind,2021-02-05T09:00:00,1.0,494.2763279999999
DE3,onwind,2021-02-05T12:00:00,1.0,544.6851344999999
DE3,onwind,2021-02-05T15:00:00,1.0,379.2207510000001
DE3,onwind,2021-02-05T18:00:00,1.0,332.2951515
DE3,onwind,2021-02-05T21:00:00,1.0,425.06263799999994
DE3,onwind,2021-02-06T00:00:00,1.0,431.44358399999993
DE3,onwind,2021-02-06T03:00:00,1.0,391.482
DE3,onwind,2021-02-06T06:00:00,1.0,406.70604000000014
DE3,onwind,2021-02-06T09:00:00,1.0,360.97846199999987
DE3,onwind,2021-02-06T12:00:00,1.0,326.7131399999999
DE3,onwind,2021-02-06T15:00:00,1.0,391.1101739999999
DE3,onwind,2021-02-06T18:00:00,1.0,342.52539750000005
DE3,onwind,2021-02-06T21:00:00,1.0,372.264516
DE3,onwind,2021-02-07T00:00:00,1.0,217.39056300000007
DE3,onwind,2021-02-07T03:00:00,1.0,180.62635500000007
DE3,onwind,2021-02-07T06:00:00,1.0,94.15446299999998
DE3,onwind,2021-02-07T09:00:00,1.0,113.70463649999999
DE3,onwind,2021-02-07T12:00:00,1.0,120.1639725
DE3,onwind,2021-02-07T15:00:00,1.0,74.493432
DE3,onwind,2021-02-07T18:00:00,1.0,59.755468500000006
DE3,onwind,2021-02-07T21:00:00,1.0,73.62576
DE3,solar,2021-01-25T00:00:00,1.0,0.0
DE3,solar,2021-01-25T03:00:00,1.0,0.0
DE3,solar,2021-01-25T06:00:00,1.0,0.0
DE3,solar,2021-01-25T09:00:00,1.0,2727.624317787944
DE3,solar,2021-01-25T12:00:00,1.0,11221.760863091782
DE3,solar,2021-01-25T15:00:00,1.0,8666.134859700513
DE3,solar,2021-01-25T18:00:00,1.0,0.0
DE3,solar,2021-01-25T21:00:00,1.0,0.0
DE3,solar,2021-01-26T00:00:00,1.0,0.0
DE3,solar,2021-01-26T03:00:00,1.0,0.0
DE3,solar,2021-01-26T06:00:00,1.0,0.0
DE3,solar,2021-01-26T09:00:00,1.0,5657.8596022096835
DE3,solar,2021-01-26T12:00:00,1.0,9173.994282235619
DE3,solar,2021-01-26T15:00:00,1.0,11160.273087910058
DE3,solar,2021-01-26T18:00:00,1.0,0.0
DE3,solar,2021-01-26T21:00:00,1.0,0.0
DE3,solar,2021-01-27T00:00:00,1.0,0.0
DE3,solar,2021-01-27T03:00:00,1.0,0.0
DE3,solar,2021-01-27T06:00:00,1.0,0.0
DE3,solar,2021-01-27T09:00:00,1.0,6331.273963916539
DE3,solar,2021-01-27T12:00:00,1.0,7965.811999530478
DE3,solar,2021-01-27T15:00:00,1.0,8939.440282385302
DE3,solar,2021-01-27T18:00:00,1.0,0.0
DE3,solar,2021-01-27T21:00:00,1.0,0.0
DE3,solar,2021-01-28T00:00:00,1.0,0.0
DE3,solar,2021-01-28T03:00:00,1.0,0.0
DE3,solar,2021-01-28T06:00:00,1.0,0.0
DE3,solar,2021-01-28T09:00:00,1.0,5031.715728898794
DE3,solar,2021-01-28T12:00:00,1.0,4069.936079451628
DE3,solar,2021-01-28T15:00:00,1.0,6568.379992868245
DE3,solar,2021-01-28T18:00:00,1.0,0.0
DE3,solar,2021-01-28T21:00:00,1.0,0.0
DE3,solar,2021-01-29T00:00:00,1.0,0.0
DE3,solar,2021-01-29T03:00:00,1.0,0.0
DE3,solar,2021-01-29T06:00:00,1.0,0.0
DE3,solar,2021-01-29T09:00:00,1.0,6039.868844365206
DE3,solar,2021-01-29T12:00:00,1.0,6399.181393341579
DE3,solar,2021-01-29T15:00:00,1.0,11026.335331097644
DE3,solar,2021-01-29T18:00:00,1.0,0.0
DE3,solar,2021-01-29T21:00:00,1.0,0.0
DE3,solar,2021-01-30T00:00:00,1.0,0.0
DE3,solar,2021-01-30T03:00:00,1.0,0.0
DE3,solar,2021-01-30T06:00:00,1.0,0.0
DE3,solar,2021-01-30T09:00:00,1.0,4389.176490136537
DE3,solar,2021-01-30T12:00:00,1.0,6808.823881346747
DE3,solar,2021-01-30T15:00:00,1.0,7969.296530338629
DE3,solar,2021-01-30T18:00:00,1.0,0.0
DE3,solar,2021-01-30T21:00:00,1.0,0.0
DE3,solar,2021-01-31T00:00:00,1.0,0.0
DE3,solar,2021-01-31T03:00:00,1.0,0.0
DE3,solar,2021-01-31T06:00:00,1.0,0.0
DE3,solar,2021-01-31T09:00:00,1.0,6114.07760151803
DE3,solar,2021-01-31T12:00:00,1.0,3826.7637979749566
DE3,solar,2021-01-31T15:00:00,1.0,8948.490130818573
DE3,solar,2021-01-31T18:00:00,1.0,0.0
DE3,solar,2021-01-31T21:00:00,1.0,0.0
DE3,solar,2021-02-01T00:00:00,1.0,0.0
DE3,solar,2021-02-01T03:00:00,1.0,0.0
DE3,solar,2021-02-01T06:00:00,1.0,0.0
DE3,solar,2021-02-01T09:00:00,1.0,6658.878477200958
DE3,solar,2021-02-01T12:00:00,1.0,8534.067225718063
DE3,solar,2021-02-01T15:00:00,1.0,7730.38053170027
DE3,solar,2021-02-01T18:00:00,1.0,0.0
DE3,solar,2021-02-01T21:00:00,1.0,0.0
DE3,solar,2021-02-02T00:00:00,1.0,0.0
DE3,solar,2021-02-02T03:00:00,1.0,0.0
DE3,solar,2021-02-02T06:00:00,1.0,0.0
DE3,solar,2021-02-02T09:00:00,1.0,6409.102660442673
DE3,solar,2021-02-02T12:00:00,1.0,5813.097381405436
DE3,solar,2021-02-02T15:00:00,1.0,6970.193263305488
DE3,solar,2021-02-02T18:00:00,1.0,0.0
DE3,solar,2021-02-02T21:00:00,1.0,0.0
DE3,solar,2021-02-03T00:00:00,1.0,0.0
DE3,solar,2021-02-03T03:00:00,1.0,0.0
DE3,solar,2021-02-03T06:00:00,1.0,0.0
DE3,solar,2021-02-03T09:00:00,1.0,4687.821488434488
DE3,solar,2021-02-03T12:00:00,1.0,9913.749959569906
DE3,solar,2021-02-03T15:00:00,1.0,4687.821488434488
DE3,solar,2021-02-03T18:00:00,1.0,0.0
DE3,solar,2021-02-03T21:00:00,1.0,0.0
DE3,solar,2021-02-04T00:00:00,1.0,0.0
DE3,solar,2021-02-04T03:00:00,1.0,0.0
DE3,solar,2021-02-04T06:00:00,1.0,0.0
DE3,solar,2021-02-04T09:00:00,1.0,4921.307578012886
DE3,solar,2021-02-04T12:00:00,1.0,5961.560458517509
DE3,solar,2021-02-04T15:00:00,1.0,6291.454630810146
DE3,solar,2021-02-04T18:00:00,1.0,0.0
DE3,solar,2021-02-04T21:00:00,1.0,0.0
DE3,solar,2021-02-05T00:00:00,1.0,0.0
DE3,solar,2021-02-05T03:00:00,1.0,0.0
DE3,solar,2021-02-05T06:00:00,1.0,0.0
DE3,solar,2021-02-05T09:00:00,1.0,4483.294913842558
DE3,solar,2021-02-05T12:00:00,1.0,6010.194914812843
DE3,solar,2021-02-05T15:00:00,1.0,9630.848702687223
DE3,solar,2021-02-05T18:00:00,1.0,0.0
DE3,solar,2021-02-05T21:00:00,1.0,0.0
DE3,solar,2021-02-06T00:00:00,1.0,0.0
DE3,solar,2021-02-06T03:00:00,1.0,0.0
DE3,solar,2021-02-06T06:00:00,1.0,0.0
DE3,solar,2021-02-06T09:00:00,1.0,7408.205927475814
DE3,solar,2021-02-06T12:00:00,1.0,7220.936905744051
DE3,solar,2021-02-06T15:00:00,1.0,8912.290737085488
DE3,solar,2021-02-06T18:00:00,1.0,0.0
DE3,solar,2021-02-06T21:00:00,1.0,0.0
DE3,solar,2021-02-07T00:00:00,1.0,0.0
DE3,solar,2021-02-07T03:00:00,1.0,0.0
DE3,solar,2021-02-07T06:00:00,1.0,0.0
DE3,solar,2021-02-07T09:00:00,1.0,3364.7336474902354
DE3,solar,2021-02-07T12:00:00,1.0,6898.413669259206
DE3,solar,2021-02-07T15:00:00,1.0,10130.400336203793
DE3,solar,2021-02-07T18:00:00,1.0,0.0
DE3,solar,2021-02-07T21:00:00,1.0,0.0
DE4,ccgt,2021-01-25T00:00:00,1.0,843.20938344
DE4,ccgt,2021-01-25T03:00:00,1.0,2810.6979448
DE4,ccgt,2021-01-25T06:00:00,1.0,2810.6979448
DE4,ccgt,2021-01-25T09:00:00,1.0,843.20938344
DE4,ccgt,2021-01-25T12:00:00,1.0,843.20938344
DE4,ccgt,2021-01-25T15:00:00,1.0,843.20938344
DE4,ccgt,2021-01-25T18:00:00,1.0,843.20938344
DE4,ccgt,2021-01-25T21:00:00,1.0,843.20938344
DE4,ccgt,2021-01-26T00:00:00,1.0,843.20938344
DE4,ccgt,2021-01-26T03:00:00,1.0,2810.6979448
DE4,ccgt,2021-01-26T06:00:00,1.0,2810.6979448
DE4,ccgt,2021-01-26T09:00:00,1.0,843.20938344
DE4,ccgt,2021-01-26T12:00:00,1.0,843.20938344
DE4,ccgt,2021-01-26T15:00:00,1.0,843.20938344
DE4,ccgt,2021-01-26T18:00:00,1.0,843.20938344
DE4,ccgt,2021-01-26T21:00:00,1.0,843.20938344
DE4,ccgt,2021-01-27T00:00:00,1.0,843.20938344
DE4,ccgt,2021-01-27T03:00:00,1.0,843.20938344
DE4,ccgt,2021-01-27T06:00:00,1.0,2810.6979448
DE4,ccgt,2021-01-27T09:00:00,1.0,843.20938344
DE4,ccgt,2021-01-27T12:00:00,1.0,843.20938344
DE4,ccgt,2021-01-27T15:00:00,1.0,843.20938344
DE4,ccgt,2021-01-27T18:00:00,1.0,843.20938344
DE4,ccgt,2021-01-27T21:00:00,1.0,2810.6979448
DE4,ccgt,2021-01-28T00:00:00,1.0,2810.6979448
DE4,ccgt,2021-01-28T03:00:00,1.0,2810.6979448
DE4,ccgt,2021-01-28T06:00:00,1.0,2810.6979448
DE4,ccgt,2021-01-28T09:00:00,1.0,843.20938344
DE4,ccgt,2021-01-28T12:00:00,1.0,843.20938344
DE4,ccgt,2021-01-28T15:00:00,1.0,843.20938344
DE4,ccgt,2021-01-28T18:00:00,1.0,2810.6979448
DE4,ccgt,2021-01-28T21:00:00,1.0,2810.6979448
DE4,ccgt,2021-01-29T00:00:00,1.0,2810.6979448
DE4,ccgt,2021-01-29T03:00:00,1.0,2810.6979448
DE4,ccgt,2021-01-29T06:00:00,1.0,2810.6979448
DE4,ccgt,2021-01-29T09:00:00,1.0,843.20938344
DE4,ccgt,2021-01-29T12:00:00,1.0,843.20938344
DE4,ccgt,2021-01-29T15:00:00,1.0,843.20938344
DE4,ccgt,2021-01-29T18:00:00,1.0,843.20938344
DE4,ccgt,2021-01-29T21:00:00,1.0,843.20938344
DE4,ccgt,2021-01-30T00:00:00,1.0,843.20938344
DE4,ccgt,2021-01-30T03:00:00,1.0,2810.6979448
DE4,ccgt,2021-01-30T06:00:00,1.0,2810.6979448
DE4,ccgt,2021-01-30T09:00:00,1.0,843.20938344
DE4,ccgt,2021-01-30T12:00:00,1.0,843.20938344
DE4,ccgt,2021-01-30T15:00:00,1.0,843.20938344
DE4,ccgt,2021-01-30T18:00:00,1.0,843.20938344
DE4,ccgt,2021-01-30T21:00:00,1.0,843.20938344
DE4,ccgt,2021-01-31T00:00:00,1.0,843.20938344
DE4,ccgt,2021-01-31T03:00:00,1.0,2810.6979448
DE4,ccgt,2021-01-31T06:00:00,1.0,2810.6979448
DE4,ccgt,2021-01-31T09:00:00,1.0,843.20938344
DE4,ccgt,2021-01-31T12:00:00,1.0,843.20938344
DE4,ccgt,2021-01-31T15:00:00,1.0,843.20938344
DE4,ccgt,2021-01-31T18:00:00,1.0,843.20938344
DE4,ccgt,2021-01-31T21:00:00,1.0,843.20938344
DE4,ccgt,2021-02-01T00:00:00,1.0,843.20938344
DE4,ccgt,2021-02-01T03:00:00,1.0,2810.6979448
DE4,ccgt,2021-02-01T06:00:00,1.0,2810.6979448
DE4,ccgt,2021-02-01T09:00:00,1.0,843.20938344
DE4,ccgt,2021-02-01T12:00:00,1.0,843.20938344
DE4,ccgt,2021-02-01T15:00:00,1.0,843.20938344
DE4,ccgt,2021-02-01T18:00:00,1.0,843.20938344
DE4,ccgt,2021-02-01T21:00:00,1.0,843.20938344
DE4,ccgt,2021-02-02T00:00:00,1.0,843.20938344
DE4,ccgt,2021-02-02T03:00:00,1.0,2810.6979448
DE4,ccgt,2021-02-02T06:00:00,1.0,2810.6979448
DE4,ccgt,2021-02-02T09:00:00,1.0,843.20938344
DE4,ccgt,2021-02-02T12:00:00,1.0,843.20938344
DE4,ccgt,2021-02-02T15:00:00,1.0,843.20938344
DE4,ccgt,2021-02-02T18:00:00,1.0,843.20938344
DE4,ccgt,2021-02-02T21:00:00,1.0,2810.6979448
DE4,ccgt,2021-02-03T00:00:00,1.0,2810.6979448
DE4,ccgt,2021-02-03T03:00:00,1.0,2810.6979448
DE4,ccgt,2021-02-03T06:00:00,1.0,2810.6979448
DE4,ccgt,2021-02-03T09:00:00,1.0,843.20938344
DE4,ccgt,2021-02-03T12:00:00,1.0,843.20938344
DE4,ccgt,2021-02-03T15:00:00,1.0,843.20938344
DE4,ccgt,2021-02-03T18:00:00,1.0,843.20938344
DE4,ccgt,2021-02-03T21:00:00,1.0,2810.6979448
DE4,ccgt,2021-02-04T00:00:00,1.0,2810.6979448
DE4,ccgt,2021-02-04T03:00:00,1.0,2810.6979448
DE4,ccgt,2021-02-04T06:00:00,1.0,2810.6979448
DE4,ccgt,2021-02-04T09:00:00,1.0,843.20938344
DE4,ccgt,2021-02-04T12:00:00,1.0,843.20938344
DE4,ccgt,2021-02-04T15:00:00,1.0,843.20938344
DE4,ccgt,2021-02-04T18:00:00,1.0,843.20938344
DE4,ccgt,2021-02-04T21:00:00,1.0,2376.713859075959
DE4,ccgt,2021-02-05T00:00:00,1.0,2810.6979448
DE4,ccgt,2021-02-05T03:00:00,1.0,2810.6979448
DE4,ccgt,2021-02-05T06:00:00,1.0,2810.6979448
DE4,ccgt,2021-02-05T09:00:00,1.0,843.20938344
DE4,ccgt,2021-02-05T12:00:00,1.0,843.20938344
DE4,ccgt,2021-02-05T15:00:00,1.0,843.20938344
DE4,ccgt,2021-02-05T18:00:00,1.0,843.20938344
DE4,ccgt,2021-02-05T21:00:00,1.0,843.20938344
DE4,ccgt,2021-02-06T00:00:00,1.0,2810.6979448
DE4,ccgt,2021-02-06T03:00:00,1.0,2810.6979448
DE4,ccgt,2021-02-06T06:00:00,1.0,2810.6979448
DE4,ccgt,2021-02-06T09:00:00,1.0,843.20938344
DE4,ccgt,2021-02-06T12:00:00,1.0,843.20938344
DE4,ccgt,2021-02-06T15:00:00,1.0,843.20938344
DE4,ccgt,2021-02-06T18:00:00,1.0,843.20938344
DE4,ccgt,2021-02-06T21:00:00,1.0,843.20938344
DE4,ccgt,2021-02-07T00:00:00,1.0,2810.6979448
DE4,ccgt,2021-02-07T03:00:00,1.0,2810.6979448
DE4,ccgt,2021-02-07T06:00:00,1.0,2810.6979448
DE4,ccgt,2021-02-07T09:00:00,1.0,843.20938344
DE4,ccgt,2021-02-07T12:00:00,1.0,843.20938344
DE4,ccgt,2021-02-07T15:00:00,1.0,843.20938344
DE4,ccgt,2021-02-07T18:00:00,1.0,843.20938344
DE4,ccgt,2021-02-07T21:00:00,1.0,843.20938344
DE4,ocgt,2021-01-25T00:00:00,1.0,0.0
DE4,ocgt,2021-01-25T03:00:00,1.0,890.0
DE4,ocgt,2021-01-25T06:00:00,1.0,890.0
DE4,ocgt,2021-01-25T09:00:00,1.0,0.0
DE4,ocgt,2021-01-25T12:00:00,1.0,0.0
DE4,ocgt,2021-01-25T15:00:00,1.0,0.0
DE4,ocgt,2021-01-25T18:00:00,1.0,0.0
DE4,ocgt,2021-01-25T21:00:00,1.0,0.0
DE4,ocgt,2021-01-26T00:00:00,1.0,0.0
DE4,ocgt,2021-01-26T03:00:00,1.0,0.0
DE4,ocgt,2021-01-26T06:00:00,1.0,0.0
DE4,ocgt,2021-01-26T09:00:00,1.0,0.0
DE4,ocgt,2021-01-26T12:00:00,1.0,0.0
DE4,ocgt,2021-01-26T15:00:00,1.0,0.0
DE4,ocgt,2021-01-26T18:00:00,1.0,0.0
DE4,ocgt,2021-01-26T21:00:00,1.0,0.0
DE4,ocgt,2021-01-27T00:00:00,1.0,0.0
DE4,ocgt,2021-01-27T03:00:00,1.0,0.0
DE4,ocgt,2021-01-27T06:00:00,1.0,0.0
DE4,ocgt,2021-01-27T09:00:00,1.0,0.0
DE4,ocgt,2021-01-27T12:00:00,1.0,0.0
DE4,ocgt,2021-01-27T15:00:00,1.0,0.0
DE4,ocgt,2021-01-27T18:00:00,1.0,0.0
DE4,ocgt,2021-01-27T21:00:00,1.0,0.0
DE4,ocgt,2021-01-28T00:00:00,1.0,0.0
DE4,ocgt,2021-01-28T03:00:00,1.0,0.0
DE4,ocgt,2021-01-28T06:00:00,1.0,0.0
DE4,ocgt,2021-01-28T09:00:00,1.0,0.0
DE4,ocgt,2021-01-28T12:00:00,1.0,0.0
DE4,ocgt,2021-01-28T15:00:00,1.0,0.0
DE4,ocgt,2021-01-28T18:00:00,1.0,0.0
DE4,ocgt,2021-01-28T21:00:00,1.0,0.0
DE4,ocgt,2021-01-29T00:00:00,1.0,0.0
DE4,ocgt,2021-01-29T03:00:00,1.0,0.0
DE4,ocgt,2021-01-29T06:00:00,1.0,0.0
DE4,ocgt,2021-01-29T09:00:00,1.0,0.0
DE4,ocgt,2021-01-29T12:00:00,1.0,0.0
DE4,ocgt,2021-01-29T15:00:00,1.0,0.0
DE4,ocgt,2021-01-29T18:00:00,1.0,0.0
DE4,ocgt,2021-01-29T21:00:00,1.0,0.0
DE4,ocgt,2021-01-30T00:00:00,1.0,0.0
DE4,ocgt,2021-01-30T03:00:00,1.0,0.0
DE4,ocgt,2021-01-30T06:00:00,1.0,0.0
DE4,ocgt,2021-01-30T09:00:00,1.0,0.0
DE4,ocgt,2021-01-30T12:00:00,1.0,0.0
DE4,ocgt,2021-01-30T15:00:00,1.0,0.0
DE4,ocgt,2021-01-30T18:00:00,1.0,0.0
DE4,ocgt,2021-01-30T21:00:00,1.0,0.0
DE4,ocgt,2021-01-31T00:00:00,1.0,0.0
DE4,ocgt,2021-01-31T03:00:00,1.0,0.0
DE4,ocgt,2021-01-31T06:00:00,1.0,0.0
DE4,ocgt,2021-01-31T09:00:00,1.0,0.0
DE4,ocgt,2021-01-31T12:00:00,1.0,0.0
DE4,ocgt,2021-01-31T15:00:00,1.0,0.0
DE4,ocgt,2021-01-31T18:00:00,1.0,0.0
DE4,ocgt,2021-01-31T21:00:00,1.0,0.0
DE4,ocgt,2021-02-01T00:00:00,1.0,0.0
DE4,ocgt,2021-02-01T03:00:00,1.0,0.0
DE4,ocgt,2021-02-01T06:00:00,1.0,0.0
DE4,ocgt,2021-02-01T09:00:00,1.0,0.0
DE4,ocgt,2021-02-01T12:00:00,1.0,0.0
DE4,ocgt,2021-02-01T15:00:00,1.0,0.0
DE4,ocgt,2021-02-01T18:00:00,1.0,0.0
DE4,ocgt,2021-02-01T21:00:00,1.0,0.0
DE4,ocgt,2021-02-02T00:00:00,1.0,0.0
DE4,ocgt,2021-02-02T03:00:00,1.0,0.0
DE4,ocgt,2021-02-02T06:00:00,1.0,0.0
DE4,ocgt,2021-02-02T09:00:00,1.0,0.0
DE4,ocgt,2021-02-02T12:00:00,1.0,0.0
DE4,ocgt,2021-02-02T15:00:00,1.0,0.0
DE4,ocgt,2021-02-02T18:00:00,1.0,0.0
DE4,ocgt,2021-02-02T21:00:00,1.0,0.0
DE4,ocgt,2021-02-03T00:00:00,1.0,0.0
DE4,ocgt,2021-02-03T03:00:00,1.0,0.0
DE4,ocgt,2021-02-03T06:00:00,1.0,0.0
DE4,ocgt,2021-02-03T09:00:00,1.0,0.0
DE4,ocgt,2021-02-03T12:00:00,1.0,0.0
DE4,ocgt,2021-02-03T15:00:00,1.0,0.0
DE4,ocgt,2021-02-03T18:00:00,1.0,0.0
DE4,ocgt,2021-02-03T21:00:00,1.0,0.0
DE4,ocgt,2021-02-04T00:00:00,1.0,0.0
DE4,ocgt,2021-02-04T03:00:00,1.0,0.0
DE4,ocgt,2021-02-04T06:00:00,1.0,0.0
DE4,ocgt,2021-02-04T09:00:00,1.0,0.0
DE4,ocgt,2021-02-04T12:00:00,1.0,0.0
DE4,ocgt,2021-02-04T15:00:00,1.0,0.0
DE4,ocgt,2021-02-04T18:00:00,1.0,0.0
DE4,ocgt,2021-02-04T21:00:00,1.0,0.0
DE4,ocgt,2021-02-05T00:00:00,1.0,0.0
DE4,ocgt,2021-02-05T03:00:00,1.0,0.0
DE4,ocgt,2021-02-05T06:00:00,1.0,0.0
DE4,ocgt,2021-02-05T09:00:00,1.0,0.0
DE4,ocgt,2021-02-05T12:00:00,1.0,0.0
DE4,ocgt,2021-02-05T15:00:00,1.0,0.0
DE4,ocgt,2021-02-05T18:00:00,1.0,0.0
DE4,ocgt,2021-02-05T21:00:00,1.0,0.0
DE4,ocgt,2021-02-06T00:00:00,1.0,0.0
DE4,ocgt,2021-02-06T03:00:00,1.0,0.0
DE4,ocgt,2021-02-06T06:00:00,1.0,0.0
DE4,ocgt,2021-02-06T09:00:00,1.0,0.0
DE4,ocgt,2021-02-06T12:00:00,1.0,0.0
DE4,ocgt,2021-02-06T15:00:00,1.0,0.0
DE4,ocgt,2021-02-06T18:00:00,1.0,0.0
DE4,ocgt,2021-02-06T21:00:00,1.0,0.0
DE4,ocgt,2021-02-07T00:00:00,1.0,0.0
DE4,ocgt,2021-02-07T03:00:00,1.0,0.0
DE4,ocgt,2021-02-07T06:00:00,1.0,0.0
DE4,ocgt,2021-02-07T09:00:00,1.0,0.0
DE4,ocgt,2021-02-07T12:00:00,1.0,0.0
DE4,ocgt,2021-02-07T15:00:00,1.0,0.0
DE4,ocgt,2021-02-07T18:00:00,1.0,0.0
DE4,ocgt,2021-02-07T21:00:00,1.0,0.0
DE4,offwind,2021-01-25T00:00:00,1.0,0.0
DE4,offwind,2021-01-25T03:00:00,1.0,23.369860799999998
DE4,offwind,2021-01-25T06:00:00,1.0,33.62231079999999
DE4,offwind,2021-01-25T09:00:00,1.0,32.914736399999995
DE4,offwind,2021-01-25T12:00:00,1.0,0.0
DE4,offwind,2021-01-25T15:00:00,1.0,37.03648
DE4,offwind,2021-01-25T18:00:00,1.0,48.177292800000004
DE4,offwind,2021-01-25T21:00:00,1.0,34.38466200000002
DE4,offwind,2021-01-26T00:00:00,1.0,42.69732479999999
DE4,offwind,2021-01-26T03:00:00,1.0,41.60632319999998
DE4,offwind,2021-01-26T06:00:00,1.0,33.5179
DE4,offwind,2021-01-26T09:00:00,1.0,0.0
DE4,offwind,2021-01-26T12:00:00,1.0,0.0
DE4,offwind,2021-01-26T15:00:00,1.0,0.0
DE4,offwind,2021-01-26T18:00:00,1.0,61.72910639999999
DE4,offwind,2021-01-26T21:00:00,1.0,51.67127680000001
DE4,offwind,2021-01-27T00:00:00,1.0,39.7177248
DE4,offwind,2021-01-27T03:00:00,1.0,35.83007999999999
DE4,offwind,2021-01-27T06:00:00,1.0,47.9180416
DE4,offwind,2021-01-27T09:00:00,1.0,0.0
DE4,offwind,2021-01-27T12:00:00,1.0,38.15181760000001
DE4,offwind,2021-01-27T15:00:00,1.0,36.943296000000004
DE4,offwind,2021-01-27T18:00:00,1.0,25.179336000000003
DE4,offwind,2021-01-27T21:00:00,1.0,14.415710400000004
DE4,offwind,2021-01-28T00:00:00,1.0,15.0491952
DE4,offwind,2021-01-28T03:00:00,1.0,12.796056000000002
DE4,offwind,2021-01-28T06:00:00,1.0,10.148970000000004
DE4,offwind,2021-01-28T09:00:00,1.0,7.604084800000003
DE4,offwind,2021-01-28T12:00:00,1.0,10.025184000000001
DE4,offwind,2021-01-28T15:00:00,1.0,7.385040000000001
DE4,offwind,2021-01-28T18:00:00,1.0,10.532277600000002
DE4,offwind,2021-01-28T21:00:00,1.0,8.368256
DE4,offwind,2021-01-29T00:00:00,1.0,16.555317999999996
DE4,offwind,2021-01-29T03:00:00,1.0,18.061232800000003
DE4,offwind,2021-01-29T06:00:00,1.0,10.764062399999998
DE4,offwind,2021-01-29T09:00:00,1.0,0.0
DE4,offwind,2021-01-29T12:00:00,1.0,0.0
DE4,offwind,2021-01-29T15:00:00,1.0,0.0
DE4,offwind,2021-01-29T18:00:00,1.0,15.497934399999997
DE4,offwind,2021-01-29T21:00:00,1.0,17.536521599999993
DE4,offwind,2021-01-30T00:00:00,1.0,28.20987519999999
DE4,offwind,2021-01-30T03:00:00,1.0,61.00997759999999
DE4,offwind,2021-01-30T06:00:00,1.0,35.544729999999994
DE4,offwind,2021-01-30T09:00:00,1.0,49.66196040000001
DE4,offwind,2021-01-30T12:00:00,1.0,44.59070720000001
DE4,offwind,2021-01-30T15:00:00,1.0,59.83744
DE4,offwind,2021-01-30T18:00:00,1.0,55.71764639999998
DE4,offwind,2021-01-30T21:00:00,1.0,97.41003479999999
DE4,offwind,2021-01-31T00:00:00,1.0,66.90390719999999
DE4,offwind,2021-01-31T03:00:00,1.0,70.8494592
DE4,offwind,2021-01-31T06:00:00,1.0,65.89910599999999
DE4,offwind,2021-01-31T09:00:00,1.0,62.38356799999999
DE4,offwind,2021-01-31T12:00:00,1.0,57.08804400000002
DE4,offwind,2021-01-31T15:00:00,1.0,42.6556832
DE4,offwind,2021-01-31T18:00:00,1.0,58.8136536
DE4,offwind,2021-01-31T21:00:00,1.0,63.16895520000002
DE4,offwind,2021-02-01T00:00:00,1.0,47.786897599999996
DE4,offwind,2021-02-01T03:00:00,1.0,32.92432000000001
DE4,offwind,2021-02-01T06:00:00,1.0,45.18662719999999
DE4,offwind,2021-02-01T09:00:00,1.0,28.848580800000008
DE4,offwind,2021-02-01T12:00:00,1.0,21.750622399999997
DE4,offwind,2021-02-01T15:00:00,1.0,22.61625600000001
DE4,offwind,2021-02-01T18:00:00,1.0,22.366089200000005
DE4,offwind,2021-02-01T21:00:00,1.0,24.391494399999996
DE4,offwind,2021-02-02T00:00:00,1.0,14.772700799999996
DE4,offwind,2021-02-02T03:00:00,1.0,10.0018152
DE4,offwind,2021-02-02T06:00:00,1.0,10.708120800000001
DE4,offwind,2021-02-02T09:00:00,1.0,10.9190328
DE4,offwind,2021-02-02T12:00:00,1.0,10.893792
DE4,offwind,2021-02-02T15:00:00,1.0,9.556788799999998
DE4,offwind,2021-02-02T18:00:00,1.0,6.916416000000001
DE4,offwind,2021-02-02T21:00:00,1.0,8.162960000000002
DE4,offwind,2021-02-03T00:00:00,1.0,11.771458399999998
DE4,offwind,2021-02-03T03:00:00,1.0,12.2614232
DE4,offwind,2021-02-03T06:00:00,1.0,11.97131
DE4,offwind,2021-02-03T09:00:00,1.0,11.488567999999997
DE4,offwind,2021-02-03T12:00:00,1.0,10.928736
DE4,offwind,2021-02-03T15:00:00,1.0,13.586830400000002
DE4,offwind,2021-02-03T18:00:00,1.0,20.322972799999995
DE4,offwind,2021-02-03T21:00:00,1.0,21.920651999999997
DE4,offwind,2021-02-04T00:00:00,1.0,35.134736000000004
DE4,offwind,2021-02-04T03:00:00,1.0,34.65633600000001
DE4,offwind,2021-02-04T06:00:00,1.0,56.531139599999996
DE4,offwind,2021-02-04T09:00:00,1.0,30.252357200000006
DE4,offwind,2021-02-04T12:00:00,1.0,38.62852760000001
DE4,offwind,2021-02-04T15:00:00,1.0,39.47340799999999
DE4,offwind,2021-02-04T18:00:00,1.0,40.105571999999995
DE4,offwind,2021-02-04T21:00:00,1.0,50.2463988
DE4,offwind,2021-02-05T00:00:00,1.0,40.325251200000004
DE4,offwind,2021-02-05T03:00:00,1.0,40.53504
DE4,offwind,2021-02-05T06:00:00,1.0,44.389358
DE4,offwind,2021-02-05T09:00:00,1.0,48.33268959999999
DE4,offwind,2021-02-05T12:00:00,1.0,53.26479599999999
DE4,offwind,2021-02-05T15:00:00,1.0,37.08071120000001
DE4,offwind,2021-02-05T18:00:00,1.0,32.490478800000005
DE4,offwind,2021-02-05T21:00:00,1.0,41.5664288
DE4,offwind,2021-02-06T00:00:00,1.0,42.1819632
DE4,offwind,2021-02-06T03:00:00,1.0,38.27824
DE4,offwind,2021-02-06T06:00:00,1.0,39.76681280000001
DE4,offwind,2021-02-06T09:00:00,1.0,35.28835439999999
DE4,offwind,2021-02-06T12:00:00,1.0,31.94796799999999
DE4,offwind,2021-02-06T15:00:00,1.0,38.239551999999996
DE4,offwind,2021-02-06T18:00:00,1.0,33.49473400000001
DE4,offwind,2021-02-06T21:00:00,1.0,36.4045864
DE4,offwind,2021-02-07T00:00:00,1.0,21.260444400000008
DE4,offwind,2021-02-07T03:00:00,1.0,17.670744000000006
DE4,offwind,2021-02-07T06:00:00,1.0,9.206839199999997
DE4,offwind,2021-02-07T09:00:00,1.0,11.1152236
DE4,offwind,2021-02-07T12:00:00,1.0,11.744304
DE4,offwind,2021-02-07T15:00:00,1.0,7.286572799999999
DE4,offwind,2021-02-07T18:00:00,1.0,5.8433544
DE4,offwind,2021-02-07T21:00:00,1.0,7.195136
DE4,onwind,2021-01-25T00:00:00,1.0,0.0
DE4,onwind,2021-01-25T03:00:00,1.0,345.23658
DE4,onwind,2021-01-25T06:00:00,1.0,496.7061254999998
DE4,onwind,2021-01-25T09:00:00,1.0,486.1579905
DE4,onwind,2021-01-25T12:00:00,1.0,0.0
DE4,onwind,2021-01-25T15:00:00,1.0,547.106235
DE4,onwind,2021-01-25T18:00:00,1.0,711.6076240000001
DE4,onwind,2021-01-25T21:00:00,1.0,507.91513500000025
DE4,onwind,2021-01-26T00:00:00,1.0,630.7100279999999
DE4,onwind,2021-01-26T03:00:00,1.0,614.6609429999996
DE4,onwind,2021-01-26T06:00:00,1.0,495.2038
DE4,onwind,2021-01-26T09:00:00,1.0,0.0
DE4,onwind,2021-01-26T12:00:00,1.0,0.0
DE4,onwind,2021-01-26T15:00:00,1.0,0.0
DE4,onwind,2021-01-26T18:00:00,1.0,911.9241689999998
DE4,onwind,2021-01-26T21:00:00,1.0,763.2384760000001
DE4,onwind,2021-01-27T00:00:00,1.0,586.789632
DE4,onwind,2021-01-27T03:00:00,1.0,529.3079999999999
DE4,onwind,2021-01-27T06:00:00,1.0,707.8801599999999
DE4,onwind,2021-01-27T09:00:00,1.0,0.0
DE4,onwind,2021-01-27T12:00:00,1.0,563.559061
DE4,onwind,2021-01-27T15:00:00,1.0,545.7865140000001
DE4,onwind,2021-01-27T18:00:00,1.0,371.9301300000001
DE4,onwind,2021-01-27T21:00:00,1.0,212.92783200000008
DE4,onwind,2021-01-28T00:00:00,1.0,222.27082799999997
DE4,onwind,2021-01-28T03:00:00,1.0,188.93101500000006
DE4,onwind,2021-01-28T06:00:00,1.0,149.91778750000006
DE4,onwind,2021-01-28T09:00:00,1.0,112.35897400000006
DE4,onwind,2021-01-28T12:00:00,1.0,148.16314500000001
DE4,onwind,2021-01-28T15:00:00,1.0,109.0557
DE4,onwind,2021-01-28T18:00:00,1.0,155.57455550000006
DE4,onwind,2021-01-28T21:00:00,1.0,123.68772000000001
DE4,onwind,2021-01-29T00:00:00,1.0,244.66045499999998
DE4,onwind,2021-01-29T03:00:00,1.0,266.85978800000004
DE4,onwind,2021-01-29T06:00:00,1.0,159.002298
DE4,onwind,2021-01-29T09:00:00,1.0,0.0
DE4,onwind,2021-01-29T12:00:00,1.0,0.0
DE4,onwind,2021-01-29T15:00:00,1.0,0.0
DE4,onwind,2021-01-29T18:00:00,1.0,228.98959199999993
DE4,onwind,2021-01-29T21:00:00,1.0,259.10539199999994
DE4,onwind,2021-01-30T00:00:00,1.0,416.80047499999984
DE4,onwind,2021-01-30T03:00:00,1.0,901.2837599999999
DE4,onwind,2021-01-30T06:00:00,1.0,525.1062375
DE4,onwind,2021-01-30T09:00:00,1.0,733.5182205000002
DE4,onwind,2021-01-30T12:00:00,1.0,658.7863360000001
DE4,onwind,2021-01-30T15:00:00,1.0,883.92408
DE4,onwind,2021-01-30T18:00:00,1.0,822.9831869999999
DE4,onwind,2021-01-30T21:00:00,1.0,1438.8982789999998
DE4,onwind,2021-01-31T00:00:00,1.0,988.2812419999998
DE4,onwind,2021-01-31T03:00:00,1.0,1046.677333
DE4,onwind,2021-01-31T06:00:00,1.0,973.613732
DE4,onwind,2021-01-31T09:00:00,1.0,921.50968
DE4,onwind,2021-01-31T12:00:00,1.0,843.2401185000002
DE4,onwind,2021-01-31T15:00:00,1.0,630.117852
DE4,onwind,2021-01-31T18:00:00,1.0,868.8541809999999
DE4,onwind,2021-01-31T21:00:00,1.0,933.0711390000002
DE4,onwind,2021-02-01T00:00:00,1.0,706.0035839999999
DE4,onwind,2021-02-01T03:00:00,1.0,486.3820000000001
DE4,onwind,2021-02-01T06:00:00,1.0,667.5297199999999
DE4,onwind,2021-02-01T09:00:00,1.0,426.2605880000001
DE4,onwind,2021-02-01T12:00:00,1.0,321.2890264999999
DE4,onwind,2021-02-01T15:00:00,1.0,334.12415400000015
DE4,onwind,2021-02-01T18:00:00,1.0,330.37497350000007
DE4,onwind,2021-02-01T21:00:00,1.0,360.275552
DE4,onwind,2021-02-02T00:00:00,1.0,218.18711199999996
DE4,onwind,2021-02-02T03:00:00,1.0,147.6746505
DE4,onwind,2021-02-02T06:00:00,1.0,158.17740900000004
DE4,onwind,2021-02-02T09:00:00,1.0,161.34108899999998
DE4,onwind,2021-02-02T12:00:00,1.0,161.000385
DE4,onwind,2021-02-02T15:00:00,1.0,141.12615399999999
DE4,onwind,2021-02-02T18:00:00,1.0,102.16388
DE4,onwind,2021-02-02T21:00:00,1.0,120.65332500000004
DE4,onwind,2021-02-03T00:00:00,1.0,173.962854
DE4,onwind,2021-02-03T03:00:00,1.0,181.16597199999998
DE4,onwind,2021-02-03T06:00:00,1.0,176.8352625
DE4,onwind,2021-02-03T09:00:00,1.0,169.77528749999996
DE4,onwind,2021-02-03T12:00:00,1.0,161.40852000000004
DE4,onwind,2021-02-03T15:00:00,1.0,200.71454
DE4,onwind,2021-02-03T18:00:00,1.0,300.2819039999999
DE4,onwind,2021-02-03T21:00:00,1.0,323.88174
DE4,onwind,2021-02-04T00:00:00,1.0,519.1151875
DE4,onwind,2021-02-04T03:00:00,1.0,511.96860000000015
DE4,onwind,2021-02-04T06:00:00,1.0,835.1407935000001
DE4,onwind,2021-02-04T09:00:00,1.0,446.8340565000001
DE4,onwind,2021-02-04T12:00:00,1.0,570.7006630000001
DE4,onwind,2021-02-04T15:00:00,1.0,583.1047559999998
DE4,onwind,2021-02-04T18:00:00,1.0,592.3834474999999
DE4,onwind,2021-02-04T21:00:00,1.0,742.217749
DE4,onwind,2021-02-05T00:00:00,1.0,595.670582
DE4,onwind,2021-02-05T03:00:00,1.0,598.8346
DE4,onwind,2021-02-05T06:00:00,1.0,655.822076
DE4,onwind,2021-02-05T09:00:00,1.0,713.9546959999999
DE4,onwind,2021-02-05T12:00:00,1.0,786.7674164999997
DE4,onwind,2021-02-05T15:00:00,1.0,547.7633070000002
DE4,onwind,2021-02-05T18:00:00,1.0,479.9818855
DE4,onwind,2021-02-05T21:00:00,1.0,613.9793659999999
DE4,onwind,2021-02-06T00:00:00,1.0,623.1962879999999
DE4,onwind,2021-02-06T03:00:00,1.0,565.474
DE4,onwind,2021-02-06T06:00:00,1.0,587.4642800000003
DE4,onwind,2021-02-06T09:00:00,1.0,521.4133339999998
DE4,onwind,2021-02-06T12:00:00,1.0,471.9189799999998
DE4,onwind,2021-02-06T15:00:00,1.0,564.9369179999999
DE4,onwind,2021-02-06T18:00:00,1.0,494.7589075000001
DE4,onwind,2021-02-06T21:00:00,1.0,537.715412
DE4,onwind,2021-02-07T00:00:00,1.0,314.0085910000001
DE4,onwind,2021-02-07T03:00:00,1.0,260.90473500000013
DE4,onwind,2021-02-07T06:00:00,1.0,136.00089099999997
DE4,onwind,2021-02-07T09:00:00,1.0,164.2400305
DE4,onwind,2021-02-07T12:00:00,1.0,173.5701825
DE4,onwind,2021-02-07T15:00:00,1.0,107.60162399999999
DE4,onwind,2021-02-07T18:00:00,1.0,86.3134545
DE4,onwind,2021-02-07T21:00:00,1.0,106.34832
DE4,solar,2021-01-25T00:00:00,1.0,0.0
DE4,solar,2021-01-25T03:00:00,1.0,0.0
DE4,solar,2021-01-25T06:00:00,1.0,0.0
DE4,solar,2021-01-25T09:00:00,1.0,858.9462213984953
DE4,solar,2021-01-25T12:00:00,1.0,3533.8037675977216
DE4,solar,2021-01-25T15:00:00,1.0,2729.0209078009248
DE4,solar,2021-01-25T18:00:00,1.0,0.0
DE4,solar,2021-01-25T21:00:00,1.0,0.0
DE4,solar,2021-01-26T00:00:00,1.0,0.0
DE4,solar,2021-01-26T03:00:00,1.0,0.0
DE4,solar,2021-01-26T06:00:00,1.0,0.0
DE4,solar,2021-01-26T09:00:00,1.0,2204.077663004632
DE4,solar,2021-01-26T12:00:00,1.0,2888.9490654813494
DE4,solar,2021-01-26T15:00:00,1.0,3514.440876670949
DE4,solar,2021-01-26T18:00:00,1.0,0.0
DE4,solar,2021-01-26T21:00:00,1.0,0.0
DE4,solar,2021-01-27T00:00:00,1.0,0.0
DE4,solar,2021-01-27T03:00:00,1.0,0.0
DE4,solar,2021-01-27T06:00:00,1.0,0.0
DE4,solar,2021-01-27T09:00:00,1.0,1993.7583825162144
DE4,solar,2021-01-27T12:00:00,1.0,2508.4847912326886
DE4,solar,2021-01-27T15:00:00,1.0,2815.0865212257236
DE4,solar,2021-01-27T18:00:00,1.0,0.0
DE4,solar,2021-01-27T21:00:00,1.0,0.0
DE4,solar,2021-01-28T00:00:00,1.0,0.0
DE4,solar,2021-01-28T03:00:00,1.0,0.0
DE4,solar,2021-01-28T06:00:00,1.0,0.0
DE4,solar,2021-01-28T09:00:00,1.0,1584.5192405360422
DE4,solar,2021-01-28T12:00:00,1.0,1281.6487204562907
DE4,solar,2021-01-28T15:00:00,1.0,2068.4245769443514
DE4,solar,2021-01-28T18:00:00,1.0,0.0
DE4,solar,2021-01-28T21:00:00,1.0,0.0
DE4,solar,2021-01-29T00:00:00,1.0,0.0
DE4,solar,2021-01-29T03:00:00,1.0,0.0
DE4,solar,2021-01-29T06:00:00,1.0,0.0
DE4,solar,2021-01-29T09:00:00,1.0,1901.9930595930837
DE4,solar,2021-01-29T12:00:00,1.0,3632.1441096704684
DE4,solar,2021-01-29T15:00:00,1.0,3472.263026383298
DE4,solar,2021-01-29T18:00:00,1.0,0.0
DE4,solar,2021-01-29T21:00:00,1.0,0.0
DE4,solar,2021-01-30T00:00:00,1.0,0.0
DE4,solar,2021-01-30T03:00:00,1.0,0.0
DE4,solar,2021-01-30T06:00:00,1.0,0.0
DE4,solar,2021-01-30T09:00:00,1.0,1382.1795533452882
DE4,solar,2021-01-30T12:00:00,1.0,2144.141884536939
DE4,solar,2021-01-30T15:00:00,1.0,2509.582092115178
DE4,solar,2021-01-30T18:00:00,1.0,0.0
DE4,solar,2021-01-30T21:00:00,1.0,0.0
DE4,solar,2021-01-31T00:00:00,1.0,0.0
DE4,solar,2021-01-31T03:00:00,1.0,0.0
DE4,solar,2021-01-31T06:00:00,1.0,0.0
DE4,solar,2021-01-31T09:00:00,1.0,1925.3618685362414
DE4,solar,2021-01-31T12:00:00,1.0,1205.072224579971
DE4,solar,2021-01-31T15:00:00,1.0,2817.9363759748894
DE4,solar,2021-01-31T18:00:00,1.0,0.0
DE4,solar,2021-01-31T21:00:00,1.0,0.0
DE4,solar,2021-02-01T00:00:00,1.0,0.0
DE4,solar,2021-02-01T03:00:00,1.0,0.0
DE4,solar,2021-02-01T06:00:00,1.0,0.0
DE4,solar,2021-02-01T09:00:00,1.0,2096.923124436007
DE4,solar,2021-02-01T12:00:00,1.0,2687.431971069982
DE4,solar,2021-02-01T15:00:00,1.0,2434.3459267372077
DE4,solar,2021-02-01T18:00:00,1.0,0.0
DE4,solar,2021-02-01T21:00:00,1.0,0.0
DE4,solar,2021-02-02T00:00:00,1.0,0.0
DE4,solar,2021-02-02T03:00:00,1.0,0.0
DE4,solar,2021-02-02T06:00:00,1.0,0.0
DE4,solar,2021-02-02T09:00:00,1.0,2018.2671333590388
DE4,solar,2021-02-02T12:00:00,1.0,1830.5812856328523
DE4,solar,2021-02-02T15:00:00,1.0,2194.958127807302
DE4,solar,2021-02-02T18:00:00,1.0,0.0
DE4,solar,2021-02-02T21:00:00,1.0,0.0
DE4,solar,2021-02-03T00:00:00,1.0,0.0
DE4,solar,2021-02-03T03:00:00,1.0,0.0
DE4,solar,2021-02-03T06:00:00,1.0,0.0
DE4,solar,2021-02-03T09:00:00,1.0,1476.2247600677517
DE4,solar,2021-02-03T12:00:00,1.0,3121.9028266208884
DE4,solar,2021-02-03T15:00:00,1.0,1476.2247600677517
DE4,solar,2021-02-03T18:00:00,1.0,0.0
DE4,solar,2021-02-03T21:00:00,1.0,0.0
DE4,solar,2021-02-04T00:00:00,1.0,0.0
DE4,solar,2021-02-04T03:00:00,1.0,0.0
DE4,solar,2021-02-04T06:00:00,1.0,0.0
DE4,solar,2021-02-04T09:00:00,1.0,1549.7510125962226
DE4,solar,2021-02-04T12:00:00,1.0,1877.3332515362895
DE4,solar,2021-02-04T15:00:00,1.0,1981.219021619886
DE4,solar,2021-02-04T18:00:00,1.0,0.0
DE4,solar,2021-02-04T21:00:00,1.0,0.0
DE4,solar,2021-02-05T00:00:00,1.0,0.0
DE4,solar,2021-02-05T03:00:00,1.0,0.0
DE4,solar,2021-02-05T06:00:00,1.0,0.0
DE4,solar,2021-02-05T09:00:00,1.0,1411.8180427366106
DE4,solar,2021-02-05T12:00:00,1.0,1892.6485507115535
DE4,solar,2021-02-05T15:00:00,1.0,3032.8154240619715
DE4,solar,2021-02-05T18:00:00,1.0,0.0
DE4,solar,2021-02-05T21:00:00,1.0,0.0
DE4,solar,2021-02-06T00:00:00,1.0,0.0
DE4,solar,2021-02-06T03:00:00,1.0,0.0
DE4,solar,2021-02-06T06:00:00,1.0,0.0
DE4,solar,2021-02-06T09:00:00,1.0,2332.891097666914
DE4,solar,2021-02-06T12:00:00,1.0,2273.9188933378587
DE4,solar,2021-02-06T15:00:00,1.0,2806.5369569782274
DE4,solar,2021-02-06T18:00:00,1.0,0.0
DE4,solar,2021-02-06T21:00:00,1.0,0.0
DE4,solar,2021-02-07T00:00:00,1.0,0.0
DE4,solar,2021-02-07T03:00:00,1.0,0.0
DE4,solar,2021-02-07T06:00:00,1.0,0.0
DE4,solar,2021-02-07T09:00:00,1.0,1059.575995739749
DE4,solar,2021-02-07T12:00:00,1.0,2172.3542777545304
DE4,solar,2021-02-07T15:00:00,1.0,3190.1274062159096
DE4,solar,2021-02-07T18:00:00,1.0,0.0
DE4,solar,2021-02-07T21:00:00,1.0,0.0
DE5,ccgt,2021-01-25T00:00:00,1.0,588.0
DE5,ccgt,2021-01-25T03:00:00,1.0,1960.0
DE5,ccgt,2021-01-25T06:00:00,1.0,1960.0
DE5,ccgt,2021-01-25T09:00:00,1.0,588.0
DE5,ccgt,2021-01-25T12:00:00,1.0,588.0
DE5,ccgt,2021-01-25T15:00:00,1.0,588.0
DE5,ccgt,2021-01-25T18:00:00,1.0,588.0
DE5,ccgt,2021-01-25T21:00:00,1.0,588.0
DE5,ccgt,2021-01-26T00:00:00,1.0,588.0
DE5,ccgt,2021-01-26T03:00:00,1.0,1960.0
DE5,ccgt,2021-01-26T06:00:00,1.0,1960.0
DE5,ccgt,2021-01-26T09:00:00,1.0,588.0
DE5,ccgt,2021-01-26T12:00:00,1.0,588.0
DE5,ccgt,2021-01-26T15:00:00,1.0,588.0
DE5,ccgt,2021-01-26T18:00:00,1.0,588.0
DE5,ccgt,2021-01-26T21:00:00,1.0,588.0
DE5,ccgt,2021-01-27T00:00:00,1.0,588.0
DE5,ccgt,2021-01-27T03:00:00,1.0,588.0
DE5,ccgt,2021-01-27T06:00:00,1.0,1960.0
DE5,ccgt,2021-01-27T09:00:00,1.0,588.0
DE5,ccgt,2021-01-27T12:00:00,1.0,588.0
DE5,ccgt,2021-01-27T15:00:00,1.0,588.0
DE5,ccgt,2021-01-27T18:00:00,1.0,588.0
DE5,ccgt,2021-01-27T21:00:00,1.0,1474.3876683834785
DE5,ccgt,2021-01-28T00:00:00,1.0,1960.0
DE5,ccgt,2021-01-28T03:00:00,1.0,1960.0
DE5,ccgt,2021-01-28T06:00:00,1.0,1960.0
DE5,ccgt,2021-01-28T09:00:00,1.0,588.0
DE5,ccgt,2021-01-28T12:00:00,1.0,588.0
DE5,ccgt,2021-01-28T15:00:00,1.0,588.0
DE5,ccgt,2021-01-28T18:00:00,1.0,1960.0
DE5,ccgt,2021-01-28T21:00:00,1.0,1960.0
DE5,ccgt,2021-01-29T00:00:00,1.0,1960.0
DE5,ccgt,2021-01-29T03:00:00,1.0,1960.0
DE5,ccgt,2021-01-29T06:00:00,1.0,1960.0
DE5,ccgt,2021-01-29T09:00:00,1.0,588.0
DE5,ccgt,2021-01-29T12:00:00,1.0,588.0
DE5,ccgt,2021-01-29T15:00:00,1.0,588.0
DE5,ccgt,2021-01-29T18:00:00,1.0,588.0
DE5,ccgt,2021-01-29T21:00:00,1.0,588.0
DE5,ccgt,2021-01-30T00:00:00,1.0,1960.0
DE5,ccgt,2021-01-30T03:00:00,1.0,1960.0
DE5,ccgt,2021-01-30T06:00:00,1.0,1960.0
DE5,ccgt,2021-01-30T09:00:00,1.0,588.0
DE5,ccgt,2021-01-30T12:00:00,1.0,588.0
DE5,ccgt,2021-01-30T15:00:00,1.0,588.0
DE5,ccgt,2021-01-30T18:00:00,1.0,588.0
DE5,ccgt,2021-01-30T21:00:00,1.0,588.0
DE5,ccgt,2021-01-31T00:00:00,1.0,588.0
DE5,ccgt,2021-01-31T03:00:00,1.0,851.5263444731786
DE5,ccgt,2021-01-31T06:00:00,1.0,1960.0
DE5,ccgt,2021-01-31T09:00:00,1.0,588.0
DE5,ccgt,2021-01-31T12:00:00,1.0,588.0
DE5,ccgt,2021-01-31T15:00:00,1.0,588.0
DE5,ccgt,2021-01-31T18:00:00,1.0,588.0
DE5,ccgt,2021-01-31T21:00:00,1.0,588.0
DE5,ccgt,2021-02-01T00:00:00,1.0,1960.0
DE5,ccgt,2021-02-01T03:00:00,1.0,1960.0
DE5,ccgt,2021-02-01T06:00:00,1.0,1960.0
DE5,ccgt,2021-02-01T09:00:00,1.0,588.0
DE5,ccgt,2021-02-01T12:00:00,1.0,588.0
DE5,ccgt,2021-02-01T15:00:00,1.0,588.0
DE5,ccgt,2021-02-01T18:00:00,1.0,588.0
DE5,ccgt,2021-02-01T21:00:00,1.0,588.0
DE5,ccgt,2021-02-02T00:00:00,1.0,588.0
DE5,ccgt,2021-02-02T03:00:00,1.0,1960.0
DE5,ccgt,2021-02-02T06:00:00,1.0,1960.0
DE5,ccgt,2021-02-02T09:00:00,1.0,588.0
DE5,ccgt,2021-02-02T12:00:00,1.0,588.0
DE5,ccgt,2021-02-02T15:00:00,1.0,588.0
DE5,ccgt,2021-02-02T18:00:00,1.0,588.0
DE5,ccgt,2021-02-02T21:00:00,1.0,1494.5525179828555
DE5,ccgt,2021-02-03T00:00:00,1.0,1960.0
DE5,ccgt,2021-02-03T03:00:00,1.0,1960.0
DE5,ccgt,2021-02-03T06:00:00,1.0,1960.0
DE5,ccgt,2021-02-03T09:00:00,1.0,588.0
DE5,ccgt,2021-02-03T12:00:00,1.0,588.0
DE5,ccgt,2021-02-03T15:00:00,1.0,588.0
DE5,ccgt,2021-02-03T18:00:00,1.0,588.0
DE5,ccgt,2021-02-03T21:00:00,1.0,1960.0
DE5,ccgt,2021-02-04T00:00:00,1.0,1960.0
DE5,ccgt,2021-02-04T03:00:00,1.0,1960.0
DE5,ccgt,2021-02-04T06:00:00,1.0,1960.0
DE5,ccgt,2021-02-04T09:00:00,1.0,588.0
DE5,ccgt,2021-02-04T12:00:00,1.0,588.0
DE5,ccgt,2021-02-04T15:00:00,1.0,588.0
DE5,ccgt,2021-02-04T18:00:00,1.0,588.0
DE5,ccgt,2021-02-04T21:00:00,1.0,1960.0
DE5,ccgt,2021-02-05T00:00:00,1.0,1960.0
DE5,ccgt,2021-02-05T03:00:00,1.0,1960.0
DE5,ccgt,2021-02-05T06:00:00,1.0,1960.0
DE5,ccgt,2021-02-05T09:00:00,1.0,588.0
DE5,ccgt,2021-02-05T12:00:00,1.0,588.0
DE5,ccgt,2021-02-05T15:00:00,1.0,588.0
DE5,ccgt,2021-02-05T18:00:00,1.0,588.0
DE5,ccgt,2021-02-05T21:00:00,1.0,588.0
DE5,ccgt,2021-02-06T00:00:00,1.0,1960.0
DE5,ccgt,2021-02-06T03:00:00,1.0,1960.0
DE5,ccgt,2021-02-06T06:00:00,1.0,1960.0
DE5,ccgt,2021-02-06T09:00:00,1.0,588.0
DE5,ccgt,2021-02-06T12:00:00,1.0,588.0
DE5,ccgt,2021-02-06T15:00:00,1.0,588.0
DE5,ccgt,2021-02-06T18:00:00,1.0,588.0
DE5,ccgt,2021-02-06T21:00:00,1.0,588.0
DE5,ccgt,2021-02-07T00:00:00,1.0,588.0
DE5,ccgt,2021-02-07T03:00:00,1.0,1960.0
DE5,ccgt,2021-02-07T06:00:00,1.0,1960.0
DE5,ccgt,2021-02-07T09:00:00,1.0,1960.0
DE5,ccgt,2021-02-07T12:00:00,1.0,588.0
DE5,ccgt,2021-02-07T15:00:00,1.0,588.0
DE5,ccgt,2021-02-07T18:00:00,1.0,588.0
DE5,ccgt,2021-02-07T21:00:00,1.0,588.0
DE5,ocgt,2021-01-25T00:00:00,1.0,0.0
DE5,ocgt,2021-01-25T03:00:00,1.0,860.0
DE5,ocgt,2021-01-25T06:00:00,1.0,860.0
DE5,ocgt,2021-01-25T09:00:00,1.0,0.0
DE5,ocgt,2021-01-25T12:00:00,1.0,0.0
DE5,ocgt,2021-01-25T15:00:00,1.0,0.0
DE5,ocgt,2021-01-25T18:00:00,1.0,0.0
DE5,ocgt,2021-01-25T21:00:00,1.0,0.0
DE5,ocgt,2021-01-26T00:00:00,1.0,0.0
DE5,ocgt,2021-01-26T03:00:00,1.0,0.0
DE5,ocgt,2021-01-26T06:00:00,1.0,0.0
DE5,ocgt,2021-01-26T09:00:00,1.0,0.0
DE5,ocgt,2021-01-26T12:00:00,1.0,0.0
DE5,ocgt,2021-01-26T15:00:00,1.0,0.0
DE5,ocgt,2021-01-26T18:00:00,1.0,0.0
DE5,ocgt,2021-01-26T21:00:00,1.0,0.0
DE5,ocgt,2021-01-27T00:00:00,1.0,0.0
DE5,ocgt,2021-01-27T03:00:00,1.0,0.0
DE5,ocgt,2021-01-27T06:00:00,1.0,0.0
DE5,ocgt,2021-01-27T09:00:00,1.0,0.0
DE5,ocgt,2021-01-27T12:00:00,1.0,0.0
DE5,ocgt,2021-01-27T15:00:00,1.0,0.0
DE5,ocgt,2021-01-27T18:00:00,1.0,0.0
DE5,ocgt,2021-01-27T21:00:00,1.0,0.0
DE5,ocgt,2021-01-28T00:00:00,1.0,0.0
DE5,ocgt,2021-01-28T03:00:00,1.0,0.0
DE5,ocgt,2021-01-28T06:00:00,1.0,0.0
DE5,ocgt,2021-01-28T09:00:00,1.0,0.0
DE5,ocgt,2021-01-28T12:00:00,1.0,0.0
DE5,ocgt,2021-01-28T15:00:00,1.0,0.0
DE5,ocgt,2021-01-28T18:00:00,1.0,0.0
DE5,ocgt,2021-01-28T21:00:00,1.0,0.0
DE5,ocgt,2021-01-29T00:00:00,1.0,0.0
DE5,ocgt,2021-01-29T03:00:00,1.0,0.0
DE5,ocgt,2021-01-29T06:00:00,1.0,0.0
DE5,ocgt,2021-01-29T09:00:00,1.0,0.0
DE5,ocgt,2021-01-29T12:00:00,1.0,0.0
DE5,ocgt,2021-01-29T15:00:00,1.0,0.0
DE5,ocgt,2021-01-29T18:00:00,1.0,0.0
DE5,ocgt,2021-01-29T21:00:00,1.0,0.0
DE5,ocgt,2021-01-30T00:00:00,1.0,0.0
DE5,ocgt,2021-01-30T03:00:00,1.0,0.0
DE5,ocgt,2021-01-30T06:00:00,1.0,0.0
DE5,ocgt,2021-01-30T09:00:00,1.0,0.0
DE5,ocgt,2021-01-30T12:00:00,1.0,0.0
DE5,ocgt,2021-01-30T15:00:00,1.0,0.0
DE5,ocgt,2021-01-30T18:00:00,1.0,0.0
DE5,ocgt,2021-01-30T21:00:00,1.0,0.0
DE5,ocgt,2021-01-31T00:00:00,1.0,0.0
DE5,ocgt,2021-01-31T03:00:00,1.0,0.0
DE5,ocgt,2021-01-31T06:00:00,1.0,0.0
DE5,ocgt,2021-01-31T09:00:00,1.0,0.0
DE5,ocgt,2021-01-31T12:00:00,1.0,0.0
DE5,ocgt,2021-01-31T15:00:00,1.0,0.0
DE5,ocgt,2021-01-31T18:00:00,1.0,0.0
DE5,ocgt,2021-01-31T21:00:00,1.0,0.0
DE5,ocgt,2021-02-01T00:00:00,1.0,0.0
DE5,ocgt,2021-02-01T03:00:00,1.0,0.0
DE5,ocgt,2021-02-01T06:00:00,1.0,0.0
DE5,ocgt,2021-02-01T09:00:00,1.0,0.0
DE5,ocgt,2021-02-01T12:00:00,1.0,0.0
DE5,ocgt,2021-02-01T15:00:00,1.0,0.0
DE5,ocgt,2021-02-01T18:00:00,1.0,0.0
DE5,ocgt,2021-02-01T21:00:00,1.0,0.0
DE5,ocgt,2021-02-02T00:00:00,1.0,0.0
DE5,ocgt,2021-02-02T03:00:00,1.0,0.0
DE5,ocgt,2021-02-02T06:00:00,1.0,0.0
DE5,ocgt,2021-02-02T09:00:00,1.0,0.0
DE5,ocgt,2021-02-02T12:00:00,1.0,0.0
DE5,ocgt,2021-02-02T15:00:00,1.0,0.0
DE5,ocgt,2021-02-02T18:00:00,1.0,0.0
DE5,ocgt,2021-02-02T21:00:00,1.0,0.0
DE5,ocgt,2021-02-03T00:00:00,1.0,0.0
DE5,ocgt,2021-02-03T03:00:00,1.0,0.0
DE5,ocgt,2021-02-03T06:00:00,1.0,0.0
DE5,ocgt,2021-02-03T09:00:00,1.0,0.0
DE5,ocgt,2021-02-03T12:00:00,1.0,0.0
DE5,ocgt,2021-02-03T15:00:00,1.0,0.0
DE5,ocgt,2021-02-03T18:00:00,1.0,0.0
DE5,ocgt,2021-02-03T21:00:00,1.0,0.0
DE5,ocgt,2021-02-04T00:00:00,1.0,0.0
DE5,ocgt,2021-02-04T03:00:00,1.0,0.0
DE5,ocgt,2021-02-04T06:00:00,1.0,0.0
DE5,ocgt,2021-02-04T09:00:00,1.0,0.0
DE5,ocgt,2021-02-04T12:00:00,1.0,0.0
DE5,ocgt,2021-02-04T15:00:00,1.0,0.0
DE5,ocgt,2021-02-04T18:00:00,1.0,0.0
DE5,ocgt,2021-02-04T21:00:00,1.0,0.0
DE5,ocgt,2021-02-05T00:00:00,1.0,0.0
DE5,ocgt,2021-02-05T03:00:00,1.0,0.0
DE5,ocgt,2021-02-05T06:00:00,1.0,0.0
DE5,ocgt,2021-02-05T09:00:00,1.0,0.0
DE5,ocgt,2021-02-05T12:00:00,1.0,0.0
DE5,ocgt,2021-02-05T15:00:00,1.0,0.0
DE5,ocgt,2021-02-05T18:00:00,1.0,0.0
DE5,ocgt,2021-02-05T21:00:00,1.0,0.0
DE5,ocgt,2021-02-06T00:00:00,1.0,0.0
DE5,ocgt,2021-02-06T03:00:00,1.0,0.0
DE5,ocgt,2021-02-06T06:00:00,1.0,0.0
DE5,ocgt,2021-02-06T09:00:00,1.0,0.0
DE5,ocgt,2021-02-06T12:00:00,1.0,0.0
DE5,ocgt,2021-02-06T15:00:00,1.0,0.0
DE5,ocgt,2021-02-06T18:00:00,1.0,0.0
DE5,ocgt,2021-02-06T21:00:00,1.0,0.0
DE5,ocgt,2021-02-07T00:00:00,1.0,0.0
DE5,ocgt,2021-02-07T03:00:00,1.0,0.0
DE5,ocgt,2021-02-07T06:00:00,1.0,0.0
DE5,ocgt,2021-02-07T09:00:00,1.0,0.0
DE5,ocgt,2021-02-07T12:00:00,1.0,0.0
DE5,ocgt,2021-02-07T15:00:00,1.0,0.0
DE5,ocgt,2021-02-07T18:00:00,1.0,0.0
DE5,ocgt,2021-02-07T21:00:00,1.0,0.0
DE5,offwind,2021-01-25T00:00:00,1.0,0.0
DE5,offwind,2021-01-25T03:00:00,1.0,21.572179199999997
DE5,offwind,2021-01-25T06:00:00,1.0,31.03597919999999
DE5,offwind,2021-01-25T09:00:00,1.0,30.382833599999998
DE5,offwind,2021-01-25T12:00:00,1.0,0.0
DE5,offwind,2021-01-25T15:00:00,1.0,34.18752
DE5,offwind,2021-01-25T18:00:00,1.0,44.471347200000004
DE5,offwind,2021-01-25T21:00:00,1.0,31.73968800000002
DE5,offwind,2021-01-26T00:00:00,1.0,39.41291519999999
DE5,offwind,2021-01-26T03:00:00,1.0,38.40583679999998
DE5,offwind,2021-01-26T06:00:00,1.0,30.9396
DE5,offwind,2021-01-26T09:00:00,1.0,0.0
DE5,offwind,2021-01-26T12:00:00,1.0,0.0
DE5,offwind,2021-01-26T15:00:00,1.0,0.0
DE5,offwind,2021-01-26T18:00:00,1.0,56.98071359999999
DE5,offwind,2021-01-26T21:00:00,1.0,47.69656320000001
DE5,offwind,2021-01-27T00:00:00,1.0,36.6625152
DE5,offwind,2021-01-27T03:00:00,1.0,33.07391999999999
DE5,offwind,2021-01-27T06:00:00,1.0,44.23203840000001
DE5,offwind,2021-01-27T09:00:00,1.0,0.0
DE5,offwind,2021-01-27T12:00:00,1.0,35.2170624
DE5,offwind,2021-01-27T15:00:00,1.0,34.101504000000006
DE5,offwind,2021-01-27T18:00:00,1.0,23.242464000000005
DE5,offwind,2021-01-27T21:00:00,1.0,13.306809600000003
DE5,offwind,2021-01-28T00:00:00,1.0,13.8915648
DE5,offwind,2021-01-28T03:00:00,1.0,11.811744000000001
DE5,offwind,2021-01-28T06:00:00,1.0,9.368280000000004
DE5,offwind,2021-01-28T09:00:00,1.0,7.019155200000003
DE5,offwind,2021-01-28T12:00:00,1.0,9.254016000000002
DE5,offwind,2021-01-28T15:00:00,1.0,6.816960000000001
DE5,offwind,2021-01-28T18:00:00,1.0,9.722102400000002
DE5,offwind,2021-01-28T21:00:00,1.0,7.724544000000001
DE5,offwind,2021-01-29T00:00:00,1.0,15.281831999999998
DE5,offwind,2021-01-29T03:00:00,1.0,16.6719072
DE5,offwind,2021-01-29T06:00:00,1.0,9.936057599999998
DE5,offwind,2021-01-29T09:00:00,1.0,0.0
DE5,offwind,2021-01-29T12:00:00,1.0,0.0
DE5,offwind,2021-01-29T15:00:00,1.0,0.0
DE5,offwind,2021-01-29T18:00:00,1.0,14.305785599999997
DE5,offwind,2021-01-29T21:00:00,1.0,16.187558399999993
DE5,offwind,2021-01-30T00:00:00,1.0,26.03988479999999
DE5,offwind,2021-01-30T03:00:00,1.0,56.31690239999999
DE5,offwind,2021-01-30T06:00:00,1.0,32.81052
DE5,offwind,2021-01-30T09:00:00,1.0,45.84180960000001
DE5,offwind,2021-01-30T12:00:00,1.0,41.160652800000015
DE5,offwind,2021-01-30T15:00:00,1.0,55.23456
DE5,offwind,2021-01-30T18:00:00,1.0,51.43167359999998
DE5,offwind,2021-01-30T21:00:00,1.0,89.91695519999999
DE5,offwind,2021-01-31T00:00:00,1.0,61.75745279999999
DE5,offwind,2021-01-31T03:00:00,1.0,65.3995008
DE5,offwind,2021-01-31T06:00:00,1.0,60.82994399999999
DE5,offwind,2021-01-31T09:00:00,1.0,57.58483199999999
DE5,offwind,2021-01-31T12:00:00,1.0,52.69665600000002
DE5,offwind,2021-01-31T15:00:00,1.0,39.3744768
DE5,offwind,2021-01-31T18:00:00,1.0,54.2895264
DE5,offwind,2021-01-31T21:00:00,1.0,58.309804800000016
DE5,offwind,2021-02-01T00:00:00,1.0,44.1109824
DE5,offwind,2021-02-01T03:00:00,1.0,30.391680000000004
DE5,offwind,2021-02-01T06:00:00,1.0,41.71073279999999
DE5,offwind,2021-02-01T09:00:00,1.0,26.629459200000007
DE5,offwind,2021-02-01T12:00:00,1.0,20.077497599999997
DE5,offwind,2021-02-01T15:00:00,1.0,20.87654400000001
DE5,offwind,2021-02-01T18:00:00,1.0,20.645620800000003
DE5,offwind,2021-02-01T21:00:00,1.0,22.515225599999997
DE5,offwind,2021-02-02T00:00:00,1.0,13.636339199999997
DE5,offwind,2021-02-02T03:00:00,1.0,9.2324448
DE5,offwind,2021-02-02T06:00:00,1.0,9.884419200000002
DE5,offwind,2021-02-02T09:00:00,1.0,10.0791072
DE5,offwind,2021-02-02T12:00:00,1.0,10.055807999999999
DE5,offwind,2021-02-02T15:00:00,1.0,8.821651199999998
DE5,offwind,2021-02-02T18:00:00,1.0,6.384384000000001
DE5,offwind,2021-02-02T21:00:00,1.0,7.535040000000002
DE5,offwind,2021-02-03T00:00:00,1.0,10.865961599999999
DE5,offwind,2021-02-03T03:00:00,1.0,11.3182368
DE5,offwind,2021-02-03T06:00:00,1.0,11.05044
DE5,offwind,2021-02-03T09:00:00,1.0,10.604831999999998
DE5,offwind,2021-02-03T12:00:00,1.0,10.088064000000001
DE5,offwind,2021-02-03T15:00:00,1.0,12.541689600000002
DE5,offwind,2021-02-03T18:00:00,1.0,18.759667199999996
DE5,offwind,2021-02-03T21:00:00,1.0,20.234447999999997
DE5,offwind,2021-02-04T00:00:00,1.0,32.432064000000004
DE5,offwind,2021-02-04T03:00:00,1.0,31.99046400000001
DE5,offwind,2021-02-04T06:00:00,1.0,52.182590399999995
DE5,offwind,2021-02-04T09:00:00,1.0,27.925252800000006
DE5,offwind,2021-02-04T12:00:00,1.0,35.65710240000001
DE5,offwind,2021-02-04T15:00:00,1.0,36.436992
DE5,offwind,2021-02-04T18:00:00,1.0,37.02052799999999
DE5,offwind,2021-02-04T21:00:00,1.0,46.3812912
DE5,offwind,2021-02-05T00:00:00,1.0,37.2233088
DE5,offwind,2021-02-05T03:00:00,1.0,37.41696
DE5,offwind,2021-02-05T06:00:00,1.0,40.974792
DE5,offwind,2021-02-05T09:00:00,1.0,44.61479039999999
DE5,offwind,2021-02-05T12:00:00,1.0,49.16750399999999
DE5,offwind,2021-02-05T15:00:00,1.0,34.22834880000001
DE5,offwind,2021-02-05T18:00:00,1.0,29.991211200000002
DE5,offwind,2021-02-05T21:00:00,1.0,38.369011199999996
DE5,offwind,2021-02-06T00:00:00,1.0,38.937196799999995
DE5,offwind,2021-02-06T03:00:00,1.0,35.33376
DE5,offwind,2021-02-06T06:00:00,1.0,36.70782720000001
DE5,offwind,2021-02-06T09:00:00,1.0,32.57386559999999
DE5,offwind,2021-02-06T12:00:00,1.0,29.490431999999988
DE5,offwind,2021-02-06T15:00:00,1.0,35.298047999999994
DE5,offwind,2021-02-06T18:00:00,1.0,30.918216000000005
DE5,offwind,2021-02-06T21:00:00,1.0,33.6042336
DE5,offwind,2021-02-07T00:00:00,1.0,19.625025600000008
DE5,offwind,2021-02-07T03:00:00,1.0,16.311456000000007
DE5,offwind,2021-02-07T06:00:00,1.0,8.498620799999998
DE5,offwind,2021-02-07T09:00:00,1.0,10.260206400000001
DE5,offwind,2021-02-07T12:00:00,1.0,10.840896
DE5,offwind,2021-02-07T15:00:00,1.0,6.726067199999999
DE5,offwind,2021-02-07T18:00:00,1.0,5.3938656
DE5,offwind,2021-02-07T21:00:00,1.0,6.641664
DE5,onwind,2021-01-25T00:00:00,1.0,0.0
DE5,onwind,2021-01-25T03:00:00,1.0,318.67992
DE5,onwind,2021-01-25T06:00:00,1.0,458.49796199999986
DE5,onwind,2021-01-25T09:00:00,1.0,448.761222
DE5,onwind,2021-01-25T12:00:00,1.0,0.0
DE5,onwind,2021-01-25T15:00:00,1.0,505.02113999999995
DE5,onwind,2021-01-25T18:00:00,1.0,656.8685760000001
DE5,onwind,2021-01-25T21:00:00,1.0,468.84474000000023
DE5,onwind,2021-01-26T00:00:00,1.0,582.1938719999998
DE5,onwind,2021-01-26T03:00:00,1.0,567.3793319999997
DE5,onwind,2021-01-26T06:00:00,1.0,457.11120000000005
DE5,onwind,2021-01-26T09:00:00,1.0,0.0
DE5,onwind,2021-01-26T12:00:00,1.0,0.0
DE5,onwind,2021-01-26T15:00:00,1.0,0.0
DE5,onwind,2021-01-26T18:00:00,1.0,841.7761559999998
DE5,onwind,2021-01-26T21:00:00,1.0,704.5278240000001
DE5,onwind,2021-01-27T00:00:00,1.0,541.651968
DE5,onwind,2021-01-27T03:00:00,1.0,488.5919999999999
DE5,onwind,2021-01-27T06:00:00,1.0,653.42784
DE5,onwind,2021-01-27T09:00:00,1.0,0.0
DE5,onwind,2021-01-27T12:00:00,1.0,520.2083640000001
DE5,onwind,2021-01-27T15:00:00,1.0,503.8029360000001
DE5,onwind,2021-01-27T18:00:00,1.0,343.3201200000001
DE5,onwind,2021-01-27T21:00:00,1.0,196.54876800000008
DE5,onwind,2021-01-28T00:00:00,1.0,205.17307199999996
DE5,onwind,2021-01-28T03:00:00,1.0,174.39786000000004
DE5,onwind,2021-01-28T06:00:00,1.0,138.38565000000006
DE5,onwind,2021-01-28T09:00:00,1.0,103.71597600000005
DE5,onwind,2021-01-28T12:00:00,1.0,136.76598
DE5,onwind,2021-01-28T15:00:00,1.0,100.66680000000001
DE5,onwind,2021-01-28T18:00:00,1.0,143.60728200000005
DE5,onwind,2021-01-28T21:00:00,1.0,114.17328000000002
DE5,onwind,2021-01-29T00:00:00,1.0,225.84042
DE5,onwind,2021-01-29T03:00:00,1.0,246.33211200000002
DE5,onwind,2021-01-29T06:00:00,1.0,146.77135199999998
DE5,onwind,2021-01-29T09:00:00,1.0,0.0
DE5,onwind,2021-01-29T12:00:00,1.0,0.0
DE5,onwind,2021-01-29T15:00:00,1.0,0.0
DE5,onwind,2021-01-29T18:00:00,1.0,211.37500799999995
DE5,onwind,2021-01-29T21:00:00,1.0,239.17420799999996
DE5,onwind,2021-01-30T00:00:00,1.0,384.73889999999983
DE5,onwind,2021-01-30T03:00:00,1.0,831.9542399999999
DE5,onwind,2021-01-30T06:00:00,1.0,484.71345
DE5,onwind,2021-01-30T09:00:00,1.0,677.0937420000002
DE5,onwind,2021-01-30T12:00:00,1.0,608.1104640000001
DE5,onwind,2021-01-30T15:00:00,1.0,815.92992
DE5,onwind,2021-01-30T18:00:00,1.0,759.6767879999999
DE5,onwind,2021-01-30T21:00:00,1.0,1328.2137959999998
DE5,onwind,2021-01-31T00:00:00,1.0,912.2596079999998
DE5,onwind,2021-01-31T03:00:00,1.0,966.1636920000001
DE5,onwind,2021-01-31T06:00:00,1.0,898.720368
DE5,onwind,2021-01-31T09:00:00,1.0,850.62432
DE5,onwind,2021-01-31T12:00:00,1.0,778.3754940000002
DE5,onwind,2021-01-31T15:00:00,1.0,581.647248
DE5,onwind,2021-01-31T18:00:00,1.0,802.019244
DE5,onwind,2021-01-31T21:00:00,1.0,861.2964360000002
DE5,onwind,2021-02-01T00:00:00,1.0,651.695616
DE5,onwind,2021-02-01T03:00:00,1.0,448.96800000000013
DE5,onwind,2021-02-01T06:00:00,1.0,616.1812799999999
DE5,onwind,2021-02-01T09:00:00,1.0,393.47131200000007
DE5,onwind,2021-02-01T12:00:00,1.0,296.5744859999999
DE5,onwind,2021-02-01T15:00:00,1.0,308.42229600000013
DE5,onwind,2021-02-01T18:00:00,1.0,304.9615140000001
DE5,onwind,2021-02-01T21:00:00,1.0,332.562048
DE5,onwind,2021-02-02T00:00:00,1.0,201.40348799999995
DE5,onwind,2021-02-02T03:00:00,1.0,136.315062
DE5,onwind,2021-02-02T06:00:00,1.0,146.00991600000003
DE5,onwind,2021-02-02T09:00:00,1.0,148.93023599999998
DE5,onwind,2021-02-02T12:00:00,1.0,148.61574
DE5,onwind,2021-02-02T15:00:00,1.0,130.270296
DE5,onwind,2021-02-02T18:00:00,1.0,94.30512
DE5,onwind,2021-02-02T21:00:00,1.0,111.37230000000004
DE5,onwind,2021-02-03T00:00:00,1.0,160.581096
DE5,onwind,2021-02-03T03:00:00,1.0,167.23012799999998
DE5,onwind,2021-02-03T06:00:00,1.0,163.23255
DE5,onwind,2021-02-03T09:00:00,1.0,156.71564999999995
DE5,onwind,2021-02-03T12:00:00,1.0,148.99248000000003
DE5,onwind,2021-02-03T15:00:00,1.0,185.27496
DE5,onwind,2021-02-03T18:00:00,1.0,277.1832959999999
DE5,onwind,2021-02-03T21:00:00,1.0,298.96776
DE5,onwind,2021-02-04T00:00:00,1.0,479.18325000000004
DE5,onwind,2021-02-04T03:00:00,1.0,472.58640000000014
DE5,onwind,2021-02-04T06:00:00,1.0,770.8991940000001
DE5,onwind,2021-02-04T09:00:00,1.0,412.4622060000001
DE5,onwind,2021-02-04T12:00:00,1.0,526.8006120000001
DE5,onwind,2021-02-04T15:00:00,1.0,538.2505439999999
DE5,onwind,2021-02-04T18:00:00,1.0,546.81549
DE5,onwind,2021-02-04T21:00:00,1.0,685.124076
DE5,onwind,2021-02-05T00:00:00,1.0,549.8497679999999
DE5,onwind,2021-02-05T03:00:00,1.0,552.7704
DE5,onwind,2021-02-05T06:00:00,1.0,605.374224
DE5,onwind,2021-02-05T09:00:00,1.0,659.0351039999999
DE5,onwind,2021-02-05T12:00:00,1.0,726.2468459999998
DE5,onwind,2021-02-05T15:00:00,1.0,505.62766800000014
DE5,onwind,2021-02-05T18:00:00,1.0,443.060202
DE5,onwind,2021-02-05T21:00:00,1.0,566.750184
DE5,onwind,2021-02-06T00:00:00,1.0,575.2581119999999
DE5,onwind,2021-02-06T03:00:00,1.0,521.9760000000001
DE5,onwind,2021-02-06T06:00:00,1.0,542.2747200000002
DE5,onwind,2021-02-06T09:00:00,1.0,481.30461599999984
DE5,onwind,2021-02-06T12:00:00,1.0,435.61751999999984
DE5,onwind,2021-02-06T15:00:00,1.0,521.4802319999999
DE5,onwind,2021-02-06T18:00:00,1.0,456.7005300000001
DE5,onwind,2021-02-06T21:00:00,1.0,496.35268800000006
DE5,onwind,2021-02-07T00:00:00,1.0,289.8540840000001
DE5,onwind,2021-02-07T03:00:00,1.0,240.8351400000001
DE5,onwind,2021-02-07T06:00:00,1.0,125.53928399999997
DE5,onwind,2021-02-07T09:00:00,1.0,151.606182
DE5,onwind,2021-02-07T12:00:00,1.0,160.21863
DE5,onwind,2021-02-07T15:00:00,1.0,99.324576
DE5,onwind,2021-02-07T18:00:00,1.0,79.673958
DE5,onwind,2021-02-07T21:00:00,1.0,98.16768
DE5,solar,2021-01-25T00:00:00,1.0,0.0
DE5,solar,2021-01-25T03:00:00,1.0,0.0
DE5,solar,2021-01-25T06:00:00,1.0,0.0
DE5,solar,2021-01-25T09:00:00,1.0,13939.16553053569
DE5,solar,2021-01-25T12:00:00,1.0,57347.33379323254
DE5,solar,2021-01-25T15:00:00,1.0,44287.14303928657
DE5,solar,2021-01-25T18:00:00,1.0,0.0
DE5,solar,2021-01-25T21:00:00,1.0,0.0
DE5,solar,2021-01-26T00:00:00,1.0,0.0
DE5,solar,2021-01-26T03:00:00,1.0,0.0
DE5,solar,2021-01-26T06:00:00,1.0,0.0
DE5,solar,2021-01-26T09:00:00,1.0,27529.31
DE5,solar,2021-01-26T12:00:00,1.0,45417.790321093846
DE5,solar,2021-01-26T15:00:00,1.0,57033.10860071868
DE5,solar,2021-01-26T18:00:00,1.0,0.0
DE5,solar,2021-01-26T21:00:00,1.0,0.0
DE5,solar,2021-01-27T00:00:00,1.0,0.0
DE5,solar,2021-01-27T03:00:00,1.0,0.0
DE5,solar,2021-01-27T06:00:00,1.0,0.0
DE5,solar,2021-01-27T09:00:00,1.0,32355.143348250716
DE5,solar,2021-01-27T12:00:00,1.0,40708.235119648634
DE5,solar,2021-01-27T15:00:00,1.0,45683.83447598922
DE5,solar,2021-01-27T18:00:00,1.0,0.0
DE5,solar,2021-01-27T21:00:00,1.0,0.0
DE5,solar,2021-01-28T00:00:00,1.0,0.0
DE5,solar,2021-01-28T03:00:00,1.0,0.0
DE5,solar,2021-01-28T06:00:00,1.0,0.0
DE5,solar,2021-01-28T09:00:00,1.0,25713.92181479045
DE5,solar,2021-01-28T12:00:00,1.0,20798.87334197987
DE5,solar,2021-01-28T15:00:00,1.0,33566.842541681486
DE5,solar,2021-01-28T18:00:00,1.0,0.0
DE5,solar,2021-01-28T21:00:00,1.0,0.0
DE5,solar,2021-01-29T00:00:00,1.0,0.0
DE5,solar,2021-01-29T03:00:00,1.0,0.0
DE5,solar,2021-01-29T06:00:00,1.0,0.0
DE5,solar,2021-01-29T09:00:00,1.0,28246.690000000002
DE5,solar,2021-01-29T12:00:00,1.0,47502.29751854092
DE5,solar,2021-01-29T15:00:00,1.0,56348.63730061274
DE5,solar,2021-01-29T18:00:00,1.0,0.0
DE5,solar,2021-01-29T21:00:00,1.0,0.0
DE5,solar,2021-01-30T00:00:00,1.0,0.0
DE5,solar,2021-01-30T03:00:00,1.0,0.0
DE5,solar,2021-01-30T06:00:00,1.0,0.0
DE5,solar,2021-01-30T09:00:00,1.0,22430.309496714686
DE5,solar,2021-01-30T12:00:00,1.0,34795.599427463174
DE5,solar,2021-01-30T15:00:00,1.0,40726.042356303005
DE5,solar,2021-01-30T18:00:00,1.0,0.0
DE5,solar,2021-01-30T21:00:00,1.0,0.0
DE5,solar,2021-01-31T00:00:00,1.0,0.0
DE5,solar,2021-01-31T03:00:00,1.0,0.0
DE5,solar,2021-01-31T06:00:00,1.0,0.0
DE5,solar,2021-01-31T09:00:00,1.0,31245.189888619476
DE5,solar,2021-01-31T12:00:00,1.0,19556.173362427606
DE5,solar,2021-01-31T15:00:00,1.0,45730.08253680718
DE5,solar,2021-01-31T18:00:00,1.0,0.0
DE5,solar,2021-01-31T21:00:00,1.0,0.0
DE5,solar,2021-02-01T00:00:00,1.0,0.0
DE5,solar,2021-02-01T03:00:00,1.0,0.0
DE5,solar,2021-02-01T06:00:00,1.0,0.0
DE5,solar,2021-02-01T09:00:00,1.0,34029.32314986118
DE5,solar,2021-02-01T12:00:00,1.0,43612.22875607601
DE5,solar,2021-02-01T15:00:00,1.0,39505.09355070864
DE5,solar,2021-02-01T18:00:00,1.0,0.0
DE5,solar,2021-02-01T21:00:00,1.0,0.0
DE5,solar,2021-02-02T00:00:00,1.0,0.0
DE5,solar,2021-02-02T03:00:00,1.0,0.0
DE5,solar,2021-02-02T06:00:00,1.0,0.0
DE5,solar,2021-02-02T09:00:00,1.0,32752.876671285256
DE5,solar,2021-02-02T12:00:00,1.0,29707.07003750709
DE5,solar,2021-02-02T15:00:00,1.0,35620.25644199929
DE5,solar,2021-02-02T18:00:00,1.0,0.0
DE5,solar,2021-02-02T21:00:00,1.0,0.0
DE5,solar,2021-02-03T00:00:00,1.0,0.0
DE5,solar,2021-02-03T03:00:00,1.0,0.0
DE5,solar,2021-02-03T06:00:00,1.0,0.0
DE5,solar,2021-02-03T09:00:00,1.0,23956.49550370765
DE5,solar,2021-02-03T12:00:00,1.0,50662.91600848303
DE5,solar,2021-02-03T15:00:00,1.0,23956.49550370765
DE5,solar,2021-02-03T18:00:00,1.0,0.0
DE5,solar,2021-02-03T21:00:00,1.0,0.0
DE5,solar,2021-02-04T00:00:00,1.0,0.0
DE5,solar,2021-02-04T03:00:00,1.0,0.0
DE5,solar,2021-02-04T06:00:00,1.0,0.0
DE5,solar,2021-02-04T09:00:00,1.0,25149.695472811236
DE5,solar,2021-02-04T12:00:00,1.0,30465.771077654783
DE5,solar,2021-02-04T15:00:00,1.0,32151.651880651658
DE5,solar,2021-02-04T18:00:00,1.0,0.0
DE5,solar,2021-02-04T21:00:00,1.0,0.0
DE5,solar,2021-02-05T00:00:00,1.0,0.0
DE5,solar,2021-02-05T03:00:00,1.0,0.0
DE5,solar,2021-02-05T06:00:00,1.0,0.0
DE5,solar,2021-02-05T09:00:00,1.0,22911.289329221567
DE5,solar,2021-02-05T12:00:00,1.0,30714.311073565237
DE5,solar,2021-02-05T15:00:00,1.0,49217.186322482004
DE5,solar,2021-02-05T18:00:00,1.0,0.0
DE5,solar,2021-02-05T21:00:00,1.0,0.0
DE5,solar,2021-02-06T00:00:00,1.0,0.0
DE5,solar,2021-02-06T03:00:00,1.0,0.0
DE5,solar,2021-02-06T06:00:00,1.0,0.0
DE5,solar,2021-02-06T09:00:00,1.0,37858.662585588965
DE5,solar,2021-02-06T12:00:00,1.0,36901.64886649384
DE5,solar,2021-02-06T15:00:00,1.0,45545.090293535315
DE5,solar,2021-02-06T18:00:00,1.0,0.0
DE5,solar,2021-02-06T21:00:00,1.0,0.0
DE5,solar,2021-02-07T00:00:00,1.0,0.0
DE5,solar,2021-02-07T03:00:00,1.0,0.0
DE5,solar,2021-02-07T06:00:00,1.0,0.0
DE5,solar,2021-02-07T09:00:00,1.0,17195.02901212066
DE5,solar,2021-02-07T12:00:00,1.0,35253.436262035066
DE5,solar,2021-02-07T15:00:00,1.0,51770.079279633865
DE5,solar,2021-02-07T18:00:00,1.0,0.0
DE5,solar,2021-02-07T21:00:00,1.0,0.0
DE6,ccgt,2021-01-25T00:00:00,1.0,492.0
DE6,ccgt,2021-01-25T03:00:00,1.0,1640.0
DE6,ccgt,2021-01-25T06:00:00,1.0,1640.0
DE6,ccgt,2021-01-25T09:00:00,1.0,492.0
DE6,ccgt,2021-01-25T12:00:00,1.0,492.0
DE6,ccgt,2021-01-25T15:00:00,1.0,492.0
DE6,ccgt,2021-01-25T18:00:00,1.0,492.0
DE6,ccgt,2021-01-25T21:00:00,1.0,492.0
DE6,ccgt,2021-01-26T00:00:00,1.0,492.0
DE6,ccgt,2021-01-26T03:00:00,1.0,1640.0
DE6,ccgt,2021-01-26T06:00:00,1.0,1640.0
DE6,ccgt,2021-01-26T09:00:00,1.0,492.0
DE6,ccgt,2021-01-26T12:00:00,1.0,492.0
DE6,ccgt,2021-01-26T15:00:00,1.0,492.0
DE6,ccgt,2021-01-26T18:00:00,1.0,492.0
DE6,ccgt,2021-01-26T21:00:00,1.0,492.0
DE6,ccgt,2021-01-27T00:00:00,1.0,492.0
DE6,ccgt,2021-01-27T03:00:00,1.0,1640.0
DE6,ccgt,2021-01-27T06:00:00,1.0,1640.0
DE6,ccgt,2021-01-27T09:00:00,1.0,492.0
DE6,ccgt,2021-01-27T12:00:00,1.0,492.0
DE6,ccgt,2021-01-27T15:00:00,1.0,492.0
DE6,ccgt,2021-01-27T18:00:00,1.0,492.0
DE6,ccgt,2021-01-27T21:00:00,1.0,492.0
DE6,ccgt,2021-01-28T00:00:00,1.0,1640.0
DE6,ccgt,2021-01-28T03:00:00,1.0,1640.0
DE6,ccgt,2021-01-28T06:00:00,1.0,1640.0
DE6,ccgt,2021-01-28T09:00:00,1.0,492.0
DE6,ccgt,2021-01-28T12:00:00,1.0,880.7693246968846
DE6,ccgt,2021-01-28T15:00:00,1.0,492.0
DE6,ccgt,2021-01-28T18:00:00,1.0,1640.0
DE6,ccgt,2021-01-28T21:00:00,1.0,1640.0
DE6,ccgt,2021-01-29T00:00:00,1.0,1640.0
DE6,ccgt,2021-01-29T03:00:00,1.0,1640.0
DE6,ccgt,2021-01-29T06:00:00,1.0,1640.0
DE6,ccgt,2021-01-29T09:00:00,1.0,492.0
DE6,ccgt,2021-01-29T12:00:00,1.0,492.0
DE6,ccgt,2021-01-29T15:00:00,1.0,492.0
DE6,ccgt,2021-01-29T18:00:00,1.0,492.0
DE6,ccgt,2021-01-29T21:00:00,1.0,492.0
DE6,ccgt,2021-01-30T00:00:00,1.0,492.0
DE6,ccgt,2021-01-30T03:00:00,1.0,1640.0
DE6,ccgt,2021-01-30T06:00:00,1.0,1640.0
DE6,ccgt,2021-01-30T09:00:00,1.0,492.0
DE6,ccgt,2021-01-30T12:00:00,1.0,492.0
DE6,ccgt,2021-01-30T15:00:00,1.0,492.0
DE6,ccgt,2021-01-30T18:00:00,1.0,492.0
DE6,ccgt,2021-01-30T21:00:00,1.0,492.0
DE6,ccgt,2021-01-31T00:00:00,1.0,1640.0
DE6,ccgt,2021-01-31T03:00:00,1.0,1640.0
DE6,ccgt,2021-01-31T06:00:00,1.0,1640.0
DE6,ccgt,2021-01-31T09:00:00,1.0,492.0
DE6,ccgt,2021-01-31T12:00:00,1.0,492.0
DE6,ccgt,2021-01-31T15:00:00,1.0,492.0
DE6,ccgt,2021-01-31T18:00:00,1.0,492.0
DE6,ccgt,2021-01-31T21:00:00,1.0,492.0
DE6,ccgt,2021-02-01T00:00:00,1.0,492.0
DE6,ccgt,2021-02-01T03:00:00,1.0,1640.0
DE6,ccgt,2021-02-01T06:00:00,1.0,1640.0
DE6,ccgt,2021-02-01T09:00:00,1.0,492.0
DE6,ccgt,2021-02-01T12:00:00,1.0,492.0
DE6,ccgt,2021-02-01T15:00:00,1.0,492.0
DE6,ccgt,2021-02-01T18:00:00,1.0,492.0
DE6,ccgt,2021-02-01T21:00:00,1.0,492.0
DE6,ccgt,2021-02-02T00:00:00,1.0,492.0
DE6,ccgt,2021-02-02T03:00:00,1.0,1640.0
DE6,ccgt,2021-02-02T06:00:00,1.0,1640.0
DE6,ccgt,2021-02-02T09:00:00,1.0,492.0
DE6,ccgt,2021-02-02T12:00:00,1.0,492.0
DE6,ccgt,2021-02-02T15:00:00,1.0,492.0
DE6,ccgt,2021-02-02T18:00:00,1.0,492.0
DE6,ccgt,2021-02-02T21:00:00,1.0,1640.0
DE6,ccgt,2021-02-03T00:00:00,1.0,1640.0
DE6,ccgt,2021-02-03T03:00:00,1.0,1640.0
DE6,ccgt,2021-02-03T06:00:00,1.0,1640.0
DE6,ccgt,2021-02-03T09:00:00,1.0,492.0
DE6,ccgt,2021-02-03T12:00:00,1.0,492.0
DE6,ccgt,2021-02-03T15:00:00,1.0,492.0
DE6,ccgt,2021-02-03T18:00:00,1.0,492.0
DE6,ccgt,2021-02-03T21:00:00,1.0,492.0
DE6,ccgt,2021-02-04T00:00:00,1.0,1640.0
DE6,ccgt,2021-02-04T03:00:00,1.0,1640.0
DE6,ccgt,2021-02-04T06:00:00,1.0,1640.0
DE6,ccgt,2021-02-04T09:00:00,1.0,492.0
DE6,ccgt,2021-02-04T12:00:00,1.0,492.0
DE6,ccgt,2021-02-04T15:00:00,1.0,492.0
DE6,ccgt,2021-02-04T18:00:00,1.0,492.0
DE6,ccgt,2021-02-04T21:00:00,1.0,1640.0
DE6,ccgt,2021-02-05T00:00:00,1.0,1640.0
DE6,ccgt,2021-02-05T03:00:00,1.0,1640.0
DE6,ccgt,2021-02-05T06:00:00,1.0,1640.0
DE6,ccgt,2021-02-05T09:00:00,1.0,492.0
DE6,ccgt,2021-02-05T12:00:00,1.0,492.0
DE6,ccgt,2021-02-05T15:00:00,1.0,492.0
DE6,ccgt,2021-02-05T18:00:00,1.0,492.0
DE6,ccgt,2021-02-05T21:00:00,1.0,492.0
DE6,ccgt,2021-02-06T00:00:00,1.0,1640.0
DE6,ccgt,2021-02-06T03:00:00,1.0,1640.0
DE6,ccgt,2021-02-06T06:00:00,1.0,1640.0
DE6,ccgt,2021-02-06T09:00:00,1.0,492.0
DE6,ccgt,2021-02-06T12:00:00,1.0,492.0
DE6,ccgt,2021-02-06T15:00:00,1.0,492.0
DE6,ccgt,2021-02-06T18:00:00,1.0,492.0
DE6,ccgt,2021-02-06T21:00:00,1.0,492.0
DE6,ccgt,2021-02-07T00:00:00,1.0,1640.0
DE6,ccgt,2021-02-07T03:00:00,1.0,1640.0
DE6,ccgt,2021-02-07T06:00:00,1.0,1640.0
DE6,ccgt,2021-02-07T09:00:00,1.0,1640.0
DE6,ccgt,2021-02-07T12:00:00,1.0,492.0
DE6,ccgt,2021-02-07T15:00:00,1.0,492.0
DE6,ccgt,2021-02-07T18:00:00,1.0,492.0
DE6,ccgt,2021-02-07T21:00:00,1.0,492.0
DE6,ocgt,2021-01-25T00:00:00,1.0,0.0
DE6,ocgt,2021-01-25T03:00:00,1.0,740.0
DE6,ocgt,2021-01-25T06:00:00,1.0,740.0
DE6,ocgt,2021-01-25T09:00:00,1.0,0.0
DE6,ocgt,2021-01-25T12:00:00,1.0,0.0
DE6,ocgt,2021-01-25T15:00:00,1.0,0.0
DE6,ocgt,2021-01-25T18:00:00,1.0,0.0
DE6,ocgt,2021-01-25T21:00:00,1.0,0.0
DE6,ocgt,2021-01-26T00:00:00,1.0,0.0
DE6,ocgt,2021-01-26T03:00:00,1.0,0.0
DE6,ocgt,2021-01-26T06:00:00,1.0,0.0
DE6,ocgt,2021-01-26T09:00:00,1.0,0.0
DE6,ocgt,2021-01-26T12:00:00,1.0,0.0
DE6,ocgt,2021-01-26T15:00:00,1.0,0.0
DE6,ocgt,2021-01-26T18:00:00,1.0,0.0
DE6,ocgt,2021-01-26T21:00:00,1.0,0.0
DE6,ocgt,2021-01-27T00:00:00,1.0,0.0
DE6,ocgt,2021-01-27T03:00:00,1.0,0.0
DE6,ocgt,2021-01-27T06:00:00,1.0,0.0
DE6,ocgt,2021-01-27T09:00:00,1.0,0.0
DE6,ocgt,2021-01-27T12:00:00,1.0,0.0
DE6,ocgt,2021-01-27T15:00:00,1.0,0.0
DE6,ocgt,2021-01-27T18:00:00,1.0,0.0
DE6,ocgt,2021-01-27T21:00:00,1.0,0.0
DE6,ocgt,2021-01-28T00:00:00,1.0,0.0
DE6,ocgt,2021-01-28T03:00:00,1.0,0.0
DE6,ocgt,2021-01-28T06:00:00,1.0,0.0
DE6,ocgt,2021-01-28T09:00:00,1.0,0.0
DE6,ocgt,2021-01-28T12:00:00,1.0,0.0
DE6,ocgt,2021-01-28T15:00:00,1.0,0.0
DE6,ocgt,2021-01-28T18:00:00,1.0,0.0
DE6,ocgt,2021-01-28T21:00:00,1.0,0.0
DE6,ocgt,2021-01-29T00:00:00,1.0,0.0
DE6,ocgt,2021-01-29T03:00:00,1.0,0.0
DE6,ocgt,2021-01-29T06:00:00,1.0,0.0
DE6,ocgt,2021-01-29T09:00:00,1.0,0.0
DE6,ocgt,2021-01-29T12:00:00,1.0,0.0
DE6,ocgt,2021-01-29T15:00:00,1.0,0.0
DE6,ocgt,2021-01-29T18:00:00,1.0,0.0
DE6,ocgt,2021-01-29T21:00:00,1.0,0.0
DE6,ocgt,2021-01-30T00:00:00,1.0,0.0
DE6,ocgt,2021-01-30T03:00:00,1.0,0.0
DE6,ocgt,2021-01-30T06:00:00,1.0,0.0
DE6,ocgt,2021-01-30T09:00:00,1.0,0.0
DE6,ocgt,2021-01-30T12:00:00,1.0,0.0
DE6,ocgt,2021-01-30T15:00:00,1.0,0.0
DE6,ocgt,2021-01-30T18:00:00,1.0,0.0
DE6,ocgt,2021-01-30T21:00:00,1.0,0.0
DE6,ocgt,2021-01-31T00:00:00,1.0,0.0
DE6,ocgt,2021-01-31T03:00:00,1.0,0.0
DE6,ocgt,2021-01-31T06:00:00,1.0,0.0
DE6,ocgt,2021-01-31T09:00:00,1.0,0.0
DE6,ocgt,2021-01-31T12:00:00,1.0,0.0
DE6,ocgt,2021-01-31T15:00:00,1.0,0.0
DE6,ocgt,2021-01-31T18:00:00,1.0,0.0
DE6,ocgt,2021-01-31T21:00:00,1.0,0.0
DE6,ocgt,2021-02-01T00:00:00,1.0,0.0
DE6,ocgt,2021-02-01T03:00:00,1.0,0.0
DE6,ocgt,2021-02-01T06:00:00,1.0,0.0
DE6,ocgt,2021-02-01T09:00:00,1.0,0.0
DE6,ocgt,2021-02-01T12:00:00,1.0,0.0
DE6,ocgt,2021-02-01T15:00:00,1.0,0.0
DE6,ocgt,2021-02-01T18:00:00,1.0,0.0
DE6,ocgt,2021-02-01T21:00:00,1.0,0.0
DE6,ocgt,2021-02-02T00:00:00,1.0,0.0
DE6,ocgt,2021-02-02T03:00:00,1.0,0.0
DE6,ocgt,2021-02-02T06:00:00,1.0,0.0
DE6,ocgt,2021-02-02T09:00:00,1.0,0.0
DE6,ocgt,2021-02-02T12:00:00,1.0,0.0
DE6,ocgt,2021-02-02T15:00:00,1.0,0.0
DE6,ocgt,2021-02-02T18:00:00,1.0,0.0
DE6,ocgt,2021-02-02T21:00:00,1.0,0.0
DE6,ocgt,2021-02-03T00:00:00,1.0,0.0
DE6,ocgt,2021-02-03T03:00:00,1.0,0.0
DE6,ocgt,2021-02-03T06:00:00,1.0,0.0
DE6,ocgt,2021-02-03T09:00:00,1.0,0.0
DE6,ocgt,2021-02-03T12:00:00,1.0,0.0
DE6,ocgt,2021-02-03T15:00:00,1.0,0.0
DE6,ocgt,2021-02-03T18:00:00,1.0,0.0
DE6,ocgt,2021-02-03T21:00:00,1.0,0.0
DE6,ocgt,2021-02-04T00:00:00,1.0,0.0
DE6,ocgt,2021-02-04T03:00:00,1.0,0.0
DE6,ocgt,2021-02-04T06:00:00,1.0,0.0
DE6,ocgt,2021-02-04T09:00:00,1.0,0.0
DE6,ocgt,2021-02-04T12:00:00,1.0,0.0
DE6,ocgt,2021-02-04T15:00:00,1.0,0.0
DE6,ocgt,2021-02-04T18:00:00,1.0,0.0
DE6,ocgt,2021-02-04T21:00:00,1.0,0.0
DE6,ocgt,2021-02-05T00:00:00,1.0,0.0
DE6,ocgt,2021-02-05T03:00:00,1.0,0.0
DE6,ocgt,2021-02-05T06:00:00,1.0,0.0
DE6,ocgt,2021-02-05T09:00:00,1.0,0.0
DE6,ocgt,2021-02-05T12:00:00,1.0,0.0
DE6,ocgt,2021-02-05T15:00:00,1.0,0.0
DE6,ocgt,2021-02-05T18:00:00,1.0,0.0
DE6,ocgt,2021-02-05T21:00:00,1.0,0.0
DE6,ocgt,2021-02-06T00:00:00,1.0,0.0
DE6,ocgt,2021-02-06T03:00:00,1.0,0.0
DE6,ocgt,2021-02-06T06:00:00,1.0,0.0
DE6,ocgt,2021-02-06T09:00:00,1.0,0.0
DE6,ocgt,2021-02-06T12:00:00,1.0,0.0
DE6,ocgt,2021-02-06T15:00:00,1.0,0.0
DE6,ocgt,2021-02-06T18:00:00,1.0,0.0
DE6,ocgt,2021-02-06T21:00:00,1.0,0.0
DE6,ocgt,2021-02-07T00:00:00,1.0,0.0
DE6,ocgt,2021-02-07T03:00:00,1.0,0.0
DE6,ocgt,2021-02-07T06:00:00,1.0,0.0
DE6,ocgt,2021-02-07T09:00:00,1.0,0.0
DE6,ocgt,2021-02-07T12:00:00,1.0,0.0
DE6,ocgt,2021-02-07T15:00:00,1.0,0.0
DE6,ocgt,2021-02-07T18:00:00,1.0,0.0
DE6,ocgt,2021-02-07T21:00:00,1.0,0.0
DE6,offwind,2021-01-25T00:00:00,1.0,0.0
DE6,offwind,2021-01-25T03:00:00,1.0,14.381452799999998
DE6,offwind,2021-01-25T06:00:00,1.0,20.690652799999995
DE6,offwind,2021-01-25T09:00:00,1.0,20.2552224
DE6,offwind,2021-01-25T12:00:00,1.0,0.0
DE6,offwind,2021-01-25T15:00:00,1.0,22.79168
DE6,offwind,2021-01-25T18:00:00,1.0,29.6475648
DE6,offwind,2021-01-25T21:00:00,1.0,21.159792000000014
DE6,offwind,2021-01-26T00:00:00,1.0,26.275276799999997
DE6,offwind,2021-01-26T03:00:00,1.0,25.603891199999985
DE6,offwind,2021-01-26T06:00:00,1.0,20.6264
DE6,offwind,2021-01-26T09:00:00,1.0,0.0
DE6,offwind,2021-01-26T12:00:00,1.0,0.0
DE6,offwind,2021-01-26T15:00:00,1.0,0.0
DE6,offwind,2021-01-26T18:00:00,1.0,37.987142399999996
DE6,offwind,2021-01-26T21:00:00,1.0,31.797708800000002
DE6,offwind,2021-01-27T00:00:00,1.0,24.4416768
DE6,offwind,2021-01-27T03:00:00,1.0,22.049279999999992
DE6,offwind,2021-01-27T06:00:00,1.0,29.488025600000004
DE6,offwind,2021-01-27T09:00:00,1.0,0.0
DE6,offwind,2021-01-27T12:00:00,1.0,23.478041600000005
DE6,offwind,2021-01-27T15:00:00,1.0,22.734336000000003
DE6,offwind,2021-01-27T18:00:00,1.0,15.494976000000003
DE6,offwind,2021-01-27T21:00:00,1.0,8.871206400000002
DE6,offwind,2021-01-28T00:00:00,1.0,9.2610432
DE6,offwind,2021-01-28T03:00:00,1.0,7.874496000000001
DE6,offwind,2021-01-28T06:00:00,1.0,6.245520000000003
DE6,offwind,2021-01-28T09:00:00,1.0,4.679436800000002
DE6,offwind,2021-01-28T12:00:00,1.0,6.169344000000001
DE6,offwind,2021-01-28T15:00:00,1.0,4.54464
DE6,offwind,2021-01-28T18:00:00,1.0,6.481401600000002
DE6,offwind,2021-01-28T21:00:00,1.0,5.1496960000000005
DE6,offwind,2021-01-29T00:00:00,1.0,10.187887999999997
DE6,offwind,2021-01-29T03:00:00,1.0,11.1146048
DE6,offwind,2021-01-29T06:00:00,1.0,6.624038399999998
DE6,offwind,2021-01-29T09:00:00,1.0,0.0
DE6,offwind,2021-01-29T12:00:00,1.0,0.0
DE6,offwind,2021-01-29T15:00:00,1.0,0.0
DE6,offwind,2021-01-29T18:00:00,1.0,9.537190399999997
DE6,offwind,2021-01-29T21:00:00,1.0,10.791705599999997
DE6,offwind,2021-01-30T00:00:00,1.0,17.359923199999994
DE6,offwind,2021-01-30T03:00:00,1.0,37.54460159999999
DE6,offwind,2021-01-30T06:00:00,1.0,21.873679999999997
DE6,offwind,2021-01-30T09:00:00,1.0,30.56120640000001
DE6,offwind,2021-01-30T12:00:00,1.0,27.44043520000001
DE6,offwind,2021-01-30T15:00:00,1.0,36.823040000000006
DE6,offwind,2021-01-30T18:00:00,1.0,34.28778239999999
DE6,offwind,2021-01-30T21:00:00,1.0,59.94463679999999
DE6,offwind,2021-01-31T00:00:00,1.0,41.17163519999999
DE6,offwind,2021-01-31T03:00:00,1.0,43.5996672
DE6,offwind,2021-01-31T06:00:00,1.0,40.553295999999996
DE6,offwind,2021-01-31T09:00:00,1.0,38.38988799999999
DE6,offwind,2021-01-31T12:00:00,1.0,35.131104000000015
DE6,offwind,2021-01-31T15:00:00,1.0,26.249651199999995
DE6,offwind,2021-01-31T18:00:00,1.0,36.1930176
DE6,offwind,2021-01-31T21:00:00,1.0,38.87320320000001
DE6,offwind,2021-02-01T00:00:00,1.0,29.407321599999996
DE6,offwind,2021-02-01T03:00:00,1.0,20.261120000000005
DE6,offwind,2021-02-01T06:00:00,1.0,27.807155199999993
DE6,offwind,2021-02-01T09:00:00,1.0,17.752972800000006
DE6,offwind,2021-02-01T12:00:00,1.0,13.384998399999999
DE6,offwind,2021-02-01T15:00:00,1.0,13.917696000000007
DE6,offwind,2021-02-01T18:00:00,1.0,13.763747200000003
DE6,offwind,2021-02-01T21:00:00,1.0,15.010150399999997
DE6,offwind,2021-02-02T00:00:00,1.0,9.090892799999997
DE6,offwind,2021-02-02T03:00:00,1.0,6.1549632
DE6,offwind,2021-02-02T06:00:00,1.0,6.589612800000001
DE6,offwind,2021-02-02T09:00:00,1.0,6.7194047999999995
DE6,offwind,2021-02-02T12:00:00,1.0,6.703872
DE6,offwind,2021-02-02T15:00:00,1.0,5.881100799999999
DE6,offwind,2021-02-02T18:00:00,1.0,4.2562560000000005
DE6,offwind,2021-02-02T21:00:00,1.0,5.023360000000001
DE6,offwind,2021-02-03T00:00:00,1.0,7.243974399999999
DE6,offwind,2021-02-03T03:00:00,1.0,7.5454912
DE6,offwind,2021-02-03T06:00:00,1.0,7.366960000000001
DE6,offwind,2021-02-03T09:00:00,1.0,7.069887999999999
DE6,offwind,2021-02-03T12:00:00,1.0,6.725376000000001
DE6,offwind,2021-02-03T15:00:00,1.0,8.3611264
DE6,offwind,2021-02-03T18:00:00,1.0,12.506444799999997
DE6,offwind,2021-02-03T21:00:00,1.0,13.489631999999999
DE6,offwind,2021-02-04T00:00:00,1.0,21.621376000000005
DE6,offwind,2021-02-04T03:00:00,1.0,21.326976000000005
DE6,offwind,2021-02-04T06:00:00,1.0,34.7883936
DE6,offwind,2021-02-04T09:00:00,1.0,18.616835200000004
DE6,offwind,2021-02-04T12:00:00,1.0,23.771401600000004
DE6,offwind,2021-02-04T15:00:00,1.0,24.291327999999996
DE6,offwind,2021-02-04T18:00:00,1.0,24.680351999999996
DE6,offwind,2021-02-04T21:00:00,1.0,30.9208608
DE6,offwind,2021-02-05T00:00:00,1.0,24.8155392
DE6,offwind,2021-02-05T03:00:00,1.0,24.944640000000003
DE6,offwind,2021-02-05T06:00:00,1.0,27.316527999999998
DE6,offwind,2021-02-05T09:00:00,1.0,29.74319359999999
DE6,offwind,2021-02-05T12:00:00,1.0,32.778335999999996
DE6,offwind,2021-02-05T15:00:00,1.0,22.818899200000008
DE6,offwind,2021-02-05T18:00:00,1.0,19.994140800000004
DE6,offwind,2021-02-05T21:00:00,1.0,25.579340799999997
DE6,offwind,2021-02-06T00:00:00,1.0,25.958131199999997
DE6,offwind,2021-02-06T03:00:00,1.0,23.55584
DE6,offwind,2021-02-06T06:00:00,1.0,24.47188480000001
DE6,offwind,2021-02-06T09:00:00,1.0,21.71591039999999
DE6,offwind,2021-02-06T12:00:00,1.0,19.660287999999994
DE6,offwind,2021-02-06T15:00:00,1.0,23.532031999999997
DE6,offwind,2021-02-06T18:00:00,1.0,20.612144000000004
DE6,offwind,2021-02-06T21:00:00,1.0,22.402822399999998
DE6,offwind,2021-02-07T00:00:00,1.0,13.083350400000004
DE6,offwind,2021-02-07T03:00:00,1.0,10.874304000000004
DE6,offwind,2021-02-07T06:00:00,1.0,5.665747199999998
DE6,offwind,2021-02-07T09:00:00,1.0,6.8401376
DE6,offwind,2021-02-07T12:00:00,1.0,7.227264
DE6,offwind,2021-02-07T15:00:00,1.0,4.4840447999999995
DE6,offwind,2021-02-07T18:00:00,1.0,3.5959103999999997
DE6,offwind,2021-02-07T21:00:00,1.0,4.427776
DE6,onwind,2021-01-25T00:00:00,1.0,0.0
DE6,onwind,2021-01-25T03:00:00,1.0,212.45328
DE6,onwind,2021-01-25T06:00:00,1.0,305.66530799999987
DE6,onwind,2021-01-25T09:00:00,1.0,299.174148
DE6,onwind,2021-01-25T12:00:00,1.0,0.0
DE6,onwind,2021-01-25T15:00:00,1.0,336.68075999999996
DE6,onwind,2021-01-25T18:00:00,1.0,437.9123840000001
DE6,onwind,2021-01-25T21:00:00,1.0,312.56316000000015
DE6,onwind,2021-01-26T00:00:00,1.0,388.1292479999999
DE6,onwind,2021-01-26T03:00:00,1.0,378.2528879999998
DE6,onwind,2021-01-26T06:00:00,1.0,304.74080000000004
DE6,onwind,2021-01-26T09:00:00,1.0,0.0
DE6,onwind,2021-01-26T12:00:00,1.0,0.0
DE6,onwind,2021-01-26T15:00:00,1.0,0.0
DE6,onwind,2021-01-26T18:00:00,1.0,561.1841039999999
DE6,onwind,2021-01-26T21:00:00,1.0,469.6852160000001
DE6,onwind,2021-01-27T00:00:00,1.0,361.101312
DE6,onwind,2021-01-27T03:00:00,1.0,325.72799999999995
DE6,onwind,2021-01-27T06:00:00,1.0,435.61855999999995
DE6,onwind,2021-01-27T09:00:00,1.0,0.0
DE6,onwind,2021-01-27T12:00:00,1.0,346.80557600000003
DE6,onwind,2021-01-27T15:00:00,1.0,335.86862400000007
DE6,onwind,2021-01-27T18:00:00,1.0,228.88008000000005
DE6,onwind,2021-01-27T21:00:00,1.0,131.03251200000005
DE6,onwind,2021-01-28T00:00:00,1.0,136.78204799999997
DE6,onwind,2021-01-28T03:00:00,1.0,116.26524000000003
DE6,onwind,2021-01-28T06:00:00,1.0,92.25710000000004
DE6,onwind,2021-01-28T09:00:00,1.0,69.14398400000003
DE6,onwind,2021-01-28T12:00:00,1.0,91.17732000000001
DE6,onwind,2021-01-28T15:00:00,1.0,67.11120000000001
DE6,onwind,2021-01-28T18:00:00,1.0,95.73818800000004
DE6,onwind,2021-01-28T21:00:00,1.0,76.11552000000002
DE6,onwind,2021-01-29T00:00:00,1.0,150.56027999999998
DE6,onwind,2021-01-29T03:00:00,1.0,164.22140800000003
DE6,onwind,2021-01-29T06:00:00,1.0,97.847568
DE6,onwind,2021-01-29T09:00:00,1.0,0.0
DE6,onwind,2021-01-29T12:00:00,1.0,0.0
DE6,onwind,2021-01-29T15:00:00,1.0,0.0
DE6,onwind,2021-01-29T18:00:00,1.0,140.91667199999995
DE6,onwind,2021-01-29T21:00:00,1.0,159.44947199999996
DE6,onwind,2021-01-30T00:00:00,1.0,256.4925999999999
DE6,onwind,2021-01-30T03:00:00,1.0,554.6361599999999
DE6,onwind,2021-01-30T06:00:00,1.0,323.14230000000003
DE6,onwind,2021-01-30T09:00:00,1.0,451.3958280000001
DE6,onwind,2021-01-30T12:00:00,1.0,405.40697600000004
DE6,onwind,2021-01-30T15:00:00,1.0,543.9532800000001
DE6,onwind,2021-01-30T18:00:00,1.0,506.45119199999993
DE6,onwind,2021-01-30T21:00:00,1.0,885.4758639999999
DE6,onwind,2021-01-31T00:00:00,1.0,608.1730719999999
DE6,onwind,2021-01-31T03:00:00,1.0,644.109128
DE6,onwind,2021-01-31T06:00:00,1.0,599.146912
DE6,onwind,2021-01-31T09:00:00,1.0,567.0828799999999
DE6,onwind,2021-01-31T12:00:00,1.0,518.9169960000002
DE6,onwind,2021-01-31T15:00:00,1.0,387.76483199999996
DE6,onwind,2021-01-31T18:00:00,1.0,534.679496
DE6,onwind,2021-01-31T21:00:00,1.0,574.1976240000001
DE6,onwind,2021-02-01T00:00:00,1.0,434.46374399999996
DE6,onwind,2021-02-01T03:00:00,1.0,299.31200000000007
DE6,onwind,2021-02-01T06:00:00,1.0,410.7875199999999
DE6,onwind,2021-02-01T09:00:00,1.0,262.31420800000006
DE6,onwind,2021-02-01T12:00:00,1.0,197.71632399999996
DE6,onwind,2021-02-01T15:00:00,1.0,205.6148640000001
DE6,onwind,2021-02-01T18:00:00,1.0,203.30767600000004
DE6,onwind,2021-02-01T21:00:00,1.0,221.708032
DE6,onwind,2021-02-02T00:00:00,1.0,134.26899199999997
DE6,onwind,2021-02-02T03:00:00,1.0,90.87670800000001
DE6,onwind,2021-02-02T06:00:00,1.0,97.33994400000003
DE6,onwind,2021-02-02T09:00:00,1.0,99.286824
DE6,onwind,2021-02-02T12:00:00,1.0,99.07715999999999
DE6,onwind,2021-02-02T15:00:00,1.0,86.846864
DE6,onwind,2021-02-02T18:00:00,1.0,62.87008000000001
DE6,onwind,2021-02-02T21:00:00,1.0,74.24820000000003
DE6,onwind,2021-02-03T00:00:00,1.0,107.054064
DE6,onwind,2021-02-03T03:00:00,1.0,111.486752
DE6,onwind,2021-02-03T06:00:00,1.0,108.8217
DE6,onwind,2021-02-03T09:00:00,1.0,104.47709999999998
DE6,onwind,2021-02-03T12:00:00,1.0,99.32832000000002
DE6,onwind,2021-02-03T15:00:00,1.0,123.51664
DE6,onwind,2021-02-03T18:00:00,1.0,184.78886399999993
DE6,onwind,2021-02-03T21:00:00,1.0,199.31184000000002
DE6,onwind,2021-02-04T00:00:00,1.0,319.45550000000003
DE6,onwind,2021-02-04T03:00:00,1.0,315.0576000000001
DE6,onwind,2021-02-04T06:00:00,1.0,513.932796
DE6,onwind,2021-02-04T09:00:00,1.0,274.97480400000006
DE6,onwind,2021-02-04T12:00:00,1.0,351.20040800000004
DE6,onwind,2021-02-04T15:00:00,1.0,358.8336959999999
DE6,onwind,2021-02-04T18:00:00,1.0,364.54365999999993
DE6,onwind,2021-02-04T21:00:00,1.0,456.74938399999996
DE6,onwind,2021-02-05T00:00:00,1.0,366.566512
DE6,onwind,2021-02-05T03:00:00,1.0,368.5136
DE6,onwind,2021-02-05T06:00:00,1.0,403.582816
DE6,onwind,2021-02-05T09:00:00,1.0,439.3567359999999
DE6,onwind,2021-02-05T12:00:00,1.0,484.16456399999987
DE6,onwind,2021-02-05T15:00:00,1.0,337.0851120000001
DE6,onwind,2021-02-05T18:00:00,1.0,295.373468
DE6,onwind,2021-02-05T21:00:00,1.0,377.83345599999996
DE6,onwind,2021-02-06T00:00:00,1.0,383.50540799999993
DE6,onwind,2021-02-06T03:00:00,1.0,347.98400000000004
DE6,onwind,2021-02-06T06:00:00,1.0,361.5164800000001
DE6,onwind,2021-02-06T09:00:00,1.0,320.8697439999999
DE6,onwind,2021-02-06T12:00:00,1.0,290.4116799999999
DE6,onwind,2021-02-06T15:00:00,1.0,347.6534879999999
DE6,onwind,2021-02-06T18:00:00,1.0,304.46702000000005
DE6,onwind,2021-02-06T21:00:00,1.0,330.901792
DE6,onwind,2021-02-07T00:00:00,1.0,193.23605600000005
DE6,onwind,2021-02-07T03:00:00,1.0,160.55676000000005
DE6,onwind,2021-02-07T06:00:00,1.0,83.69285599999998
DE6,onwind,2021-02-07T09:00:00,1.0,101.070788
DE6,onwind,2021-02-07T12:00:00,1.0,106.81242
DE6,onwind,2021-02-07T15:00:00,1.0,66.21638399999999
DE6,onwind,2021-02-07T18:00:00,1.0,53.115972000000006
DE6,onwind,2021-02-07T21:00:00,1.0,65.44512
DE6,solar,2021-01-25T00:00:00,1.0,0.0
DE6,solar,2021-01-25T03:00:00,1.0,0.0
DE6,solar,2021-01-25T06:00:00,1.0,0.0
DE6,solar,2021-01-25T09:00:00,1.0,468.86386800000014
DE6,solar,2021-01-25T12:00:00,1.0,1928.96
DE6,solar,2021-01-25T15:00:00,1.0,1489.6617119999999
DE6,solar,2021-01-25T18:00:00,1.0,0.0
DE6,solar,2021-01-25T21:00:00,1.0,0.0
DE6,solar,2021-01-26T00:00:00,1.0,0.0
DE6,solar,2021-01-26T03:00:00,1.0,0.0
DE6,solar,2021-01-26T06:00:00,1.0,0.0
DE6,solar,2021-01-26T09:00:00,1.0,1203.116508
DE6,solar,2021-01-26T12:00:00,1.0,1576.9600000000003
DE6,solar,2021-01-26T15:00:00,1.0,1918.390584
DE6,solar,2021-01-26T18:00:00,1.0,0.0
DE6,solar,2021-01-26T21:00:00,1.0,0.0
DE6,solar,2021-01-27T00:00:00,1.0,0.0
DE6,solar,2021-01-27T03:00:00,1.0,0.0
DE6,solar,2021-01-27T06:00:00,1.0,0.0
DE6,solar,2021-01-27T09:00:00,1.0,1088.3117519999998
DE6,solar,2021-01-27T12:00:00,1.0,1369.2799999999997
DE6,solar,2021-01-27T15:00:00,1.0,1536.6414359999999
DE6,solar,2021-01-27T18:00:00,1.0,0.0
DE6,solar,2021-01-27T21:00:00,1.0,0.0
DE6,solar,2021-01-28T00:00:00,1.0,0.0
DE6,solar,2021-01-28T03:00:00,1.0,0.0
DE6,solar,2021-01-28T06:00:00,1.0,0.0
DE6,solar,2021-01-28T09:00:00,1.0,864.92472
DE6,solar,2021-01-28T12:00:00,1.0,699.6000000000001
DE6,solar,2021-01-28T15:00:00,1.0,1129.068996
DE6,solar,2021-01-28T18:00:00,1.0,0.0
DE6,solar,2021-01-28T21:00:00,1.0,0.0
DE6,solar,2021-01-29T00:00:00,1.0,0.0
DE6,solar,2021-01-29T03:00:00,1.0,0.0
DE6,solar,2021-01-29T06:00:00,1.0,0.0
DE6,solar,2021-01-29T09:00:00,1.0,1038.2207879999999
DE6,solar,2021-01-29T12:00:00,1.0,1982.64
DE6,solar,2021-01-29T15:00:00,1.0,1895.3674079999998
DE6,solar,2021-01-29T18:00:00,1.0,0.0
DE6,solar,2021-01-29T21:00:00,1.0,0.0
DE6,solar,2021-01-30T00:00:00,1.0,0.0
DE6,solar,2021-01-30T03:00:00,1.0,0.0
DE6,solar,2021-01-30T06:00:00,1.0,0.0
DE6,solar,2021-01-30T09:00:00,1.0,754.4756999999997
DE6,solar,2021-01-30T12:00:00,1.0,1170.4
DE6,solar,2021-01-30T15:00:00,1.0,1369.878972
DE6,solar,2021-01-30T18:00:00,1.0,0.0
DE6,solar,2021-01-30T21:00:00,1.0,0.0
DE6,solar,2021-01-31T00:00:00,1.0,0.0
DE6,solar,2021-01-31T03:00:00,1.0,0.0
DE6,solar,2021-01-31T06:00:00,1.0,0.0
DE6,solar,2021-01-31T09:00:00,1.0,1050.976872
DE6,solar,2021-01-31T12:00:00,1.0,657.7999999999998
DE6,solar,2021-01-31T15:00:00,1.0,1538.1970559999997
DE6,solar,2021-01-31T18:00:00,1.0,0.0
DE6,solar,2021-01-31T21:00:00,1.0,0.0
DE6,solar,2021-02-01T00:00:00,1.0,0.0
DE6,solar,2021-02-01T03:00:00,1.0,0.0
DE6,solar,2021-02-01T06:00:00,1.0,0.0
DE6,solar,2021-02-01T09:00:00,1.0,1144.625196
DE6,solar,2021-02-01T12:00:00,1.0,1466.9599999999996
DE6,solar,2021-02-01T15:00:00,1.0,1328.810604
DE6,solar,2021-02-01T18:00:00,1.0,0.0
DE6,solar,2021-02-01T21:00:00,1.0,0.0
DE6,solar,2021-02-02T00:00:00,1.0,0.0
DE6,solar,2021-02-02T03:00:00,1.0,0.0
DE6,solar,2021-02-02T06:00:00,1.0,0.0
DE6,solar,2021-02-02T09:00:00,1.0,1101.6900840000003
DE6,solar,2021-02-02T12:00:00,1.0,999.2399999999999
DE6,solar,2021-02-02T15:00:00,1.0,1198.138524
DE6,solar,2021-02-02T18:00:00,1.0,0.0
DE6,solar,2021-02-02T21:00:00,1.0,0.0
DE6,solar,2021-02-03T00:00:00,1.0,0.0
DE6,solar,2021-02-03T03:00:00,1.0,0.0
DE6,solar,2021-02-03T06:00:00,1.0,0.0
DE6,solar,2021-02-03T09:00:00,1.0,805.81116
DE6,solar,2021-02-03T12:00:00,1.0,1704.12
DE6,solar,2021-02-03T15:00:00,1.0,805.81116
DE6,solar,2021-02-03T18:00:00,1.0,0.0
DE6,solar,2021-02-03T21:00:00,1.0,0.0
DE6,solar,2021-02-04T00:00:00,1.0,0.0
DE6,solar,2021-02-04T03:00:00,1.0,0.0
DE6,solar,2021-02-04T06:00:00,1.0,0.0
DE6,solar,2021-02-04T09:00:00,1.0,845.946156
DE6,solar,2021-02-04T12:00:00,1.0,1024.76
DE6,solar,2021-02-04T15:00:00,1.0,1081.467024
DE6,solar,2021-02-04T18:00:00,1.0,0.0
DE6,solar,2021-02-04T21:00:00,1.0,0.0
DE6,solar,2021-02-05T00:00:00,1.0,0.0
DE6,solar,2021-02-05T03:00:00,1.0,0.0
DE6,solar,2021-02-05T06:00:00,1.0,0.0
DE6,solar,2021-02-05T09:00:00,1.0,770.6541480000001
DE6,solar,2021-02-05T12:00:00,1.0,1033.1200000000001
DE6,solar,2021-02-05T15:00:00,1.0,1655.4908039999998
DE6,solar,2021-02-05T18:00:00,1.0,0.0
DE6,solar,2021-02-05T21:00:00,1.0,0.0
DE6,solar,2021-02-06T00:00:00,1.0,0.0
DE6,solar,2021-02-06T03:00:00,1.0,0.0
DE6,solar,2021-02-06T06:00:00,1.0,0.0
DE6,solar,2021-02-06T09:00:00,1.0,1273.4305319999999
DE6,solar,2021-02-06T12:00:00,1.0,1241.24
DE6,solar,2021-02-06T15:00:00,1.0,1531.9745759999998
DE6,solar,2021-02-06T18:00:00,1.0,0.0
DE6,solar,2021-02-06T21:00:00,1.0,0.0
DE6,solar,2021-02-07T00:00:00,1.0,0.0
DE6,solar,2021-02-07T03:00:00,1.0,0.0
DE6,solar,2021-02-07T06:00:00,1.0,0.0
DE6,solar,2021-02-07T09:00:00,1.0,578.3795159999999
DE6,solar,2021-02-07T12:00:00,1.0,1185.8000000000004
DE6,solar,2021-02-07T15:00:00,1.0,1741.3610279999998
DE6,solar,2021-02-07T18:00:00,1.0,0.0
DE6,solar,2021-02-07T21:00:00,1.0,0.0
DE7,ccgt,2021-01-25T00:00:00,1.0,540.0
DE7,ccgt,2021-01-25T03:00:00,1.0,1800.0
DE7,ccgt,2021-01-25T06:00:00,1.0,1800.0
DE7,ccgt,2021-01-25T09:00:00,1.0,540.0
DE7,ccgt,2021-01-25T12:00:00,1.0,540.0
DE7,ccgt,2021-01-25T15:00:00,1.0,540.0
DE7,ccgt,2021-01-25T18:00:00,1.0,540.0
DE7,ccgt,2021-01-25T21:00:00,1.0,540.0
DE7,ccgt,2021-01-26T00:00:00,1.0,540.0
DE7,ccgt,2021-01-26T03:00:00,1.0,1800.0
DE7,ccgt,2021-01-26T06:00:00,1.0,1800.0
DE7,ccgt,2021-01-26T09:00:00,1.0,540.0
DE7,ccgt,2021-01-26T12:00:00,1.0,540.0
DE7,ccgt,2021-01-26T15:00:00,1.0,540.0
DE7,ccgt,2021-01-26T18:00:00,1.0,540.0
DE7,ccgt,2021-01-26T21:00:00,1.0,540.0
DE7,ccgt,2021-01-27T00:00:00,1.0,540.0
DE7,ccgt,2021-01-27T03:00:00,1.0,540.0
DE7,ccgt,2021-01-27T06:00:00,1.0,1800.0
DE7,ccgt,2021-01-27T09:00:00,1.0,540.0
DE7,ccgt,2021-01-27T12:00:00,1.0,540.0
DE7,ccgt,2021-01-27T15:00:00,1.0,540.0
DE7,ccgt,2021-01-27T18:00:00,1.0,540.0
DE7,ccgt,2021-01-27T21:00:00,1.0,1800.0
DE7,ccgt,2021-01-28T00:00:00,1.0,1800.0
DE7,ccgt,2021-01-28T03:00:00,1.0,1800.0
DE7,ccgt,2021-01-28T06:00:00,1.0,1800.0
DE7,ccgt,2021-01-28T09:00:00,1.0,540.0
DE7,ccgt,2021-01-28T12:00:00,1.0,1800.0
DE7,ccgt,2021-01-28T15:00:00,1.0,540.0
DE7,ccgt,2021-01-28T18:00:00,1.0,1800.0
DE7,ccgt,2021-01-28T21:00:00,1.0,1800.0
DE7,ccgt,2021-01-29T00:00:00,1.0,1800.0
DE7,ccgt,2021-01-29T03:00:00,1.0,1800.0
DE7,ccgt,2021-01-29T06:00:00,1.0,1800.0
DE7,ccgt,2021-01-29T09:00:00,1.0,540.0
DE7,ccgt,2021-01-29T12:00:00,1.0,540.0
DE7,ccgt,2021-01-29T15:00:00,1.0,540.0
DE7,ccgt,2021-01-29T18:00:00,1.0,540.0
DE7,ccgt,2021-01-29T21:00:00,1.0,540.0
DE7,ccgt,2021-01-30T00:00:00,1.0,1800.0
DE7,ccgt,2021-01-30T03:00:00,1.0,1800.0
DE7,ccgt,2021-01-30T06:00:00,1.0,1800.0
DE7,ccgt,2021-01-30T09:00:00,1.0,540.0
DE7,ccgt,2021-01-30T12:00:00,1.0,540.0
DE7,ccgt,2021-01-30T15:00:00,1.0,540.0
DE7,ccgt,2021-01-30T18:00:00,1.0,540.0
DE7,ccgt,2021-01-30T21:00:00,1.0,540.0
DE7,ccgt,2021-01-31T00:00:00,1.0,540.0
DE7,ccgt,2021-01-31T03:00:00,1.0,1800.0
DE7,ccgt,2021-01-31T06:00:00,1.0,1800.0
DE7,ccgt,2021-01-31T09:00:00,1.0,540.0
DE7,ccgt,2021-01-31T12:00:00,1.0,540.0
DE7,ccgt,2021-01-31T15:00:00,1.0,540.0
DE7,ccgt,2021-01-31T18:00:00,1.0,540.0
DE7,ccgt,2021-01-31T21:00:00,1.0,540.0
DE7,ccgt,2021-02-01T00:00:00,1.0,540.0
DE7,ccgt,2021-02-01T03:00:00,1.0,1800.0
DE7,ccgt,2021-02-01T06:00:00,1.0,1800.0
DE7,ccgt,2021-02-01T09:00:00,1.0,540.0
DE7,ccgt,2021-02-01T12:00:00,1.0,540.0
DE7,ccgt,2021-02-01T15:00:00,1.0,540.0
DE7,ccgt,2021-02-01T18:00:00,1.0,540.0
DE7,ccgt,2021-02-01T21:00:00,1.0,540.0
DE7,ccgt,2021-02-02T00:00:00,1.0,540.0
DE7,ccgt,2021-02-02T03:00:00,1.0,1800.0
DE7,ccgt,2021-02-02T06:00:00,1.0,1800.0
DE7,ccgt,2021-02-02T09:00:00,1.0,540.0
DE7,ccgt,2021-02-02T12:00:00,1.0,540.0
DE7,ccgt,2021-02-02T15:00:00,1.0,540.0
DE7,ccgt,2021-02-02T18:00:00,1.0,540.0
DE7,ccgt,2021-02-02T21:00:00,1.0,1800.0
DE7,ccgt,2021-02-03T00:00:00,1.0,1800.0
DE7,ccgt,2021-02-03T03:00:00,1.0,1800.0
DE7,ccgt,2021-02-03T06:00:00,1.0,1800.0
DE7,ccgt,2021-02-03T09:00:00,1.0,540.0
DE7,ccgt,2021-02-03T12:00:00,1.0,540.0
DE7,ccgt,2021-02-03T15:00:00,1.0,540.0
DE7,ccgt,2021-02-03T18:00:00,1.0,540.0
DE7,ccgt,2021-02-03T21:00:00,1.0,540.0
DE7,ccgt,2021-02-04T00:00:00,1.0,1800.0
DE7,ccgt,2021-02-04T03:00:00,1.0,1800.0
DE7,ccgt,2021-02-04T06:00:00,1.0,1800.0
DE7,ccgt,2021-02-04T09:00:00,1.0,540.0
DE7,ccgt,2021-02-04T12:00:00,1.0,540.0
DE7,ccgt,2021-02-04T15:00:00,1.0,540.0
DE7,ccgt,2021-02-04T18:00:00,1.0,540.0
DE7,ccgt,2021-02-04T21:00:00,1.0,1800.0
DE7,ccgt,2021-02-05T00:00:00,1.0,1800.0
DE7,ccgt,2021-02-05T03:00:00,1.0,1800.0
DE7,ccgt,2021-02-05T06:00:00,1.0,1800.0
DE7,ccgt,2021-02-05T09:00:00,1.0,540.0
DE7,ccgt,2021-02-05T12:00:00,1.0,540.0
DE7,ccgt,2021-02-05T15:00:00,1.0,540.0
DE7,ccgt,2021-02-05T18:00:00,1.0,540.0
DE7,ccgt,2021-02-05T21:00:00,1.0,540.0
DE7,ccgt,2021-02-06T00:00:00,1.0,1800.0
DE7,ccgt,2021-02-06T03:00:00,1.0,1800.0
DE7,ccgt,2021-02-06T06:00:00,1.0,1800.0
DE7,ccgt,2021-02-06T09:00:00,1.0,540.0
DE7,ccgt,2021-02-06T12:00:00,1.0,540.0
DE7,ccgt,2021-02-06T15:00:00,1.0,540.0
DE7,ccgt,2021-02-06T18:00:00,1.0,540.0
DE7,ccgt,2021-02-06T21:00:00,1.0,540.0
DE7,ccgt,2021-02-07T00:00:00,1.0,1800.0
DE7,ccgt,2021-02-07T03:00:00,1.0,1800.0
DE7,ccgt,2021-02-07T06:00:00,1.0,1800.0
DE7,ccgt,2021-02-07T09:00:00,1.0,540.0
DE7,ccgt,2021-02-07T12:00:00,1.0,540.0
DE7,ccgt,2021-02-07T15:00:00,1.0,540.0
DE7,ccgt,2021-02-07T18:00:00,1.0,540.0
DE7,ccgt,2021-02-07T21:00:00,1.0,540.0
DE7,ocgt,2021-01-25T00:00:00,1.0,0.0
DE7,ocgt,2021-01-25T03:00:00,1.0,800.0
DE7,ocgt,2021-01-25T06:00:00,1.0,800.0
DE7,ocgt,2021-01-25T09:00:00,1.0,0.0
DE7,ocgt,2021-01-25T12:00:00,1.0,0.0
DE7,ocgt,2021-01-25T15:00:00,1.0,0.0
DE7,ocgt,2021-01-25T18:00:00,1.0,0.0
DE7,ocgt,2021-01-25T21:00:00,1.0,0.0
DE7,ocgt,2021-01-26T00:00:00,1.0,0.0
DE7,ocgt,2021-01-26T03:00:00,1.0,0.0
DE7,ocgt,2021-01-26T06:00:00,1.0,0.0
DE7,ocgt,2021-01-26T09:00:00,1.0,0.0
DE7,ocgt,2021-01-26T12:00:00,1.0,0.0
DE7,ocgt,2021-01-26T15:00:00,1.0,0.0
DE7,ocgt,2021-01-26T18:00:00,1.0,0.0
DE7,ocgt,2021-01-26T21:00:00,1.0,0.0
DE7,ocgt,2021-01-27T00:00:00,1.0,0.0
DE7,ocgt,2021-01-27T03:00:00,1.0,0.0
DE7,ocgt,2021-01-27T06:00:00,1.0,0.0
DE7,ocgt,2021-01-27T09:00:00,1.0,0.0
DE7,ocgt,2021-01-27T12:00:00,1.0,0.0
DE7,ocgt,2021-01-27T15:00:00,1.0,0.0
DE7,ocgt,2021-01-27T18:00:00,1.0,0.0
DE7,ocgt,2021-01-27T21:00:00,1.0,0.0
DE7,ocgt,2021-01-28T00:00:00,1.0,0.0
DE7,ocgt,2021-01-28T03:00:00,1.0,0.0
DE7,ocgt,2021-01-28T06:00:00,1.0,0.0
DE7,ocgt,2021-01-28T09:00:00,1.0,0.0
DE7,ocgt,2021-01-28T12:00:00,1.0,0.0
DE7,ocgt,2021-01-28T15:00:00,1.0,0.0
DE7,ocgt,2021-01-28T18:00:00,1.0,0.0
DE7,ocgt,2021-01-28T21:00:00,1.0,0.0
DE7,ocgt,2021-01-29T00:00:00,1.0,0.0
DE7,ocgt,2021-01-29T03:00:00,1.0,0.0
DE7,ocgt,2021-01-29T06:00:00,1.0,0.0
DE7,ocgt,2021-01-29T09:00:00,1.0,0.0
DE7,ocgt,2021-01-29T12:00:00,1.0,0.0
DE7,ocgt,2021-01-29T15:00:00,1.0,0.0
DE7,ocgt,2021-01-29T18:00:00,1.0,0.0
DE7,ocgt,2021-01-29T21:00:00,1.0,0.0
DE7,ocgt,2021-01-30T00:00:00,1.0,0.0
DE7,ocgt,2021-01-30T03:00:00,1.0,0.0
DE7,ocgt,2021-01-30T06:00:00,1.0,0.0
DE7,ocgt,2021-01-30T09:00:00,1.0,0.0
DE7,ocgt,2021-01-30T12:00:00,1.0,0.0
DE7,ocgt,2021-01-30T15:00:00,1.0,0.0
DE7,ocgt,2021-01-30T18:00:00,1.0,0.0
DE7,ocgt,2021-01-30T21:00:00,1.0,0.0
DE7,ocgt,2021-01-31T00:00:00,1.0,0.0
DE7,ocgt,2021-01-31T03:00:00,1.0,0.0
DE7,ocgt,2021-01-31T06:00:00,1.0,0.0
DE7,ocgt,2021-01-31T09:00:00,1.0,0.0
DE7,ocgt,2021-01-31T12:00:00,1.0,0.0
DE7,ocgt,2021-01-31T15:00:00,1.0,0.0
DE7,ocgt,2021-01-31T18:00:00,1.0,0.0
DE7,ocgt,2021-01-31T21:00:00,1.0,0.0
DE7,ocgt,2021-02-01T00:00:00,1.0,0.0
DE7,ocgt,2021-02-01T03:00:00,1.0,0.0
DE7,ocgt,2021-02-01T06:00:00,1.0,0.0
DE7,ocgt,2021-02-01T09:00:00,1.0,0.0
DE7,ocgt,2021-02-01T12:00:00,1.0,0.0
DE7,ocgt,2021-02-01T15:00:00,1.0,0.0
DE7,ocgt,2021-02-01T18:00:00,1.0,0.0
DE7,ocgt,2021-02-01T21:00:00,1.0,0.0
DE7,ocgt,2021-02-02T00:00:00,1.0,0.0
DE7,ocgt,2021-02-02T03:00:00,1.0,0.0
DE7,ocgt,2021-02-02T06:00:00,1.0,0.0
DE7,ocgt,2021-02-02T09:00:00,1.0,0.0
DE7,ocgt,2021-02-02T12:00:00,1.0,0.0
DE7,ocgt,2021-02-02T15:00:00,1.0,0.0
DE7,ocgt,2021-02-02T18:00:00,1.0,0.0
DE7,ocgt,2021-02-02T21:00:00,1.0,0.0
DE7,ocgt,2021-02-03T00:00:00,1.0,0.0
DE7,ocgt,2021-02-03T03:00:00,1.0,0.0
DE7,ocgt,2021-02-03T06:00:00,1.0,0.0
DE7,ocgt,2021-02-03T09:00:00,1.0,0.0
DE7,ocgt,2021-02-03T12:00:00,1.0,0.0
DE7,ocgt,2021-02-03T15:00:00,1.0,0.0
DE7,ocgt,2021-02-03T18:00:00,1.0,0.0
DE7,ocgt,2021-02-03T21:00:00,1.0,0.0
DE7,ocgt,2021-02-04T00:00:00,1.0,0.0
DE7,ocgt,2021-02-04T03:00:00,1.0,0.0
DE7,ocgt,2021-02-04T06:00:00,1.0,0.0
DE7,ocgt,2021-02-04T09:00:00,1.0,0.0
DE7,ocgt,2021-02-04T12:00:00,1.0,0.0
DE7,ocgt,2021-02-04T15:00:00,1.0,0.0
DE7,ocgt,2021-02-04T18:00:00,1.0,0.0
DE7,ocgt,2021-02-04T21:00:00,1.0,0.0
DE7,ocgt,2021-02-05T00:00:00,1.0,0.0
DE7,ocgt,2021-02-05T03:00:00,1.0,0.0
DE7,ocgt,2021-02-05T06:00:00,1.0,0.0
DE7,ocgt,2021-02-05T09:00:00,1.0,0.0
DE7,ocgt,2021-02-05T12:00:00,1.0,0.0
DE7,ocgt,2021-02-05T15:00:00,1.0,0.0
DE7,ocgt,2021-02-05T18:00:00,1.0,0.0
DE7,ocgt,2021-02-05T21:00:00,1.0,0.0
DE7,ocgt,2021-02-06T00:00:00,1.0,0.0
DE7,ocgt,2021-02-06T03:00:00,1.0,0.0
DE7,ocgt,2021-02-06T06:00:00,1.0,0.0
DE7,ocgt,2021-02-06T09:00:00,1.0,0.0
DE7,ocgt,2021-02-06T12:00:00,1.0,0.0
DE7,ocgt,2021-02-06T15:00:00,1.0,0.0
DE7,ocgt,2021-02-06T18:00:00,1.0,0.0
DE7,ocgt,2021-02-06T21:00:00,1.0,0.0
DE7,ocgt,2021-02-07T00:00:00,1.0,0.0
DE7,ocgt,2021-02-07T03:00:00,1.0,0.0
DE7,ocgt,2021-02-07T06:00:00,1.0,0.0
DE7,ocgt,2021-02-07T09:00:00,1.0,0.0
DE7,ocgt,2021-02-07T12:00:00,1.0,0.0
DE7,ocgt,2021-02-07T15:00:00,1.0,0.0
DE7,ocgt,2021-02-07T18:00:00,1.0,0.0
DE7,ocgt,2021-02-07T21:00:00,1.0,0.0
DE7,offwind,2021-01-25T00:00:00,1.0,0.0
DE7,offwind,2021-01-25T03:00:00,1.0,17.976816
DE7,offwind,2021-01-25T06:00:00,1.0,25.86331599999999
DE7,offwind,2021-01-25T09:00:00,1.0,25.319028
DE7,offwind,2021-01-25T12:00:00,1.0,0.0
DE7,offwind,2021-01-25T15:00:00,1.0,28.4896
DE7,offwind,2021-01-25T18:00:00,1.0,37.059456000000004
DE7,offwind,2021-01-25T21:00:00,1.0,26.449740000000016
DE7,offwind,2021-01-26T00:00:00,1.0,32.84409599999999
DE7,offwind,2021-01-26T03:00:00,1.0,32.00486399999998
DE7,offwind,2021-01-26T06:00:00,1.0,25.783
DE7,offwind,2021-01-26T09:00:00,1.0,0.0
DE7,offwind,2021-01-26T12:00:00,1.0,0.0
DE7,offwind,2021-01-26T15:00:00,1.0,0.0
DE7,offwind,2021-01-26T18:00:00,1.0,47.48392799999999
DE7,offwind,2021-01-26T21:00:00,1.0,39.747136000000005
DE7,offwind,2021-01-27T00:00:00,1.0,30.552096000000002
DE7,offwind,2021-01-27T03:00:00,1.0,27.56159999999999
DE7,offwind,2021-01-27T06:00:00,1.0,36.860032000000004
DE7,offwind,2021-01-27T09:00:00,1.0,0.0
DE7,offwind,2021-01-27T12:00:00,1.0,29.347552000000004
DE7,offwind,2021-01-27T15:00:00,1.0,28.417920000000002
DE7,offwind,2021-01-27T18:00:00,1.0,19.368720000000003
DE7,offwind,2021-01-27T21:00:00,1.0,11.089008000000003
DE7,offwind,2021-01-28T00:00:00,1.0,11.576304
DE7,offwind,2021-01-28T03:00:00,1.0,9.84312
DE7,offwind,2021-01-28T06:00:00,1.0,7.806900000000002
DE7,offwind,2021-01-28T09:00:00,1.0,5.8492960000000025
DE7,offwind,2021-01-28T12:00:00,1.0,7.711680000000001
DE7,offwind,2021-01-28T15:00:00,1.0,5.6808000000000005
DE7,offwind,2021-01-28T18:00:00,1.0,8.101752000000003
DE7,offwind,2021-01-28T21:00:00,1.0,6.43712
DE7,offwind,2021-01-29T00:00:00,1.0,12.734859999999998
DE7,offwind,2021-01-29T03:00:00,1.0,13.893256000000001
DE7,offwind,2021-01-29T06:00:00,1.0,8.280047999999999
DE7,offwind,2021-01-29T09:00:00,1.0,0.0
DE7,offwind,2021-01-29T12:00:00,1.0,0.0
DE7,offwind,2021-01-29T15:00:00,1.0,0.0
DE7,offwind,2021-01-29T18:00:00,1.0,11.921487999999997
DE7,offwind,2021-01-29T21:00:00,1.0,13.489631999999997
DE7,offwind,2021-01-30T00:00:00,1.0,21.699903999999993
DE7,offwind,2021-01-30T03:00:00,1.0,46.93075199999999
DE7,offwind,2021-01-30T06:00:00,1.0,27.3421
DE7,offwind,2021-01-30T09:00:00,1.0,38.20150800000001
DE7,offwind,2021-01-30T12:00:00,1.0,34.30054400000001
DE7,offwind,2021-01-30T15:00:00,1.0,46.028800000000004
DE7,offwind,2021-01-30T18:00:00,1.0,42.85972799999998
DE7,offwind,2021-01-30T21:00:00,1.0,74.93079599999999
DE7,offwind,2021-01-31T00:00:00,1.0,51.46454399999999
DE7,offwind,2021-01-31T03:00:00,1.0,54.499584
DE7,offwind,2021-01-31T06:00:00,1.0,50.69161999999999
DE7,offwind,2021-01-31T09:00:00,1.0,47.98735999999999
DE7,offwind,2021-01-31T12:00:00,1.0,43.91388000000001
DE7,offwind,2021-01-31T15:00:00,1.0,32.812064
DE7,offwind,2021-01-31T18:00:00,1.0,45.241272
DE7,offwind,2021-01-31T21:00:00,1.0,48.591504000000015
DE7,offwind,2021-02-01T00:00:00,1.0,36.75915199999999
DE7,offwind,2021-02-01T03:00:00,1.0,25.326400000000003
DE7,offwind,2021-02-01T06:00:00,1.0,34.75894399999999
DE7,offwind,2021-02-01T09:00:00,1.0,22.191216000000004
DE7,offwind,2021-02-01T12:00:00,1.0,16.731247999999997
DE7,offwind,2021-02-01T15:00:00,1.0,17.397120000000008
DE7,offwind,2021-02-01T18:00:00,1.0,17.204684000000004
DE7,offwind,2021-02-01T21:00:00,1.0,18.762687999999997
DE7,offwind,2021-02-02T00:00:00,1.0,11.363615999999997
DE7,offwind,2021-02-02T03:00:00,1.0,7.693703999999999
DE7,offwind,2021-02-02T06:00:00,1.0,8.237016
DE7,offwind,2021-02-02T09:00:00,1.0,8.399256
DE7,offwind,2021-02-02T12:00:00,1.0,8.37984
DE7,offwind,2021-02-02T15:00:00,1.0,7.351375999999998
DE7,offwind,2021-02-02T18:00:00,1.0,5.320320000000001
DE7,offwind,2021-02-02T21:00:00,1.0,6.279200000000001
DE7,offwind,2021-02-03T00:00:00,1.0,9.054967999999999
DE7,offwind,2021-02-03T03:00:00,1.0,9.431864
DE7,offwind,2021-02-03T06:00:00,1.0,9.2087
DE7,offwind,2021-02-03T09:00:00,1.0,8.837359999999999
DE7,offwind,2021-02-03T12:00:00,1.0,8.40672
DE7,offwind,2021-02-03T15:00:00,1.0,10.451408
DE7,offwind,2021-02-03T18:00:00,1.0,15.633055999999995
DE7,offwind,2021-02-03T21:00:00,1.0,16.862039999999997
DE7,offwind,2021-02-04T00:00:00,1.0,27.026720000000005
DE7,offwind,2021-02-04T03:00:00,1.0,26.65872000000001
DE7,offwind,2021-02-04T06:00:00,1.0,43.485492
DE7,offwind,2021-02-04T09:00:00,1.0,23.271044000000003
DE7,offwind,2021-02-04T12:00:00,1.0,29.71425200000001
DE7,offwind,2021-02-04T15:00:00,1.0,30.364159999999995
DE7,offwind,2021-02-04T18:00:00,1.0,30.850439999999995
DE7,offwind,2021-02-04T21:00:00,1.0,38.651076
DE7,offwind,2021-02-05T00:00:00,1.0,31.019424
DE7,offwind,2021-02-05T03:00:00,1.0,31.1808
DE7,offwind,2021-02-05T06:00:00,1.0,34.14566
DE7,offwind,2021-02-05T09:00:00,1.0,37.17899199999999
DE7,offwind,2021-02-05T12:00:00,1.0,40.97291999999999
DE7,offwind,2021-02-05T15:00:00,1.0,28.52362400000001
DE7,offwind,2021-02-05T18:00:00,1.0,24.992676000000003
DE7,offwind,2021-02-05T21:00:00,1.0,31.974176
DE7,offwind,2021-02-06T00:00:00,1.0,32.447663999999996
DE7,offwind,2021-02-06T03:00:00,1.0,29.444799999999997
DE7,offwind,2021-02-06T06:00:00,1.0,30.589856000000008
DE7,offwind,2021-02-06T09:00:00,1.0,27.144887999999987
DE7,offwind,2021-02-06T12:00:00,1.0,24.57535999999999
DE7,offwind,2021-02-06T15:00:00,1.0,29.415039999999998
DE7,offwind,2021-02-06T18:00:00,1.0,25.765180000000004
DE7,offwind,2021-02-06T21:00:00,1.0,28.003528
DE7,offwind,2021-02-07T00:00:00,1.0,16.354188000000004
DE7,offwind,2021-02-07T03:00:00,1.0,13.592880000000005
DE7,offwind,2021-02-07T06:00:00,1.0,7.082183999999998
DE7,offwind,2021-02-07T09:00:00,1.0,8.550172
DE7,offwind,2021-02-07T12:00:00,1.0,9.03408
DE7,offwind,2021-02-07T15:00:00,1.0,5.605055999999999
DE7,offwind,2021-02-07T18:00:00,1.0,4.4948879999999996
DE7,offwind,2021-02-07T21:00:00,1.0,5.53472
DE7,onwind,2021-01-25T00:00:00,1.0,0.0
DE7,onwind,2021-01-25T03:00:00,1.0,265.5666
DE7,onwind,2021-01-25T06:00:00,1.0,382.0816349999999
DE7,onwind,2021-01-25T09:00:00,1.0,373.967685
DE7,onwind,2021-01-25T12:00:00,1.0,0.0
DE7,onwind,2021-01-25T15:00:00,1.0,420.85094999999995
DE7,onwind,2021-01-25T18:00:00,1.0,547.39048
DE7,onwind,2021-01-25T21:00:00,1.0,390.7039500000002
DE7,onwind,2021-01-26T00:00:00,1.0,485.1615599999999
DE7,onwind,2021-01-26T03:00:00,1.0,472.81610999999975
DE7,onwind,2021-01-26T06:00:00,1.0,380.92600000000004
DE7,onwind,2021-01-26T09:00:00,1.0,0.0
DE7,onwind,2021-01-26T12:00:00,1.0,0.0
DE7,onwind,2021-01-26T15:00:00,1.0,0.0
DE7,onwind,2021-01-26T18:00:00,1.0,701.4801299999998
DE7,onwind,2021-01-26T21:00:00,1.0,587.10652
DE7,onwind,2021-01-27T00:00:00,1.0,451.37664
DE7,onwind,2021-01-27T03:00:00,1.0,407.1599999999999
DE7,onwind,2021-01-27T06:00:00,1.0,544.5232
DE7,onwind,2021-01-27T09:00:00,1.0,0.0
DE7,onwind,2021-01-27T12:00:00,1.0,433.5069700000001
DE7,onwind,2021-01-27T15:00:00,1.0,419.8357800000001
DE7,onwind,2021-01-27T18:00:00,1.0,286.10010000000005
DE7,onwind,2021-01-27T21:00:00,1.0,163.79064000000005
DE7,onwind,2021-01-28T00:00:00,1.0,170.97755999999998
DE7,onwind,2021-01-28T03:00:00,1.0,145.33155000000005
DE7,onwind,2021-01-28T06:00:00,1.0,115.32137500000005
DE7,onwind,2021-01-28T09:00:00,1.0,86.42998000000004
DE7,onwind,2021-01-28T12:00:00,1.0,113.97165
DE7,onwind,2021-01-28T15:00:00,1.0,83.88900000000001
DE7,onwind,2021-01-28T18:00:00,1.0,119.67273500000005
DE7,onwind,2021-01-28T21:00:00,1.0,95.14440000000002
DE7,onwind,2021-01-29T00:00:00,1.0,188.20035
DE7,onwind,2021-01-29T03:00:00,1.0,205.27676000000002
DE7,onwind,2021-01-29T06:00:00,1.0,122.30945999999999
DE7,onwind,2021-01-29T09:00:00,1.0,0.0
DE7,onwind,2021-01-29T12:00:00,1.0,0.0
DE7,onwind,2021-01-29T15:00:00,1.0,0.0
DE7,onwind,2021-01-29T18:00:00,1.0,176.14583999999996
DE7,onwind,2021-01-29T21:00:00,1.0,199.31183999999996
DE7,onwind,2021-01-30T00:00:00,1.0,320.6157499999999
DE7,onwind,2021-01-30T03:00:00,1.0,693.2951999999999
DE7,onwind,2021-01-30T06:00:00,1.0,403.92787500000003
DE7,onwind,2021-01-30T09:00:00,1.0,564.2447850000002
DE7,onwind,2021-01-30T12:00:00,1.0,506.7587200000001
DE7,onwind,2021-01-30T15:00:00,1.0,679.9416
DE7,onwind,2021-01-30T18:00:00,1.0,633.0639899999999
DE7,onwind,2021-01-30T21:00:00,1.0,1106.8448299999998
DE7,onwind,2021-01-31T00:00:00,1.0,760.2163399999998
DE7,onwind,2021-01-31T03:00:00,1.0,805.1364100000001
DE7,onwind,2021-01-31T06:00:00,1.0,748.93364
DE7,onwind,2021-01-31T09:00:00,1.0,708.8536
DE7,onwind,2021-01-31T12:00:00,1.0,648.6462450000001
DE7,onwind,2021-01-31T15:00:00,1.0,484.70604
DE7,onwind,2021-01-31T18:00:00,1.0,668.3493699999999
DE7,onwind,2021-01-31T21:00:00,1.0,717.7470300000002
DE7,onwind,2021-02-01T00:00:00,1.0,543.0796799999999
DE7,onwind,2021-02-01T03:00:00,1.0,374.1400000000001
DE7,onwind,2021-02-01T06:00:00,1.0,513.4843999999999
DE7,onwind,2021-02-01T09:00:00,1.0,327.89276000000007
DE7,onwind,2021-02-01T12:00:00,1.0,247.14540499999995
DE7,onwind,2021-02-01T15:00:00,1.0,257.0185800000001
DE7,onwind,2021-02-01T18:00:00,1.0,254.13459500000005
DE7,onwind,2021-02-01T21:00:00,1.0,277.13504
DE7,onwind,2021-02-02T00:00:00,1.0,167.83623999999995
DE7,onwind,2021-02-02T03:00:00,1.0,113.59588500000001
DE7,onwind,2021-02-02T06:00:00,1.0,121.67493000000003
DE7,onwind,2021-02-02T09:00:00,1.0,124.10852999999999
DE7,onwind,2021-02-02T12:00:00,1.0,123.84644999999999
DE7,onwind,2021-02-02T15:00:00,1.0,108.55857999999999
DE7,onwind,2021-02-02T18:00:00,1.0,78.58760000000001
DE7,onwind,2021-02-02T21:00:00,1.0,92.81025000000002
DE7,onwind,2021-02-03T00:00:00,1.0,133.81758
DE7,onwind,2021-02-03T03:00:00,1.0,139.35844
DE7,onwind,2021-02-03T06:00:00,1.0,136.027125
DE7,onwind,2021-02-03T09:00:00,1.0,130.59637499999997
DE7,onwind,2021-02-03T12:00:00,1.0,124.16040000000002
DE7,onwind,2021-02-03T15:00:00,1.0,154.39579999999998
DE7,onwind,2021-02-03T18:00:00,1.0,230.98607999999993
DE7,onwind,2021-02-03T21:00:00,1.0,249.1398
DE7,onwind,2021-02-04T00:00:00,1.0,399.31937500000004
DE7,onwind,2021-02-04T03:00:00,1.0,393.8220000000001
DE7,onwind,2021-02-04T06:00:00,1.0,642.4159950000001
DE7,onwind,2021-02-04T09:00:00,1.0,343.7185050000001
DE7,onwind,2021-02-04T12:00:00,1.0,439.0005100000001
DE7,onwind,2021-02-04T15:00:00,1.0,448.5421199999999
DE7,onwind,2021-02-04T18:00:00,1.0,455.67957499999994
DE7,onwind,2021-02-04T21:00:00,1.0,570.93673
DE7,onwind,2021-02-05T00:00:00,1.0,458.20813999999996
DE7,onwind,2021-02-05T03:00:00,1.0,460.642
DE7,onwind,2021-02-05T06:00:00,1.0,504.47852
DE7,onwind,2021-02-05T09:00:00,1.0,549.1959199999999
DE7,onwind,2021-02-05T12:00:00,1.0,605.2057049999999
DE7,onwind,2021-02-05T15:00:00,1.0,421.3563900000001
DE7,onwind,2021-02-05T18:00:00,1.0,369.216835
DE7,onwind,2021-02-05T21:00:00,1.0,472.29182
DE7,onwind,2021-02-06T00:00:00,1.0,479.38175999999993
DE7,onwind,2021-02-06T03:00:00,1.0,434.9800000000001
DE7,onwind,2021-02-06T06:00:00,1.0,451.8956000000002
DE7,onwind,2021-02-06T09:00:00,1.0,401.0871799999999
DE7,onwind,2021-02-06T12:00:00,1.0,363.01459999999986
DE7,onwind,2021-02-06T15:00:00,1.0,434.5668599999999
DE7,onwind,2021-02-06T18:00:00,1.0,380.58377500000006
DE7,onwind,2021-02-06T21:00:00,1.0,413.62724000000003
DE7,onwind,2021-02-07T00:00:00,1.0,241.54507000000007
DE7,onwind,2021-02-07T03:00:00,1.0,200.6959500000001
DE7,onwind,2021-02-07T06:00:00,1.0,104.61606999999998
DE7,onwind,2021-02-07T09:00:00,1.0,126.33848499999999
DE7,onwind,2021-02-07T12:00:00,1.0,133.515525
DE7,onwind,2021-02-07T15:00:00,1.0,82.77047999999999
DE7,onwind,2021-02-07T18:00:00,1.0,66.394965
DE7,onwind,2021-02-07T21:00:00,1.0,81.80640000000001
DE7,solar,2021-01-25T00:00:00,1.0,0.0
DE7,solar,2021-01-25T03:00:00,1.0,0.0
DE7,solar,2021-01-25T06:00:00,1.0,0.0
DE7,solar,2021-01-25T09:00:00,1.0,556.8214300000002
DE7,solar,2021-01-25T12:00:00,1.0,2290.64
DE7,solar,2021-01-25T15:00:00,1.0,1769.1181199999999
DE7,solar,2021-01-25T18:00:00,1.0,0.0
DE7,solar,2021-01-25T21:00:00,1.0,0.0
DE7,solar,2021-01-26T00:00:00,1.0,0.0
DE7,solar,2021-01-26T03:00:00,1.0,0.0
DE7,solar,2021-01-26T06:00:00,1.0,0.0
DE7,solar,2021-01-26T09:00:00,1.0,1428.81783
DE7,solar,2021-01-26T12:00:00,1.0,1872.6400000000003
DE7,solar,2021-01-26T15:00:00,1.0,2278.27534
DE7,solar,2021-01-26T18:00:00,1.0,0.0
DE7,solar,2021-01-26T21:00:00,1.0,0.0
DE7,solar,2021-01-27T00:00:00,1.0,0.0
DE7,solar,2021-01-27T03:00:00,1.0,0.0
DE7,solar,2021-01-27T06:00:00,1.0,0.0
DE7,solar,2021-01-27T09:00:00,1.0,1292.4760199999998
DE7,solar,2021-01-27T12:00:00,1.0,1626.0199999999995
DE7,solar,2021-01-27T15:00:00,1.0,1824.9111099999998
DE7,solar,2021-01-27T18:00:00,1.0,0.0
DE7,solar,2021-01-27T21:00:00,1.0,0.0
DE7,solar,2021-01-28T00:00:00,1.0,0.0
DE7,solar,2021-01-28T03:00:00,1.0,0.0
DE7,solar,2021-01-28T06:00:00,1.0,0.0
DE7,solar,2021-01-28T09:00:00,1.0,1027.1822
DE7,solar,2021-01-28T12:00:00,1.0,830.7750000000001
DE7,solar,2021-01-28T15:00:00,1.0,1340.8792099999998
DE7,solar,2021-01-28T18:00:00,1.0,0.0
DE7,solar,2021-01-28T21:00:00,1.0,0.0
DE7,solar,2021-01-29T00:00:00,1.0,0.0
DE7,solar,2021-01-29T03:00:00,1.0,0.0
DE7,solar,2021-01-29T06:00:00,1.0,0.0
DE7,solar,2021-01-29T09:00:00,1.0,1232.98813
DE7,solar,2021-01-29T12:00:00,1.0,2354.385
DE7,solar,2021-01-29T15:00:00,1.0,2250.93308
DE7,solar,2021-01-29T18:00:00,1.0,0.0
DE7,solar,2021-01-29T21:00:00,1.0,0.0
DE7,solar,2021-01-30T00:00:00,1.0,0.0
DE7,solar,2021-01-30T03:00:00,1.0,0.0
DE7,solar,2021-01-30T06:00:00,1.0,0.0
DE7,solar,2021-01-30T09:00:00,1.0,896.0132499999997
DE7,solar,2021-01-30T12:00:00,1.0,1389.85
DE7,solar,2021-01-30T15:00:00,1.0,1626.8644700000002
DE7,solar,2021-01-30T18:00:00,1.0,0.0
DE7,solar,2021-01-30T21:00:00,1.0,0.0
DE7,solar,2021-01-31T00:00:00,1.0,0.0
DE7,solar,2021-01-31T03:00:00,1.0,0.0
DE7,solar,2021-01-31T06:00:00,1.0,0.0
DE7,solar,2021-01-31T09:00:00,1.0,1248.1372199999998
DE7,solar,2021-01-31T12:00:00,1.0,781.1374999999998
DE7,solar,2021-01-31T15:00:00,1.0,1826.7585599999995
DE7,solar,2021-01-31T18:00:00,1.0,0.0
DE7,solar,2021-01-31T21:00:00,1.0,0.0
DE7,solar,2021-02-01T00:00:00,1.0,0.0
DE7,solar,2021-02-01T03:00:00,1.0,0.0
DE7,solar,2021-02-01T06:00:00,1.0,0.0
DE7,solar,2021-02-01T09:00:00,1.0,1359.3537099999999
DE7,solar,2021-02-01T12:00:00,1.0,1742.0149999999994
DE7,solar,2021-02-01T15:00:00,1.0,1578.0917900000002
DE7,solar,2021-02-01T18:00:00,1.0,0.0
DE7,solar,2021-02-01T21:00:00,1.0,0.0
DE7,solar,2021-02-02T00:00:00,1.0,0.0
DE7,solar,2021-02-02T03:00:00,1.0,0.0
DE7,solar,2021-02-02T06:00:00,1.0,0.0
DE7,solar,2021-02-02T09:00:00,1.0,1308.3640900000003
DE7,solar,2021-02-02T12:00:00,1.0,1186.5974999999999
DE7,solar,2021-02-02T15:00:00,1.0,1422.9059899999997
DE7,solar,2021-02-02T18:00:00,1.0,0.0
DE7,solar,2021-02-02T21:00:00,1.0,0.0
DE7,solar,2021-02-03T00:00:00,1.0,0.0
DE7,solar,2021-02-03T03:00:00,1.0,0.0
DE7,solar,2021-02-03T06:00:00,1.0,0.0
DE7,solar,2021-02-03T09:00:00,1.0,956.9790999999999
DE7,solar,2021-02-03T12:00:00,1.0,2023.6424999999997
DE7,solar,2021-02-03T15:00:00,1.0,956.9790999999999
DE7,solar,2021-02-03T18:00:00,1.0,0.0
DE7,solar,2021-02-03T21:00:00,1.0,0.0
DE7,solar,2021-02-04T00:00:00,1.0,0.0
DE7,solar,2021-02-04T03:00:00,1.0,0.0
DE7,solar,2021-02-04T06:00:00,1.0,0.0
DE7,solar,2021-02-04T09:00:00,1.0,1004.6433100000002
DE7,solar,2021-02-04T12:00:00,1.0,1216.9025
DE7,solar,2021-02-04T15:00:00,1.0,1284.34724
DE7,solar,2021-02-04T18:00:00,1.0,0.0
DE7,solar,2021-02-04T21:00:00,1.0,0.0
DE7,solar,2021-02-05T00:00:00,1.0,0.0
DE7,solar,2021-02-05T03:00:00,1.0,0.0
DE7,solar,2021-02-05T06:00:00,1.0,0.0
DE7,solar,2021-02-05T09:00:00,1.0,915.2267300000001
DE7,solar,2021-02-05T12:00:00,1.0,1226.8300000000002
DE7,solar,2021-02-05T15:00:00,1.0,1966.05629
DE7,solar,2021-02-05T18:00:00,1.0,0.0
DE7,solar,2021-02-05T21:00:00,1.0,0.0
DE7,solar,2021-02-06T00:00:00,1.0,0.0
DE7,solar,2021-02-06T03:00:00,1.0,0.0
DE7,solar,2021-02-06T06:00:00,1.0,0.0
DE7,solar,2021-02-06T09:00:00,1.0,1512.3225699999998
DE7,solar,2021-02-06T12:00:00,1.0,1473.9724999999999
DE7,solar,2021-02-06T15:00:00,1.0,1819.3687599999996
DE7,solar,2021-02-06T18:00:00,1.0,0.0
DE7,solar,2021-02-06T21:00:00,1.0,0.0
DE7,solar,2021-02-07T00:00:00,1.0,0.0
DE7,solar,2021-02-07T03:00:00,1.0,0.0
DE7,solar,2021-02-07T06:00:00,1.0,0.0
DE7,solar,2021-02-07T09:00:00,1.0,686.8819099999998
DE7,solar,2021-02-07T12:00:00,1.0,1408.1375000000003
DE7,solar,2021-02-07T15:00:00,1.0,2068.0355299999997
DE7,solar,2021-02-07T18:00:00,1.0,0.0
DE7,solar,2021-02-07T21:00:00,1.0,0.0
DE8,ccgt,2021-01-25T00:00:00,1.0,4470.55227768
DE8,ccgt,2021-01-25T03:00:00,1.0,14901.8409256
DE8,ccgt,2021-01-25T06:00:00,1.0,14901.8409256
DE8,ccgt,2021-01-25T09:00:00,1.0,14332.155097209736
DE8,ccgt,2021-01-25T12:00:00,1.0,4470.55227768
DE8,ccgt,2021-01-25T15:00:00,1.0,4470.55227768
DE8,ccgt,2021-01-25T18:00:00,1.0,4470.55227768
DE8,ccgt,2021-01-25T21:00:00,1.0,4470.55227768
DE8,ccgt,2021-01-26T00:00:00,1.0,4470.55227768
DE8,ccgt,2021-01-26T03:00:00,1.0,4470.55227768
DE8,ccgt,2021-01-26T06:00:00,1.0,14901.8409256
DE8,ccgt,2021-01-26T09:00:00,1.0,4470.55227768
DE8,ccgt,2021-01-26T12:00:00,1.0,4470.55227768
DE8,ccgt,2021-01-26T15:00:00,1.0,4470.55227768
DE8,ccgt,2021-01-26T18:00:00,1.0,4470.55227768
DE8,ccgt,2021-01-26T21:00:00,1.0,4470.55227768
DE8,ccgt,2021-01-27T00:00:00,1.0,4470.55227768
DE8,ccgt,2021-01-27T03:00:00,1.0,4470.55227768
DE8,ccgt,2021-01-27T06:00:00,1.0,14901.8409256
DE8,ccgt,2021-01-27T09:00:00,1.0,4470.55227768
DE8,ccgt,2021-01-27T12:00:00,1.0,4470.55227768
DE8,ccgt,2021-01-27T15:00:00,1.0,4470.55227768
DE8,ccgt,2021-01-27T18:00:00,1.0,4470.55227768
DE8,ccgt,2021-01-27T21:00:00,1.0,4470.55227768
DE8,ccgt,2021-01-28T00:00:00,1.0,14901.8409256
DE8,ccgt,2021-01-28T03:00:00,1.0,14901.8409256
DE8,ccgt,2021-01-28T06:00:00,1.0,14901.8409256
DE8,ccgt,2021-01-28T09:00:00,1.0,4470.55227768
DE8,ccgt,2021-01-28T12:00:00,1.0,4470.55227768
DE8,ccgt,2021-01-28T15:00:00,1.0,4470.55227768
DE8,ccgt,2021-01-28T18:00:00,1.0,14901.8409256
DE8,ccgt,2021-01-28T21:00:00,1.0,14901.8409256
DE8,ccgt,2021-01-29T00:00:00,1.0,14901.8409256
DE8,ccgt,2021-01-29T03:00:00,1.0,14901.8409256
DE8,ccgt,2021-01-29T06:00:00,1.0,14901.8409256
DE8,ccgt,2021-01-29T09:00:00,1.0,4470.55227768
DE8,ccgt,2021-01-29T12:00:00,1.0,4470.55227768
DE8,ccgt,2021-01-29T15:00:00,1.0,4470.55227768
DE8,ccgt,2021-01-29T18:00:00,1.0,4470.55227768
DE8,ccgt,2021-01-29T21:00:00,1.0,4470.55227768
DE8,ccgt,2021-01-30T00:00:00,1.0,14901.8409256
DE8,ccgt,2021-01-30T03:00:00,1.0,14901.8409256
DE8,ccgt,2021-01-30T06:00:00,1.0,14901.8409256
DE8,ccgt,2021-01-30T09:00:00,1.0,4470.55227768
DE8,ccgt,2021-01-30T12:00:00,1.0,4470.55227768
DE8,ccgt,2021-01-30T15:00:00,1.0,4470.55227768
DE8,ccgt,2021-01-30T18:00:00,1.0,4470.55227768
DE8,ccgt,2021-01-30T21:00:00,1.0,4470.55227768
DE8,ccgt,2021-01-31T00:00:00,1.0,4470.55227768
DE8,ccgt,2021-01-31T03:00:00,1.0,14901.8409256
DE8,ccgt,2021-01-31T06:00:00,1.0,14901.8409256
DE8,ccgt,2021-01-31T09:00:00,1.0,4470.55227768
DE8,ccgt,2021-01-31T12:00:00,1.0,4470.55227768
DE8,ccgt,2021-01-31T15:00:00,1.0,4470.55227768
DE8,ccgt,2021-01-31T18:00:00,1.0,4470.55227768
DE8,ccgt,2021-01-31T21:00:00,1.0,4470.55227768
DE8,ccgt,2021-02-01T00:00:00,1.0,8550.428461820282
DE8,ccgt,2021-02-01T03:00:00,1.0,14901.8409256
DE8,ccgt,2021-02-01T06:00:00,1.0,14901.8409256
DE8,ccgt,2021-02-01T09:00:00,1.0,4470.55227768
DE8,ccgt,2021-02-01T12:00:00,1.0,4470.55227768
DE8,ccgt,2021-02-01T15:00:00,1.0,4470.55227768
DE8,ccgt,2021-02-01T18:00:00,1.0,4470.55227768
DE8,ccgt,2021-02-01T21:00:00,1.0,4470.55227768
DE8,ccgt,2021-02-02T00:00:00,1.0,7866.929177919531
DE8,ccgt,2021-02-02T03:00:00,1.0,14901.8409256
DE8,ccgt,2021-02-02T06:00:00,1.0,14901.8409256
DE8,ccgt,2021-02-02T09:00:00,1.0,4470.55227768
DE8,ccgt,2021-02-02T12:00:00,1.0,4470.55227768
DE8,ccgt,2021-02-02T15:00:00,1.0,4470.55227768
DE8,ccgt,2021-02-02T18:00:00,1.0,4470.55227768
DE8,ccgt,2021-02-02T21:00:00,1.0,14901.8409256
DE8,ccgt,2021-02-03T00:00:00,1.0,14901.8409256
DE8,ccgt,2021-02-03T03:00:00,1.0,14901.8409256
DE8,ccgt,2021-02-03T06:00:00,1.0,14901.8409256
DE8,ccgt,2021-02-03T09:00:00,1.0,4470.55227768
DE8,ccgt,2021-02-03T12:00:00,1.0,4470.55227768
DE8,ccgt,2021-02-03T15:00:00,1.0,4470.55227768
DE8,ccgt,2021-02-03T18:00:00,1.0,4470.55227768
DE8,ccgt,2021-02-03T21:00:00,1.0,4470.55227768
DE8,ccgt,2021-02-04T00:00:00,1.0,14901.8409256
DE8,ccgt,2021-02-04T03:00:00,1.0,14901.8409256
DE8,ccgt,2021-02-04T06:00:00,1.0,14901.8409256
DE8,ccgt,2021-02-04T09:00:00,1.0,4470.55227768
DE8,ccgt,2021-02-04T12:00:00,1.0,4470.55227768
DE8,ccgt,2021-02-04T15:00:00,1.0,4470.55227768
DE8,ccgt,2021-02-04T18:00:00,1.0,4470.55227768
DE8,ccgt,2021-02-04T21:00:00,1.0,14901.8409256
DE8,ccgt,2021-02-05T00:00:00,1.0,14901.8409256
DE8,ccgt,2021-02-05T03:00:00,1.0,14901.8409256
DE8,ccgt,2021-02-05T06:00:00,1.0,14901.8409256
DE8,ccgt,2021-02-05T09:00:00,1.0,4470.55227768
DE8,ccgt,2021-02-05T12:00:00,1.0,4470.55227768
DE8,ccgt,2021-02-05T15:00:00,1.0,4470.55227768
DE8,ccgt,2021-02-05T18:00:00,1.0,4470.55227768
DE8,ccgt,2021-02-05T21:00:00,1.0,5747.490785194662
DE8,ccgt,2021-02-06T00:00:00,1.0,14901.8409256
DE8,ccgt,2021-02-06T03:00:00,1.0,14901.8409256
DE8,ccgt,2021-02-06T06:00:00,1.0,14901.8409256
DE8,ccgt,2021-02-06T09:00:00,1.0,4470.55227768
DE8,ccgt,2021-02-06T12:00:00,1.0,4470.55227768
DE8,ccgt,2021-02-06T15:00:00,1.0,4470.55227768
DE8,ccgt,2021-02-06T18:00:00,1.0,4470.55227768
DE8,ccgt,2021-02-06T21:00:00,1.0,4470.55227768
DE8,ccgt,2021-02-07T00:00:00,1.0,13189.006716920592
DE8,ccgt,2021-02-07T03:00:00,1.0,14901.8409256
DE8,ccgt,2021-02-07T06:00:00,1.0,14901.8409256
DE8,ccgt,2021-02-07T09:00:00,1.0,7895.328382715579
DE8,ccgt,2021-02-07T12:00:00,1.0,4470.55227768
DE8,ccgt,2021-02-07T15:00:00,1.0,4470.55227768
DE8,ccgt,2021-02-07T18:00:00,1.0,4470.55227768
DE8,ccgt,2021-02-07T21:00:00,1.0,4470.55227768
DE8,ocgt,2021-01-25T00:00:00,1.0,0.0
DE8,ocgt,2021-01-25T03:00:00,1.0,770.0
DE8,ocgt,2021-01-25T06:00:00,1.0,770.0
DE8,ocgt,2021-01-25T09:00:00,1.0,0.0
DE8,ocgt,2021-01-25T12:00:00,1.0,0.0
DE8,ocgt,2021-01-25T15:00:00,1.0,0.0
DE8,ocgt,2021-01-25T18:00:00,1.0,0.0
DE8,ocgt,2021-01-25T21:00:00,1.0,0.0
DE8,ocgt,2021-01-26T00:00:00,1.0,0.0
DE8,ocgt,2021-01-26T03:00:00,1.0,0.0
DE8,ocgt,2021-01-26T06:00:00,1.0,0.0
DE8,ocgt,2021-01-26T09:00:00,1.0,0.0
DE8,ocgt,2021-01-26T12:00:00,1.0,0.0
DE8,ocgt,2021-01-26T15:00:00,1.0,0.0
DE8,ocgt,2021-01-26T18:00:00,1.0,0.0
DE8,ocgt,2021-01-26T21:00:00,1.0,0.0
DE8,ocgt,2021-01-27T00:00:00,1.0,0.0
DE8,ocgt,2021-01-27T03:00:00,1.0,0.0
DE8,ocgt,2021-01-27T06:00:00,1.0,0.0
DE8,ocgt,2021-01-27T09:00:00,1.0,0.0
DE8,ocgt,2021-01-27T12:00:00,1.0,0.0
DE8,ocgt,2021-01-27T15:00:00,1.0,0.0
DE8,ocgt,2021-01-27T18:00:00,1.0,0.0
DE8,ocgt,2021-01-27T21:00:00,1.0,0.0
DE8,ocgt,2021-01-28T00:00:00,1.0,0.0
DE8,ocgt,2021-01-28T03:00:00,1.0,0.0
DE8,ocgt,2021-01-28T06:00:00,1.0,0.0
DE8,ocgt,2021-01-28T09:00:00,1.0,0.0
DE8,ocgt,2021-01-28T12:00:00,1.0,0.0
DE8,ocgt,2021-01-28T15:00:00,1.0,0.0
DE8,ocgt,2021-01-28T18:00:00,1.0,0.0
DE8,ocgt,2021-01-28T21:00:00,1.0,0.0
DE8,ocgt,2021-01-29T00:00:00,1.0,0.0
DE8,ocgt,2021-01-29T03:00:00,1.0,0.0
DE8,ocgt,2021-01-29T06:00:00,1.0,0.0
DE8,ocgt,2021-01-29T09:00:00,1.0,0.0
DE8,ocgt,2021-01-29T12:00:00,1.0,0.0
DE8,ocgt,2021-01-29T15:00:00,1.0,0.0
DE8,ocgt,2021-01-29T18:00:00,1.0,0.0
DE8,ocgt,2021-01-29T21:00:00,1.0,0.0
DE8,ocgt,2021-01-30T00:00:00,1.0,0.0
DE8,ocgt,2021-01-30T03:00:00,1.0,0.0
DE8,ocgt,2021-01-30T06:00:00,1.0,0.0
DE8,ocgt,2021-01-30T09:00:00,1.0,0.0
DE8,ocgt,2021-01-30T12:00:00,1.0,0.0
DE8,ocgt,2021-01-30T15:00:00,1.0,0.0
DE8,ocgt,2021-01-30T18:00:00,1.0,0.0
DE8,ocgt,2021-01-30T21:00:00,1.0,0.0
DE8,ocgt,2021-01-31T00:00:00,1.0,0.0
DE8,ocgt,2021-01-31T03:00:00,1.0,0.0
DE8,ocgt,2021-01-31T06:00:00,1.0,0.0
DE8,ocgt,2021-01-31T09:00:00,1.0,0.0
DE8,ocgt,2021-01-31T12:00:00,1.0,0.0
DE8,ocgt,2021-01-31T15:00:00,1.0,0.0
DE8,ocgt,2021-01-31T18:00:00,1.0,0.0
DE8,ocgt,2021-01-31T21:00:00,1.0,0.0
DE8,ocgt,2021-02-01T00:00:00,1.0,0.0
DE8,ocgt,2021-02-01T03:00:00,1.0,0.0
DE8,ocgt,2021-02-01T06:00:00,1.0,0.0
DE8,ocgt,2021-02-01T09:00:00,1.0,0.0
DE8,ocgt,2021-02-01T12:00:00,1.0,0.0
DE8,ocgt,2021-02-01T15:00:00,1.0,0.0
DE8,ocgt,2021-02-01T18:00:00,1.0,0.0
DE8,ocgt,2021-02-01T21:00:00,1.0,0.0
DE8,ocgt,2021-02-02T00:00:00,1.0,0.0
DE8,ocgt,2021-02-02T03:00:00,1.0,0.0
DE8,ocgt,2021-02-02T06:00:00,1.0,0.0
DE8,ocgt,2021-02-02T09:00:00,1.0,0.0
DE8,ocgt,2021-02-02T12:00:00,1.0,0.0
DE8,ocgt,2021-02-02T15:00:00,1.0,0.0
DE8,ocgt,2021-02-02T18:00:00,1.0,0.0
DE8,ocgt,2021-02-02T21:00:00,1.0,0.0
DE8,ocgt,2021-02-03T00:00:00,1.0,0.0
DE8,ocgt,2021-02-03T03:00:00,1.0,0.0
DE8,ocgt,2021-02-03T06:00:00,1.0,0.0
DE8,ocgt,2021-02-03T09:00:00,1.0,0.0
DE8,ocgt,2021-02-03T12:00:00,1.0,0.0
DE8,ocgt,2021-02-03T15:00:00,1.0,0.0
DE8,ocgt,2021-02-03T18:00:00,1.0,0.0
DE8,ocgt,2021-02-03T21:00:00,1.0,0.0
DE8,ocgt,2021-02-04T00:00:00,1.0,0.0
DE8,ocgt,2021-02-04T03:00:00,1.0,0.0
DE8,ocgt,2021-02-04T06:00:00,1.0,0.0
DE8,ocgt,2021-02-04T09:00:00,1.0,0.0
DE8,ocgt,2021-02-04T12:00:00,1.0,0.0
DE8,ocgt,2021-02-04T15:00:00,1.0,0.0
DE8,ocgt,2021-02-04T18:00:00,1.0,0.0
DE8,ocgt,2021-02-04T21:00:00,1.0,0.0
DE8,ocgt,2021-02-05T00:00:00,1.0,0.0
DE8,ocgt,2021-02-05T03:00:00,1.0,0.0
DE8,ocgt,2021-02-05T06:00:00,1.0,0.0
DE8,ocgt,2021-02-05T09:00:00,1.0,0.0
DE8,ocgt,2021-02-05T12:00:00,1.0,0.0
DE8,ocgt,2021-02-05T15:00:00,1.0,0.0
DE8,ocgt,2021-02-05T18:00:00,1.0,0.0
DE8,ocgt,2021-02-05T21:00:00,1.0,0.0
DE8,ocgt,2021-02-06T00:00:00,1.0,0.0
DE8,ocgt,2021-02-06T03:00:00,1.0,0.0
DE8,ocgt,2021-02-06T06:00:00,1.0,0.0
DE8,ocgt,2021-02-06T09:00:00,1.0,0.0
DE8,ocgt,2021-02-06T12:00:00,1.0,0.0
DE8,ocgt,2021-02-06T15:00:00,1.0,0.0
DE8,ocgt,2021-02-06T18:00:00,1.0,0.0
DE8,ocgt,2021-02-06T21:00:00,1.0,0.0
DE8,ocgt,2021-02-07T00:00:00,1.0,0.0
DE8,ocgt,2021-02-07T03:00:00,1.0,0.0
DE8,ocgt,2021-02-07T06:00:00,1.0,0.0
DE8,ocgt,2021-02-07T09:00:00,1.0,0.0
DE8,ocgt,2021-02-07T12:00:00,1.0,0.0
DE8,ocgt,2021-02-07T15:00:00,1.0,0.0
DE8,ocgt,2021-02-07T18:00:00,1.0,0.0
DE8,ocgt,2021-02-07T21:00:00,1.0,0.0
DE8,offwind,2021-01-25T00:00:00,1.0,0.0
DE8,offwind,2021-01-25T03:00:00,1.0,16.1791344
DE8,offwind,2021-01-25T06:00:00,1.0,23.276984399999993
DE8,offwind,2021-01-25T09:00:00,1.0,22.7871252
DE8,offwind,2021-01-25T12:00:00,1.0,0.0
DE8,offwind,2021-01-25T15:00:00,1.0,25.640639999999998
DE8,offwind,2021-01-25T18:00:00,1.0,33.353510400000005
DE8,offwind,2021-01-25T21:00:00,1.0,23.804766000000015
DE8,offwind,2021-01-26T00:00:00,1.0,29.559686399999997
DE8,offwind,2021-01-26T03:00:00,1.0,28.804377599999984
DE8,offwind,2021-01-26T06:00:00,1.0,23.2047
DE8,offwind,2021-01-26T09:00:00,1.0,0.0
DE8,offwind,2021-01-26T12:00:00,1.0,0.0
DE8,offwind,2021-01-26T15:00:00,1.0,0.0
DE8,offwind,2021-01-26T18:00:00,1.0,42.735535199999994
DE8,offwind,2021-01-26T21:00:00,1.0,35.7724224
DE8,offwind,2021-01-27T00:00:00,1.0,27.4968864
DE8,offwind,2021-01-27T03:00:00,1.0,24.805439999999994
DE8,offwind,2021-01-27T06:00:00,1.0,33.1740288
DE8,offwind,2021-01-27T09:00:00,1.0,0.0
DE8,offwind,2021-01-27T12:00:00,1.0,26.412796800000002
DE8,offwind,2021-01-27T15:00:00,1.0,25.576128
DE8,offwind,2021-01-27T18:00:00,1.0,17.431848000000002
DE8,offwind,2021-01-27T21:00:00,1.0,9.980107200000003
DE8,offwind,2021-01-28T00:00:00,1.0,10.4186736
DE8,offwind,2021-01-28T03:00:00,1.0,8.858808000000002
DE8,offwind,2021-01-28T06:00:00,1.0,7.0262100000000025
DE8,offwind,2021-01-28T09:00:00,1.0,5.264366400000002
DE8,offwind,2021-01-28T12:00:00,1.0,6.940512000000001
DE8,offwind,2021-01-28T15:00:00,1.0,5.11272
DE8,offwind,2021-01-28T18:00:00,1.0,7.291576800000002
DE8,offwind,2021-01-28T21:00:00,1.0,5.793408
DE8,offwind,2021-01-29T00:00:00,1.0,11.461373999999998
DE8,offwind,2021-01-29T03:00:00,1.0,12.503930400000002
DE8,offwind,2021-01-29T06:00:00,1.0,7.4520431999999985
DE8,offwind,2021-01-29T09:00:00,1.0,0.0
DE8,offwind,2021-01-29T12:00:00,1.0,0.0
DE8,offwind,2021-01-29T15:00:00,1.0,0.0
DE8,offwind,2021-01-29T18:00:00,1.0,10.729339199999997
DE8,offwind,2021-01-29T21:00:00,1.0,12.140668799999997
DE8,offwind,2021-01-30T00:00:00,1.0,19.529913599999993
DE8,offwind,2021-01-30T03:00:00,1.0,42.237676799999996
DE8,offwind,2021-01-30T06:00:00,1.0,24.607889999999998
DE8,offwind,2021-01-30T09:00:00,1.0,34.38135720000001
DE8,offwind,2021-01-30T12:00:00,1.0,30.87048960000001
DE8,offwind,2021-01-30T15:00:00,1.0,41.425920000000005
DE8,offwind,2021-01-30T18:00:00,1.0,38.57375519999999
DE8,offwind,2021-01-30T21:00:00,1.0,67.43771639999999
DE8,offwind,2021-01-31T00:00:00,1.0,46.31808959999999
DE8,offwind,2021-01-31T03:00:00,1.0,49.0496256
DE8,offwind,2021-01-31T06:00:00,1.0,45.622457999999995
DE8,offwind,2021-01-31T09:00:00,1.0,43.18862399999999
DE8,offwind,2021-01-31T12:00:00,1.0,39.522492000000014
DE8,offwind,2021-01-31T15:00:00,1.0,29.530857599999997
DE8,offwind,2021-01-31T18:00:00,1.0,40.7171448
DE8,offwind,2021-01-31T21:00:00,1.0,43.73235360000001
DE8,offwind,2021-02-01T00:00:00,1.0,33.083236799999995
DE8,offwind,2021-02-01T03:00:00,1.0,22.793760000000002
DE8,offwind,2021-02-01T06:00:00,1.0,31.28304959999999
DE8,offwind,2021-02-01T09:00:00,1.0,19.972094400000003
DE8,offwind,2021-02-01T12:00:00,1.0,15.058123199999999
DE8,offwind,2021-02-01T15:00:00,1.0,15.657408000000007
DE8,offwind,2021-02-01T18:00:00,1.0,15.484215600000002
DE8,offwind,2021-02-01T21:00:00,1.0,16.8864192
DE8,offwind,2021-02-02T00:00:00,1.0,10.227254399999998
DE8,offwind,2021-02-02T03:00:00,1.0,6.9243336
DE8,offwind,2021-02-02T06:00:00,1.0,7.413314400000001
DE8,offwind,2021-02-02T09:00:00,1.0,7.5593303999999995
DE8,offwind,2021-02-02T12:00:00,1.0,7.541855999999999
DE8,offwind,2021-02-02T15:00:00,1.0,6.6162383999999985
DE8,offwind,2021-02-02T18:00:00,1.0,4.7882880000000005
DE8,offwind,2021-02-02T21:00:00,1.0,5.651280000000002
DE8,offwind,2021-02-03T00:00:00,1.0,8.149471199999999
DE8,offwind,2021-02-03T03:00:00,1.0,8.488677599999999
DE8,offwind,2021-02-03T06:00:00,1.0,8.28783
DE8,offwind,2021-02-03T09:00:00,1.0,7.953623999999999
DE8,offwind,2021-02-03T12:00:00,1.0,7.566048
DE8,offwind,2021-02-03T15:00:00,1.0,9.4062672
DE8,offwind,2021-02-03T18:00:00,1.0,14.069750399999995
DE8,offwind,2021-02-03T21:00:00,1.0,15.175835999999999
DE8,offwind,2021-02-04T00:00:00,1.0,24.324048000000005
DE8,offwind,2021-02-04T03:00:00,1.0,23.992848000000006
DE8,offwind,2021-02-04T06:00:00,1.0,39.1369428
DE8,offwind,2021-02-04T09:00:00,1.0,20.943939600000004
DE8,offwind,2021-02-04T12:00:00,1.0,26.742826800000007
DE8,offwind,2021-02-04T15:00:00,1.0,27.327743999999996
DE8,offwind,2021-02-04T18:00:00,1.0,27.765395999999996
DE8,offwind,2021-02-04T21:00:00,1.0,34.7859684
DE8,offwind,2021-02-05T00:00:00,1.0,27.917481600000002
DE8,offwind,2021-02-05T03:00:00,1.0,28.062720000000002
DE8,offwind,2021-02-05T06:00:00,1.0,30.731094
DE8,offwind,2021-02-05T09:00:00,1.0,33.46109279999999
DE8,offwind,2021-02-05T12:00:00,1.0,36.87562799999999
DE8,offwind,2021-02-05T15:00:00,1.0,25.67126160000001
DE8,offwind,2021-02-05T18:00:00,1.0,22.493408400000003
DE8,offwind,2021-02-05T21:00:00,1.0,28.7767584
DE8,offwind,2021-02-06T00:00:00,1.0,29.2028976
DE8,offwind,2021-02-06T03:00:00,1.0,26.50032
DE8,offwind,2021-02-06T06:00:00,1.0,27.53087040000001
DE8,offwind,2021-02-06T09:00:00,1.0,24.43039919999999
DE8,offwind,2021-02-06T12:00:00,1.0,22.11782399999999
DE8,offwind,2021-02-06T15:00:00,1.0,26.473536
DE8,offwind,2021-02-06T18:00:00,1.0,23.188662000000004
DE8,offwind,2021-02-06T21:00:00,1.0,25.2031752
DE8,offwind,2021-02-07T00:00:00,1.0,14.718769200000006
DE8,offwind,2021-02-07T03:00:00,1.0,12.233592000000003
DE8,offwind,2021-02-07T06:00:00,1.0,6.373965599999998
DE8,offwind,2021-02-07T09:00:00,1.0,7.6951548
DE8,offwind,2021-02-07T12:00:00,1.0,8.130672
DE8,offwind,2021-02-07T15:00:00,1.0,5.044550399999999
DE8,offwind,2021-02-07T18:00:00,1.0,4.045399199999999
DE8,offwind,2021-02-07T21:00:00,1.0,4.981248
DE8,onwind,2021-01-25T00:00:00,1.0,0.0
DE8,onwind,2021-01-25T03:00:00,1.0,239.00994
DE8,onwind,2021-01-25T06:00:00,1.0,343.8734714999999
DE8,onwind,2021-01-25T09:00:00,1.0,336.5709165
DE8,onwind,2021-01-25T12:00:00,1.0,0.0
DE8,onwind,2021-01-25T15:00:00,1.0,378.76585499999993
DE8,onwind,2021-01-25T18:00:00,1.0,492.65143200000006
DE8,onwind,2021-01-25T21:00:00,1.0,351.6335550000002
DE8,onwind,2021-01-26T00:00:00,1.0,436.64540399999987
DE8,onwind,2021-01-26T03:00:00,1.0,425.53449899999976
DE8,onwind,2021-01-26T06:00:00,1.0,342.83340000000004
DE8,onwind,2021-01-26T09:00:00,1.0,0.0
DE8,onwind,2021-01-26T12:00:00,1.0,0.0
DE8,onwind,2021-01-26T15:00:00,1.0,0.0
DE8,onwind,2021-01-26T18:00:00,1.0,631.3321169999999
DE8,onwind,2021-01-26T21:00:00,1.0,528.3958680000001
DE8,onwind,2021-01-27T00:00:00,1.0,406.238976
DE8,onwind,2021-01-27T03:00:00,1.0,366.4439999999999
DE8,onwind,2021-01-27T06:00:00,1.0,490.07088
DE8,onwind,2021-01-27T09:00:00,1.0,66.88026283744762
DE8,onwind,2021-01-27T12:00:00,1.0,390.15627300000006
DE8,onwind,2021-01-27T15:00:00,1.0,377.8522020000001
DE8,onwind,2021-01-27T18:00:00,1.0,257.49009000000007
DE8,onwind,2021-01-27T21:00:00,1.0,147.41157600000005
DE8,onwind,2021-01-28T00:00:00,1.0,153.87980399999998
DE8,onwind,2021-01-28T03:00:00,1.0,130.79839500000003
DE8,onwind,2021-01-28T06:00:00,1.0,103.78923750000004
DE8,onwind,2021-01-28T09:00:00,1.0,77.78698200000004
DE8,onwind,2021-01-28T12:00:00,1.0,102.574485
DE8,onwind,2021-01-28T15:00:00,1.0,75.5001
DE8,onwind,2021-01-28T18:00:00,1.0,107.70546150000004
DE8,onwind,2021-01-28T21:00:00,1.0,85.62996000000001
DE8,onwind,2021-01-29T00:00:00,1.0,169.380315
DE8,onwind,2021-01-29T03:00:00,1.0,184.74908400000004
DE8,onwind,2021-01-29T06:00:00,1.0,110.07851399999998
DE8,onwind,2021-01-29T09:00:00,1.0,0.0
DE8,onwind,2021-01-29T12:00:00,1.0,0.0
DE8,onwind,2021-01-29T15:00:00,1.0,0.0
DE8,onwind,2021-01-29T18:00:00,1.0,158.53125599999996
DE8,onwind,2021-01-29T21:00:00,1.0,179.38065599999996
DE8,onwind,2021-01-30T00:00:00,1.0,288.5541749999999
DE8,onwind,2021-01-30T03:00:00,1.0,623.9656799999999
DE8,onwind,2021-01-30T06:00:00,1.0,363.53508750000003
DE8,onwind,2021-01-30T09:00:00,1.0,507.82030650000013
DE8,onwind,2021-01-30T12:00:00,1.0,456.08284800000007
DE8,onwind,2021-01-30T15:00:00,1.0,611.94744
DE8,onwind,2021-01-30T18:00:00,1.0,569.7575909999999
DE8,onwind,2021-01-30T21:00:00,1.0,996.1603469999999
DE8,onwind,2021-01-31T00:00:00,1.0,684.1947059999999
DE8,onwind,2021-01-31T03:00:00,1.0,724.6227690000001
DE8,onwind,2021-01-31T06:00:00,1.0,674.040276
DE8,onwind,2021-01-31T09:00:00,1.0,637.9682399999999
DE8,onwind,2021-01-31T12:00:00,1.0,583.7816205000001
DE8,onwind,2021-01-31T15:00:00,1.0,436.235436
DE8,onwind,2021-01-31T18:00:00,1.0,601.5144329999999
DE8,onwind,2021-01-31T21:00:00,1.0,645.9723270000002
DE8,onwind,2021-02-01T00:00:00,1.0,488.771712
DE8,onwind,2021-02-01T03:00:00,1.0,336.72600000000006
DE8,onwind,2021-02-01T06:00:00,1.0,462.1359599999999
DE8,onwind,2021-02-01T09:00:00,1.0,295.10348400000004
DE8,onwind,2021-02-01T12:00:00,1.0,222.43086449999996
DE8,onwind,2021-02-01T15:00:00,1.0,231.3167220000001
DE8,onwind,2021-02-01T18:00:00,1.0,228.72113550000006
DE8,onwind,2021-02-01T21:00:00,1.0,249.421536
DE8,onwind,2021-02-02T00:00:00,1.0,151.05261599999997
DE8,onwind,2021-02-02T03:00:00,1.0,102.23629650000001
DE8,onwind,2021-02-02T06:00:00,1.0,109.50743700000002
DE8,onwind,2021-02-02T09:00:00,1.0,111.697677
DE8,onwind,2021-02-02T12:00:00,1.0,111.461805
DE8,onwind,2021-02-02T15:00:00,1.0,97.702722
DE8,onwind,2021-02-02T18:00:00,1.0,70.72884
DE8,onwind,2021-02-02T21:00:00,1.0,83.52922500000003
DE8,onwind,2021-02-03T00:00:00,1.0,120.435822
DE8,onwind,2021-02-03T03:00:00,1.0,125.422596
DE8,onwind,2021-02-03T06:00:00,1.0,122.4244125
DE8,onwind,2021-02-03T09:00:00,1.0,117.53673749999997
DE8,onwind,2021-02-03T12:00:00,1.0,111.74436000000001
DE8,onwind,2021-02-03T15:00:00,1.0,138.95622
DE8,onwind,2021-02-03T18:00:00,1.0,207.88747199999995
DE8,onwind,2021-02-03T21:00:00,1.0,224.22582
DE8,onwind,2021-02-04T00:00:00,1.0,359.38743750000003
DE8,onwind,2021-02-04T03:00:00,1.0,354.4398000000001
DE8,onwind,2021-02-04T06:00:00,1.0,578.1743955000001
DE8,onwind,2021-02-04T09:00:00,1.0,309.34665450000006
DE8,onwind,2021-02-04T12:00:00,1.0,395.10045900000006
DE8,onwind,2021-02-04T15:00:00,1.0,403.6879079999999
DE8,onwind,2021-02-04T18:00:00,1.0,410.1116174999999
DE8,onwind,2021-02-04T21:00:00,1.0,513.843057
DE8,onwind,2021-02-05T00:00:00,1.0,412.387326
DE8,onwind,2021-02-05T03:00:00,1.0,414.5778
DE8,onwind,2021-02-05T06:00:00,1.0,454.030668
DE8,onwind,2021-02-05T09:00:00,1.0,494.2763279999999
DE8,onwind,2021-02-05T12:00:00,1.0,544.6851344999999
DE8,onwind,2021-02-05T15:00:00,1.0,379.2207510000001
DE8,onwind,2021-02-05T18:00:00,1.0,332.2951515
DE8,onwind,2021-02-05T21:00:00,1.0,425.06263799999994
DE8,onwind,2021-02-06T00:00:00,1.0,431.44358399999993
DE8,onwind,2021-02-06T03:00:00,1.0,391.482
DE8,onwind,2021-02-06T06:00:00,1.0,406.70604000000014
DE8,onwind,2021-02-06T09:00:00,1.0,360.97846199999987
DE8,onwind,2021-02-06T12:00:00,1.0,326.7131399999999
DE8,onwind,2021-02-06T15:00:00,1.0,391.1101739999999
DE8,onwind,2021-02-06T18:00:00,1.0,342.52539750000005
DE8,onwind,2021-02-06T21:00:00,1.0,372.264516
DE8,onwind,2021-02-07T00:00:00,1.0,217.39056300000007
DE8,onwind,2021-02-07T03:00:00,1.0,180.62635500000007
DE8,onwind,2021-02-07T06:00:00,1.0,94.15446299999998
DE8,onwind,2021-02-07T09:00:00,1.0,113.70463649999999
DE8,onwind,2021-02-07T12:00:00,1.0,120.1639725
DE8,onwind,2021-02-07T15:00:00,1.0,74.493432
DE8,onwind,2021-02-07T18:00:00,1.0,59.755468500000006
DE8,onwind,2021-02-07T21:00:00,1.0,73.62576
DE8,solar,2021-01-25T00:00:00,1.0,0.0
DE8,solar,2021-01-25T03:00:00,1.0,0.0
DE8,solar,2021-01-25T06:00:00,1.0,0.0
DE8,solar,2021-01-25T09:00:00,1.0,501.13928700000014
DE8,solar,2021-01-25T12:00:00,1.0,2061.576
DE8,solar,2021-01-25T15:00:00,1.0,1592.2063079999998
DE8,solar,2021-01-25T18:00:00,1.0,0.0
DE8,solar,2021-01-25T21:00:00,1.0,0.0
DE8,solar,2021-01-26T00:00:00,1.0,0.0
DE8,solar,2021-01-26T03:00:00,1.0,0.0
DE8,solar,2021-01-26T06:00:00,1.0,0.0
DE8,solar,2021-01-26T09:00:00,1.0,1285.9360470000001
DE8,solar,2021-01-26T12:00:00,1.0,1685.3760000000002
DE8,solar,2021-01-26T15:00:00,1.0,2050.447806
DE8,solar,2021-01-26T18:00:00,1.0,0.0
DE8,solar,2021-01-26T21:00:00,1.0,0.0
DE8,solar,2021-01-27T00:00:00,1.0,0.0
DE8,solar,2021-01-27T03:00:00,1.0,0.0
DE8,solar,2021-01-27T06:00:00,1.0,0.0
DE8,solar,2021-01-27T09:00:00,1.0,1163.228418
DE8,solar,2021-01-27T12:00:00,1.0,1463.4179999999994
DE8,solar,2021-01-27T15:00:00,1.0,1642.419999
DE8,solar,2021-01-27T18:00:00,1.0,0.0
DE8,solar,2021-01-27T21:00:00,1.0,0.0
DE8,solar,2021-01-28T00:00:00,1.0,0.0
DE8,solar,2021-01-28T03:00:00,1.0,0.0
DE8,solar,2021-01-28T06:00:00,1.0,0.0
DE8,solar,2021-01-28T09:00:00,1.0,924.46398
DE8,solar,2021-01-28T12:00:00,1.0,747.6975000000001
DE8,solar,2021-01-28T15:00:00,1.0,1206.791289
DE8,solar,2021-01-28T18:00:00,1.0,0.0
DE8,solar,2021-01-28T21:00:00,1.0,0.0
DE8,solar,2021-01-29T00:00:00,1.0,0.0
DE8,solar,2021-01-29T03:00:00,1.0,0.0
DE8,solar,2021-01-29T06:00:00,1.0,0.0
DE8,solar,2021-01-29T09:00:00,1.0,1109.6893169999998
DE8,solar,2021-01-29T12:00:00,1.0,2118.9465
DE8,solar,2021-01-29T15:00:00,1.0,2025.8397719999998
DE8,solar,2021-01-29T18:00:00,1.0,0.0
DE8,solar,2021-01-29T21:00:00,1.0,0.0
DE8,solar,2021-01-30T00:00:00,1.0,0.0
DE8,solar,2021-01-30T03:00:00,1.0,0.0
DE8,solar,2021-01-30T06:00:00,1.0,0.0
DE8,solar,2021-01-30T09:00:00,1.0,806.4119249999998
DE8,solar,2021-01-30T12:00:00,1.0,1250.865
DE8,solar,2021-01-30T15:00:00,1.0,1464.1780230000002
DE8,solar,2021-01-30T18:00:00,1.0,0.0
DE8,solar,2021-01-30T21:00:00,1.0,0.0
DE8,solar,2021-01-31T00:00:00,1.0,0.0
DE8,solar,2021-01-31T03:00:00,1.0,0.0
DE8,solar,2021-01-31T06:00:00,1.0,0.0
DE8,solar,2021-01-31T09:00:00,1.0,1123.323498
DE8,solar,2021-01-31T12:00:00,1.0,703.0237499999998
DE8,solar,2021-01-31T15:00:00,1.0,1644.0827039999997
DE8,solar,2021-01-31T18:00:00,1.0,0.0
DE8,solar,2021-01-31T21:00:00,1.0,0.0
DE8,solar,2021-02-01T00:00:00,1.0,0.0
DE8,solar,2021-02-01T03:00:00,1.0,0.0
DE8,solar,2021-02-01T06:00:00,1.0,0.0
DE8,solar,2021-02-01T09:00:00,1.0,1223.4183389999998
DE8,solar,2021-02-01T12:00:00,1.0,1567.8134999999995
DE8,solar,2021-02-01T15:00:00,1.0,1420.282611
DE8,solar,2021-02-01T18:00:00,1.0,0.0
DE8,solar,2021-02-01T21:00:00,1.0,0.0
DE8,solar,2021-02-02T00:00:00,1.0,0.0
DE8,solar,2021-02-02T03:00:00,1.0,0.0
DE8,solar,2021-02-02T06:00:00,1.0,0.0
DE8,solar,2021-02-02T09:00:00,1.0,1177.5276810000003
DE8,solar,2021-02-02T12:00:00,1.0,1067.9377499999998
DE8,solar,2021-02-02T15:00:00,1.0,1280.6153909999998
DE8,solar,2021-02-02T18:00:00,1.0,0.0
DE8,solar,2021-02-02T21:00:00,1.0,0.0
DE8,solar,2021-02-03T00:00:00,1.0,0.0
DE8,solar,2021-02-03T03:00:00,1.0,0.0
DE8,solar,2021-02-03T06:00:00,1.0,0.0
DE8,solar,2021-02-03T09:00:00,1.0,861.2811899999999
DE8,solar,2021-02-03T12:00:00,1.0,1821.2782499999998
DE8,solar,2021-02-03T15:00:00,1.0,861.2811899999999
DE8,solar,2021-02-03T18:00:00,1.0,0.0
DE8,solar,2021-02-03T21:00:00,1.0,0.0
DE8,solar,2021-02-04T00:00:00,1.0,0.0
DE8,solar,2021-02-04T03:00:00,1.0,0.0
DE8,solar,2021-02-04T06:00:00,1.0,0.0
DE8,solar,2021-02-04T09:00:00,1.0,904.1789790000001
DE8,solar,2021-02-04T12:00:00,1.0,1095.2122499999998
DE8,solar,2021-02-04T15:00:00,1.0,1155.912516
DE8,solar,2021-02-04T18:00:00,1.0,0.0
DE8,solar,2021-02-04T21:00:00,1.0,0.0
DE8,solar,2021-02-05T00:00:00,1.0,0.0
DE8,solar,2021-02-05T03:00:00,1.0,0.0
DE8,solar,2021-02-05T06:00:00,1.0,0.0
DE8,solar,2021-02-05T09:00:00,1.0,823.704057
DE8,solar,2021-02-05T12:00:00,1.0,1104.147
DE8,solar,2021-02-05T15:00:00,1.0,1769.4506609999999
DE8,solar,2021-02-05T18:00:00,1.0,0.0
DE8,solar,2021-02-05T21:00:00,1.0,0.0
DE8,solar,2021-02-06T00:00:00,1.0,0.0
DE8,solar,2021-02-06T03:00:00,1.0,0.0
DE8,solar,2021-02-06T06:00:00,1.0,0.0
DE8,solar,2021-02-06T09:00:00,1.0,1361.0903129999997
DE8,solar,2021-02-06T12:00:00,1.0,1326.5752499999999
DE8,solar,2021-02-06T15:00:00,1.0,1637.4318839999996
DE8,solar,2021-02-06T18:00:00,1.0,0.0
DE8,solar,2021-02-06T21:00:00,1.0,0.0
DE8,solar,2021-02-07T00:00:00,1.0,0.0
DE8,solar,2021-02-07T03:00:00,1.0,0.0
DE8,solar,2021-02-07T06:00:00,1.0,0.0
DE8,solar,2021-02-07T09:00:00,1.0,618.1937189999999
DE8,solar,2021-02-07T12:00:00,1.0,1267.3237500000002
DE8,solar,2021-02-07T15:00:00,1.0,1861.2319769999997
DE8,solar,2021-02-07T18:00:00,1.0,0.0
DE8,solar,2021-02-07T21:00:00,1.0,0.0
DE9,ccgt,2021-01-25T00:00:00,1.0,2970.3671851199997
DE9,ccgt,2021-01-25T03:00:00,1.0,9901.223950399999
DE9,ccgt,2021-01-25T06:00:00,1.0,9901.223950399999
DE9,ccgt,2021-01-25T09:00:00,1.0,2970.3671851199997
DE9,ccgt,2021-01-25T12:00:00,1.0,2970.3671851199997
DE9,ccgt,2021-01-25T15:00:00,1.0,2970.3671851199997
DE9,ccgt,2021-01-25T18:00:00,1.0,2970.3671851199997
DE9,ccgt,2021-01-25T21:00:00,1.0,2970.3671851199997
DE9,ccgt,2021-01-26T00:00:00,1.0,2970.3671851199997
DE9,ccgt,2021-01-26T03:00:00,1.0,5012.579025964883
DE9,ccgt,2021-01-26T06:00:00,1.0,9901.223950399999
DE9,ccgt,2021-01-26T09:00:00,1.0,2970.3671851199997
DE9,ccgt,2021-01-26T12:00:00,1.0,2970.3671851199997
DE9,ccgt,2021-01-26T15:00:00,1.0,2970.3671851199997
DE9,ccgt,2021-01-26T18:00:00,1.0,2970.3671851199997
DE9,ccgt,2021-01-26T21:00:00,1.0,2970.3671851199997
DE9,ccgt,2021-01-27T00:00:00,1.0,2970.3671851199997
DE9,ccgt,2021-01-27T03:00:00,1.0,5795.609562073827
DE9,ccgt,2021-01-27T06:00:00,1.0,9901.223950399999
DE9,ccgt,2021-01-27T09:00:00,1.0,2970.3671851199997
DE9,ccgt,2021-01-27T12:00:00,1.0,2970.3671851199997
DE9,ccgt,2021-01-27T15:00:00,1.0,2970.3671851199997
DE9,ccgt,2021-01-27T18:00:00,1.0,2970.3671851199997
DE9,ccgt,2021-01-27T21:00:00,1.0,9901.223950399999
DE9,ccgt,2021-01-28T00:00:00,1.0,9901.223950399999
DE9,ccgt,2021-01-28T03:00:00,1.0,9901.223950399999
DE9,ccgt,2021-01-28T06:00:00,1.0,9901.223950399999
DE9,ccgt,2021-01-28T09:00:00,1.0,2970.3671851199997
DE9,ccgt,2021-01-28T12:00:00,1.0,2970.3671851199997
DE9,ccgt,2021-01-28T15:00:00,1.0,2970.3671851199997
DE9,ccgt,2021-01-28T18:00:00,1.0,9901.223950399999
DE9,ccgt,2021-01-28T21:00:00,1.0,9901.223950399999
DE9,ccgt,2021-01-29T00:00:00,1.0,9901.223950399999
DE9,ccgt,2021-01-29T03:00:00,1.0,9901.223950399999
DE9,ccgt,2021-01-29T06:00:00,1.0,9901.223950399999
DE9,ccgt,2021-01-29T09:00:00,1.0,2970.3671851199997
DE9,ccgt,2021-01-29T12:00:00,1.0,2970.3671851199997
DE9,ccgt,2021-01-29T15:00:00,1.0,2970.3671851199997
DE9,ccgt,2021-01-29T18:00:00,1.0,2970.3671851199997
DE9,ccgt,2021-01-29T21:00:00,1.0,2970.3671851199997
DE9,ccgt,2021-01-30T00:00:00,1.0,4800.8451093041085
DE9,ccgt,2021-01-30T03:00:00,1.0,9901.223950399999
DE9,ccgt,2021-01-30T06:00:00,1.0,9901.223950399999
DE9,ccgt,2021-01-30T09:00:00,1.0,2970.3671851199997
DE9,ccgt,2021-01-30T12:00:00,1.0,2970.3671851199997
DE9,ccgt,2021-01-30T15:00:00,1.0,2970.3671851199997
DE9,ccgt,2021-01-30T18:00:00,1.0,2970.3671851199997
DE9,ccgt,2021-01-30T21:00:00,1.0,2970.3671851199997
DE9,ccgt,2021-01-31T00:00:00,1.0,9901.223950399999
DE9,ccgt,2021-01-31T03:00:00,1.0,9901.223950399999
DE9,ccgt,2021-01-31T06:00:00,1.0,9901.223950399999
DE9,ccgt,2021-01-31T09:00:00,1.0,2970.3671851199997
DE9,ccgt,2021-01-31T12:00:00,1.0,2970.3671851199997
DE9,ccgt,2021-01-31T15:00:00,1.0,2970.3671851199997
DE9,ccgt,2021-01-31T18:00:00,1.0,2970.3671851199997
DE9,ccgt,2021-01-31T21:00:00,1.0,2970.3671851199997
DE9,ccgt,2021-02-01T00:00:00,1.0,9901.223950399999
DE9,ccgt,2021-02-01T03:00:00,1.0,9901.223950399999
DE9,ccgt,2021-02-01T06:00:00,1.0,9901.223950399999
DE9,ccgt,2021-02-01T09:00:00,1.0,2970.3671851199997
DE9,ccgt,2021-02-01T12:00:00,1.0,2970.3671851199997
DE9,ccgt,2021-02-01T15:00:00,1.0,2970.3671851199997
DE9,ccgt,2021-02-01T18:00:00,1.0,2970.3671851199997
DE9,ccgt,2021-02-01T21:00:00,1.0,2970.3671851199997
DE9,ccgt,2021-02-02T00:00:00,1.0,9034.62488546412
DE9,ccgt,2021-02-02T03:00:00,1.0,9901.223950399999
DE9,ccgt,2021-02-02T06:00:00,1.0,9901.223950399999
DE9,ccgt,2021-02-02T09:00:00,1.0,2970.3671851199997
DE9,ccgt,2021-02-02T12:00:00,1.0,2970.3671851199997
DE9,ccgt,2021-02-02T15:00:00,1.0,2970.3671851199997
DE9,ccgt,2021-02-02T18:00:00,1.0,2970.3671851199997
DE9,ccgt,2021-02-02T21:00:00,1.0,9901.223950399999
DE9,ccgt,2021-02-03T00:00:00,1.0,9901.223950399999
DE9,ccgt,2021-02-03T03:00:00,1.0,9901.223950399999
DE9,ccgt,2021-02-03T06:00:00,1.0,9901.223950399999
DE9,ccgt,2021-02-03T09:00:00,1.0,2970.3671851199997
DE9,ccgt,2021-02-03T12:00:00,1.0,2970.3671851199997
DE9,ccgt,2021-02-03T15:00:00,1.0,2970.3671851199997
DE9,ccgt,2021-02-03T18:00:00,1.0,2970.3671851199997
DE9,ccgt,2021-02-03T21:00:00,1.0,4138.131904895779
DE9,ccgt,2021-02-04T00:00:00,1.0,9901.223950399999
DE9,ccgt,2021-02-04T03:00:00,1.0,9901.223950399999
DE9,ccgt,2021-02-04T06:00:00,1.0,9901.223950399999
DE9,ccgt,2021-02-04T09:00:00,1.0,2970.3671851199997
DE9,ccgt,2021-02-04T12:00:00,1.0,2970.3671851199997
DE9,ccgt,2021-02-04T15:00:00,1.0,2970.3671851199997
DE9,ccgt,2021-02-04T18:00:00,1.0,2970.3671851199997
DE9,ccgt,2021-02-04T21:00:00,1.0,9901.223950399999
DE9,ccgt,2021-02-05T00:00:00,1.0,9901.223950399999
DE9,ccgt,2021-02-05T03:00:00,1.0,9901.223950399999
DE9,ccgt,2021-02-05T06:00:00,1.0,9901.223950399999
DE9,ccgt,2021-02-05T09:00:00,1.0,2970.3671851199997
DE9,ccgt,2021-02-05T12:00:00,1.0,2970.3671851199997
DE9,ccgt,2021-02-05T15:00:00,1.0,2970.3671851199997
DE9,ccgt,2021-02-05T18:00:00,1.0,2970.3671851199997
DE9,ccgt,2021-02-05T21:00:00,1.0,9901.223950399999
DE9,ccgt,2021-02-06T00:00:00,1.0,9901.223950399999
DE9,ccgt,2021-02-06T03:00:00,1.0,9901.223950399999
DE9,ccgt,2021-02-06T06:00:00,1.0,9901.223950399999
DE9,ccgt,2021-02-06T09:00:00,1.0,2970.3671851199997
DE9,ccgt,2021-02-06T12:00:00,1.0,2970.3671851199997
DE9,ccgt,2021-02-06T15:00:00,1.0,2970.3671851199997
DE9,ccgt,2021-02-06T18:00:00,1.0,2970.3671851199997
DE9,ccgt,2021-02-06T21:00:00,1.0,2970.3671851199997
DE9,ccgt,2021-02-07T00:00:00,1.0,9901.223950399999
DE9,ccgt,2021-02-07T03:00:00,1.0,9901.223950399999
DE9,ccgt,2021-02-07T06:00:00,1.0,9901.223950399999
DE9,ccgt,2021-02-07T09:00:00,1.0,2970.3671851199997
DE9,ccgt,2021-02-07T12:00:00,1.0,2970.3671851199997
DE9,ccgt,2021-02-07T15:00:00,1.0,2970.3671851199997
DE9,ccgt,2021-02-07T18:00:00,1.0,2970.3671851199997
DE9,ccgt,2021-02-07T21:00:00,1.0,2970.3671851199997
DE9,ocgt,2021-01-25T00:00:00,1.0,0.0
DE9,ocgt,2021-01-25T03:00:00,1.0,680.0
DE9,ocgt,2021-01-25T06:00:00,1.0,680.0
DE9,ocgt,2021-01-25T09:00:00,1.0,0.0
DE9,ocgt,2021-01-25T12:00:00,1.0,0.0
DE9,ocgt,2021-01-25T15:00:00,1.0,0.0
DE9,ocgt,2021-01-25T18:00:00,1.0,0.0
DE9,ocgt,2021-01-25T21:00:00,1.0,0.0
DE9,ocgt,2021-01-26T00:00:00,1.0,0.0
DE9,ocgt,2021-01-26T03:00:00,1.0,0.0
DE9,ocgt,2021-01-26T06:00:00,1.0,0.0
DE9,ocgt,2021-01-26T09:00:00,1.0,0.0
DE9,ocgt,2021-01-26T12:00:00,1.0,0.0
DE9,ocgt,2021-01-26T15:00:00,1.0,0.0
DE9,ocgt,2021-01-26T18:00:00,1.0,0.0
DE9,ocgt,2021-01-26T21:00:00,1.0,0.0
DE9,ocgt,2021-01-27T00:00:00,1.0,0.0
DE9,ocgt,2021-01-27T03:00:00,1.0,0.0
DE9,ocgt,2021-01-27T06:00:00,1.0,0.0
DE9,ocgt,2021-01-27T09:00:00,1.0,0.0
DE9,ocgt,2021-01-27T12:00:00,1.0,0.0
DE9,ocgt,2021-01-27T15:00:00,1.0,0.0
DE9,ocgt,2021-01-27T18:00:00,1.0,0.0
DE9,ocgt,2021-01-27T21:00:00,1.0,0.0
DE9,ocgt,2021-01-28T00:00:00,1.0,0.0
DE9,ocgt,2021-01-28T03:00:00,1.0,0.0
DE9,ocgt,2021-01-28T06:00:00,1.0,0.0
DE9,ocgt,2021-01-28T09:00:00,1.0,0.0
DE9,ocgt,2021-01-28T12:00:00,1.0,0.0
DE9,ocgt,2021-01-28T15:00:00,1.0,0.0
DE9,ocgt,2021-01-28T18:00:00,1.0,0.0
DE9,ocgt,2021-01-28T21:00:00,1.0,0.0
DE9,ocgt,2021-01-29T00:00:00,1.0,0.0
DE9,ocgt,2021-01-29T03:00:00,1.0,0.0
DE9,ocgt,2021-01-29T06:00:00,1.0,0.0
DE9,ocgt,2021-01-29T09:00:00,1.0,0.0
DE9,ocgt,2021-01-29T12:00:00,1.0,0.0
DE9,ocgt,2021-01-29T15:00:00,1.0,0.0
DE9,ocgt,2021-01-29T18:00:00,1.0,0.0
DE9,ocgt,2021-01-29T21:00:00,1.0,0.0
DE9,ocgt,2021-01-30T00:00:00,1.0,0.0
DE9,ocgt,2021-01-30T03:00:00,1.0,0.0
DE9,ocgt,2021-01-30T06:00:00,1.0,0.0
DE9,ocgt,2021-01-30T09:00:00,1.0,0.0
DE9,ocgt,2021-01-30T12:00:00,1.0,0.0
DE9,ocgt,2021-01-30T15:00:00,1.0,0.0
DE9,ocgt,2021-01-30T18:00:00,1.0,0.0
DE9,ocgt,2021-01-30T21:00:00,1.0,0.0
DE9,ocgt,2021-01-31T00:00:00,1.0,0.0
DE9,ocgt,2021-01-31T03:00:00,1.0,0.0
DE9,ocgt,2021-01-31T06:00:00,1.0,0.0
DE9,ocgt,2021-01-31T09:00:00,1.0,0.0
DE9,ocgt,2021-01-31T12:00:00,1.0,0.0
DE9,ocgt,2021-01-31T15:00:00,1.0,0.0
DE9,ocgt,2021-01-31T18:00:00,1.0,0.0
DE9,ocgt,2021-01-31T21:00:00,1.0,0.0
DE9,ocgt,2021-02-01T00:00:00,1.0,0.0
DE9,ocgt,2021-02-01T03:00:00,1.0,0.0
DE9,ocgt,2021-02-01T06:00:00,1.0,0.0
DE9,ocgt,2021-02-01T09:00:00,1.0,0.0
DE9,ocgt,2021-02-01T12:00:00,1.0,0.0
DE9,ocgt,2021-02-01T15:00:00,1.0,0.0
DE9,ocgt,2021-02-01T18:00:00,1.0,0.0
DE9,ocgt,2021-02-01T21:00:00,1.0,0.0
DE9,ocgt,2021-02-02T00:00:00,1.0,0.0
DE9,ocgt,2021-02-02T03:00:00,1.0,0.0
DE9,ocgt,2021-02-02T06:00:00,1.0,0.0
DE9,ocgt,2021-02-02T09:00:00,1.0,0.0
DE9,ocgt,2021-02-02T12:00:00,1.0,0.0
DE9,ocgt,2021-02-02T15:00:00,1.0,0.0
DE9,ocgt,2021-02-02T18:00:00,1.0,0.0
DE9,ocgt,2021-02-02T21:00:00,1.0,0.0
DE9,ocgt,2021-02-03T00:00:00,1.0,0.0
DE9,ocgt,2021-02-03T03:00:00,1.0,0.0
DE9,ocgt,2021-02-03T06:00:00,1.0,0.0
DE9,ocgt,2021-02-03T09:00:00,1.0,0.0
DE9,ocgt,2021-02-03T12:00:00,1.0,0.0
DE9,ocgt,2021-02-03T15:00:00,1.0,0.0
DE9,ocgt,2021-02-03T18:00:00,1.0,0.0
DE9,ocgt,2021-02-03T21:00:00,1.0,0.0
DE9,ocgt,2021-02-04T00:00:00,1.0,0.0
DE9,ocgt,2021-02-04T03:00:00,1.0,0.0
DE9,ocgt,2021-02-04T06:00:00,1.0,0.0
DE9,ocgt,2021-02-04T09:00:00,1.0,0.0
DE9,ocgt,2021-02-04T12:00:00,1.0,0.0
DE9,ocgt,2021-02-04T15:00:00,1.0,0.0
DE9,ocgt,2021-02-04T18:00:00,1.0,0.0
DE9,ocgt,2021-02-04T21:00:00,1.0,0.0
DE9,ocgt,2021-02-05T00:00:00,1.0,0.0
DE9,ocgt,2021-02-05T03:00:00,1.0,0.0
DE9,ocgt,2021-02-05T06:00:00,1.0,0.0
DE9,ocgt,2021-02-05T09:00:00,1.0,0.0
DE9,ocgt,2021-02-05T12:00:00,1.0,0.0
DE9,ocgt,2021-02-05T15:00:00,1.0,0.0
DE9,ocgt,2021-02-05T18:00:00,1.0,0.0
DE9,ocgt,2021-02-05T21:00:00,1.0,0.0
DE9,ocgt,2021-02-06T00:00:00,1.0,0.0
DE9,ocgt,2021-02-06T03:00:00,1.0,0.0
DE9,ocgt,2021-02-06T06:00:00,1.0,0.0
DE9,ocgt,2021-02-06T09:00:00,1.0,0.0
DE9,ocgt,2021-02-06T12:00:00,1.0,0.0
DE9,ocgt,2021-02-06T15:00:00,1.0,0.0
DE9,ocgt,2021-02-06T18:00:00,1.0,0.0
DE9,ocgt,2021-02-06T21:00:00,1.0,0.0
DE9,ocgt,2021-02-07T00:00:00,1.0,0.0
DE9,ocgt,2021-02-07T03:00:00,1.0,0.0
DE9,ocgt,2021-02-07T06:00:00,1.0,0.0
DE9,ocgt,2021-02-07T09:00:00,1.0,0.0
DE9,ocgt,2021-02-07T12:00:00,1.0,0.0
DE9,ocgt,2021-02-07T15:00:00,1.0,0.0
DE9,ocgt,2021-02-07T18:00:00,1.0,0.0
DE9,ocgt,2021-02-07T21:00:00,1.0,0.0
DE9,offwind,2021-01-25T00:00:00,1.0,0.0
DE9,offwind,2021-01-25T03:00:00,1.0,10.786089599999999
DE9,offwind,2021-01-25T06:00:00,1.0,15.517989599999995
DE9,offwind,2021-01-25T09:00:00,1.0,15.191416799999999
DE9,offwind,2021-01-25T12:00:00,1.0,0.0
DE9,offwind,2021-01-25T15:00:00,1.0,17.09376
DE9,offwind,2021-01-25T18:00:00,1.0,22.235673600000002
DE9,offwind,2021-01-25T21:00:00,1.0,15.86984400000001
DE9,offwind,2021-01-26T00:00:00,1.0,19.706457599999997
DE9,offwind,2021-01-26T03:00:00,1.0,19.20291839999999
DE9,offwind,2021-01-26T06:00:00,1.0,15.4698
DE9,offwind,2021-01-26T09:00:00,1.0,0.0
DE9,offwind,2021-01-26T12:00:00,1.0,0.0
DE9,offwind,2021-01-26T15:00:00,1.0,0.0
DE9,offwind,2021-01-26T18:00:00,1.0,28.490356799999994
DE9,offwind,2021-01-26T21:00:00,1.0,23.848281600000004
DE9,offwind,2021-01-27T00:00:00,1.0,18.3312576
DE9,offwind,2021-01-27T03:00:00,1.0,16.536959999999993
DE9,offwind,2021-01-27T06:00:00,1.0,22.116019200000004
DE9,offwind,2021-01-27T09:00:00,1.0,14.5554624
DE9,offwind,2021-01-27T12:00:00,1.0,17.6085312
DE9,offwind,2021-01-27T15:00:00,1.0,17.050752000000003
DE9,offwind,2021-01-27T18:00:00,1.0,11.621232000000003
DE9,offwind,2021-01-27T21:00:00,1.0,6.6534048000000015
DE9,offwind,2021-01-28T00:00:00,1.0,6.9457824
DE9,offwind,2021-01-28T03:00:00,1.0,5.9058720000000005
DE9,offwind,2021-01-28T06:00:00,1.0,4.684140000000002
DE9,offwind,2021-01-28T09:00:00,1.0,3.5095776000000014
DE9,offwind,2021-01-28T12:00:00,1.0,4.627008000000001
DE9,offwind,2021-01-28T15:00:00,1.0,3.4084800000000004
DE9,offwind,2021-01-28T18:00:00,1.0,4.861051200000001
DE9,offwind,2021-01-28T21:00:00,1.0,3.8622720000000004
DE9,offwind,2021-01-29T00:00:00,1.0,7.640915999999999
DE9,offwind,2021-01-29T03:00:00,1.0,8.3359536
DE9,offwind,2021-01-29T06:00:00,1.0,4.968028799999999
DE9,offwind,2021-01-29T09:00:00,1.0,0.0
DE9,offwind,2021-01-29T12:00:00,1.0,0.0
DE9,offwind,2021-01-29T15:00:00,1.0,0.0
DE9,offwind,2021-01-29T18:00:00,1.0,7.152892799999998
DE9,offwind,2021-01-29T21:00:00,1.0,8.093779199999997
DE9,offwind,2021-01-30T00:00:00,1.0,13.019942399999994
DE9,offwind,2021-01-30T03:00:00,1.0,28.158451199999995
DE9,offwind,2021-01-30T06:00:00,1.0,16.40526
DE9,offwind,2021-01-30T09:00:00,1.0,22.920904800000006
DE9,offwind,2021-01-30T12:00:00,1.0,20.580326400000008
DE9,offwind,2021-01-30T15:00:00,1.0,27.61728
DE9,offwind,2021-01-30T18:00:00,1.0,25.71583679999999
DE9,offwind,2021-01-30T21:00:00,1.0,44.958477599999995
DE9,offwind,2021-01-31T00:00:00,1.0,30.878726399999994
DE9,offwind,2021-01-31T03:00:00,1.0,32.6997504
DE9,offwind,2021-01-31T06:00:00,1.0,30.414971999999995
DE9,offwind,2021-01-31T09:00:00,1.0,28.792415999999996
DE9,offwind,2021-01-31T12:00:00,1.0,26.34832800000001
DE9,offwind,2021-01-31T15:00:00,1.0,19.6872384
DE9,offwind,2021-01-31T18:00:00,1.0,27.1447632
DE9,offwind,2021-01-31T21:00:00,1.0,29.154902400000008
DE9,offwind,2021-02-01T00:00:00,1.0,22.0554912
DE9,offwind,2021-02-01T03:00:00,1.0,15.195840000000002
DE9,offwind,2021-02-01T06:00:00,1.0,20.855366399999994
DE9,offwind,2021-02-01T09:00:00,1.0,13.314729600000003
DE9,offwind,2021-02-01T12:00:00,1.0,10.038748799999999
DE9,offwind,2021-02-01T15:00:00,1.0,10.438272000000005
DE9,offwind,2021-02-01T18:00:00,1.0,10.322810400000002
DE9,offwind,2021-02-01T21:00:00,1.0,11.257612799999999
DE9,offwind,2021-02-02T00:00:00,1.0,6.818169599999998
DE9,offwind,2021-02-02T03:00:00,1.0,4.6162224
DE9,offwind,2021-02-02T06:00:00,1.0,4.942209600000001
DE9,offwind,2021-02-02T09:00:00,1.0,5.0395536
DE9,offwind,2021-02-02T12:00:00,1.0,5.0279039999999995
DE9,offwind,2021-02-02T15:00:00,1.0,4.410825599999999
DE9,offwind,2021-02-02T18:00:00,1.0,3.1921920000000004
DE9,offwind,2021-02-02T21:00:00,1.0,3.767520000000001
DE9,offwind,2021-02-03T00:00:00,1.0,5.432980799999999
DE9,offwind,2021-02-03T03:00:00,1.0,5.6591184
DE9,offwind,2021-02-03T06:00:00,1.0,5.52522
DE9,offwind,2021-02-03T09:00:00,1.0,5.302415999999999
DE9,offwind,2021-02-03T12:00:00,1.0,5.0440320000000005
DE9,offwind,2021-02-03T15:00:00,1.0,6.270844800000001
DE9,offwind,2021-02-03T18:00:00,1.0,9.379833599999998
DE9,offwind,2021-02-03T21:00:00,1.0,10.117223999999998
DE9,offwind,2021-02-04T00:00:00,1.0,16.216032000000002
DE9,offwind,2021-02-04T03:00:00,1.0,15.995232000000005
DE9,offwind,2021-02-04T06:00:00,1.0,26.091295199999998
DE9,offwind,2021-02-04T09:00:00,1.0,13.962626400000003
DE9,offwind,2021-02-04T12:00:00,1.0,17.828551200000003
DE9,offwind,2021-02-04T15:00:00,1.0,18.218496
DE9,offwind,2021-02-04T18:00:00,1.0,18.510263999999996
DE9,offwind,2021-02-04T21:00:00,1.0,23.1906456
DE9,offwind,2021-02-05T00:00:00,1.0,18.6116544
DE9,offwind,2021-02-05T03:00:00,1.0,18.70848
DE9,offwind,2021-02-05T06:00:00,1.0,20.487396
DE9,offwind,2021-02-05T09:00:00,1.0,22.307395199999995
DE9,offwind,2021-02-05T12:00:00,1.0,24.583751999999993
DE9,offwind,2021-02-05T15:00:00,1.0,17.114174400000007
DE9,offwind,2021-02-05T18:00:00,1.0,14.995605600000001
DE9,offwind,2021-02-05T21:00:00,1.0,19.184505599999998
DE9,offwind,2021-02-06T00:00:00,1.0,19.468598399999998
DE9,offwind,2021-02-06T03:00:00,1.0,17.66688
DE9,offwind,2021-02-06T06:00:00,1.0,18.353913600000006
DE9,offwind,2021-02-06T09:00:00,1.0,16.286932799999995
DE9,offwind,2021-02-06T12:00:00,1.0,14.745215999999994
DE9,offwind,2021-02-06T15:00:00,1.0,17.649023999999997
DE9,offwind,2021-02-06T18:00:00,1.0,15.459108000000002
DE9,offwind,2021-02-06T21:00:00,1.0,16.8021168
DE9,offwind,2021-02-07T00:00:00,1.0,9.812512800000004
DE9,offwind,2021-02-07T03:00:00,1.0,8.155728000000003
DE9,offwind,2021-02-07T06:00:00,1.0,4.249310399999999
DE9,offwind,2021-02-07T09:00:00,1.0,5.130103200000001
DE9,offwind,2021-02-07T12:00:00,1.0,5.420448
DE9,offwind,2021-02-07T15:00:00,1.0,3.3630335999999996
DE9,offwind,2021-02-07T18:00:00,1.0,2.6969328
DE9,offwind,2021-02-07T21:00:00,1.0,3.320832
DE9,onwind,2021-01-25T00:00:00,1.0,0.0
DE9,onwind,2021-01-25T03:00:00,1.0,159.33996
DE9,onwind,2021-01-25T06:00:00,1.0,229.24898099999993
DE9,onwind,2021-01-25T09:00:00,1.0,224.380611
DE9,onwind,2021-01-25T12:00:00,1.0,0.0
DE9,onwind,2021-01-25T15:00:00,1.0,252.51056999999997
DE9,onwind,2021-01-25T18:00:00,1.0,328.43428800000004
DE9,onwind,2021-01-25T21:00:00,1.0,234.42237000000011
DE9,onwind,2021-01-26T00:00:00,1.0,291.0969359999999
DE9,onwind,2021-01-26T03:00:00,1.0,283.6896659999999
DE9,onwind,2021-01-26T06:00:00,1.0,228.55560000000003
DE9,onwind,2021-01-26T09:00:00,1.0,0.0
DE9,onwind,2021-01-26T12:00:00,1.0,0.0
DE9,onwind,2021-01-26T15:00:00,1.0,0.0
DE9,onwind,2021-01-26T18:00:00,1.0,420.8880779999999
DE9,onwind,2021-01-26T21:00:00,1.0,352.26391200000006
DE9,onwind,2021-01-27T00:00:00,1.0,270.825984
DE9,onwind,2021-01-27T03:00:00,1.0,244.29599999999996
DE9,onwind,2021-01-27T06:00:00,1.0,326.71392
DE9,onwind,2021-01-27T09:00:00,1.0,215.068464
DE9,onwind,2021-01-27T12:00:00,1.0,260.10418200000004
DE9,onwind,2021-01-27T15:00:00,1.0,251.90146800000005
DE9,onwind,2021-01-27T18:00:00,1.0,171.66006000000004
DE9,onwind,2021-01-27T21:00:00,1.0,98.27438400000004
DE9,onwind,2021-01-28T00:00:00,1.0,102.58653599999998
DE9,onwind,2021-01-28T03:00:00,1.0,87.19893000000002
DE9,onwind,2021-01-28T06:00:00,1.0,69.19282500000003
DE9,onwind,2021-01-28T09:00:00,1.0,51.85798800000003
DE9,onwind,2021-01-28T12:00:00,1.0,68.38299
DE9,onwind,2021-01-28T15:00:00,1.0,50.333400000000005
DE9,onwind,2021-01-28T18:00:00,1.0,71.80364100000003
DE9,onwind,2021-01-28T21:00:00,1.0,57.08664000000001
DE9,onwind,2021-01-29T00:00:00,1.0,112.92021
DE9,onwind,2021-01-29T03:00:00,1.0,123.16605600000001
DE9,onwind,2021-01-29T06:00:00,1.0,73.38567599999999
DE9,onwind,2021-01-29T09:00:00,1.0,0.0
DE9,onwind,2021-01-29T12:00:00,1.0,0.0
DE9,onwind,2021-01-29T15:00:00,1.0,0.0
DE9,onwind,2021-01-29T18:00:00,1.0,105.68750399999998
DE9,onwind,2021-01-29T21:00:00,1.0,119.58710399999998
DE9,onwind,2021-01-30T00:00:00,1.0,192.36944999999992
DE9,onwind,2021-01-30T03:00:00,1.0,415.97711999999996
DE9,onwind,2021-01-30T06:00:00,1.0,242.356725
DE9,onwind,2021-01-30T09:00:00,1.0,338.5468710000001
DE9,onwind,2021-01-30T12:00:00,1.0,304.05523200000005
DE9,onwind,2021-01-30T15:00:00,1.0,407.96496
DE9,onwind,2021-01-30T18:00:00,1.0,379.83839399999994
DE9,onwind,2021-01-30T21:00:00,1.0,664.1068979999999
DE9,onwind,2021-01-31T00:00:00,1.0,456.1298039999999
DE9,onwind,2021-01-31T03:00:00,1.0,483.08184600000004
DE9,onwind,2021-01-31T06:00:00,1.0,449.360184
DE9,onwind,2021-01-31T09:00:00,1.0,425.31216
DE9,onwind,2021-01-31T12:00:00,1.0,389.1877470000001
DE9,onwind,2021-01-31T15:00:00,1.0,290.823624
DE9,onwind,2021-01-31T18:00:00,1.0,401.009622
DE9,onwind,2021-01-31T21:00:00,1.0,430.6482180000001
DE9,onwind,2021-02-01T00:00:00,1.0,325.847808
DE9,onwind,2021-02-01T03:00:00,1.0,224.48400000000007
DE9,onwind,2021-02-01T06:00:00,1.0,308.09063999999995
DE9,onwind,2021-02-01T09:00:00,1.0,196.73565600000003
DE9,onwind,2021-02-01T12:00:00,1.0,148.28724299999996
DE9,onwind,2021-02-01T15:00:00,1.0,154.21114800000007
DE9,onwind,2021-02-01T18:00:00,1.0,152.48075700000004
DE9,onwind,2021-02-01T21:00:00,1.0,166.281024
DE9,onwind,2021-02-02T00:00:00,1.0,100.70174399999998
DE9,onwind,2021-02-02T03:00:00,1.0,68.157531
DE9,onwind,2021-02-02T06:00:00,1.0,73.00495800000002
DE9,onwind,2021-02-02T09:00:00,1.0,74.46511799999999
DE9,onwind,2021-02-02T12:00:00,1.0,74.30787
DE9,onwind,2021-02-02T15:00:00,1.0,65.135148
DE9,onwind,2021-02-02T18:00:00,1.0,47.15256
DE9,onwind,2021-02-02T21:00:00,1.0,55.68615000000002
DE9,onwind,2021-02-03T00:00:00,1.0,80.290548
DE9,onwind,2021-02-03T03:00:00,1.0,83.61506399999999
DE9,onwind,2021-02-03T06:00:00,1.0,81.616275
DE9,onwind,2021-02-03T09:00:00,1.0,78.35782499999998
DE9,onwind,2021-02-03T12:00:00,1.0,74.49624000000001
DE9,onwind,2021-02-03T15:00:00,1.0,92.63748
DE9,onwind,2021-02-03T18:00:00,1.0,138.59164799999996
DE9,onwind,2021-02-03T21:00:00,1.0,149.48388
DE9,onwind,2021-02-04T00:00:00,1.0,239.59162500000002
DE9,onwind,2021-02-04T03:00:00,1.0,236.29320000000007
DE9,onwind,2021-02-04T06:00:00,1.0,385.44959700000004
DE9,onwind,2021-02-04T09:00:00,1.0,206.23110300000005
DE9,onwind,2021-02-04T12:00:00,1.0,263.40030600000006
DE9,onwind,2021-02-04T15:00:00,1.0,269.12527199999994
DE9,onwind,2021-02-04T18:00:00,1.0,273.407745
DE9,onwind,2021-02-04T21:00:00,1.0,342.562038
DE9,onwind,2021-02-05T00:00:00,1.0,274.92488399999996
DE9,onwind,2021-02-05T03:00:00,1.0,276.3852
DE9,onwind,2021-02-05T06:00:00,1.0,302.687112
DE9,onwind,2021-02-05T09:00:00,1.0,329.51755199999997
DE9,onwind,2021-02-05T12:00:00,1.0,363.1234229999999
DE9,onwind,2021-02-05T15:00:00,1.0,252.81383400000007
DE9,onwind,2021-02-05T18:00:00,1.0,221.530101
DE9,onwind,2021-02-05T21:00:00,1.0,283.375092
DE9,onwind,2021-02-06T00:00:00,1.0,287.62905599999993
DE9,onwind,2021-02-06T03:00:00,1.0,260.98800000000006
DE9,onwind,2021-02-06T06:00:00,1.0,271.1373600000001
DE9,onwind,2021-02-06T09:00:00,1.0,240.65230799999992
DE9,onwind,2021-02-06T12:00:00,1.0,217.80875999999992
DE9,onwind,2021-02-06T15:00:00,1.0,260.74011599999994
DE9,onwind,2021-02-06T18:00:00,1.0,228.35026500000004
DE9,onwind,2021-02-06T21:00:00,1.0,248.17634400000003
DE9,onwind,2021-02-07T00:00:00,1.0,144.92704200000006
DE9,onwind,2021-02-07T03:00:00,1.0,120.41757000000005
DE9,onwind,2021-02-07T06:00:00,1.0,62.76964199999998
DE9,onwind,2021-02-07T09:00:00,1.0,75.803091
DE9,onwind,2021-02-07T12:00:00,1.0,80.109315
DE9,onwind,2021-02-07T15:00:00,1.0,49.662288
DE9,onwind,2021-02-07T18:00:00,1.0,39.836979
DE9,onwind,2021-02-07T21:00:00,1.0,49.08384
DE9,solar,2021-01-25T00:00:00,1.0,0.0
DE9,solar,2021-01-25T03:00:00,1.0,0.0
DE9,solar,2021-01-25T06:00:00,1.0,0.0
DE9,solar,2021-01-25T09:00:00,1.0,334.0928580000001
DE9,solar,2021-01-25T12:00:00,1.0,1374.384
DE9,solar,2021-01-25T15:00:00,1.0,1061.4708719999999
DE9,solar,2021-01-25T18:00:00,1.0,0.0
DE9,solar,2021-01-25T21:00:00,1.0,0.0
DE9,solar,2021-01-26T00:00:00,1.0,0.0
DE9,solar,2021-01-26T03:00:00,1.0,0.0
DE9,solar,2021-01-26T06:00:00,1.0,0.0
DE9,solar,2021-01-26T09:00:00,1.0,857.290698
DE9,solar,2021-01-26T12:00:00,1.0,1123.5840000000003
DE9,solar,2021-01-26T15:00:00,1.0,1366.965204
DE9,solar,2021-01-26T18:00:00,1.0,0.0
DE9,solar,2021-01-26T21:00:00,1.0,0.0
DE9,solar,2021-01-27T00:00:00,1.0,0.0
DE9,solar,2021-01-27T03:00:00,1.0,0.0
DE9,solar,2021-01-27T06:00:00,1.0,0.0
DE9,solar,2021-01-27T09:00:00,1.0,775.485612
DE9,solar,2021-01-27T12:00:00,1.0,975.6119999999996
DE9,solar,2021-01-27T15:00:00,1.0,1094.9466659999998
DE9,solar,2021-01-27T18:00:00,1.0,0.0
DE9,solar,2021-01-27T21:00:00,1.0,0.0
DE9,solar,2021-01-28T00:00:00,1.0,0.0
DE9,solar,2021-01-28T03:00:00,1.0,0.0
DE9,solar,2021-01-28T06:00:00,1.0,0.0
DE9,solar,2021-01-28T09:00:00,1.0,616.30932
DE9,solar,2021-01-28T12:00:00,1.0,498.46500000000003
DE9,solar,2021-01-28T15:00:00,1.0,804.527526
DE9,solar,2021-01-28T18:00:00,1.0,0.0
DE9,solar,2021-01-28T21:00:00,1.0,0.0
DE9,solar,2021-01-29T00:00:00,1.0,0.0
DE9,solar,2021-01-29T03:00:00,1.0,0.0
DE9,solar,2021-01-29T06:00:00,1.0,0.0
DE9,solar,2021-01-29T09:00:00,1.0,739.792878
DE9,solar,2021-01-29T12:00:00,1.0,1412.631
DE9,solar,2021-01-29T15:00:00,1.0,1350.5598479999999
DE9,solar,2021-01-29T18:00:00,1.0,0.0
DE9,solar,2021-01-29T21:00:00,1.0,0.0
DE9,solar,2021-01-30T00:00:00,1.0,0.0
DE9,solar,2021-01-30T03:00:00,1.0,0.0
DE9,solar,2021-01-30T06:00:00,1.0,0.0
DE9,solar,2021-01-30T09:00:00,1.0,537.6079499999998
DE9,solar,2021-01-30T12:00:00,1.0,833.91
DE9,solar,2021-01-30T15:00:00,1.0,976.118682
DE9,solar,2021-01-30T18:00:00,1.0,0.0
DE9,solar,2021-01-30T21:00:00,1.0,0.0
DE9,solar,2021-01-31T00:00:00,1.0,0.0
DE9,solar,2021-01-31T03:00:00,1.0,0.0
DE9,solar,2021-01-31T06:00:00,1.0,0.0
DE9,solar,2021-01-31T09:00:00,1.0,748.8823319999999
DE9,solar,2021-01-31T12:00:00,1.0,468.68249999999983
DE9,solar,2021-01-31T15:00:00,1.0,1096.0551359999997
DE9,solar,2021-01-31T18:00:00,1.0,0.0
DE9,solar,2021-01-31T21:00:00,1.0,0.0
DE9,solar,2021-02-01T00:00:00,1.0,0.0
DE9,solar,2021-02-01T03:00:00,1.0,0.0
DE9,solar,2021-02-01T06:00:00,1.0,0.0
DE9,solar,2021-02-01T09:00:00,1.0,815.612226
DE9,solar,2021-02-01T12:00:00,1.0,1045.2089999999996
DE9,solar,2021-02-01T15:00:00,1.0,946.8550740000001
DE9,solar,2021-02-01T18:00:00,1.0,0.0
DE9,solar,2021-02-01T21:00:00,1.0,0.0
DE9,solar,2021-02-02T00:00:00,1.0,0.0
DE9,solar,2021-02-02T03:00:00,1.0,0.0
DE9,solar,2021-02-02T06:00:00,1.0,0.0
DE9,solar,2021-02-02T09:00:00,1.0,785.0184540000001
DE9,solar,2021-02-02T12:00:00,1.0,711.9584999999998
DE9,solar,2021-02-02T15:00:00,1.0,853.7435939999998
DE9,solar,2021-02-02T18:00:00,1.0,0.0
DE9,solar,2021-02-02T21:00:00,1.0,0.0
DE9,solar,2021-02-03T00:00:00,1.0,0.0
DE9,solar,2021-02-03T03:00:00,1.0,0.0
DE9,solar,2021-02-03T06:00:00,1.0,0.0
DE9,solar,2021-02-03T09:00:00,1.0,574.18746
DE9,solar,2021-02-03T12:00:00,1.0,1214.1854999999998
DE9,solar,2021-02-03T15:00:00,1.0,574.18746
DE9,solar,2021-02-03T18:00:00,1.0,0.0
DE9,solar,2021-02-03T21:00:00,1.0,0.0
DE9,solar,2021-02-04T00:00:00,1.0,0.0
DE9,solar,2021-02-04T03:00:00,1.0,0.0
DE9,solar,2021-02-04T06:00:00,1.0,0.0
DE9,solar,2021-02-04T09:00:00,1.0,602.7859860000001
DE9,solar,2021-02-04T12:00:00,1.0,730.1415
DE9,solar,2021-02-04T15:00:00,1.0,770.608344
DE9,solar,2021-02-04T18:00:00,1.0,0.0
DE9,solar,2021-02-04T21:00:00,1.0,0.0
DE9,solar,2021-02-05T00:00:00,1.0,0.0
DE9,solar,2021-02-05T03:00:00,1.0,0.0
DE9,solar,2021-02-05T06:00:00,1.0,0.0
DE9,solar,2021-02-05T09:00:00,1.0,549.1360380000001
DE9,solar,2021-02-05T12:00:00,1.0,736.0980000000001
DE9,solar,2021-02-05T15:00:00,1.0,1179.633774
DE9,solar,2021-02-05T18:00:00,1.0,0.0
DE9,solar,2021-02-05T21:00:00,1.0,0.0
DE9,solar,2021-02-06T00:00:00,1.0,0.0
DE9,solar,2021-02-06T03:00:00,1.0,0.0
DE9,solar,2021-02-06T06:00:00,1.0,0.0
DE9,solar,2021-02-06T09:00:00,1.0,907.3935419999999
DE9,solar,2021-02-06T12:00:00,1.0,884.3834999999999
DE9,solar,2021-02-06T15:00:00,1.0,1091.6212559999997
DE9,solar,2021-02-06T18:00:00,1.0,0.0
DE9,solar,2021-02-06T21:00:00,1.0,0.0
DE9,solar,2021-02-07T00:00:00,1.0,0.0
DE9,solar,2021-02-07T03:00:00,1.0,0.0
DE9,solar,2021-02-07T06:00:00,1.0,0.0
DE9,solar,2021-02-07T09:00:00,1.0,412.1291459999999
DE9,solar,2021-02-07T12:00:00,1.0,844.8825000000002
DE9,solar,2021-02-07T15:00:00,1.0,1240.8213179999998
DE9,solar,2021-02-07T18:00:00,1.0,0.0
DE9,solar,2021-02-07T21:00:00,1.0,0.0
