n,k,t,scale,MW
DE0,ccgt,2021-01-25T00:00:00,1.0,492.0
DE0,ccgt,2021-01-25T03:00:00,1.0,1640.0
DE0,ccgt,2021-01-25T06:00:00,1.0,1640.0
DE0,ccgt,2021-01-25T09:00:00,1.0,492.0
DE0,ccgt,2021-01-25T12:00:00,1.0,492.0
DE0,ccgt,2021-01-25T15:00:00,1.0,492.0
DE0,ccgt,2021-01-25T18:00:00,1.0,492.0
DE0,ccgt,2021-01-25T21:00:00,1.0,492.0
DE0,ccgt,2021-01-26T00:00:00,1.0,492.0
DE0,ccgt,2021-01-26T03:00:00,1.0,502.31601149818914
DE0,ccgt,2021-01-26T06:00:00,1.0,1640.0
DE0,ccgt,2021-01-26T09:00:00,1.0,492.0
DE0,ccgt,2021-01-26T12:00:00,1.0,492.0
DE0,ccgt,2021-01-26T15:00:00,1.0,492.0
DE0,ccgt,2021-01-26T18:00:00,1.0,492.0
DE0,ccgt,2021-01-26T21:00:00,1.0,492.0
DE0,ccgt,2021-01-27T00:00:00,1.0,492.0
DE0,ccgt,2021-01-27T03:00:00,1.0,492.0
DE0,ccgt,2021-01-27T06:00:00,1.0,1640.0
DE0,ccgt,2021-01-27T09:00:00,1.0,492.0
DE0,ccgt,2021-01-27T12:00:00,1.0,492.0
DE0,ccgt,2021-01-27T15:00:00,1.0,492.0
DE0,ccgt,2021-01-27T18:00:00,1.0,492.0
DE0,ccgt,2021-01-27T21:00:00,1.0,492.0
DE0,ccgt,2021-01-28T00:00:00,1.0,1640.0
DE0,ccgt,2021-01-28T03:00:00,1.0,1640.0
DE0,ccgt,2021-01-28T06:00:00,1.0,1640.0
DE0,ccgt,2021-01-28T09:00:00,1.0,492.0
DE0,ccgt,2021-01-28T12:00:00,1.0,492.0
DE0,ccgt,2021-01-28T15:00:00,1.0,492.0
DE0,ccgt,2021-01-28T18:00:00,1.0,1640.0
DE0,ccgt,2021-01-28T21:00:00,1.0,1640.0
DE0,ccgt,2021-01-29T00:00:00,1.0,1640.0
DE0,ccgt,2021-01-29T03:00:00,1.0,1640.0
DE0,ccgt,2021-01-29T06:00:00,1.0,1640.0
DE0,ccgt,2021-01-29T09:00:00,1.0,492.0
DE0,ccgt,2021-01-29T12:00:00,1.0,492.0
DE0,ccgt,2021-01-29T15:00:00,1.0,492.0
DE0,ccgt,2021-01-29T18:00:00,1.0,492.0
DE0,ccgt,2021-01-29T21:00:00,1.0,492.0
DE0,ccgt,2021-01-30T00:00:00,1.0,492.0
DE0,ccgt,2021-01-30T03:00:00,1.0,1640.0
DE0,ccgt,2021-01-30T06:00:00,1.0,1640.0
DE0,ccgt,2021-01-30T09:00:00,1.0,492.0
DE0,ccgt,2021-01-30T12:00:00,1.0,492.0
DE0,ccgt,2021-01-30T15:00:00,1.0,492.0
DE0,ccgt,2021-01-30T18:00:00,1.0,492.0
DE0,ccgt,2021-01-30T21:00:00,1.0,492.0
DE0,ccgt,2021-01-31T00:00:00,1.0,492.0
DE0,ccgt,2021-01-31T03:00:00,1.0,1640.0
DE0,ccgt,2021-01-31T06:00:00,1.0,1640.0
DE0,ccgt,2021-01-31T09:00:00,1.0,492.0
DE0,ccgt,2021-01-31T12:00:00,1.0,492.0
DE0,ccgt,2021-01-31T15:00:00,1.0,492.0
DE0,ccgt,2021-01-31T18:00:00,1.0,492.0
DE0,ccgt,2021-01-31T21:00:00,1.0,492.0
DE0,ccgt,2021-02-01T00:00:00,1.0,492.0
DE0,ccgt,2021-02-01T03:00:00,1.0,1640.0
DE0,ccgt,2021-02-01T06:00:00,1.0,1640.0
DE0,ccgt,2021-02-01T09:00:00,1.0,492.0
DE0,ccgt,2021-02-01T12:00:00,1.0,492.0
DE0,ccgt,2021-02-01T15:00:00,1.0,492.0
DE0,ccgt,2021-02-01T18:00:00,1.0,492.0
DE0,ccgt,2021-02-01T21:00:00,1.0,492.0
DE0,ccgt,2021-02-02T00:00:00,1.0,492.0
DE0,ccgt,2021-02-02T03:00:00,1.0,1640.0
DE0,ccgt,2021-02-02T06:00:00,1.0,1640.0
DE0,ccgt,2021-02-02T09:00:00,1.0,492.0
DE0,ccgt,2021-02-02T12:00:00,1.0,492.0
DE0,ccgt,2021-02-02T15:00:00,1.0,492.0
DE0,ccgt,2021-02-02T18:00:00,1.0,492.0
DE0,ccgt,2021-02-02T21:00:00,1.0,1640.0
DE0,ccgt,2021-02-03T00:00:00,1.0,1640.0
DE0,ccgt,2021-02-03T03:00:00,1.0,1640.0
DE0,ccgt,2021-02-03T06:00:00,1.0,1640.0
DE0,ccgt,2021-02-03T09:00:00,1.0,492.0
DE0,ccgt,2021-02-03T12:00:00,1.0,492.0
DE0,ccgt,2021-02-03T15:00:00,1.0,492.0
DE0,ccgt,2021-02-03T18:00:00,1.0,492.0
DE0,ccgt,2021-02-03T21:00:00,1.0,492.0
DE0,ccgt,2021-02-04T00:00:00,1.0,1640.0
DE0,ccgt,2021-02-04T03:00:00,1.0,1640.0
DE0,ccgt,2021-02-04T06:00:00,1.0,1640.0
DE0,ccgt,2021-02-04T09:00:00,1.0,492.0
DE0,ccgt,2021-02-04T12:00:00,1.0,492.0
DE0,ccgt,2021-02-04T15:00:00,1.0,492.0
DE0,ccgt,2021-02-04T18:00:00,1.0,492.0
DE0,ccgt,2021-02-04T21:00:00,1.0,492.0
DE0,ccgt,2021-02-05T00:00:00,1.0,1640.0
DE0,ccgt,2021-02-05T03:00:00,1.0,1640.0
DE0,ccgt,2021-02-05T06:00:00,1.0,1640.0
DE0,ccgt,2021-02-05T09:00:00,1.0,492.0
DE0,ccgt,2021-02-05T12:00:00,1.0,492.0
DE0,ccgt,2021-02-05T15:00:00,1.0,492.0
DE0,ccgt,2021-02-05T18:00:00,1.0,492.0
DE0,ccgt,2021-02-05T21:00:00,1.0,1640.0
DE0,ccgt,2021-02-06T00:00:00,1.0,1640.0
DE0,ccgt,2021-02-06T03:00:00,1.0,1640.0
DE0,ccgt,2021-02-06T06:00:00,1.0,1640.0
DE0,ccgt,2021-02-06T09:00:00,1.0,492.0
DE0,ccgt,2021-02-06T12:00:00,1.0,492.0
DE0,ccgt,2021-02-06T15:00:00,1.0,492.0
DE0,ccgt,2021-02-06T18:00:00,1.0,492.0
DE0,ccgt,2021-02-06T21:00:00,1.0,492.0
DE0,ccgt,2021-02-07T00:00:00,1.0,908.0110755005203
DE0,ccgt,2021-02-07T03:00:00,1.0,1640.0
DE0,ccgt,2021-02-07T06:00:00,1.0,1640.0
DE0,ccgt,2021-02-07T09:00:00,1.0,492.0
DE0,ccgt,2021-02-07T12:00:00,1.0,492.0
DE0,ccgt,2021-02-07T15:00:00,1.0,492.0
DE0,ccgt,2021-02-07T18:00:00,1.0,492.0
DE0,ccgt,2021-02-07T21:00:00,1.0,492.0
DE0,ocgt,2021-01-25T00:00:00,1.0,0.0
DE0,ocgt,2021-01-25T03:00:00,1.0,740.0
DE0,ocgt,2021-01-25T06:00:00,1.0,740.0
DE0,ocgt,2021-01-25T09:00:00,1.0,0.0
DE0,ocgt,2021-01-25T12:00:00,1.0,0.0
DE0,ocgt,2021-01-25T15:00:00,1.0,0.0
DE0,ocgt,2021-01-25T18:00:00,1.0,0.0
DE0,ocgt,2021-01-25T21:00:00,1.0,0.0
DE0,ocgt,2021-01-26T00:00:00,1.0,0.0
DE0,ocgt,2021-01-26T03:00:00,1.0,0.0
DE0,ocgt,2021-01-26T06:00:00,1.0,0.0
DE0,ocgt,2021-01-26T09:00:00,1.0,0.0
DE0,ocgt,2021-01-26T12:00:00,1.0,0.0
DE0,ocgt,2021-01-26T15:00:00,1.0,0.0
DE0,ocgt,2021-01-26T18:00:00,1.0,0.0
DE0,ocgt,2021-01-26T21:00:00,1.0,0.0
DE0,ocgt,2021-01-27T00:00:00,1.0,0.0
DE0,ocgt,2021-01-27T03:00:00,1.0,0.0
DE0,ocgt,2021-01-27T06:00:00,1.0,0.0
DE0,ocgt,2021-01-27T09:00:00,1.0,0.0
DE0,ocgt,2021-01-27T12:00:00,1.0,0.0
DE0,ocgt,2021-01-27T15:00:00,1.0,0.0
DE0,ocgt,2021-01-27T18:00:00,1.0,0.0
DE0,ocgt,2021-01-27T21:00:00,1.0,0.0
DE0,ocgt,2021-01-28T00:00:00,1.0,0.0
DE0,ocgt,2021-01-28T03:00:00,1.0,0.0
DE0,ocgt,2021-01-28T06:00:00,1.0,0.0
DE0,ocgt,2021-01-28T09:00:00,1.0,0.0
DE0,ocgt,2021-01-28T12:00:00,1.0,0.0
DE0,ocgt,2021-01-28T15:00:00,1.0,0.0
DE0,ocgt,2021-01-28T18:00:00,1.0,0.0
DE0,ocgt,2021-01-28T21:00:00,1.0,0.0
DE0,ocgt,2021-01-29T00:00:00,1.0,0.0
DE0,ocgt,2021-01-29T03:00:00,1.0,0.0
DE0,ocgt,2021-01-29T06:00:00,1.0,0.0
DE0,ocgt,2021-01-29T09:00:00,1.0,0.0
DE0,ocgt,2021-01-29T12:00:00,1.0,0.0
DE0,ocgt,2021-01-29T15:00:00,1.0,0.0
DE0,ocgt,2021-01-29T18:00:00,1.0,0.0
DE0,ocgt,2021-01-29T21:00:00,1.0,0.0
DE0,ocgt,2021-01-30T00:00:00,1.0,0.0
DE0,ocgt,2021-01-30T03:00:00,1.0,0.0
DE0,ocgt,2021-01-30T06:00:00,1.0,0.0
DE0,ocgt,2021-01-30T09:00:00,1.0,0.0
DE0,ocgt,2021-01-30T12:00:00,1.0,0.0
DE0,ocgt,2021-01-30T15:00:00,1.0,0.0
DE0,ocgt,2021-01-30T18:00:00,1.0,0.0
DE0,ocgt,2021-01-30T21:00:00,1.0,0.0
DE0,ocgt,2021-01-31T00:00:00,1.0,0.0
DE0,ocgt,2021-01-31T03:00:00,1.0,0.0
DE0,ocgt,2021-01-31T06:00:00,1.0,0.0
DE0,ocgt,2021-01-31T09:00:00,1.0,0.0
DE0,ocgt,2021-01-31T12:00:00,1.0,0.0
DE0,ocgt,2021-01-31T15:00:00,1.0,0.0
DE0,ocgt,2021-01-31T18:00:00,1.0,0.0
DE0,ocgt,2021-01-31T21:00:00,1.0,0.0
DE0,ocgt,2021-02-01T00:00:00,1.0,0.0
DE0,ocgt,2021-02-01T03:00:00,1.0,0.0
DE0,ocgt,2021-02-01T06:00:00,1.0,0.0
DE0,ocgt,2021-02-01T09:00:00,1.0,0.0
DE0,ocgt,2021-02-01T12:00:00,1.0,0.0
DE0,ocgt,2021-02-01T15:00:00,1.0,0.0
DE0,ocgt,2021-02-01T18:00:00,1.0,0.0
DE0,ocgt,2021-02-01T21:00:00,1.0,0.0
DE0,ocgt,2021-02-02T00:00:00,1.0,0.0
DE0,ocgt,2021-02-02T03:00:00,1.0,0.0
DE0,ocgt,2021-02-02T06:00:00,1.0,0.0
DE0,ocgt,2021-02-02T09:00:00,1.0,0.0
DE0,ocgt,2021-02-02T12:00:00,1.0,0.0
DE0,ocgt,2021-02-02T15:00:00,1.0,0.0
DE0,ocgt,2021-02-02T18:00:00,1.0,0.0
DE0,ocgt,2021-02-02T21:00:00,1.0,0.0
DE0,ocgt,2021-02-03T00:00:00,1.0,0.0
DE0,ocgt,2021-02-03T03:00:00,1.0,0.0
DE0,ocgt,2021-02-03T06:00:00,1.0,0.0
DE0,ocgt,2021-02-03T09:00:00,1.0,0.0
DE0,ocgt,2021-02-03T12:00:00,1.0,0.0
DE0,ocgt,2021-02-03T15:00:00,1.0,0.0
DE0,ocgt,2021-02-03T18:00:00,1.0,0.0
DE0,ocgt,2021-02-03T21:00:00,1.0,0.0
DE0,ocgt,2021-02-04T00:00:00,1.0,0.0
DE0,ocgt,2021-02-04T03:00:00,1.0,0.0
DE0,ocgt,2021-02-04T06:00:00,1.0,0.0
DE0,ocgt,2021-02-04T09:00:00,1.0,0.0
DE0,ocgt,2021-02-04T12:00:00,1.0,0.0
DE0,ocgt,2021-02-04T15:00:00,1.0,0.0
DE0,ocgt,2021-02-04T18:00:00,1.0,0.0
DE0,ocgt,2021-02-04T21:00:00,1.0,0.0
DE0,ocgt,2021-02-05T00:00:00,1.0,0.0
DE0,ocgt,2021-02-05T03:00:00,1.0,0.0
DE0,ocgt,2021-02-05T06:00:00,1.0,0.0
DE0,ocgt,2021-02-05T09:00:00,1.0,0.0
DE0,ocgt,2021-02-05T12:00:00,1.0,0.0
DE0,ocgt,2021-02-05T15:00:00,1.0,0.0
DE0,ocgt,2021-02-05T18:00:00,1.0,0.0
DE0,ocgt,2021-02-05T21:00:00,1.0,0.0
DE0,ocgt,2021-02-06T00:00:00,1.0,0.0
DE0,ocgt,2021-02-06T03:00:00,1.0,0.0
DE0,ocgt,2021-02-06T06:00:00,1.0,0.0
DE0,ocgt,2021-02-06T09:00:00,1.0,0.0
DE0,ocgt,2021-02-06T12:00:00,1.0,0.0
DE0,ocgt,2021-02-06T15:00:00,1.0,0.0
DE0,ocgt,2021-02-06T18:00:00,1.0,0.0
DE0,ocgt,2021-02-06T21:00:00,1.0,0.0
DE0,ocgt,2021-02-07T00:00:00,1.0,0.0
DE0,ocgt,2021-02-07T03:00:00,1.0,0.0
DE0,ocgt,2021-02-07T06:00:00,1.0,0.0
DE0,ocgt,2021-02-07T09:00:00,1.0,0.0
DE0,ocgt,2021-02-07T12:00:00,1.0,0.0
DE0,ocgt,2021-02-07T15:00:00,1.0,0.0
DE0,ocgt,2021-02-07T18:00:00,1.0,0.0
DE0,ocgt,2021-02-07T21:00:00,1.0,0.0
DE0,offwind,2021-01-25T00:00:00,1.0,0.0
DE0,offwind,2021-01-25T03:00:00,1.0,81.20436479999998
DE0,offwind,2021-01-25T06:00:00,1.0,116.82616319999995
DE0,offwind,2021-01-25T09:00:00,1.0,114.37896959999998
DE0,offwind,2021-01-25T12:00:00,1.0,0.0
DE0,offwind,2021-01-25T15:00:00,1.0,128.71404799999996
DE0,offwind,2021-01-25T18:00:00,1.0,167.4057728
DE0,offwind,2021-01-25T21:00:00,1.0,119.48371200000005
DE0,offwind,2021-01-26T00:00:00,1.0,148.35778559999997
DE0,offwind,2021-01-26T03:00:00,1.0,144.59208959999995
DE0,offwind,2021-01-26T06:00:00,1.0,116.47936
DE0,offwind,2021-01-26T09:00:00,1.0,0.0
DE0,offwind,2021-01-26T12:00:00,1.0,0.0
DE0,offwind,2021-01-26T15:00:00,1.0,0.0
DE0,offwind,2021-01-26T18:00:00,1.0,214.54878719999996
DE0,offwind,2021-01-26T21:00:00,1.0,179.54928640000003
DE0,offwind,2021-01-27T00:00:00,1.0,138.04339199999998
DE0,offwind,2021-01-27T03:00:00,1.0,124.51829759999997
DE0,offwind,2021-01-27T06:00:00,1.0,166.51893760000002
DE0,offwind,2021-01-27T09:00:00,1.0,0.0
DE0,offwind,2021-01-27T12:00:00,1.0,132.5602304
DE0,offwind,2021-01-27T15:00:00,1.0,128.39354880000002
DE0,offwind,2021-01-27T18:00:00,1.0,87.48518400000002
DE0,offwind,2021-01-27T21:00:00,1.0,50.088499200000015
DE0,offwind,2021-01-28T00:00:00,1.0,52.279295999999995
DE0,offwind,2021-01-28T03:00:00,1.0,44.462208000000004
DE0,offwind,2021-01-28T06:00:00,1.0,35.276800000000016
DE0,offwind,2021-01-28T09:00:00,1.0,26.429286400000013
DE0,offwind,2021-01-28T12:00:00,1.0,34.8461568
DE0,offwind,2021-01-28T15:00:00,1.0,25.6608
DE0,offwind,2021-01-28T18:00:00,1.0,36.608652800000016
DE0,offwind,2021-01-28T21:00:00,1.0,29.101260800000006
DE0,offwind,2021-01-29T00:00:00,1.0,57.57273599999999
DE0,offwind,2021-01-29T03:00:00,1.0,62.7490048
DE0,offwind,2021-01-29T06:00:00,1.0,37.4051328
DE0,offwind,2021-01-29T09:00:00,1.0,0.0
DE0,offwind,2021-01-29T12:00:00,1.0,0.0
DE0,offwind,2021-01-29T15:00:00,1.0,0.0
DE0,offwind,2021-01-29T18:00:00,1.0,53.86862079999999
DE0,offwind,2021-01-29T21:00:00,1.0,60.9403392
DE0,offwind,2021-01-30T00:00:00,1.0,98.04748799999997
DE0,offwind,2021-01-30T03:00:00,1.0,211.99426559999995
DE0,offwind,2021-01-30T06:00:00,1.0,123.50591999999999
DE0,offwind,2021-01-30T09:00:00,1.0,172.57570560000005
DE0,offwind,2021-01-30T12:00:00,1.0,154.96069120000004
DE0,offwind,2021-01-30T15:00:00,1.0,207.95494399999998
DE0,offwind,2021-01-30T18:00:00,1.0,193.60688639999995
DE0,offwind,2021-01-30T21:00:00,1.0,338.49140479999994
DE0,offwind,2021-01-31T00:00:00,1.0,232.4669184
DE0,offwind,2021-01-31T03:00:00,1.0,246.21909760000005
DE0,offwind,2021-01-31T06:00:00,1.0,229.00855039999996
DE0,offwind,2021-01-31T09:00:00,1.0,216.78028799999996
DE0,offwind,2021-01-31T12:00:00,1.0,198.37405440000003
DE0,offwind,2021-01-31T15:00:00,1.0,148.2355712
DE0,offwind,2021-01-31T18:00:00,1.0,204.4156928
DE0,offwind,2021-01-31T21:00:00,1.0,219.50184960000004
DE0,offwind,2021-02-01T00:00:00,1.0,166.08870399999998
DE0,offwind,2021-02-01T03:00:00,1.0,114.42007040000001
DE0,offwind,2021-02-01T06:00:00,1.0,157.02705919999997
DE0,offwind,2021-02-01T09:00:00,1.0,100.25966080000002
DE0,offwind,2021-02-01T12:00:00,1.0,75.57352959999999
DE0,offwind,2021-02-01T15:00:00,1.0,78.60103680000003
DE0,offwind,2021-02-01T18:00:00,1.0,77.71060480000001
DE0,offwind,2021-02-01T21:00:00,1.0,84.7501312
DE0,offwind,2021-02-02T00:00:00,1.0,51.31878399999999
DE0,offwind,2021-02-02T03:00:00,1.0,34.7531136
DE0,offwind,2021-02-02T06:00:00,1.0,37.22035200000001
DE0,offwind,2021-02-02T09:00:00,1.0,37.950950399999996
DE0,offwind,2021-02-02T12:00:00,1.0,37.8653184
DE0,offwind,2021-02-02T15:00:00,1.0,33.20697599999999
DE0,offwind,2021-02-02T18:00:00,1.0,24.040448000000005
DE0,offwind,2021-02-02T21:00:00,1.0,28.387328000000007
DE0,offwind,2021-02-03T00:00:00,1.0,40.9363968
DE0,offwind,2021-02-03T03:00:00,1.0,42.5990912
DE0,offwind,2021-02-03T06:00:00,1.0,41.60032
DE0,offwind,2021-02-03T09:00:00,1.0,39.93427199999999
DE0,offwind,2021-02-03T12:00:00,1.0,37.98144
DE0,offwind,2021-02-03T15:00:00,1.0,47.21473279999999
DE0,offwind,2021-02-03T18:00:00,1.0,70.6397696
DE0,offwind,2021-02-03T21:00:00,1.0,76.17542399999999
DE0,offwind,2021-02-04T00:00:00,1.0,122.11584000000002
DE0,offwind,2021-02-04T03:00:00,1.0,120.42201600000004
DE0,offwind,2021-02-04T06:00:00,1.0,196.4265984
DE0,offwind,2021-02-04T09:00:00,1.0,105.1271808
DE0,offwind,2021-02-04T12:00:00,1.0,134.2410496
DE0,offwind,2021-02-04T15:00:00,1.0,137.18318079999997
DE0,offwind,2021-02-04T18:00:00,1.0,139.35827199999997
DE0,offwind,2021-02-04T21:00:00,1.0,174.60186879999998
DE0,offwind,2021-02-05T00:00:00,1.0,140.11568640000002
DE0,offwind,2021-02-05T03:00:00,1.0,140.86912
DE0,offwind,2021-02-05T06:00:00,1.0,154.25918719999999
DE0,offwind,2021-02-05T09:00:00,1.0,167.95407359999996
DE0,offwind,2021-02-05T12:00:00,1.0,185.08872959999994
DE0,offwind,2021-02-05T15:00:00,1.0,128.86161920000004
DE0,offwind,2021-02-05T18:00:00,1.0,112.9255424
DE0,offwind,2021-02-05T21:00:00,1.0,144.4365824
DE0,offwind,2021-02-06T00:00:00,1.0,146.608128
DE0,offwind,2021-02-06T03:00:00,1.0,133.02625279999998
DE0,offwind,2021-02-06T06:00:00,1.0,138.19278080000004
DE0,offwind,2021-02-06T09:00:00,1.0,122.64029439999995
DE0,offwind,2021-02-06T12:00:00,1.0,111.00467199999996
DE0,offwind,2021-02-06T15:00:00,1.0,132.89858559999996
DE0,offwind,2021-02-06T18:00:00,1.0,116.37689600000002
DE0,offwind,2021-02-06T21:00:00,1.0,126.49054720000001
DE0,offwind,2021-02-07T00:00:00,1.0,73.85651200000001
DE0,offwind,2021-02-07T03:00:00,1.0,61.40019200000002
DE0,offwind,2021-02-07T06:00:00,1.0,32.00204799999999
DE0,offwind,2021-02-07T09:00:00,1.0,38.6328448
DE0,offwind,2021-02-07T12:00:00,1.0,40.8215808
DE0,offwind,2021-02-07T15:00:00,1.0,25.318655999999997
DE0,offwind,2021-02-07T18:00:00,1.0,20.3106432
DE0,offwind,2021-02-07T21:00:00,1.0,25.021644799999997
DE0,onwind,2021-01-25T00:00:00,1.0,0.0
DE0,onwind,2021-01-25T03:00:00,1.0,356.0793964162608
DE0,onwind,2021-01-25T06:00:00,1.0,512.2583372370711
DE0,onwind,2021-01-25T09:00:00,1.0,501.5008490613209
DE0,onwind,2021-01-25T12:00:00,1.0,0.0
DE0,onwind,2021-01-25T15:00:00,1.0,564.3203918653252
DE0,onwind,2021-01-25T18:00:00,1.0,734.0657901762473
DE0,onwind,2021-01-25T21:00:00,1.0,523.9138312951673
DE0,onwind,2021-01-26T00:00:00,1.0,650.5191406117272
DE0,onwind,2021-01-26T03:00:00,1.0,633.9505431482519
DE0,onwind,2021-01-26T06:00:00,1.0,510.74470405796137
DE0,onwind,2021-01-26T09:00:00,1.0,0.0
DE0,onwind,2021-01-26T12:00:00,1.0,0.0
DE0,onwind,2021-01-26T15:00:00,1.0,0.0
DE0,onwind,2021-01-26T18:00:00,1.0,940.717032464562
DE0,onwind,2021-01-26T21:00:00,1.0,787.2571739400531
DE0,onwind,2021-01-27T00:00:00,1.0,605.2046006901037
DE0,onwind,2021-01-27T03:00:00,1.0,545.9402870042394
DE0,onwind,2021-01-27T06:00:00,1.0,730.0989081484768
DE0,onwind,2021-01-27T09:00:00,1.0,0.0
DE0,onwind,2021-01-27T12:00:00,1.0,581.2736637858945
DE0,onwind,2021-01-27T15:00:00,1.0,562.9581960868338
DE0,onwind,2021-01-27T18:00:00,1.0,383.6447074641274
DE0,onwind,2021-01-27T21:00:00,1.0,219.6022576884295
DE0,onwind,2021-01-28T00:00:00,1.0,229.2852379319506
DE0,onwind,2021-01-28T03:00:00,1.0,194.93382743412474
DE0,onwind,2021-01-28T06:00:00,1.0,154.6831492270162
DE0,onwind,2021-01-28T09:00:00,1.0,115.88264001318953
DE0,onwind,2021-01-28T12:00:00,1.0,152.77817414716498
DE0,onwind,2021-01-28T15:00:00,1.0,112.5131115477433
DE0,onwind,2021-01-28T18:00:00,1.0,160.45727889673384
DE0,onwind,2021-01-28T21:00:00,1.0,127.5694340150738
DE0,onwind,2021-01-29T00:00:00,1.0,252.38404082762645
DE0,onwind,2021-01-29T03:00:00,1.0,275.2154051503394
DE0,onwind,2021-01-29T06:00:00,1.0,164.0524509411688
DE0,onwind,2021-01-29T09:00:00,1.0,0.0
DE0,onwind,2021-01-29T12:00:00,1.0,0.0
DE0,onwind,2021-01-29T15:00:00,1.0,0.0
DE0,onwind,2021-01-29T18:00:00,1.0,236.1470252144244
DE0,onwind,2021-01-29T21:00:00,1.0,267.22447393908163
DE0,onwind,2021-01-30T00:00:00,1.0,429.9019498347681
DE0,onwind,2021-01-30T03:00:00,1.0,929.5903037290487
DE0,onwind,2021-01-30T06:00:00,1.0,541.5476763524728
DE0,onwind,2021-01-30T09:00:00,1.0,756.667621577844
DE0,onwind,2021-01-30T12:00:00,1.0,679.4233731209092
DE0,onwind,2021-01-30T15:00:00,1.0,911.7358774110794
DE0,onwind,2021-01-30T18:00:00,1.0,848.9563392689581
DE0,onwind,2021-01-30T21:00:00,1.0,1484.2217887342774
DE0,onwind,2021-01-31T00:00:00,1.0,1019.3208220696474
DE0,onwind,2021-01-31T03:00:00,1.0,1079.5246896894732
DE0,onwind,2021-01-31T06:00:00,1.0,1004.1685007609141
DE0,onwind,2021-01-31T09:00:00,1.0,950.4292753774242
DE0,onwind,2021-01-31T12:00:00,1.0,869.7746912304985
DE0,onwind,2021-01-31T15:00:00,1.0,649.9246268865119
DE0,onwind,2021-01-31T18:00:00,1.0,896.2871635379884
DE0,onwind,2021-01-31T21:00:00,1.0,962.4343780778767
DE0,onwind,2021-02-01T00:00:00,1.0,728.159793287728
DE0,onwind,2021-02-01T03:00:00,1.0,501.6654361424653
DE0,onwind,2021-02-01T06:00:00,1.0,688.4819596139808
DE0,onwind,2021-02-01T09:00:00,1.0,439.61764994063265
DE0,onwind,2021-02-01T12:00:00,1.0,331.38824746508385
DE0,onwind,2021-02-01T15:00:00,1.0,344.6364579922169
DE0,onwind,2021-02-01T18:00:00,1.0,340.7807000252342
DE0,onwind,2021-02-01T21:00:00,1.0,371.5687323071282
DE0,onwind,2021-02-02T00:00:00,1.0,225.0726482586601
DE0,onwind,2021-02-02T03:00:00,1.0,152.36664470871384
DE0,onwind,2021-02-02T06:00:00,1.0,163.20531518442908
DE0,onwind,2021-02-02T09:00:00,1.0,166.400872759153
DE0,onwind,2021-02-02T12:00:00,1.0,166.01527226821872
DE0,onwind,2021-02-02T15:00:00,1.0,145.6003006473389
DE0,onwind,2021-02-02T18:00:00,1.0,105.37030386265474
DE0,onwind,2021-02-02T21:00:00,1.0,124.43981004975075
DE0,onwind,2021-02-03T00:00:00,1.0,179.45461617990694
DE0,onwind,2021-02-03T03:00:00,1.0,186.8384396057266
DE0,onwind,2021-02-03T06:00:00,1.0,182.45181730612447
DE0,onwind,2021-02-03T09:00:00,1.0,175.13923675038768
DE0,onwind,2021-02-03T12:00:00,1.0,166.54162990281768
DE0,onwind,2021-02-03T15:00:00,1.0,207.08888588105128
DE0,onwind,2021-02-03T18:00:00,1.0,309.6676916011247
DE0,onwind,2021-02-03T21:00:00,1.0,334.03059242385234
DE0,onwind,2021-02-04T00:00:00,1.0,535.4327662296722
DE0,onwind,2021-02-04T03:00:00,1.0,528.0479550344235
DE0,onwind,2021-02-04T06:00:00,1.0,861.2896283622706
DE0,onwind,2021-02-04T09:00:00,1.0,460.9358749689502
DE0,onwind,2021-02-04T12:00:00,1.0,588.5783421861975
DE0,onwind,2021-02-04T15:00:00,1.0,601.4515707437604
DE0,onwind,2021-02-04T18:00:00,1.0,611.0789272212983
DE0,onwind,2021-02-04T21:00:00,1.0,765.5966868045084
DE0,onwind,2021-02-05T00:00:00,1.0,614.3791883555201
DE0,onwind,2021-02-05T03:00:00,1.0,617.6275298591183
DE0,onwind,2021-02-05T06:00:00,1.0,676.4036385045874
DE0,onwind,2021-02-05T09:00:00,1.0,736.3606255026958
DE0,onwind,2021-02-05T12:00:00,1.0,811.5249402196276
DE0,onwind,2021-02-05T15:00:00,1.0,564.9813948202454
DE0,onwind,2021-02-05T18:00:00,1.0,495.1367123644085
DE0,onwind,2021-02-05T21:00:00,1.0,633.3009612773575
DE0,onwind,2021-02-06T00:00:00,1.0,642.753791243869
DE0,onwind,2021-02-06T03:00:00,1.0,583.2427204074665
DE0,onwind,2021-02-06T06:00:00,1.0,605.9034475612809
DE0,onwind,2021-02-06T09:00:00,1.0,537.7520488494938
DE0,onwind,2021-02-06T12:00:00,1.0,486.7530193338548
DE0,onwind,2021-02-06T15:00:00,1.0,582.7111152477751
DE0,onwind,2021-02-06T18:00:00,1.0,510.3421880155529
DE0,onwind,2021-02-06T21:00:00,1.0,554.5706137141527
DE0,onwind,2021-02-07T00:00:00,1.0,323.91805594979644
DE0,onwind,2021-02-07T03:00:00,1.0,269.1943331233151
DE0,onwind,2021-02-07T06:00:00,1.0,140.32388329877233
DE0,onwind,2021-02-07T09:00:00,1.0,169.3907273502407
DE0,onwind,2021-02-07T12:00:00,1.0,178.976597511751
DE0,onwind,2021-02-07T15:00:00,1.0,111.0129367271067
DE0,onwind,2021-02-07T18:00:00,1.0,89.02241113102227
DE0,onwind,2021-02-07T21:00:00,1.0,109.68586849894196
DE0,solar,2021-01-25T00:00:00,1.0,0.0
DE0,solar,2021-01-25T03:00:00,1.0,0.0
DE0,solar,2021-01-25T06:00:00,1.0,0.0
DE0,solar,2021-01-25T09:00:00,1.0,5581.7074213836495
DE0,solar,2021-01-25T12:00:00,1.0,22963.7877482003
DE0,solar,2021-01-25T15:00:00,1.0,17734.051183533447
DE0,solar,2021-01-25T18:00:00,1.0,0.0
DE0,solar,2021-01-25T21:00:00,1.0,0.0
DE0,solar,2021-01-26T00:00:00,1.0,0.0
DE0,solar,2021-01-26T03:00:00,1.0,0.0
DE0,solar,2021-01-26T06:00:00,1.0,0.0
DE0,solar,2021-01-26T09:00:00,1.0,2107.1348243073617
DE0,solar,2021-01-26T12:00:00,1.0,17308.613992308412
DE0,solar,2021-01-26T15:00:00,1.0,22837.961486563752
DE0,solar,2021-01-26T18:00:00,1.0,0.0
DE0,solar,2021-01-26T21:00:00,1.0,0.0
DE0,solar,2021-01-27T00:00:00,1.0,0.0
DE0,solar,2021-01-27T03:00:00,1.0,0.0
DE0,solar,2021-01-27T06:00:00,1.0,0.0
DE0,solar,2021-01-27T09:00:00,1.0,12956.08
DE0,solar,2021-01-27T12:00:00,1.0,16300.936923448748
DE0,solar,2021-01-27T15:00:00,1.0,18293.333081761008
DE0,solar,2021-01-27T18:00:00,1.0,0.0
DE0,solar,2021-01-27T21:00:00,1.0,0.0
DE0,solar,2021-01-28T00:00:00,1.0,0.0
DE0,solar,2021-01-28T03:00:00,1.0,0.0
DE0,solar,2021-01-28T06:00:00,1.0,0.0
DE0,solar,2021-01-28T09:00:00,1.0,10296.713093196113
DE0,solar,2021-01-28T12:00:00,1.0,8328.563530939435
DE0,solar,2021-01-28T15:00:00,1.0,13441.284825614635
DE0,solar,2021-01-28T18:00:00,1.0,0.0
DE0,solar,2021-01-28T21:00:00,1.0,0.0
DE0,solar,2021-01-29T00:00:00,1.0,0.0
DE0,solar,2021-01-29T03:00:00,1.0,0.0
DE0,solar,2021-01-29T06:00:00,1.0,0.0
DE0,solar,2021-01-29T09:00:00,1.0,8172.114650223082
DE0,solar,2021-01-29T12:00:00,1.0,13121.587014571425
DE0,solar,2021-01-29T15:00:00,1.0,22563.87631789594
DE0,solar,2021-01-29T18:00:00,1.0,0.0
DE0,solar,2021-01-29T21:00:00,1.0,0.0
DE0,solar,2021-01-30T00:00:00,1.0,0.0
DE0,solar,2021-01-30T03:00:00,1.0,0.0
DE0,solar,2021-01-30T06:00:00,1.0,0.0
DE0,solar,2021-01-30T09:00:00,1.0,8981.845054316751
DE0,solar,2021-01-30T12:00:00,1.0,13933.3201209427
DE0,solar,2021-01-30T15:00:00,1.0,16308.067535734706
DE0,solar,2021-01-30T18:00:00,1.0,0.0
DE0,solar,2021-01-30T21:00:00,1.0,0.0
DE0,solar,2021-01-31T00:00:00,1.0,0.0
DE0,solar,2021-01-31T03:00:00,1.0,0.0
DE0,solar,2021-01-31T06:00:00,1.0,0.0
DE0,solar,2021-01-31T09:00:00,1.0,12511.61756432247
DE0,solar,2021-01-31T12:00:00,1.0,7830.944955191479
DE0,solar,2021-01-31T15:00:00,1.0,18311.852349914236
DE0,solar,2021-01-31T18:00:00,1.0,0.0
DE0,solar,2021-01-31T21:00:00,1.0,0.0
DE0,solar,2021-02-01T00:00:00,1.0,0.0
DE0,solar,2021-02-01T03:00:00,1.0,0.0
DE0,solar,2021-02-01T06:00:00,1.0,0.0
DE0,solar,2021-02-01T09:00:00,1.0,13626.477507146941
DE0,solar,2021-02-01T12:00:00,1.0,17463.79296361765
DE0,solar,2021-02-01T15:00:00,1.0,15819.158856489423
DE0,solar,2021-02-01T18:00:00,1.0,0.0
DE0,solar,2021-02-01T21:00:00,1.0,0.0
DE0,solar,2021-02-02T00:00:00,1.0,0.0
DE0,solar,2021-02-02T03:00:00,1.0,0.0
DE0,solar,2021-02-02T06:00:00,1.0,0.0
DE0,solar,2021-02-02T09:00:00,1.0,13115.345706117785
DE0,solar,2021-02-02T12:00:00,1.0,11895.703005511605
DE0,solar,2021-02-02T15:00:00,1.0,14263.540331618067
DE0,solar,2021-02-02T18:00:00,1.0,0.0
DE0,solar,2021-02-02T21:00:00,1.0,0.0
DE0,solar,2021-02-03T00:00:00,1.0,0.0
DE0,solar,2021-02-03T03:00:00,1.0,0.0
DE0,solar,2021-02-03T06:00:00,1.0,0.0
DE0,solar,2021-02-03T09:00:00,1.0,9592.980903373356
DE0,solar,2021-02-03T12:00:00,1.0,20287.12361970341
DE0,solar,2021-02-03T15:00:00,1.0,9592.980903373356
DE0,solar,2021-02-03T18:00:00,1.0,0.0
DE0,solar,2021-02-03T21:00:00,1.0,0.0
DE0,solar,2021-02-04T00:00:00,1.0,0.0
DE0,solar,2021-02-04T03:00:00,1.0,0.0
DE0,solar,2021-02-04T06:00:00,1.0,0.0
DE0,solar,2021-02-04T09:00:00,1.0,10070.778021726703
DE0,solar,2021-02-04T12:00:00,1.0,12199.512241231409
DE0,solar,2021-02-04T15:00:00,1.0,12874.595220125788
DE0,solar,2021-02-04T18:00:00,1.0,0.0
DE0,solar,2021-02-04T21:00:00,1.0,0.0
DE0,solar,2021-02-05T00:00:00,1.0,0.0
DE0,solar,2021-02-05T03:00:00,1.0,0.0
DE0,solar,2021-02-05T06:00:00,1.0,0.0
DE0,solar,2021-02-05T09:00:00,1.0,9174.44544311035
DE0,solar,2021-02-05T12:00:00,1.0,12299.035956381
DE0,solar,2021-02-05T15:00:00,1.0,19708.20516866781
DE0,solar,2021-02-05T18:00:00,1.0,0.0
DE0,solar,2021-02-05T21:00:00,1.0,0.0
DE0,solar,2021-02-06T00:00:00,1.0,0.0
DE0,solar,2021-02-06T03:00:00,1.0,0.0
DE0,solar,2021-02-06T06:00:00,1.0,0.0
DE0,solar,2021-02-06T09:00:00,1.0,15159.872910234422
DE0,solar,2021-02-06T12:00:00,1.0,14776.652654578707
DE0,solar,2021-02-06T15:00:00,1.0,18237.775277301313
DE0,solar,2021-02-06T18:00:00,1.0,0.0
DE0,solar,2021-02-06T21:00:00,1.0,0.0
DE0,solar,2021-02-07T00:00:00,1.0,0.0
DE0,solar,2021-02-07T03:00:00,1.0,0.0
DE0,solar,2021-02-07T06:00:00,1.0,0.0
DE0,solar,2021-02-07T09:00:00,1.0,6885.463899371068
DE0,solar,2021-02-07T12:00:00,1.0,14116.65328042879
DE0,solar,2021-02-07T15:00:00,1.0,20730.46877072613
DE0,solar,2021-02-07T18:00:00,1.0,0.0
DE0,solar,2021-02-07T21:00:00,1.0,0.0
DE1,ccgt,2021-01-25T00:00:00,1.0,564.0
DE1,ccgt,2021-01-25T03:00:00,1.0,1880.0
DE1,ccgt,2021-01-25T06:00:00,1.0,1880.0
DE1,ccgt,2021-01-25T09:00:00,1.0,564.0
DE1,ccgt,2021-01-25T12:00:00,1.0,564.0
DE1,ccgt,2021-01-25T15:00:00,1.0,564.0
DE1,ccgt,2021-01-25T18:00:00,1.0,564.0
DE1,ccgt,2021-01-25T21:00:00,1.0,564.0
DE1,ccgt,2021-01-26T00:00:00,1.0,564.0
DE1,ccgt,2021-01-26T03:00:00,1.0,564.0
DE1,ccgt,2021-01-26T06:00:00,1.0,1880.0
DE1,ccgt,2021-01-26T09:00:00,1.0,564.0
DE1,ccgt,2021-01-26T12:00:00,1.0,564.0
DE1,ccgt,2021-01-26T15:00:00,1.0,564.0
DE1,ccgt,2021-01-26T18:00:00,1.0,564.0
DE1,ccgt,2021-01-26T21:00:00,1.0,564.0
DE1,ccgt,2021-01-27T00:00:00,1.0,564.0
DE1,ccgt,2021-01-27T03:00:00,1.0,564.0
DE1,ccgt,2021-01-27T06:00:00,1.0,1880.0
DE1,ccgt,2021-01-27T09:00:00,1.0,564.0
DE1,ccgt,2021-01-27T12:00:00,1.0,564.0
DE1,ccgt,2021-01-27T15:00:00,1.0,564.0
DE1,ccgt,2021-01-27T18:00:00,1.0,564.0
DE1,ccgt,2021-01-27T21:00:00,1.0,564.0
DE1,ccgt,2021-01-28T00:00:00,1.0,1880.0
DE1,ccgt,2021-01-28T03:00:00,1.0,1880.0
DE1,ccgt,2021-01-28T06:00:00,1.0,1880.0
DE1,ccgt,2021-01-28T09:00:00,1.0,564.0
DE1,ccgt,2021-01-28T12:00:00,1.0,564.0
DE1,ccgt,2021-01-28T15:00:00,1.0,564.0
DE1,ccgt,2021-01-28T18:00:00,1.0,1880.0
DE1,ccgt,2021-01-28T21:00:00,1.0,1880.0
DE1,ccgt,2021-01-29T00:00:00,1.0,1880.0
DE1,ccgt,2021-01-29T03:00:00,1.0,1880.0
DE1,ccgt,2021-01-29T06:00:00,1.0,1880.0
DE1,ccgt,2021-01-29T09:00:00,1.0,564.0
DE1,ccgt,2021-01-29T12:00:00,1.0,564.0
DE1,ccgt,2021-01-29T15:00:00,1.0,564.0
DE1,ccgt,2021-01-29T18:00:00,1.0,564.0
DE1,ccgt,2021-01-29T21:00:00,1.0,564.0
DE1,ccgt,2021-01-30T00:00:00,1.0,564.0
DE1,ccgt,2021-01-30T03:00:00,1.0,1880.0
DE1,ccgt,2021-01-30T06:00:00,1.0,1880.0
DE1,ccgt,2021-01-30T09:00:00,1.0,564.0
DE1,ccgt,2021-01-30T12:00:00,1.0,564.0
DE1,ccgt,2021-01-30T15:00:00,1.0,564.0
DE1,ccgt,2021-01-30T18:00:00,1.0,564.0
DE1,ccgt,2021-01-30T21:00:00,1.0,564.0
DE1,ccgt,2021-01-31T00:00:00,1.0,564.0
DE1,ccgt,2021-01-31T03:00:00,1.0,1880.0
DE1,ccgt,2021-01-31T06:00:00,1.0,1880.0
DE1,ccgt,2021-01-31T09:00:00,1.0,564.0
DE1,ccgt,2021-01-31T12:00:00,1.0,564.0
DE1,ccgt,2021-01-31T15:00:00,1.0,564.0
DE1,ccgt,2021-01-31T18:00:00,1.0,564.0
DE1,ccgt,2021-01-31T21:00:00,1.0,564.0
DE1,ccgt,2021-02-01T00:00:00,1.0,564.0
DE1,ccgt,2021-02-01T03:00:00,1.0,1880.0
DE1,ccgt,2021-02-01T06:00:00,1.0,1880.0
DE1,ccgt,2021-02-01T09:00:00,1.0,564.0
DE1,ccgt,2021-02-01T12:00:00,1.0,564.0
DE1,ccgt,2021-02-01T15:00:00,1.0,564.0
DE1,ccgt,2021-02-01T18:00:00,1.0,564.0
DE1,ccgt,2021-02-01T21:00:00,1.0,564.0
DE1,ccgt,2021-02-02T00:00:00,1.0,564.0
DE1,ccgt,2021-02-02T03:00:00,1.0,1880.0
DE1,ccgt,2021-02-02T06:00:00,1.0,1880.0
DE1,ccgt,2021-02-02T09:00:00,1.0,564.0
DE1,ccgt,2021-02-02T12:00:00,1.0,564.0
DE1,ccgt,2021-02-02T15:00:00,1.0,564.0
DE1,ccgt,2021-02-02T18:00:00,1.0,564.0
DE1,ccgt,2021-02-02T21:00:00,1.0,1880.0
DE1,ccgt,2021-02-03T00:00:00,1.0,1880.0
DE1,ccgt,2021-02-03T03:00:00,1.0,1880.0
DE1,ccgt,2021-02-03T06:00:00,1.0,1880.0
DE1,ccgt,2021-02-03T09:00:00,1.0,564.0
DE1,ccgt,2021-02-03T12:00:00,1.0,564.0
DE1,ccgt,2021-02-03T15:00:00,1.0,564.0
DE1,ccgt,2021-02-03T18:00:00,1.0,564.0
DE1,ccgt,2021-02-03T21:00:00,1.0,564.0
DE1,ccgt,2021-02-04T00:00:00,1.0,1880.0
DE1,ccgt,2021-02-04T03:00:00,1.0,1880.0
DE1,ccgt,2021-02-04T06:00:00,1.0,1880.0
DE1,ccgt,2021-02-04T09:00:00,1.0,564.0
DE1,ccgt,2021-02-04T12:00:00,1.0,564.0
DE1,ccgt,2021-02-04T15:00:00,1.0,564.0
DE1,ccgt,2021-02-04T18:00:00,1.0,564.0
DE1,ccgt,2021-02-04T21:00:00,1.0,1880.0
DE1,ccgt,2021-02-05T00:00:00,1.0,1880.0
DE1,ccgt,2021-02-05T03:00:00,1.0,1880.0
DE1,ccgt,2021-02-05T06:00:00,1.0,1880.0
DE1,ccgt,2021-02-05T09:00:00,1.0,564.0
DE1,ccgt,2021-02-05T12:00:00,1.0,564.0
DE1,ccgt,2021-02-05T15:00:00,1.0,564.0
DE1,ccgt,2021-02-05T18:00:00,1.0,564.0
DE1,ccgt,2021-02-05T21:00:00,1.0,564.0
DE1,ccgt,2021-02-06T00:00:00,1.0,1880.0
DE1,ccgt,2021-02-06T03:00:00,1.0,1880.0
DE1,ccgt,2021-02-06T06:00:00,1.0,1880.0
DE1,ccgt,2021-02-06T09:00:00,1.0,564.0
DE1,ccgt,2021-02-06T12:00:00,1.0,564.0
DE1,ccgt,2021-02-06T15:00:00,1.0,564.0
DE1,ccgt,2021-02-06T18:00:00,1.0,564.0
DE1,ccgt,2021-02-06T21:00:00,1.0,564.0
DE1,ccgt,2021-02-07T00:00:00,1.0,1880.0
DE1,ccgt,2021-02-07T03:00:00,1.0,1880.0
DE1,ccgt,2021-02-07T06:00:00,1.0,1880.0
DE1,ccgt,2021-02-07T09:00:00,1.0,564.0
DE1,ccgt,2021-02-07T12:00:00,1.0,564.0
DE1,ccgt,2021-02-07T15:00:00,1.0,564.0
DE1,ccgt,2021-02-07T18:00:00,1.0,564.0
DE1,ccgt,2021-02-07T21:00:00,1.0,564.0
DE1,ocgt,2021-01-25T00:00:00,1.0,0.0
DE1,ocgt,2021-01-25T03:00:00,1.0,830.0
DE1,ocgt,2021-01-25T06:00:00,1.0,830.0
DE1,ocgt,2021-01-25T09:00:00,1.0,0.0
DE1,ocgt,2021-01-25T12:00:00,1.0,0.0
DE1,ocgt,2021-01-25T15:00:00,1.0,0.0
DE1,ocgt,2021-01-25T18:00:00,1.0,0.0
DE1,ocgt,2021-01-25T21:00:00,1.0,0.0
DE1,ocgt,2021-01-26T00:00:00,1.0,0.0
DE1,ocgt,2021-01-26T03:00:00,1.0,0.0
DE1,ocgt,2021-01-26T06:00:00,1.0,0.0
DE1,ocgt,2021-01-26T09:00:00,1.0,0.0
DE1,ocgt,2021-01-26T12:00:00,1.0,0.0
DE1,ocgt,2021-01-26T15:00:00,1.0,0.0
DE1,ocgt,2021-01-26T18:00:00,1.0,0.0
DE1,ocgt,2021-01-26T21:00:00,1.0,0.0
DE1,ocgt,2021-01-27T00:00:00,1.0,0.0
DE1,ocgt,2021-01-27T03:00:00,1.0,0.0
DE1,ocgt,2021-01-27T06:00:00,1.0,0.0
DE1,ocgt,2021-01-27T09:00:00,1.0,0.0
DE1,ocgt,2021-01-27T12:00:00,1.0,0.0
DE1,ocgt,2021-01-27T15:00:00,1.0,0.0
DE1,ocgt,2021-01-27T18:00:00,1.0,0.0
DE1,ocgt,2021-01-27T21:00:00,1.0,0.0
DE1,ocgt,2021-01-28T00:00:00,1.0,0.0
DE1,ocgt,2021-01-28T03:00:00,1.0,0.0
DE1,ocgt,2021-01-28T06:00:00,1.0,0.0
DE1,ocgt,2021-01-28T09:00:00,1.0,0.0
DE1,ocgt,2021-01-28T12:00:00,1.0,0.0
DE1,ocgt,2021-01-28T15:00:00,1.0,0.0
DE1,ocgt,2021-01-28T18:00:00,1.0,0.0
DE1,ocgt,2021-01-28T21:00:00,1.0,0.0
DE1,ocgt,2021-01-29T00:00:00,1.0,0.0
DE1,ocgt,2021-01-29T03:00:00,1.0,0.0
DE1,ocgt,2021-01-29T06:00:00,1.0,0.0
DE1,ocgt,2021-01-29T09:00:00,1.0,0.0
DE1,ocgt,2021-01-29T12:00:00,1.0,0.0
DE1,ocgt,2021-01-29T15:00:00,1.0,0.0
DE1,ocgt,2021-01-29T18:00:00,1.0,0.0
DE1,ocgt,2021-01-29T21:00:00,1.0,0.0
DE1,ocgt,2021-01-30T00:00:00,1.0,0.0
DE1,ocgt,2021-01-30T03:00:00,1.0,0.0
DE1,ocgt,2021-01-30T06:00:00,1.0,0.0
DE1,ocgt,2021-01-30T09:00:00,1.0,0.0
DE1,ocgt,2021-01-30T12:00:00,1.0,0.0
DE1,ocgt,2021-01-30T15:00:00,1.0,0.0
DE1,ocgt,2021-01-30T18:00:00,1.0,0.0
DE1,ocgt,2021-01-30T21:00:00,1.0,0.0
DE1,ocgt,2021-01-31T00:00:00,1.0,0.0
DE1,ocgt,2021-01-31T03:00:00,1.0,0.0
DE1,ocgt,2021-01-31T06:00:00,1.0,0.0
DE1,ocgt,2021-01-31T09:00:00,1.0,0.0
DE1,ocgt,2021-01-31T12:00:00,1.0,0.0
DE1,ocgt,2021-01-31T15:00:00,1.0,0.0
DE1,ocgt,2021-01-31T18:00:00,1.0,0.0
DE1,ocgt,2021-01-31T21:00:00,1.0,0.0
DE1,ocgt,2021-02-01T00:00:00,1.0,0.0
DE1,ocgt,2021-02-01T03:00:00,1.0,0.0
DE1,ocgt,2021-02-01T06:00:00,1.0,0.0
DE1,ocgt,2021-02-01T09:00:00,1.0,0.0
DE1,ocgt,2021-02-01T12:00:00,1.0,0.0
DE1,ocgt,2021-02-01T15:00:00,1.0,0.0
DE1,ocgt,2021-02-01T18:00:00,1.0,0.0
DE1,ocgt,2021-02-01T21:00:00,1.0,0.0
DE1,ocgt,2021-02-02T00:00:00,1.0,0.0
DE1,ocgt,2021-02-02T03:00:00,1.0,0.0
DE1,ocgt,2021-02-02T06:00:00,1.0,0.0
DE1,ocgt,2021-02-02T09:00:00,1.0,0.0
DE1,ocgt,2021-02-02T12:00:00,1.0,0.0
DE1,ocgt,2021-02-02T15:00:00,1.0,0.0
DE1,ocgt,2021-02-02T18:00:00,1.0,0.0
DE1,ocgt,2021-02-02T21:00:00,1.0,0.0
DE1,ocgt,2021-02-03T00:00:00,1.0,0.0
DE1,ocgt,2021-02-03T03:00:00,1.0,0.0
DE1,ocgt,2021-02-03T06:00:00,1.0,0.0
DE1,ocgt,2021-02-03T09:00:00,1.0,0.0
DE1,ocgt,2021-02-03T12:00:00,1.0,0.0
DE1,ocgt,2021-02-03T15:00:00,1.0,0.0
DE1,ocgt,2021-02-03T18:00:00,1.0,0.0
DE1,ocgt,2021-02-03T21:00:00,1.0,0.0
DE1,ocgt,2021-02-04T00:00:00,1.0,0.0
DE1,ocgt,2021-02-04T03:00:00,1.0,0.0
DE1,ocgt,2021-02-04T06:00:00,1.0,0.0
DE1,ocgt,2021-02-04T09:00:00,1.0,0.0
DE1,ocgt,2021-02-04T12:00:00,1.0,0.0
DE1,ocgt,2021-02-04T15:00:00,1.0,0.0
DE1,ocgt,2021-02-04T18:00:00,1.0,0.0
DE1,ocgt,2021-02-04T21:00:00,1.0,0.0
DE1,ocgt,2021-02-05T00:00:00,1.0,0.0
DE1,ocgt,2021-02-05T03:00:00,1.0,0.0
DE1,ocgt,2021-02-05T06:00:00,1.0,0.0
DE1,ocgt,2021-02-05T09:00:00,1.0,0.0
DE1,ocgt,2021-02-05T12:00:00,1.0,0.0
DE1,ocgt,2021-02-05T15:00:00,1.0,0.0
DE1,ocgt,2021-02-05T18:00:00,1.0,0.0
DE1,ocgt,2021-02-05T21:00:00,1.0,0.0
DE1,ocgt,2021-02-06T00:00:00,1.0,0.0
DE1,ocgt,2021-02-06T03:00:00,1.0,0.0
DE1,ocgt,2021-02-06T06:00:00,1.0,0.0
DE1,ocgt,2021-02-06T09:00:00,1.0,0.0
DE1,ocgt,2021-02-06T12:00:00,1.0,0.0
DE1,ocgt,2021-02-06T15:00:00,1.0,0.0
DE1,ocgt,2021-02-06T18:00:00,1.0,0.0
DE1,ocgt,2021-02-06T21:00:00,1.0,0.0
DE1,ocgt,2021-02-07T00:00:00,1.0,0.0
DE1,ocgt,2021-02-07T03:00:00,1.0,0.0
DE1,ocgt,2021-02-07T06:00:00,1.0,0.0
DE1,ocgt,2021-02-07T09:00:00,1.0,0.0
DE1,ocgt,2021-02-07T12:00:00,1.0,0.0
DE1,ocgt,2021-02-07T15:00:00,1.0,0.0
DE1,ocgt,2021-02-07T18:00:00,1.0,0.0
DE1,ocgt,2021-02-07T21:00:00,1.0,0.0
DE1,offwind,2021-01-25T00:00:00,1.0,0.0
DE1,offwind,2021-01-25T03:00:00,1.0,111.65600159999998
DE1,offwind,2021-01-25T06:00:00,1.0,160.63597439999995
DE1,offwind,2021-01-25T09:00:00,1.0,157.27108319999996
DE1,offwind,2021-01-25T12:00:00,1.0,0.0
DE1,offwind,2021-01-25T15:00:00,1.0,176.98181599999995
DE1,offwind,2021-01-25T18:00:00,1.0,230.1829376
DE1,offwind,2021-01-25T21:00:00,1.0,164.29010400000007
DE1,offwind,2021-01-26T00:00:00,1.0,203.99195519999998
DE1,offwind,2021-01-26T03:00:00,1.0,198.81412319999993
DE1,offwind,2021-01-26T06:00:00,1.0,160.15912
DE1,offwind,2021-01-26T09:00:00,1.0,0.0
DE1,offwind,2021-01-26T12:00:00,1.0,0.0
DE1,offwind,2021-01-26T15:00:00,1.0,0.0
DE1,offwind,2021-01-26T18:00:00,1.0,295.00458239999995
DE1,offwind,2021-01-26T21:00:00,1.0,246.88026880000004
DE1,offwind,2021-01-27T00:00:00,1.0,189.809664
DE1,offwind,2021-01-27T03:00:00,1.0,171.21265919999996
DE1,offwind,2021-01-27T06:00:00,1.0,228.9635392
DE1,offwind,2021-01-27T09:00:00,1.0,0.0
DE1,offwind,2021-01-27T12:00:00,1.0,182.27031680000002
DE1,offwind,2021-01-27T15:00:00,1.0,176.54112960000003
DE1,offwind,2021-01-27T18:00:00,1.0,120.29212800000002
DE1,offwind,2021-01-27T21:00:00,1.0,68.87168640000002
DE1,offwind,2021-01-28T00:00:00,1.0,71.88403199999999
DE1,offwind,2021-01-28T03:00:00,1.0,61.13553600000001
DE1,offwind,2021-01-28T06:00:00,1.0,48.50560000000002
DE1,offwind,2021-01-28T09:00:00,1.0,36.34026880000002
DE1,offwind,2021-01-28T12:00:00,1.0,47.91346560000001
DE1,offwind,2021-01-28T15:00:00,1.0,35.2836
DE1,offwind,2021-01-28T18:00:00,1.0,50.336897600000015
DE1,offwind,2021-01-28T21:00:00,1.0,40.014233600000004
DE1,offwind,2021-01-29T00:00:00,1.0,79.16251199999999
DE1,offwind,2021-01-29T03:00:00,1.0,86.27988160000001
DE1,offwind,2021-01-29T06:00:00,1.0,51.43205759999999
DE1,offwind,2021-01-29T09:00:00,1.0,0.0
DE1,offwind,2021-01-29T12:00:00,1.0,0.0
DE1,offwind,2021-01-29T15:00:00,1.0,0.0
DE1,offwind,2021-01-29T18:00:00,1.0,74.06935359999999
DE1,offwind,2021-01-29T21:00:00,1.0,83.7929664
DE1,offwind,2021-01-30T00:00:00,1.0,134.81529599999996
DE1,offwind,2021-01-30T03:00:00,1.0,291.49211519999994
DE1,offwind,2021-01-30T06:00:00,1.0,169.82064
DE1,offwind,2021-01-30T09:00:00,1.0,237.29159520000007
DE1,offwind,2021-01-30T12:00:00,1.0,213.07095040000004
DE1,offwind,2021-01-30T15:00:00,1.0,285.938048
DE1,offwind,2021-01-30T18:00:00,1.0,266.20946879999997
DE1,offwind,2021-01-30T21:00:00,1.0,465.42568159999996
DE1,offwind,2021-01-31T00:00:00,1.0,319.64201280000003
DE1,offwind,2021-01-31T03:00:00,1.0,338.55125920000006
DE1,offwind,2021-01-31T06:00:00,1.0,314.88675679999994
DE1,offwind,2021-01-31T09:00:00,1.0,298.07289599999996
DE1,offwind,2021-01-31T12:00:00,1.0,272.76432480000005
DE1,offwind,2021-01-31T15:00:00,1.0,203.82391040000002
DE1,offwind,2021-01-31T18:00:00,1.0,281.0715776
DE1,offwind,2021-01-31T21:00:00,1.0,301.81504320000005
DE1,offwind,2021-02-01T00:00:00,1.0,228.37196799999995
DE1,offwind,2021-02-01T03:00:00,1.0,157.32759680000004
DE1,offwind,2021-02-01T06:00:00,1.0,215.91220639999995
DE1,offwind,2021-02-01T09:00:00,1.0,137.85703360000002
DE1,offwind,2021-02-01T12:00:00,1.0,103.91360319999998
DE1,offwind,2021-02-01T15:00:00,1.0,108.07642560000005
DE1,offwind,2021-02-01T18:00:00,1.0,106.85208160000002
DE1,offwind,2021-02-01T21:00:00,1.0,116.5314304
DE1,offwind,2021-02-02T00:00:00,1.0,70.56332799999998
DE1,offwind,2021-02-02T03:00:00,1.0,47.7855312
DE1,offwind,2021-02-02T06:00:00,1.0,51.177984000000016
DE1,offwind,2021-02-02T09:00:00,1.0,52.18255679999999
DE1,offwind,2021-02-02T12:00:00,1.0,52.0648128
DE1,offwind,2021-02-02T15:00:00,1.0,45.65959199999999
DE1,offwind,2021-02-02T18:00:00,1.0,33.05561600000001
DE1,offwind,2021-02-02T21:00:00,1.0,39.03257600000001
DE1,offwind,2021-02-03T00:00:00,1.0,56.2875456
DE1,offwind,2021-02-03T03:00:00,1.0,58.573750399999994
DE1,offwind,2021-02-03T06:00:00,1.0,57.20044
DE1,offwind,2021-02-03T09:00:00,1.0,54.909623999999994
DE1,offwind,2021-02-03T12:00:00,1.0,52.22448
DE1,offwind,2021-02-03T15:00:00,1.0,64.9202576
DE1,offwind,2021-02-03T18:00:00,1.0,97.12968319999999
DE1,offwind,2021-02-03T21:00:00,1.0,104.741208
DE1,offwind,2021-02-04T00:00:00,1.0,167.90928000000002
DE1,offwind,2021-02-04T03:00:00,1.0,165.58027200000006
DE1,offwind,2021-02-04T06:00:00,1.0,270.0865728
DE1,offwind,2021-02-04T09:00:00,1.0,144.5498736
DE1,offwind,2021-02-04T12:00:00,1.0,184.58144320000002
DE1,offwind,2021-02-04T15:00:00,1.0,188.62687359999998
DE1,offwind,2021-02-04T18:00:00,1.0,191.61762399999995
DE1,offwind,2021-02-04T21:00:00,1.0,240.07756959999998
DE1,offwind,2021-02-05T00:00:00,1.0,192.65906880000003
DE1,offwind,2021-02-05T03:00:00,1.0,193.69504000000003
DE1,offwind,2021-02-05T06:00:00,1.0,212.10638239999997
DE1,offwind,2021-02-05T09:00:00,1.0,230.93685119999992
DE1,offwind,2021-02-05T12:00:00,1.0,254.4970031999999
DE1,offwind,2021-02-05T15:00:00,1.0,177.18472640000007
DE1,offwind,2021-02-05T18:00:00,1.0,155.2726208
DE1,offwind,2021-02-05T21:00:00,1.0,198.60030079999999
DE1,offwind,2021-02-06T00:00:00,1.0,201.586176
DE1,offwind,2021-02-06T03:00:00,1.0,182.91109759999998
DE1,offwind,2021-02-06T06:00:00,1.0,190.01507360000005
DE1,offwind,2021-02-06T09:00:00,1.0,168.63040479999992
DE1,offwind,2021-02-06T12:00:00,1.0,152.63142399999992
DE1,offwind,2021-02-06T15:00:00,1.0,182.73555519999996
DE1,offwind,2021-02-06T18:00:00,1.0,160.018232
DE1,offwind,2021-02-06T21:00:00,1.0,173.9245024
DE1,offwind,2021-02-07T00:00:00,1.0,101.55270400000002
DE1,offwind,2021-02-07T03:00:00,1.0,84.42526400000003
DE1,offwind,2021-02-07T06:00:00,1.0,44.00281599999999
DE1,offwind,2021-02-07T09:00:00,1.0,53.120161599999996
DE1,offwind,2021-02-07T12:00:00,1.0,56.129673600000004
DE1,offwind,2021-02-07T15:00:00,1.0,34.813151999999995
DE1,offwind,2021-02-07T18:00:00,1.0,27.9271344
DE1,offwind,2021-02-07T21:00:00,1.0,34.4047616
DE1,onwind,2021-01-25T00:00:00,1.0,0.0
DE1,onwind,2021-01-25T03:00:00,1.0,1743.1263227435725
DE1,onwind,2021-01-25T06:00:00,1.0,2507.6738521510706
DE1,onwind,2021-01-25T09:00:00,1.0,2455.012392391033
DE1,onwind,2021-01-25T12:00:00,1.0,0.0
DE1,onwind,2021-01-25T15:00:00,1.0,2666.3169377971276
DE1,onwind,2021-01-25T18:00:00,1.0,3593.4946373194425
DE1,onwind,2021-01-25T21:00:00,1.0,2564.731347478595
DE1,onwind,2021-01-26T00:00:00,1.0,3184.506177165173
DE1,onwind,2021-01-26T03:00:00,1.0,3103.397416983599
DE1,onwind,2021-01-26T06:00:00,1.0,2500.264117513126
DE1,onwind,2021-01-26T09:00:00,1.0,0.0
DE1,onwind,2021-01-26T12:00:00,1.0,0.0
DE1,onwind,2021-01-26T15:00:00,1.0,0.0
DE1,onwind,2021-01-26T18:00:00,1.0,4605.1207625202405
DE1,onwind,2021-01-26T21:00:00,1.0,3853.8840395567313
DE1,onwind,2021-01-27T00:00:00,1.0,2962.676528678414
DE1,onwind,2021-01-27T03:00:00,1.0,2672.558127487919
DE1,onwind,2021-01-27T06:00:00,1.0,3574.0754388164714
DE1,onwind,2021-01-27T09:00:00,1.0,0.0
DE1,onwind,2021-01-27T12:00:00,1.0,2845.526683825056
DE1,onwind,2021-01-27T15:00:00,1.0,2755.866416533796
DE1,onwind,2021-01-27T18:00:00,1.0,1878.0676301198066
DE1,onwind,2021-01-27T21:00:00,1.0,1075.0256256420057
DE1,onwind,2021-01-28T00:00:00,1.0,1122.427013969895
DE1,onwind,2021-01-28T03:00:00,1.0,954.2655071127806
DE1,onwind,2021-01-28T06:00:00,1.0,757.2251352259677
DE1,onwind,2021-01-28T09:00:00,1.0,567.2838198137991
DE1,onwind,2021-01-28T12:00:00,1.0,747.8996526530381
DE1,onwind,2021-01-28T15:00:00,1.0,550.7888644120912
DE1,onwind,2021-01-28T18:00:00,1.0,785.4914081963176
DE1,onwind,2021-01-28T21:00:00,1.0,624.4945387101865
DE1,onwind,2021-01-29T00:00:00,1.0,1235.5032878474449
DE1,onwind,2021-01-29T03:00:00,1.0,1347.2703615271168
DE1,onwind,2021-01-29T06:00:00,1.0,803.0909634879706
DE1,onwind,2021-01-29T09:00:00,1.0,0.0
DE1,onwind,2021-01-29T12:00:00,1.0,0.0
DE1,onwind,2021-01-29T15:00:00,1.0,0.0
DE1,onwind,2021-01-29T18:00:00,1.0,1156.0177304042845
DE1,onwind,2021-01-29T21:00:00,1.0,1308.1521124013157
DE1,onwind,2021-01-30T00:00:00,1.0,2104.512118639252
DE1,onwind,2021-01-30T03:00:00,1.0,4550.6517481933715
DE1,onwind,2021-01-30T06:00:00,1.0,2651.054846675492
DE1,onwind,2021-01-30T09:00:00,1.0,3704.138071494103
DE1,onwind,2021-01-30T12:00:00,1.0,3326.001947581939
DE1,onwind,2021-01-30T15:00:00,1.0,4463.248430827725
DE1,onwind,2021-01-30T18:00:00,1.0,4155.921844210825
DE1,onwind,2021-01-30T21:00:00,1.0,7265.756162167326
DE1,onwind,2021-01-31T00:00:00,1.0,4989.912289654398
DE1,onwind,2021-01-31T03:00:00,1.0,5284.63011785586
DE1,onwind,2021-01-31T06:00:00,1.0,4915.736669301893
DE1,onwind,2021-01-31T09:00:00,1.0,4652.665401285295
DE1,onwind,2021-01-31T12:00:00,1.0,4257.834557121288
DE1,onwind,2021-01-31T15:00:00,1.0,3181.59583600507
DE1,onwind,2021-01-31T18:00:00,1.0,4387.621870920738
DE1,onwind,2021-01-31T21:00:00,1.0,4711.434346455982
DE1,onwind,2021-02-01T00:00:00,1.0,3564.5828307335173
DE1,onwind,2021-02-01T03:00:00,1.0,2455.8181005460524
DE1,onwind,2021-02-01T06:00:00,1.0,3370.346722151439
DE1,onwind,2021-02-01T09:00:00,1.0,2152.073681506588
DE1,onwind,2021-02-01T12:00:00,1.0,1622.2549886850727
DE1,onwind,2021-02-01T15:00:00,1.0,1687.109357490219
DE1,onwind,2021-02-01T18:00:00,1.0,1668.234147989137
DE1,onwind,2021-02-01T21:00:00,1.0,1818.9517408523602
DE1,onwind,2021-02-02T00:00:00,1.0,1101.8049953405268
DE1,onwind,2021-02-02T03:00:00,1.0,745.8850800493776
DE1,onwind,2021-02-02T06:00:00,1.0,798.9439539969078
DE1,onwind,2021-02-02T09:00:00,1.0,814.5872643945473
DE1,onwind,2021-02-02T12:00:00,1.0,812.6996225579942
DE1,onwind,2021-02-02T15:00:00,1.0,712.7615897243876
DE1,onwind,2021-02-02T18:00:00,1.0,515.822460235148
DE1,onwind,2021-02-02T21:00:00,1.0,609.1739951203339
DE1,onwind,2021-02-03T00:00:00,1.0,878.4896524463875
DE1,onwind,2021-02-03T03:00:00,1.0,914.6359083252045
DE1,onwind,2021-02-03T06:00:00,1.0,893.1619424756566
DE1,onwind,2021-02-03T09:00:00,1.0,857.3644439902725
DE1,onwind,2021-02-03T12:00:00,1.0,815.2763171302729
DE1,onwind,2021-02-03T15:00:00,1.0,1013.7685352199039
DE1,onwind,2021-02-03T18:00:00,1.0,1515.9256895115009
DE1,onwind,2021-02-03T21:00:00,1.0,1635.1901405016447
DE1,onwind,2021-02-04T00:00:00,1.0,2621.1203407660178
DE1,onwind,2021-02-04T03:00:00,1.0,2584.969249429407
DE1,onwind,2021-02-04T06:00:00,1.0,4216.297370233755
DE1,onwind,2021-02-04T09:00:00,1.0,2256.4334382772117
DE1,onwind,2021-02-04T12:00:00,1.0,2881.2854986480834
DE1,onwind,2021-02-04T15:00:00,1.0,2944.3042067879665
DE1,onwind,2021-02-04T18:00:00,1.0,2991.4332983987997
DE1,onwind,2021-02-04T21:00:00,1.0,3747.8487966602897
DE1,onwind,2021-02-05T00:00:00,1.0,3007.589167322664
DE1,onwind,2021-02-05T03:00:00,1.0,3023.490872496201
DE1,onwind,2021-02-05T06:00:00,1.0,3311.219348671731
DE1,onwind,2021-02-05T09:00:00,1.0,3604.7286146406627
DE1,onwind,2021-02-05T12:00:00,1.0,3972.682775518034
DE1,onwind,2021-02-05T15:00:00,1.0,2765.7706429615127
DE1,onwind,2021-02-05T18:00:00,1.0,2423.8578400367664
DE1,onwind,2021-02-05T21:00:00,1.0,3100.21749905145
DE1,onwind,2021-02-06T00:00:00,1.0,3146.4922257132057
DE1,onwind,2021-02-06T03:00:00,1.0,2855.165866722408
DE1,onwind,2021-02-06T06:00:00,1.0,2966.0976150680694
DE1,onwind,2021-02-06T09:00:00,1.0,2632.4739956676535
DE1,onwind,2021-02-06T12:00:00,1.0,2382.816892005401
DE1,onwind,2021-02-06T15:00:00,1.0,2852.5634837805947
DE1,onwind,2021-02-06T18:00:00,1.0,2498.2936684618417
DE1,onwind,2021-02-06T21:00:00,1.0,2714.8064288873647
DE1,onwind,2021-02-07T00:00:00,1.0,1585.6859324653444
DE1,onwind,2021-02-07T03:00:00,1.0,1317.7952241081261
DE1,onwind,2021-02-07T06:00:00,1.0,686.9317830502736
DE1,onwind,2021-02-07T09:00:00,1.0,829.2235907064693
DE1,onwind,2021-02-07T12:00:00,1.0,876.1495930899307
DE1,onwind,2021-02-07T15:00:00,1.0,543.4450128865967
DE1,onwind,2021-02-07T18:00:00,1.0,435.7941226545479
DE1,onwind,2021-02-07T21:00:00,1.0,536.9485753395996
DE1,solar,2021-01-25T00:00:00,1.0,0.0
DE1,solar,2021-01-25T03:00:00,1.0,0.0
DE1,solar,2021-01-25T06:00:00,1.0,0.0
DE1,solar,2021-01-25T09:00:00,1.0,644.6878185000002
DE1,solar,2021-01-25T12:00:00,1.0,2652.32
DE1,solar,2021-01-25T15:00:00,1.0,2048.284854
DE1,solar,2021-01-25T18:00:00,1.0,0.0
DE1,solar,2021-01-25T21:00:00,1.0,0.0
DE1,solar,2021-01-26T00:00:00,1.0,0.0
DE1,solar,2021-01-26T03:00:00,1.0,0.0
DE1,solar,2021-01-26T06:00:00,1.0,0.0
DE1,solar,2021-01-26T09:00:00,1.0,1510.1999999999998
DE1,solar,2021-01-26T12:00:00,1.0,2168.32
DE1,solar,2021-01-26T15:00:00,1.0,2637.787053
DE1,solar,2021-01-26T18:00:00,1.0,0.0
DE1,solar,2021-01-26T21:00:00,1.0,0.0
DE1,solar,2021-01-27T00:00:00,1.0,0.0
DE1,solar,2021-01-27T03:00:00,1.0,0.0
DE1,solar,2021-01-27T06:00:00,1.0,0.0
DE1,solar,2021-01-27T09:00:00,1.0,1496.428659
DE1,solar,2021-01-27T12:00:00,1.0,1882.7599999999995
DE1,solar,2021-01-27T15:00:00,1.0,2112.8819744999996
DE1,solar,2021-01-27T18:00:00,1.0,0.0
DE1,solar,2021-01-27T21:00:00,1.0,0.0
DE1,solar,2021-01-28T00:00:00,1.0,0.0
DE1,solar,2021-01-28T03:00:00,1.0,0.0
DE1,solar,2021-01-28T06:00:00,1.0,0.0
DE1,solar,2021-01-28T09:00:00,1.0,1189.2714899999999
DE1,solar,2021-01-28T12:00:00,1.0,961.9500000000002
DE1,solar,2021-01-28T15:00:00,1.0,1552.4698694999997
DE1,solar,2021-01-28T18:00:00,1.0,0.0
DE1,solar,2021-01-28T21:00:00,1.0,0.0
DE1,solar,2021-01-29T00:00:00,1.0,0.0
DE1,solar,2021-01-29T03:00:00,1.0,0.0
DE1,solar,2021-01-29T06:00:00,1.0,0.0
DE1,solar,2021-01-29T09:00:00,1.0,1427.5535834999998
DE1,solar,2021-01-29T12:00:00,1.0,2726.13
DE1,solar,2021-01-29T15:00:00,1.0,2606.130186
DE1,solar,2021-01-29T18:00:00,1.0,0.0
DE1,solar,2021-01-29T21:00:00,1.0,0.0
DE1,solar,2021-01-30T00:00:00,1.0,0.0
DE1,solar,2021-01-30T03:00:00,1.0,0.0
DE1,solar,2021-01-30T06:00:00,1.0,0.0
DE1,solar,2021-01-30T09:00:00,1.0,1037.4040874999996
DE1,solar,2021-01-30T12:00:00,1.0,1609.3000000000002
DE1,solar,2021-01-30T15:00:00,1.0,1883.5835865
DE1,solar,2021-01-30T18:00:00,1.0,0.0
DE1,solar,2021-01-30T21:00:00,1.0,0.0
DE1,solar,2021-01-31T00:00:00,1.0,0.0
DE1,solar,2021-01-31T03:00:00,1.0,0.0
DE1,solar,2021-01-31T06:00:00,1.0,0.0
DE1,solar,2021-01-31T09:00:00,1.0,1445.093199
DE1,solar,2021-01-31T12:00:00,1.0,904.4749999999998
DE1,solar,2021-01-31T15:00:00,1.0,2115.020952
DE1,solar,2021-01-31T18:00:00,1.0,0.0
DE1,solar,2021-01-31T21:00:00,1.0,0.0
DE1,solar,2021-02-01T00:00:00,1.0,0.0
DE1,solar,2021-02-01T03:00:00,1.0,0.0
DE1,solar,2021-02-01T06:00:00,1.0,0.0
DE1,solar,2021-02-01T09:00:00,1.0,1573.8596445
DE1,solar,2021-02-01T12:00:00,1.0,2017.0699999999995
DE1,solar,2021-02-01T15:00:00,1.0,1827.1145805
DE1,solar,2021-02-01T18:00:00,1.0,0.0
DE1,solar,2021-02-01T21:00:00,1.0,0.0
DE1,solar,2021-02-02T00:00:00,1.0,0.0
DE1,solar,2021-02-02T03:00:00,1.0,0.0
DE1,solar,2021-02-02T06:00:00,1.0,0.0
DE1,solar,2021-02-02T09:00:00,1.0,1514.8238655000002
DE1,solar,2021-02-02T12:00:00,1.0,1373.9549999999997
DE1,solar,2021-02-02T15:00:00,1.0,1647.4404705
DE1,solar,2021-02-02T18:00:00,1.0,0.0
DE1,solar,2021-02-02T21:00:00,1.0,0.0
DE1,solar,2021-02-03T00:00:00,1.0,0.0
DE1,solar,2021-02-03T03:00:00,1.0,0.0
DE1,solar,2021-02-03T06:00:00,1.0,0.0
DE1,solar,2021-02-03T09:00:00,1.0,1107.990345
DE1,solar,2021-02-03T12:00:00,1.0,2343.165
DE1,solar,2021-02-03T15:00:00,1.0,1107.990345
DE1,solar,2021-02-03T18:00:00,1.0,0.0
DE1,solar,2021-02-03T21:00:00,1.0,0.0
DE1,solar,2021-02-04T00:00:00,1.0,0.0
DE1,solar,2021-02-04T03:00:00,1.0,0.0
DE1,solar,2021-02-04T06:00:00,1.0,0.0
DE1,solar,2021-02-04T09:00:00,1.0,1163.1759645
DE1,solar,2021-02-04T12:00:00,1.0,1409.045
DE1,solar,2021-02-04T15:00:00,1.0,1487.017158
DE1,solar,2021-02-04T18:00:00,1.0,0.0
DE1,solar,2021-02-04T21:00:00,1.0,0.0
DE1,solar,2021-02-05T00:00:00,1.0,0.0
DE1,solar,2021-02-05T03:00:00,1.0,0.0
DE1,solar,2021-02-05T06:00:00,1.0,0.0
DE1,solar,2021-02-05T09:00:00,1.0,1059.6494535
DE1,solar,2021-02-05T12:00:00,1.0,1420.54
DE1,solar,2021-02-05T15:00:00,1.0,2276.2998555
DE1,solar,2021-02-05T18:00:00,1.0,0.0
DE1,solar,2021-02-05T21:00:00,1.0,0.0
DE1,solar,2021-02-06T00:00:00,1.0,0.0
DE1,solar,2021-02-06T03:00:00,1.0,0.0
DE1,solar,2021-02-06T06:00:00,1.0,0.0
DE1,solar,2021-02-06T09:00:00,1.0,1750.9669815
DE1,solar,2021-02-06T12:00:00,1.0,1706.7050000000002
DE1,solar,2021-02-06T15:00:00,1.0,2106.465042
DE1,solar,2021-02-06T18:00:00,1.0,0.0
DE1,solar,2021-02-06T21:00:00,1.0,0.0
DE1,solar,2021-02-07T00:00:00,1.0,0.0
DE1,solar,2021-02-07T03:00:00,1.0,0.0
DE1,solar,2021-02-07T06:00:00,1.0,0.0
DE1,solar,2021-02-07T09:00:00,1.0,795.2718344999997
DE1,solar,2021-02-07T12:00:00,1.0,1630.4750000000004
DE1,solar,2021-02-07T15:00:00,1.0,2394.3714134999996
DE1,solar,2021-02-07T18:00:00,1.0,0.0
DE1,solar,2021-02-07T21:00:00,1.0,0.0
DE2,ccgt,2021-01-25T00:00:00,1.0,636.3622646485719
DE2,ccgt,2021-01-25T03:00:00,1.0,2121.207548828573
DE2,ccgt,2021-01-25T06:00:00,1.0,2121.207548828573
DE2,ccgt,2021-01-25T09:00:00,1.0,2121.207548828573
DE2,ccgt,2021-01-25T12:00:00,1.0,636.3622646485719
DE2,ccgt,2021-01-25T15:00:00,1.0,636.3622646485719
DE2,ccgt,2021-01-25T18:00:00,1.0,636.3622646485719
DE2,ccgt,2021-01-25T21:00:00,1.0,636.3622646485719
DE2,ccgt,2021-01-26T00:00:00,1.0,636.3622646485719
DE2,ccgt,2021-01-26T03:00:00,1.0,2121.207548828573
DE2,ccgt,2021-01-26T06:00:00,1.0,2121.207548828573
DE2,ccgt,2021-01-26T09:00:00,1.0,636.3622646485719
DE2,ccgt,2021-01-26T12:00:00,1.0,636.3622646485719
DE2,ccgt,2021-01-26T15:00:00,1.0,636.3622646485719
DE2,ccgt,2021-01-26T18:00:00,1.0,636.3622646485719
DE2,ccgt,2021-01-26T21:00:00,1.0,636.3622646485719
DE2,ccgt,2021-01-27T00:00:00,1.0,636.3622646485719
DE2,ccgt,2021-01-27T03:00:00,1.0,2121.207548828573
DE2,ccgt,2021-01-27T06:00:00,1.0,2121.207548828573
DE2,ccgt,2021-01-27T09:00:00,1.0,636.3622646485719
DE2,ccgt,2021-01-27T12:00:00,1.0,636.3622646485719
DE2,ccgt,2021-01-27T15:00:00,1.0,636.3622646485719
DE2,ccgt,2021-01-27T18:00:00,1.0,636.3622646485719
DE2,ccgt,2021-01-27T21:00:00,1.0,636.3622646485719
DE2,ccgt,2021-01-28T00:00:00,1.0,2121.207548828573
DE2,ccgt,2021-01-28T03:00:00,1.0,2121.207548828573
DE2,ccgt,2021-01-28T06:00:00,1.0,2121.207548828573
DE2,ccgt,2021-01-28T09:00:00,1.0,636.3622646485719
DE2,ccgt,2021-01-28T12:00:00,1.0,636.3622646485719
DE2,ccgt,2021-01-28T15:00:00,1.0,636.3622646485719
DE2,ccgt,2021-01-28T18:00:00,1.0,2121.207548828573
DE2,ccgt,2021-01-28T21:00:00,1.0,2121.207548828573
DE2,ccgt,2021-01-29T00:00:00,1.0,2121.207548828573
DE2,ccgt,2021-01-29T03:00:00,1.0,2121.207548828573
DE2,ccgt,2021-01-29T06:00:00,1.0,2121.207548828573
DE2,ccgt,2021-01-29T09:00:00,1.0,636.3622646485719
DE2,ccgt,2021-01-29T12:00:00,1.0,636.3622646485719
DE2,ccgt,2021-01-29T15:00:00,1.0,636.3622646485719
DE2,ccgt,2021-01-29T18:00:00,1.0,636.3622646485719
DE2,ccgt,2021-01-29T21:00:00,1.0,636.3622646485719
DE2,ccgt,2021-01-30T00:00:00,1.0,636.3622646485719
DE2,ccgt,2021-01-30T03:00:00,1.0,2121.207548828573
DE2,ccgt,2021-01-30T06:00:00,1.0,2121.207548828573
DE2,ccgt,2021-01-30T09:00:00,1.0,636.3622646485719
DE2,ccgt,2021-01-30T12:00:00,1.0,636.3622646485719
DE2,ccgt,2021-01-30T15:00:00,1.0,636.3622646485719
DE2,ccgt,2021-01-30T18:00:00,1.0,636.3622646485719
DE2,ccgt,2021-01-30T21:00:00,1.0,636.3622646485719
DE2,ccgt,2021-01-31T00:00:00,1.0,2121.207548828573
DE2,ccgt,2021-01-31T03:00:00,1.0,2121.207548828573
DE2,ccgt,2021-01-31T06:00:00,1.0,2121.207548828573
DE2,ccgt,2021-01-31T09:00:00,1.0,636.3622646485719
DE2,ccgt,2021-01-31T12:00:00,1.0,636.3622646485719
DE2,ccgt,2021-01-31T15:00:00,1.0,636.3622646485719
DE2,ccgt,2021-01-31T18:00:00,1.0,636.3622646485719
DE2,ccgt,2021-01-31T21:00:00,1.0,636.3622646485719
DE2,ccgt,2021-02-01T00:00:00,1.0,636.3622646485719
DE2,ccgt,2021-02-01T03:00:00,1.0,2121.207548828573
DE2,ccgt,2021-02-01T06:00:00,1.0,2121.207548828573
DE2,ccgt,2021-02-01T09:00:00,1.0,636.3622646485719
DE2,ccgt,2021-02-01T12:00:00,1.0,636.3622646485719
DE2,ccgt,2021-02-01T15:00:00,1.0,636.3622646485719
DE2,ccgt,2021-02-01T18:00:00,1.0,636.3622646485719
DE2,ccgt,2021-02-01T21:00:00,1.0,636.3622646485719
DE2,ccgt,2021-02-02T00:00:00,1.0,2121.207548828573
DE2,ccgt,2021-02-02T03:00:00,1.0,2121.207548828573
DE2,ccgt,2021-02-02T06:00:00,1.0,2121.207548828573
DE2,ccgt,2021-02-02T09:00:00,1.0,636.3622646485719
DE2,ccgt,2021-02-02T12:00:00,1.0,636.3622646485719
DE2,ccgt,2021-02-02T15:00:00,1.0,636.3622646485719
DE2,ccgt,2021-02-02T18:00:00,1.0,636.3622646485719
DE2,ccgt,2021-02-02T21:00:00,1.0,2121.207548828573
DE2,ccgt,2021-02-03T00:00:00,1.0,2121.207548828573
DE2,ccgt,2021-02-03T03:00:00,1.0,2121.207548828573
DE2,ccgt,2021-02-03T06:00:00,1.0,2121.207548828573
DE2,ccgt,2021-02-03T09:00:00,1.0,636.3622646485719
DE2,ccgt,2021-02-03T12:00:00,1.0,636.3622646485719
DE2,ccgt,2021-02-03T15:00:00,1.0,636.3622646485719
DE2,ccgt,2021-02-03T18:00:00,1.0,636.3622646485719
DE2,ccgt,2021-02-03T21:00:00,1.0,2121.207548828573
DE2,ccgt,2021-02-04T00:00:00,1.0,2121.207548828573
DE2,ccgt,2021-02-04T03:00:00,1.0,2121.207548828573
DE2,ccgt,2021-02-04T06:00:00,1.0,2121.207548828573
DE2,ccgt,2021-02-04T09:00:00,1.0,636.3622646485719
DE2,ccgt,2021-02-04T12:00:00,1.0,636.3622646485719
DE2,ccgt,2021-02-04T15:00:00,1.0,636.3622646485719
DE2,ccgt,2021-02-04T18:00:00,1.0,636.3622646485719
DE2,ccgt,2021-02-04T21:00:00,1.0,2121.207548828573
DE2,ccgt,2021-02-05T00:00:00,1.0,2121.207548828573
DE2,ccgt,2021-02-05T03:00:00,1.0,2121.207548828573
DE2,ccgt,2021-02-05T06:00:00,1.0,2121.207548828573
DE2,ccgt,2021-02-05T09:00:00,1.0,636.3622646485719
DE2,ccgt,2021-02-05T12:00:00,1.0,636.3622646485719
DE2,ccgt,2021-02-05T15:00:00,1.0,636.3622646485719
DE2,ccgt,2021-02-05T18:00:00,1.0,636.3622646485719
DE2,ccgt,2021-02-05T21:00:00,1.0,2121.207548828573
DE2,ccgt,2021-02-06T00:00:00,1.0,2121.207548828573
DE2,ccgt,2021-02-06T03:00:00,1.0,2121.207548828573
DE2,ccgt,2021-02-06T06:00:00,1.0,2121.207548828573
DE2,ccgt,2021-02-06T09:00:00,1.0,636.3622646485719
DE2,ccgt,2021-02-06T12:00:00,1.0,636.3622646485719
DE2,ccgt,2021-02-06T15:00:00,1.0,636.3622646485719
DE2,ccgt,2021-02-06T18:00:00,1.0,636.3622646485719
DE2,ccgt,2021-02-06T21:00:00,1.0,636.3622646485719
DE2,ccgt,2021-02-07T00:00:00,1.0,636.3622646485719
DE2,ccgt,2021-02-07T03:00:00,1.0,2121.207548828573
DE2,ccgt,2021-02-07T06:00:00,1.0,2121.207548828573
DE2,ccgt,2021-02-07T09:00:00,1.0,636.3622646485719
DE2,ccgt,2021-02-07T12:00:00,1.0,636.3622646485719
DE2,ccgt,2021-02-07T15:00:00,1.0,636.3622646485719
DE2,ccgt,2021-02-07T18:00:00,1.0,636.3622646485719
DE2,ccgt,2021-02-07T21:00:00,1.0,636.3622646485719
DE2,ocgt,2021-01-25T00:00:00,1.0,0.0
DE2,ocgt,2021-01-25T03:00:00,1.0,920.0
DE2,ocgt,2021-01-25T06:00:00,1.0,920.0
DE2,ocgt,2021-01-25T09:00:00,1.0,0.0
DE2,ocgt,2021-01-25T12:00:00,1.0,0.0
DE2,ocgt,2021-01-25T15:00:00,1.0,0.0
DE2,ocgt,2021-01-25T18:00:00,1.0,0.0
DE2,ocgt,2021-01-25T21:00:00,1.0,0.0
DE2,ocgt,2021-01-26T00:00:00,1.0,0.0
DE2,ocgt,2021-01-26T03:00:00,1.0,0.0
DE2,ocgt,2021-01-26T06:00:00,1.0,0.0
DE2,ocgt,2021-01-26T09:00:00,1.0,0.0
DE2,ocgt,2021-01-26T12:00:00,1.0,0.0
DE2,ocgt,2021-01-26T15:00:00,1.0,0.0
DE2,ocgt,2021-01-26T18:00:00,1.0,0.0
DE2,ocgt,2021-01-26T21:00:00,1.0,0.0
DE2,ocgt,2021-01-27T00:00:00,1.0,0.0
DE2,ocgt,2021-01-27T03:00:00,1.0,0.0
DE2,ocgt,2021-01-27T06:00:00,1.0,0.0
DE2,ocgt,2021-01-27T09:00:00,1.0,0.0
DE2,ocgt,2021-01-27T12:00:00,1.0,0.0
DE2,ocgt,2021-01-27T15:00:00,1.0,0.0
DE2,ocgt,2021-01-27T18:00:00,1.0,0.0
DE2,ocgt,2021-01-27T21:00:00,1.0,0.0
DE2,ocgt,2021-01-28T00:00:00,1.0,0.0
DE2,ocgt,2021-01-28T03:00:00,1.0,0.0
DE2,ocgt,2021-01-28T06:00:00,1.0,0.0
DE2,ocgt,2021-01-28T09:00:00,1.0,0.0
DE2,ocgt,2021-01-28T12:00:00,1.0,0.0
DE2,ocgt,2021-01-28T15:00:00,1.0,0.0
DE2,ocgt,2021-01-28T18:00:00,1.0,0.0
DE2,ocgt,2021-01-28T21:00:00,1.0,0.0
DE2,ocgt,2021-01-29T00:00:00,1.0,0.0
DE2,ocgt,2021-01-29T03:00:00,1.0,0.0
DE2,ocgt,2021-01-29T06:00:00,1.0,0.0
DE2,ocgt,2021-01-29T09:00:00,1.0,0.0
DE2,ocgt,2021-01-29T12:00:00,1.0,0.0
DE2,ocgt,2021-01-29T15:00:00,1.0,0.0
DE2,ocgt,2021-01-29T18:00:00,1.0,0.0
DE2,ocgt,2021-01-29T21:00:00,1.0,0.0
DE2,ocgt,2021-01-30T00:00:00,1.0,0.0
DE2,ocgt,2021-01-30T03:00:00,1.0,0.0
DE2,ocgt,2021-01-30T06:00:00,1.0,0.0
DE2,ocgt,2021-01-30T09:00:00,1.0,0.0
DE2,ocgt,2021-01-30T12:00:00,1.0,0.0
DE2,ocgt,2021-01-30T15:00:00,1.0,0.0
DE2,ocgt,2021-01-30T18:00:00,1.0,0.0
DE2,ocgt,2021-01-30T21:00:00,1.0,0.0
DE2,ocgt,2021-01-31T00:00:00,1.0,0.0
DE2,ocgt,2021-01-31T03:00:00,1.0,0.0
DE2,ocgt,2021-01-31T06:00:00,1.0,0.0
DE2,ocgt,2021-01-31T09:00:00,1.0,0.0
DE2,ocgt,2021-01-31T12:00:00,1.0,0.0
DE2,ocgt,2021-01-31T15:00:00,1.0,0.0
DE2,ocgt,2021-01-31T18:00:00,1.0,0.0
DE2,ocgt,2021-01-31T21:00:00,1.0,0.0
DE2,ocgt,2021-02-01T00:00:00,1.0,0.0
DE2,ocgt,2021-02-01T03:00:00,1.0,0.0
DE2,ocgt,2021-02-01T06:00:00,1.0,0.0
DE2,ocgt,2021-02-01T09:00:00,1.0,0.0
DE2,ocgt,2021-02-01T12:00:00,1.0,0.0
DE2,ocgt,2021-02-01T15:00:00,1.0,0.0
DE2,ocgt,2021-02-01T18:00:00,1.0,0.0
DE2,ocgt,2021-02-01T21:00:00,1.0,0.0
DE2,ocgt,2021-02-02T00:00:00,1.0,0.0
DE2,ocgt,2021-02-02T03:00:00,1.0,0.0
DE2,ocgt,2021-02-02T06:00:00,1.0,0.0
DE2,ocgt,2021-02-02T09:00:00,1.0,0.0
DE2,ocgt,2021-02-02T12:00:00,1.0,0.0
DE2,ocgt,2021-02-02T15:00:00,1.0,0.0
DE2,ocgt,2021-02-02T18:00:00,1.0,0.0
DE2,ocgt,2021-02-02T21:00:00,1.0,0.0
DE2,ocgt,2021-02-03T00:00:00,1.0,0.0
DE2,ocgt,2021-02-03T03:00:00,1.0,0.0
DE2,ocgt,2021-02-03T06:00:00,1.0,0.0
DE2,ocgt,2021-02-03T09:00:00,1.0,0.0
DE2,ocgt,2021-02-03T12:00:00,1.0,0.0
DE2,ocgt,2021-02-03T15:00:00,1.0,0.0
DE2,ocgt,2021-02-03T18:00:00,1.0,0.0
DE2,ocgt,2021-02-03T21:00:00,1.0,0.0
DE2,ocgt,2021-02-04T00:00:00,1.0,0.0
DE2,ocgt,2021-02-04T03:00:00,1.0,0.0
DE2,ocgt,2021-02-04T06:00:00,1.0,0.0
DE2,ocgt,2021-02-04T09:00:00,1.0,0.0
DE2,ocgt,2021-02-04T12:00:00,1.0,0.0
DE2,ocgt,2021-02-04T15:00:00,1.0,0.0
DE2,ocgt,2021-02-04T18:00:00,1.0,0.0
DE2,ocgt,2021-02-04T21:00:00,1.0,0.0
DE2,ocgt,2021-02-05T00:00:00,1.0,0.0
DE2,ocgt,2021-02-05T03:00:00,1.0,0.0
DE2,ocgt,2021-02-05T06:00:00,1.0,0.0
DE2,ocgt,2021-02-05T09:00:00,1.0,0.0
DE2,ocgt,2021-02-05T12:00:00,1.0,0.0
DE2,ocgt,2021-02-05T15:00:00,1.0,0.0
DE2,ocgt,2021-02-05T18:00:00,1.0,0.0
DE2,ocgt,2021-02-05T21:00:00,1.0,0.0
DE2,ocgt,2021-02-06T00:00:00,1.0,0.0
DE2,ocgt,2021-02-06T03:00:00,1.0,0.0
DE2,ocgt,2021-02-06T06:00:00,1.0,0.0
DE2,ocgt,2021-02-06T09:00:00,1.0,0.0
DE2,ocgt,2021-02-06T12:00:00,1.0,0.0
DE2,ocgt,2021-02-06T15:00:00,1.0,0.0
DE2,ocgt,2021-02-06T18:00:00,1.0,0.0
DE2,ocgt,2021-02-06T21:00:00,1.0,0.0
DE2,ocgt,2021-02-07T00:00:00,1.0,0.0
DE2,ocgt,2021-02-07T03:00:00,1.0,0.0
DE2,ocgt,2021-02-07T06:00:00,1.0,0.0
DE2,ocgt,2021-02-07T09:00:00,1.0,0.0
DE2,ocgt,2021-02-07T12:00:00,1.0,0.0
DE2,ocgt,2021-02-07T15:00:00,1.0,0.0
DE2,ocgt,2021-02-07T18:00:00,1.0,0.0
DE2,ocgt,2021-02-07T21:00:00,1.0,0.0
DE2,offwind,2021-01-25T00:00:00,1.0,0.0
DE2,offwind,2021-01-25T03:00:00,1.0,142.10763839999998
DE2,offwind,2021-01-25T06:00:00,1.0,204.44578559999994
DE2,offwind,2021-01-25T09:00:00,1.0,200.16319679999995
DE2,offwind,2021-01-25T12:00:00,1.0,0.0
DE2,offwind,2021-01-25T15:00:00,1.0,225.24958399999994
DE2,offwind,2021-01-25T18:00:00,1.0,292.9601024
DE2,offwind,2021-01-25T21:00:00,1.0,209.0964960000001
DE2,offwind,2021-01-26T00:00:00,1.0,259.62612479999996
DE2,offwind,2021-01-26T03:00:00,1.0,253.0361567999999
DE2,offwind,2021-01-26T06:00:00,1.0,203.83888
DE2,offwind,2021-01-26T09:00:00,1.0,0.0
DE2,offwind,2021-01-26T12:00:00,1.0,0.0
DE2,offwind,2021-01-26T15:00:00,1.0,0.0
DE2,offwind,2021-01-26T18:00:00,1.0,375.46037759999996
DE2,offwind,2021-01-26T21:00:00,1.0,314.21125120000005
DE2,offwind,2021-01-27T00:00:00,1.0,241.57593599999998
DE2,offwind,2021-01-27T03:00:00,1.0,217.90702079999994
DE2,offwind,2021-01-27T06:00:00,1.0,291.4081408
DE2,offwind,2021-01-27T09:00:00,1.0,0.0
DE2,offwind,2021-01-27T12:00:00,1.0,231.9804032
DE2,offwind,2021-01-27T15:00:00,1.0,224.68871040000005
DE2,offwind,2021-01-27T18:00:00,1.0,153.09907200000004
DE2,offwind,2021-01-27T21:00:00,1.0,87.65487360000002
DE2,offwind,2021-01-28T00:00:00,1.0,91.488768
DE2,offwind,2021-01-28T03:00:00,1.0,77.80886400000001
DE2,offwind,2021-01-28T06:00:00,1.0,61.73440000000003
DE2,offwind,2021-01-28T09:00:00,1.0,46.25125120000003
DE2,offwind,2021-01-28T12:00:00,1.0,60.98077440000001
DE2,offwind,2021-01-28T15:00:00,1.0,44.9064
DE2,offwind,2021-01-28T18:00:00,1.0,64.06514240000003
DE2,offwind,2021-01-28T21:00:00,1.0,50.92720640000001
DE2,offwind,2021-01-29T00:00:00,1.0,100.752288
DE2,offwind,2021-01-29T03:00:00,1.0,109.81075840000001
DE2,offwind,2021-01-29T06:00:00,1.0,65.4589824
DE2,offwind,2021-01-29T09:00:00,1.0,0.0
DE2,offwind,2021-01-29T12:00:00,1.0,0.0
DE2,offwind,2021-01-29T15:00:00,1.0,0.0
DE2,offwind,2021-01-29T18:00:00,1.0,94.27008639999997
DE2,offwind,2021-01-29T21:00:00,1.0,106.64559359999998
DE2,offwind,2021-01-30T00:00:00,1.0,171.58310399999993
DE2,offwind,2021-01-30T03:00:00,1.0,370.98996479999994
DE2,offwind,2021-01-30T06:00:00,1.0,216.13536
DE2,offwind,2021-01-30T09:00:00,1.0,302.0074848000001
DE2,offwind,2021-01-30T12:00:00,1.0,271.18120960000005
DE2,offwind,2021-01-30T15:00:00,1.0,363.921152
DE2,offwind,2021-01-30T18:00:00,1.0,338.8120511999999
DE2,offwind,2021-01-30T21:00:00,1.0,592.3599583999999
DE2,offwind,2021-01-31T00:00:00,1.0,406.8171072
DE2,offwind,2021-01-31T03:00:00,1.0,430.88342080000007
DE2,offwind,2021-01-31T06:00:00,1.0,400.76496319999995
DE2,offwind,2021-01-31T09:00:00,1.0,379.36550399999993
DE2,offwind,2021-01-31T12:00:00,1.0,347.1545952000001
DE2,offwind,2021-01-31T15:00:00,1.0,259.4122496
DE2,offwind,2021-01-31T18:00:00,1.0,357.7274624
DE2,offwind,2021-01-31T21:00:00,1.0,384.1282368000001
DE2,offwind,2021-02-01T00:00:00,1.0,290.65523199999996
DE2,offwind,2021-02-01T03:00:00,1.0,200.23512320000003
DE2,offwind,2021-02-01T06:00:00,1.0,274.79735359999995
DE2,offwind,2021-02-01T09:00:00,1.0,175.45440640000004
DE2,offwind,2021-02-01T12:00:00,1.0,132.25367679999997
DE2,offwind,2021-02-01T15:00:00,1.0,137.55181440000007
DE2,offwind,2021-02-01T18:00:00,1.0,135.99355840000004
DE2,offwind,2021-02-01T21:00:00,1.0,148.3127296
DE2,offwind,2021-02-02T00:00:00,1.0,89.80787199999997
DE2,offwind,2021-02-02T03:00:00,1.0,60.8179488
DE2,offwind,2021-02-02T06:00:00,1.0,65.13561600000001
DE2,offwind,2021-02-02T09:00:00,1.0,66.41416319999999
DE2,offwind,2021-02-02T12:00:00,1.0,66.2643072
DE2,offwind,2021-02-02T15:00:00,1.0,58.11220799999998
DE2,offwind,2021-02-02T18:00:00,1.0,42.070784
DE2,offwind,2021-02-02T21:00:00,1.0,49.677824000000015
DE2,offwind,2021-02-03T00:00:00,1.0,71.63869439999999
DE2,offwind,2021-02-03T03:00:00,1.0,74.5484096
DE2,offwind,2021-02-03T06:00:00,1.0,72.80056
DE2,offwind,2021-02-03T09:00:00,1.0,69.884976
DE2,offwind,2021-02-03T12:00:00,1.0,66.46752
DE2,offwind,2021-02-03T15:00:00,1.0,82.62578239999999
DE2,offwind,2021-02-03T18:00:00,1.0,123.61959679999998
DE2,offwind,2021-02-03T21:00:00,1.0,133.30699199999998
DE2,offwind,2021-02-04T00:00:00,1.0,213.70272000000003
DE2,offwind,2021-02-04T03:00:00,1.0,210.73852800000006
DE2,offwind,2021-02-04T06:00:00,1.0,343.7465472
DE2,offwind,2021-02-04T09:00:00,1.0,183.9725664
DE2,offwind,2021-02-04T12:00:00,1.0,234.92183680000002
DE2,offwind,2021-02-04T15:00:00,1.0,240.07056639999996
DE2,offwind,2021-02-04T18:00:00,1.0,243.87697599999996
DE2,offwind,2021-02-04T21:00:00,1.0,305.5532704
DE2,offwind,2021-02-05T00:00:00,1.0,245.20245120000004
DE2,offwind,2021-02-05T03:00:00,1.0,246.52096000000003
DE2,offwind,2021-02-05T06:00:00,1.0,269.95357759999996
DE2,offwind,2021-02-05T09:00:00,1.0,293.91962879999994
DE2,offwind,2021-02-05T12:00:00,1.0,323.9052767999999
DE2,offwind,2021-02-05T15:00:00,1.0,225.50783360000008
DE2,offwind,2021-02-05T18:00:00,1.0,197.61969919999999
DE2,offwind,2021-02-05T21:00:00,1.0,252.76401919999998
DE2,offwind,2021-02-06T00:00:00,1.0,256.56422399999997
DE2,offwind,2021-02-06T03:00:00,1.0,232.79594239999997
DE2,offwind,2021-02-06T06:00:00,1.0,241.83736640000006
DE2,offwind,2021-02-06T09:00:00,1.0,214.62051519999991
DE2,offwind,2021-02-06T12:00:00,1.0,194.2581759999999
DE2,offwind,2021-02-06T15:00:00,1.0,232.57252479999994
DE2,offwind,2021-02-06T18:00:00,1.0,203.65956800000004
DE2,offwind,2021-02-06T21:00:00,1.0,221.3584576
DE2,offwind,2021-02-07T00:00:00,1.0,129.24889600000003
DE2,offwind,2021-02-07T03:00:00,1.0,107.45033600000004
DE2,offwind,2021-02-07T06:00:00,1.0,56.00358399999998
DE2,offwind,2021-02-07T09:00:00,1.0,67.6074784
DE2,offwind,2021-02-07T12:00:00,1.0,71.4377664
DE2,offwind,2021-02-07T15:00:00,1.0,44.30764799999999
DE2,offwind,2021-02-07T18:00:00,1.0,35.5436256
DE2,offwind,2021-02-07T21:00:00,1.0,43.7878784
DE2,onwind,2021-01-25T00:00:00,1.0,0.0
DE2,onwind,2021-01-25T03:00:00,1.0,564.7909489392398
DE2,onwind,2021-01-25T06:00:00,1.0,812.5122523291
DE2,onwind,2021-01-25T09:00:00,1.0,795.4493949547795
DE2,onwind,2021-01-25T12:00:00,1.0,0.0
DE2,onwind,2021-01-25T15:00:00,1.0,895.0898390503612
DE2,onwind,2021-01-25T18:00:00,1.0,1164.3294118955732
DE2,onwind,2021-01-25T21:00:00,1.0,830.9994706733264
DE2,onwind,2021-01-26T00:00:00,1.0,1031.8129226992196
DE2,onwind,2021-01-26T03:00:00,1.0,1005.5328459012655
DE2,onwind,2021-01-26T06:00:00,1.0,810.1114217048652
DE2,onwind,2021-01-26T09:00:00,1.0,0.0
DE2,onwind,2021-01-26T12:00:00,1.0,0.0
DE2,onwind,2021-01-26T15:00:00,1.0,0.0
DE2,onwind,2021-01-26T18:00:00,1.0,1492.1067346111201
DE2,onwind,2021-01-26T21:00:00,1.0,1248.698270115698
DE2,onwind,2021-01-27T00:00:00,1.0,959.9378233234612
DE2,onwind,2021-01-27T03:00:00,1.0,865.9364621052936
DE2,onwind,2021-01-27T06:00:00,1.0,1158.037390825712
DE2,onwind,2021-01-27T09:00:00,1.0,0.0
DE2,onwind,2021-01-27T12:00:00,1.0,921.9800625005548
DE2,onwind,2021-01-27T15:00:00,1.0,892.9292089939233
DE2,onwind,2021-01-27T18:00:00,1.0,608.5133275469871
DE2,onwind,2021-01-27T21:00:00,1.0,348.31941628000243
DE2,onwind,2021-01-28T00:00:00,1.0,363.6779561318984
DE2,onwind,2021-01-28T03:00:00,1.0,309.19188946325005
DE2,onwind,2021-01-28T06:00:00,1.0,245.34877197642584
DE2,onwind,2021-01-28T09:00:00,1.0,183.80582217714874
DE2,onwind,2021-01-28T12:00:00,1.0,242.32721921633015
DE2,onwind,2021-01-28T15:00:00,1.0,178.4612861028051
DE2,onwind,2021-01-28T18:00:00,1.0,254.5073366344205
DE2,onwind,2021-01-28T21:00:00,1.0,202.3426865417058
DE2,onwind,2021-01-29T00:00:00,1.0,400.31583784622876
DE2,onwind,2021-01-29T03:00:00,1.0,436.5295251619874
DE2,onwind,2021-01-29T06:00:00,1.0,260.20977449241593
DE2,onwind,2021-01-29T09:00:00,1.0,0.0
DE2,onwind,2021-01-29T12:00:00,1.0,0.0
DE2,onwind,2021-01-29T15:00:00,1.0,0.0
DE2,onwind,2021-01-29T18:00:00,1.0,374.5616955161258
DE2,onwind,2021-01-29T21:00:00,1.0,423.8548080423303
DE2,onwind,2021-01-30T00:00:00,1.0,681.883682801368
DE2,onwind,2021-01-30T03:00:00,1.0,1474.4582108707195
DE2,onwind,2021-01-30T06:00:00,1.0,858.9691768220089
DE2,onwind,2021-01-30T09:00:00,1.0,1200.1790283955677
DE2,onwind,2021-01-30T12:00:00,1.0,1077.6590150918764
DE2,onwind,2021-01-30T15:00:00,1.0,1446.1386324722453
DE2,onwind,2021-01-30T18:00:00,1.0,1346.5616412783884
DE2,onwind,2021-01-30T21:00:00,1.0,2354.180109639299
DE2,onwind,2021-01-31T00:00:00,1.0,1616.7831673620303
DE2,onwind,2021-01-31T03:00:00,1.0,1712.274790480444
DE2,onwind,2021-01-31T06:00:00,1.0,1592.7494995432173
DE2,onwind,2021-01-31T09:00:00,1.0,1507.5116890855752
DE2,onwind,2021-01-31T12:00:00,1.0,1379.5824138309351
DE2,onwind,2021-01-31T15:00:00,1.0,1030.8699420763555
DE2,onwind,2021-01-31T18:00:00,1.0,1421.6348452380248
DE2,onwind,2021-01-31T21:00:00,1.0,1526.5534348718863
DE2,onwind,2021-02-01T00:00:00,1.0,1154.9616876726316
DE2,onwind,2021-02-01T03:00:00,1.0,795.7104527263846
DE2,onwind,2021-02-01T06:00:00,1.0,1092.0271804869033
DE2,onwind,2021-02-01T09:00:00,1.0,697.2941208599225
DE2,onwind,2021-02-01T12:00:00,1.0,525.6273871412607
DE2,onwind,2021-02-01T15:00:00,1.0,546.6408730960031
DE2,onwind,2021-02-01T18:00:00,1.0,540.5251100864904
DE2,onwind,2021-02-01T21:00:00,1.0,589.3591682866316
DE2,onwind,2021-02-02T00:00:00,1.0,356.99620890637783
DE2,onwind,2021-02-02T03:00:00,1.0,241.67447686617302
DE2,onwind,2021-02-02T06:00:00,1.0,258.86610054569303
DE2,onwind,2021-02-02T09:00:00,1.0,263.93469483444653
DE2,onwind,2021-02-02T12:00:00,1.0,263.3230793650374
DE2,onwind,2021-02-02T15:00:00,1.0,230.9421235715559
DE2,onwind,2021-02-02T18:00:00,1.0,167.13180966818533
DE2,onwind,2021-02-02T21:00:00,1.0,197.37867203542567
DE2,onwind,2021-02-03T00:00:00,1.0,284.6397291835788
DE2,onwind,2021-02-03T03:00:00,1.0,296.3514897668655
DE2,onwind,2021-02-03T06:00:00,1.0,289.39370283461045
DE2,onwind,2021-02-03T09:00:00,1.0,277.7949432522361
DE2,onwind,2021-02-03T12:00:00,1.0,264.15795504422124
DE2,onwind,2021-02-03T15:00:00,1.0,328.4714857098867
DE2,onwind,2021-02-03T18:00:00,1.0,491.17559498097415
DE2,onwind,2021-02-03T21:00:00,1.0,529.818510052913
DE2,onwind,2021-02-04T00:00:00,1.0,849.2700874456124
DE2,onwind,2021-02-04T03:00:00,1.0,837.5567601240117
DE2,onwind,2021-02-04T06:00:00,1.0,1366.1239358695948
DE2,onwind,2021-02-04T09:00:00,1.0,731.107760920603
DE2,onwind,2021-02-04T12:00:00,1.0,933.5662881764155
DE2,onwind,2021-02-04T15:00:00,1.0,953.9850010986261
DE2,onwind,2021-02-04T18:00:00,1.0,969.2553139992034
DE2,onwind,2021-02-04T21:00:00,1.0,1214.3417552291437
DE2,onwind,2021-02-05T00:00:00,1.0,974.4899825492631
DE2,onwind,2021-02-05T03:00:00,1.0,979.6422994166822
DE2,onwind,2021-02-05T06:00:00,1.0,1072.8693002230518
DE2,onwind,2021-02-05T09:00:00,1.0,1167.9693366840575
DE2,onwind,2021-02-05T12:00:00,1.0,1287.1902887037488
DE2,onwind,2021-02-05T15:00:00,1.0,896.138280746001
DE2,onwind,2021-02-05T18:00:00,1.0,785.354997917479
DE2,onwind,2021-02-05T21:00:00,1.0,1004.5025196173846
DE2,onwind,2021-02-06T00:00:00,1.0,1019.49600944207
DE2,onwind,2021-02-06T03:00:00,1.0,925.1032574087847
DE2,onwind,2021-02-06T06:00:00,1.0,961.0462906807641
DE2,onwind,2021-02-06T09:00:00,1.0,852.9487890073734
DE2,onwind,2021-02-06T12:00:00,1.0,772.0573064756346
DE2,onwind,2021-02-06T15:00:00,1.0,924.2600584323063
DE2,onwind,2021-02-06T18:00:00,1.0,809.4729758418254
DE2,onwind,2021-02-06T21:00:00,1.0,879.6253485199669
DE2,onwind,2021-02-07T00:00:00,1.0,513.7786348766257
DE2,onwind,2021-02-07T03:00:00,1.0,426.97927592544073
DE2,onwind,2021-02-07T06:00:00,1.0,222.57299918163292
DE2,onwind,2021-02-07T09:00:00,1.0,268.6770158692662
DE2,onwind,2021-02-07T12:00:00,1.0,283.88152576064664
DE2,onwind,2021-02-07T15:00:00,1.0,176.081802288101
DE2,onwind,2021-02-07T18:00:00,1.0,141.20180096231246
DE2,onwind,2021-02-07T21:00:00,1.0,173.976889362962
DE2,solar,2021-01-25T00:00:00,1.0,0.0
DE2,solar,2021-01-25T03:00:00,1.0,0.0
DE2,solar,2021-01-25T06:00:00,1.0,0.0
DE2,solar,2021-01-25T09:00:00,1.0,1873.0183243480894
DE2,solar,2021-01-25T12:00:00,1.0,7705.813293624258
DE2,solar,2021-01-25T15:00:00,1.0,5950.903607815958
DE2,solar,2021-01-25T18:00:00,1.0,0.0
DE2,solar,2021-01-25T21:00:00,1.0,0.0
DE2,solar,2021-01-26T00:00:00,1.0,0.0
DE2,solar,2021-01-26T03:00:00,1.0,0.0
DE2,solar,2021-01-26T06:00:00,1.0,0.0
DE2,solar,2021-01-26T09:00:00,1.0,4806.212249670909
DE2,solar,2021-01-26T12:00:00,1.0,6299.642984568737
DE2,solar,2021-01-26T15:00:00,1.0,7663.590569296825
DE2,solar,2021-01-26T18:00:00,1.0,0.0
DE2,solar,2021-01-26T21:00:00,1.0,0.0
DE2,solar,2021-01-27T00:00:00,1.0,0.0
DE2,solar,2021-01-27T03:00:00,1.0,0.0
DE2,solar,2021-01-27T06:00:00,1.0,0.0
DE2,solar,2021-01-27T09:00:00,1.0,4347.589979143739
DE2,solar,2021-01-27T12:00:00,1.0,5470.002502225977
DE2,solar,2021-01-27T15:00:00,1.0,6138.5783038853415
DE2,solar,2021-01-27T18:00:00,1.0,0.0
DE2,solar,2021-01-27T21:00:00,1.0,0.0
DE2,solar,2021-01-28T00:00:00,1.0,0.0
DE2,solar,2021-01-28T03:00:00,1.0,0.0
DE2,solar,2021-01-28T06:00:00,1.0,0.0
DE2,solar,2021-01-28T09:00:00,1.0,3455.2030137277284
DE2,solar,2021-01-28T12:00:00,1.0,2794.7634892478495
DE2,solar,2021-01-28T15:00:00,1.0,4510.407099574793
DE2,solar,2021-01-28T18:00:00,1.0,0.0
DE2,solar,2021-01-28T21:00:00,1.0,0.0
DE2,solar,2021-01-29T00:00:00,1.0,0.0
DE2,solar,2021-01-29T03:00:00,1.0,0.0
DE2,solar,2021-01-29T06:00:00,1.0,0.0
DE2,solar,2021-01-29T09:00:00,1.0,4147.48649525519
DE2,solar,2021-01-29T12:00:00,1.0,7920.254265755225
DE2,solar,2021-01-29T15:00:00,1.0,7571.617539435007
DE2,solar,2021-01-29T18:00:00,1.0,0.0
DE2,solar,2021-01-29T21:00:00,1.0,0.0
DE2,solar,2021-01-30T00:00:00,1.0,0.0
DE2,solar,2021-01-30T03:00:00,1.0,0.0
DE2,solar,2021-01-30T06:00:00,1.0,0.0
DE2,solar,2021-01-30T09:00:00,1.0,3013.981046147388
DE2,solar,2021-01-30T12:00:00,1.0,4675.5162776096095
DE2,solar,2021-01-30T15:00:00,1.0,5472.395276778125
DE2,solar,2021-01-30T18:00:00,1.0,0.0
DE2,solar,2021-01-30T21:00:00,1.0,0.0
DE2,solar,2021-01-31T00:00:00,1.0,0.0
DE2,solar,2021-01-31T03:00:00,1.0,0.0
DE2,solar,2021-01-31T06:00:00,1.0,0.0
DE2,solar,2021-01-31T09:00:00,1.0,4198.444525313765
DE2,solar,2021-01-31T12:00:00,1.0,2627.780765047505
DE2,solar,2021-01-31T15:00:00,1.0,6144.792697794924
DE2,solar,2021-01-31T18:00:00,1.0,0.0
DE2,solar,2021-01-31T21:00:00,1.0,0.0
DE2,solar,2021-02-01T00:00:00,1.0,0.0
DE2,solar,2021-02-01T03:00:00,1.0,0.0
DE2,solar,2021-02-01T06:00:00,1.0,0.0
DE2,solar,2021-02-01T09:00:00,1.0,4572.5510386706155
DE2,solar,2021-02-01T12:00:00,1.0,5860.214762988884
DE2,solar,2021-02-01T15:00:00,1.0,5308.335277565154
DE2,solar,2021-02-01T18:00:00,1.0,0.0
DE2,solar,2021-02-01T21:00:00,1.0,0.0
DE2,solar,2021-02-02T00:00:00,1.0,0.0
DE2,solar,2021-02-02T03:00:00,1.0,0.0
DE2,solar,2021-02-02T06:00:00,1.0,0.0
DE2,solar,2021-02-02T09:00:00,1.0,4401.033766766147
DE2,solar,2021-02-02T12:00:00,1.0,3991.765964831361
DE2,solar,2021-02-02T15:00:00,1.0,4786.326189160245
DE2,solar,2021-02-02T18:00:00,1.0,0.0
DE2,solar,2021-02-02T21:00:00,1.0,0.0
DE2,solar,2021-02-03T00:00:00,1.0,0.0
DE2,solar,2021-02-03T03:00:00,1.0,0.0
DE2,solar,2021-02-03T06:00:00,1.0,0.0
DE2,solar,2021-02-03T09:00:00,1.0,3219.056045163603
DE2,solar,2021-02-03T12:00:00,1.0,6807.622008715043
DE2,solar,2021-02-03T15:00:00,1.0,3219.056045163603
DE2,solar,2021-02-03T18:00:00,1.0,0.0
DE2,solar,2021-02-03T21:00:00,1.0,0.0
DE2,solar,2021-02-04T00:00:00,1.0,0.0
DE2,solar,2021-02-04T03:00:00,1.0,0.0
DE2,solar,2021-02-04T06:00:00,1.0,0.0
DE2,solar,2021-02-04T09:00:00,1.0,3379.387408030825
DE2,solar,2021-02-04T12:00:00,1.0,4093.713312237887
DE2,solar,2021-02-04T15:00:00,1.0,4320.246645941577
DE2,solar,2021-02-04T18:00:00,1.0,0.0
DE2,solar,2021-02-04T21:00:00,1.0,0.0
DE2,solar,2021-02-05T00:00:00,1.0,0.0
DE2,solar,2021-02-05T03:00:00,1.0,0.0
DE2,solar,2021-02-05T06:00:00,1.0,0.0
DE2,solar,2021-02-05T09:00:00,1.0,3078.6107428070445
DE2,solar,2021-02-05T12:00:00,1.0,4127.109857077956
DE2,solar,2021-02-05T15:00:00,1.0,6613.357998577425
DE2,solar,2021-02-05T18:00:00,1.0,0.0
DE2,solar,2021-02-05T21:00:00,1.0,0.0
DE2,solar,2021-02-06T00:00:00,1.0,0.0
DE2,solar,2021-02-06T03:00:00,1.0,0.0
DE2,solar,2021-02-06T06:00:00,1.0,0.0
DE2,solar,2021-02-06T09:00:00,1.0,5087.102854384026
DE2,solar,2021-02-06T12:00:00,1.0,4958.508052307033
DE2,solar,2021-02-06T15:00:00,1.0,6119.935122156595
DE2,solar,2021-02-06T18:00:00,1.0,0.0
DE2,solar,2021-02-06T21:00:00,1.0,0.0
DE2,solar,2021-02-07T00:00:00,1.0,0.0
DE2,solar,2021-02-07T03:00:00,1.0,0.0
DE2,solar,2021-02-07T06:00:00,1.0,0.0
DE2,solar,2021-02-07T09:00:00,1.0,2310.511655582678
DE2,solar,2021-02-07T12:00:00,1.0,4737.036228630789
DE2,solar,2021-02-07T15:00:00,1.0,6956.392542386365
DE2,solar,2021-02-07T18:00:00,1.0,0.0
DE2,solar,2021-02-07T21:00:00,1.0,0.0
DE3,ccgt,2021-01-25T00:00:00,1.0,516.0
DE3,ccgt,2021-01-25T03:00:00,1.0,1720.0
DE3,ccgt,2021-01-25T06:00:00,1.0,1720.0
DE3,ccgt,2021-01-25T09:00:00,1.0,516.0
DE3,ccgt,2021-01-25T12:00:00,1.0,516.0
DE3,ccgt,2021-01-25T15:00:00,1.0,516.0
DE3,ccgt,2021-01-25T18:00:00,1.0,516.0
DE3,ccgt,2021-01-25T21:00:00,1.0,516.0
DE3,ccgt,2021-01-26T00:00:00,1.0,516.0
DE3,ccgt,2021-01-26T03:00:00,1.0,1720.0
DE3,ccgt,2021-01-26T06:00:00,1.0,1720.0
DE3,ccgt,2021-01-26T09:00:00,1.0,516.0
DE3,ccgt,2021-01-26T12:00:00,1.0,516.0
DE3,ccgt,2021-01-26T15:00:00,1.0,516.0
DE3,ccgt,2021-01-26T18:00:00,1.0,516.0
DE3,ccgt,2021-01-26T21:00:00,1.0,516.0
DE3,ccgt,2021-01-27T00:00:00,1.0,516.0
DE3,ccgt,2021-01-27T03:00:00,1.0,1720.0
DE3,ccgt,2021-01-27T06:00:00,1.0,1720.0
DE3,ccgt,2021-01-27T09:00:00,1.0,516.0
DE3,ccgt,2021-01-27T12:00:00,1.0,516.0
DE3,ccgt,2021-01-27T15:00:00,1.0,516.0
DE3,ccgt,2021-01-27T18:00:00,1.0,516.0
DE3,ccgt,2021-01-27T21:00:00,1.0,516.0
DE3,ccgt,2021-01-28T00:00:00,1.0,1720.0
DE3,ccgt,2021-01-28T03:00:00,1.0,1720.0
DE3,ccgt,2021-01-28T06:00:00,1.0,1720.0
DE3,ccgt,2021-01-28T09:00:00,1.0,516.0
DE3,ccgt,2021-01-28T12:00:00,1.0,516.0
DE3,ccgt,2021-01-28T15:00:00,1.0,516.0
DE3,ccgt,2021-01-28T18:00:00,1.0,1720.0
DE3,ccgt,2021-01-28T21:00:00,1.0,1720.0
DE3,ccgt,2021-01-29T00:00:00,1.0,1720.0
DE3,ccgt,2021-01-29T03:00:00,1.0,1720.0
DE3,ccgt,2021-01-29T06:00:00,1.0,1720.0
DE3,ccgt,2021-01-29T09:00:00,1.0,516.0
DE3,ccgt,2021-01-29T12:00:00,1.0,516.0
DE3,ccgt,2021-01-29T15:00:00,1.0,516.0
DE3,ccgt,2021-01-29T18:00:00,1.0,516.0
DE3,ccgt,2021-01-29T21:00:00,1.0,516.0
DE3,ccgt,2021-01-30T00:00:00,1.0,516.0
DE3,ccgt,2021-01-30T03:00:00,1.0,1720.0
DE3,ccgt,2021-01-30T06:00:00,1.0,1720.0
DE3,ccgt,2021-01-30T09:00:00,1.0,516.0
DE3,ccgt,2021-01-30T12:00:00,1.0,516.0
DE3,ccgt,2021-01-30T15:00:00,1.0,516.0
DE3,ccgt,2021-01-30T18:00:00,1.0,516.0
DE3,ccgt,2021-01-30T21:00:00,1.0,516.0
DE3,ccgt,2021-01-31T00:00:00,1.0,1720.0
DE3,ccgt,2021-01-31T03:00:00,1.0,1720.0
DE3,ccgt,2021-01-31T06:00:00,1.0,1720.0
DE3,ccgt,2021-01-31T09:00:00,1.0,516.0
DE3,ccgt,2021-01-31T12:00:00,1.0,516.0
DE3,ccgt,2021-01-31T15:00:00,1.0,516.0
DE3,ccgt,2021-01-31T18:00:00,1.0,516.0
DE3,ccgt,2021-01-31T21:00:00,1.0,516.0
DE3,ccgt,2021-02-01T00:00:00,1.0,1720.0
DE3,ccgt,2021-02-01T03:00:00,1.0,1720.0
DE3,ccgt,2021-02-01T06:00:00,1.0,1720.0
DE3,ccgt,2021-02-01T09:00:00,1.0,516.0
DE3,ccgt,2021-02-01T12:00:00,1.0,516.0
DE3,ccgt,2021-02-01T15:00:00,1.0,516.0
DE3,ccgt,2021-02-01T18:00:00,1.0,516.0
DE3,ccgt,2021-02-01T21:00:00,1.0,516.0
DE3,ccgt,2021-02-02T00:00:00,1.0,1720.0
DE3,ccgt,2021-02-02T03:00:00,1.0,1720.0
DE3,ccgt,2021-02-02T06:00:00,1.0,1720.0
DE3,ccgt,2021-02-02T09:00:00,1.0,516.0
DE3,ccgt,2021-02-02T12:00:00,1.0,516.0
DE3,ccgt,2021-02-02T15:00:00,1.0,516.0
DE3,ccgt,2021-02-02T18:00:00,1.0,516.0
DE3,ccgt,2021-02-02T21:00:00,1.0,516.0
DE3,ccgt,2021-02-03T00:00:00,1.0,1720.0
DE3,ccgt,2021-02-03T03:00:00,1.0,1720.0
DE3,ccgt,2021-02-03T06:00:00,1.0,1720.0
DE3,ccgt,2021-02-03T09:00:00,1.0,516.0
DE3,ccgt,2021-02-03T12:00:00,1.0,516.0
DE3,ccgt,2021-02-03T15:00:00,1.0,516.0
DE3,ccgt,2021-02-03T18:00:00,1.0,516.0
DE3,ccgt,2021-02-03T21:00:00,1.0,516.0
DE3,ccgt,2021-02-04T00:00:00,1.0,1720.0
DE3,ccgt,2021-02-04T03:00:00,1.0,1720.0
DE3,ccgt,2021-02-04T06:00:00,1.0,1720.0
DE3,ccgt,2021-02-04T09:00:00,1.0,516.0
DE3,ccgt,2021-02-04T12:00:00,1.0,516.0
DE3,ccgt,2021-02-04T15:00:00,1.0,516.0
DE3,ccgt,2021-02-04T18:00:00,1.0,516.0
DE3,ccgt,2021-02-04T21:00:00,1.0,1720.0
DE3,ccgt,2021-02-05T00:00:00,1.0,1720.0
DE3,ccgt,2021-02-05T03:00:00,1.0,1720.0
DE3,ccgt,2021-02-05T06:00:00,1.0,1720.0
DE3,ccgt,2021-02-05T09:00:00,1.0,516.0
DE3,ccgt,2021-02-05T12:00:00,1.0,516.0
DE3,ccgt,2021-02-05T15:00:00,1.0,516.0
DE3,ccgt,2021-02-05T18:00:00,1.0,516.0
DE3,ccgt,2021-02-05T21:00:00,1.0,516.0
DE3,ccgt,2021-02-06T00:00:00,1.0,1720.0
DE3,ccgt,2021-02-06T03:00:00,1.0,1720.0
DE3,ccgt,2021-02-06T06:00:00,1.0,1720.0
DE3,ccgt,2021-02-06T09:00:00,1.0,516.0
DE3,ccgt,2021-02-06T12:00:00,1.0,516.0
DE3,ccgt,2021-02-06T15:00:00,1.0,516.0
DE3,ccgt,2021-02-06T18:00:00,1.0,516.0
DE3,ccgt,2021-02-06T21:00:00,1.0,516.0
DE3,ccgt,2021-02-07T00:00:00,1.0,516.0
DE3,ccgt,2021-02-07T03:00:00,1.0,1720.0
DE3,ccgt,2021-02-07T06:00:00,1.0,1720.0
DE3,ccgt,2021-02-07T09:00:00,1.0,516.0
DE3,ccgt,2021-02-07T12:00:00,1.0,516.0
DE3,ccgt,2021-02-07T15:00:00,1.0,516.0
DE3,ccgt,2021-02-07T18:00:00,1.0,516.0
DE3,ccgt,2021-02-07T21:00:00,1.0,516.0
DE3,ocgt,2021-01-25T00:00:00,1.0,0.0
DE3,ocgt,2021-01-25T03:00:00,1.0,770.0
DE3,ocgt,2021-01-25T06:00:00,1.0,770.0
DE3,ocgt,2021-01-25T09:00:00,1.0,0.0
DE3,ocgt,2021-01-25T12:00:00,1.0,0.0
DE3,ocgt,2021-01-25T15:00:00,1.0,0.0
DE3,ocgt,2021-01-25T18:00:00,1.0,0.0
DE3,ocgt,2021-01-25T21:00:00,1.0,0.0
DE3,ocgt,2021-01-26T00:00:00,1.0,0.0
DE3,ocgt,2021-01-26T03:00:00,1.0,0.0
DE3,ocgt,2021-01-26T06:00:00,1.0,0.0
DE3,ocgt,2021-01-26T09:00:00,1.0,0.0
DE3,ocgt,2021-01-26T12:00:00,1.0,0.0
DE3,ocgt,2021-01-26T15:00:00,1.0,0.0
DE3,ocgt,2021-01-26T18:00:00,1.0,0.0
DE3,ocgt,2021-01-26T21:00:00,1.0,0.0
DE3,ocgt,2021-01-27T00:00:00,1.0,0.0
DE3,ocgt,2021-01-27T03:00:00,1.0,0.0
DE3,ocgt,2021-01-27T06:00:00,1.0,0.0
DE3,ocgt,2021-01-27T09:00:00,1.0,0.0
DE3,ocgt,2021-01-27T12:00:00,1.0,0.0
DE3,ocgt,2021-01-27T15:00:00,1.0,0.0
DE3,ocgt,2021-01-27T18:00:00,1.0,0.0
DE3,ocgt,2021-01-27T21:00:00,1.0,0.0
DE3,ocgt,2021-01-28T00:00:00,1.0,0.0
DE3,ocgt,2021-01-28T03:00:00,1.0,0.0
DE3,ocgt,2021-01-28T06:00:00,1.0,0.0
DE3,ocgt,2021-01-28T09:00:00,1.0,0.0
DE3,ocgt,2021-01-28T12:00:00,1.0,0.0
DE3,ocgt,2021-01-28T15:00:00,1.0,0.0
DE3,ocgt,2021-01-28T18:00:00,1.0,0.0
DE3,ocgt,2021-01-28T21:00:00,1.0,0.0
DE3,ocgt,2021-01-29T00:00:00,1.0,0.0
DE3,ocgt,2021-01-29T03:00:00,1.0,0.0
DE3,ocgt,2021-01-29T06:00:00,1.0,0.0
DE3,ocgt,2021-01-29T09:00:00,1.0,0.0
DE3,ocgt,2021-01-29T12:00:00,1.0,0.0
DE3,ocgt,2021-01-29T15:00:00,1.0,0.0
DE3,ocgt,2021-01-29T18:00:00,1.0,0.0
DE3,ocgt,2021-01-29T21:00:00,1.0,0.0
DE3,ocgt,2021-01-30T00:00:00,1.0,0.0
DE3,ocgt,2021-01-30T03:00:00,1.0,0.0
DE3,ocgt,2021-01-30T06:00:00,1.0,0.0
DE3,ocgt,2021-01-30T09:00:00,1.0,0.0
DE3,ocgt,2021-01-30T12:00:00,1.0,0.0
DE3,ocgt,2021-01-30T15:00:00,1.0,0.0
DE3,ocgt,2021-01-30T18:00:00,1.0,0.0
DE3,ocgt,2021-01-30T21:00:00,1.0,0.0
DE3,ocgt,2021-01-31T00:00:00,1.0,0.0
DE3,ocgt,2021-01-31T03:00:00,1.0,0.0
DE3,ocgt,2021-01-31T06:00:00,1.0,0.0
DE3,ocgt,2021-01-31T09:00:00,1.0,0.0
DE3,ocgt,2021-01-31T12:00:00,1.0,0.0
DE3,ocgt,2021-01-31T15:00:00,1.0,0.0
DE3,ocgt,2021-01-31T18:00:00,1.0,0.0
DE3,ocgt,2021-01-31T21:00:00,1.0,0.0
DE3,ocgt,2021-02-01T00:00:00,1.0,0.0
DE3,ocgt,2021-02-01T03:00:00,1.0,0.0
DE3,ocgt,2021-02-01T06:00:00,1.0,0.0
DE3,ocgt,2021-02-01T09:00:00,1.0,0.0
DE3,ocgt,2021-02-01T12:00:00,1.0,0.0
DE3,ocgt,2021-02-01T15:00:00,1.0,0.0
DE3,ocgt,2021-02-01T18:00:00,1.0,0.0
DE3,ocgt,2021-02-01T21:00:00,1.0,0.0
DE3,ocgt,2021-02-02T00:00:00,1.0,0.0
DE3,ocgt,2021-02-02T03:00:00,1.0,0.0
DE3,ocgt,2021-02-02T06:00:00,1.0,0.0
DE3,ocgt,2021-02-02T09:00:00,1.0,0.0
DE3,ocgt,2021-02-02T12:00:00,1.0,0.0
DE3,ocgt,2021-02-02T15:00:00,1.0,0.0
DE3,ocgt,2021-02-02T18:00:00,1.0,0.0
DE3,ocgt,2021-02-02T21:00:00,1.0,0.0
DE3,ocgt,2021-02-03T00:00:00,1.0,0.0
DE3,ocgt,2021-02-03T03:00:00,1.0,0.0
DE3,ocgt,2021-02-03T06:00:00,1.0,0.0
DE3,ocgt,2021-02-03T09:00:00,1.0,0.0
DE3,ocgt,2021-02-03T12:00:00,1.0,0.0
DE3,ocgt,2021-02-03T15:00:00,1.0,0.0
DE3,ocgt,2021-02-03T18:00:00,1.0,0.0
DE3,ocgt,2021-02-03T21:00:00,1.0,0.0
DE3,ocgt,2021-02-04T00:00:00,1.0,0.0
DE3,ocgt,2021-02-04T03:00:00,1.0,0.0
DE3,ocgt,2021-02-04T06:00:00,1.0,0.0
DE3,ocgt,2021-02-04T09:00:00,1.0,0.0
DE3,ocgt,2021-02-04T12:00:00,1.0,0.0
DE3,ocgt,2021-02-04T15:00:00,1.0,0.0
DE3,ocgt,2021-02-04T18:00:00,1.0,0.0
DE3,ocgt,2021-02-04T21:00:00,1.0,0.0
DE3,ocgt,2021-02-05T00:00:00,1.0,0.0
DE3,ocgt,2021-02-05T03:00:00,1.0,0.0
DE3,ocgt,2021-02-05T06:00:00,1.0,0.0
DE3,ocgt,2021-02-05T09:00:00,1.0,0.0
DE3,ocgt,2021-02-05T12:00:00,1.0,0.0
DE3,ocgt,2021-02-05T15:00:00,1.0,0.0
DE3,ocgt,2021-02-05T18:00:00,1.0,0.0
DE3,ocgt,2021-02-05T21:00:00,1.0,0.0
DE3,ocgt,2021-02-06T00:00:00,1.0,0.0
DE3,ocgt,2021-02-06T03:00:00,1.0,0.0
DE3,ocgt,2021-02-06T06:00:00,1.0,0.0
DE3,ocgt,2021-02-06T09:00:00,1.0,0.0
DE3,ocgt,2021-02-06T12:00:00,1.0,0.0
DE3,ocgt,2021-02-06T15:00:00,1.0,0.0
DE3,ocgt,2021-02-06T18:00:00,1.0,0.0
DE3,ocgt,2021-02-06T21:00:00,1.0,0.0
DE3,ocgt,2021-02-07T00:00:00,1.0,0.0
DE3,ocgt,2021-02-07T03:00:00,1.0,0.0
DE3,ocgt,2021-02-07T06:00:00,1.0,0.0
DE3,ocgt,2021-02-07T09:00:00,1.0,0.0
DE3,ocgt,2021-02-07T12:00:00,1.0,0.0
DE3,ocgt,2021-02-07T15:00:00,1.0,0.0
DE3,ocgt,2021-02-07T18:00:00,1.0,0.0
DE3,ocgt,2021-02-07T21:00:00,1.0,0.0
DE3,offwind,2021-01-25T00:00:00,1.0,0.0
DE3,offwind,2021-01-25T03:00:00,1.0,16.1791344
DE3,offwind,2021-01-25T06:00:00,1.0,23.276984399999993
DE3,offwind,2021-01-25T09:00:00,1.0,22.7871252
DE3,offwind,2021-01-25T12:00:00,1.0,0.0
DE3,offwind,2021-01-25T15:00:00,1.0,25.640639999999998
DE3,offwind,2021-01-25T18:00:00,1.0,33.353510400000005
DE3,offwind,2021-01-25T21:00:00,1.0,23.804766000000015
DE3,offwind,2021-01-26T00:00:00,1.0,29.559686399999997
DE3,offwind,2021-01-26T03:00:00,1.0,28.804377599999984
DE3,offwind,2021-01-26T06:00:00,1.0,23.2047
DE3,offwind,2021-01-26T09:00:00,1.0,0.0
DE3,offwind,2021-01-26T12:00:00,1.0,0.0
DE3,offwind,2021-01-26T15:00:00,1.0,0.0
DE3,offwind,2021-01-26T18:00:00,1.0,42.735535199999994
DE3,offwind,2021-01-26T21:00:00,1.0,35.7724224
DE3,offwind,2021-01-27T00:00:00,1.0,27.4968864
DE3,offwind,2021-01-27T03:00:00,1.0,24.805439999999994
DE3,offwind,2021-01-27T06:00:00,1.0,33.1740288
DE3,offwind,2021-01-27T09:00:00,1.0,0.0
DE3,offwind,2021-01-27T12:00:00,1.0,26.412796800000002
DE3,offwind,2021-01-27T15:00:00,1.0,25.576128
DE3,offwind,2021-01-27T18:00:00,1.0,17.431848000000002
DE3,offwind,2021-01-27T21:00:00,1.0,9.980107200000003
DE3,offwind,2021-01-28T00:00:00,1.0,10.4186736
DE3,offwind,2021-01-28T03:00:00,1.0,8.858808000000002
DE3,offwind,2021-01-28T06:00:00,1.0,7.0262100000000025
DE3,offwind,2021-01-28T09:00:00,1.0,5.264366400000002
DE3,offwind,2021-01-28T12:00:00,1.0,6.940512000000001
DE3,offwind,2021-01-28T15:00:00,1.0,5.11272
DE3,offwind,2021-01-28T18:00:00,1.0,7.291576800000002
DE3,offwind,2021-01-28T21:00:00,1.0,5.793408
DE3,offwind,2021-01-29T00:00:00,1.0,11.461373999999998
DE3,offwind,2021-01-29T03:00:00,1.0,12.503930400000002
DE3,offwind,2021-01-29T06:00:00,1.0,7.4520431999999985
DE3,offwind,2021-01-29T09:00:00,1.0,0.0
DE3,offwind,2021-01-29T12:00:00,1.0,0.0
DE3,offwind,2021-01-29T15:00:00,1.0,0.0
DE3,offwind,2021-01-29T18:00:00,1.0,10.729339199999997
DE3,offwind,2021-01-29T21:00:00,1.0,12.140668799999997
DE3,offwind,2021-01-30T00:00:00,1.0,19.529913599999993
DE3,offwind,2021-01-30T03:00:00,1.0,42.237676799999996
DE3,offwind,2021-01-30T06:00:00,1.0,24.607889999999998
DE3,offwind,2021-01-30T09:00:00,1.0,34.38135720000001
DE3,offwind,2021-01-30T12:00:00,1.0,30.87048960000001
DE3,offwind,2021-01-30T15:00:00,1.0,41.425920000000005
DE3,offwind,2021-01-30T18:00:00,1.0,38.57375519999999
DE3,offwind,2021-01-30T21:00:00,1.0,67.43771639999999
DE3,offwind,2021-01-31T00:00:00,1.0,46.31808959999999
DE3,offwind,2021-01-31T03:00:00,1.0,49.0496256
DE3,offwind,2021-01-31T06:00:00,1.0,45.622457999999995
DE3,offwind,2021-01-31T09:00:00,1.0,43.18862399999999
DE3,offwind,2021-01-31T12:00:00,1.0,39.522492000000014
DE3,offwind,2021-01-31T15:00:00,1.0,29.530857599999997
DE3,offwind,2021-01-31T18:00:00,1.0,40.7171448
DE3,offwind,2021-01-31T21:00:00,1.0,43.73235360000001
DE3,offwind,2021-02-01T00:00:00,1.0,33.083236799999995
DE3,offwind,2021-02-01T03:00:00,1.0,22.793760000000002
DE3,offwind,2021-02-01T06:00:00,1.0,31.28304959999999
DE3,offwind,2021-02-01T09:00:00,1.0,19.972094400000003
DE3,offwind,2021-02-01T12:00:00,1.0,15.058123199999999
DE3,offwind,2021-02-01T15:00:00,1.0,15.657408000000007
DE3,offwind,2021-02-01T18:00:00,1.0,15.484215600000002
DE3,offwind,2021-02-01T21:00:00,1.0,16.8864192
DE3,offwind,2021-02-02T00:00:00,1.0,10.227254399999998
DE3,offwind,2021-02-02T03:00:00,1.0,6.9243336
DE3,offwind,2021-02-02T06:00:00,1.0,7.413314400000001
DE3,offwind,2021-02-02T09:00:00,1.0,7.5593303999999995
DE3,offwind,2021-02-02T12:00:00,1.0,7.541855999999999
DE3,offwind,2021-02-02T15:00:00,1.0,6.6162383999999985
DE3,offwind,2021-02-02T18:00:00,1.0,4.7882880000000005
DE3,offwind,2021-02-02T21:00:00,1.0,5.651280000000002
DE3,offwind,2021-02-03T00:00:00,1.0,8.149471199999999
DE3,offwind,2021-02-03T03:00:00,1.0,8.488677599999999
DE3,offwind,2021-02-03T06:00:00,1.0,8.28783
DE3,offwind,2021-02-03T09:00:00,1.0,7.953623999999999
DE3,offwind,2021-02-03T12:00:00,1.0,7.566048
DE3,offwind,2021-02-03T15:00:00,1.0,9.4062672
DE3,offwind,2021-02-03T18:00:00,1.0,14.069750399999995
DE3,offwind,2021-02-03T21:00:00,1.0,15.175835999999999
DE3,offwind,2021-02-04T00:00:00,1.0,24.324048000000005
DE3,offwind,2021-02-04T03:00:00,1.0,23.992848000000006
DE3,offwind,2021-02-04T06:00:00,1.0,39.1369428
DE3,offwind,2021-02-04T09:00:00,1.0,20.943939600000004
DE3,offwind,2021-02-04T12:00:00,1.0,26.742826800000007
DE3,offwind,2021-02-04T15:00:00,1.0,27.327743999999996
DE3,offwind,2021-02-04T18:00:00,1.0,27.765395999999996
DE3,offwind,2021-02-04T21:00:00,1.0,34.7859684
DE3,offwind,2021-02-05T00:00:00,1.0,27.917481600000002
DE3,offwind,2021-02-05T03:00:00,1.0,28.062720000000002
DE3,offwind,2021-02-05T06:00:00,1.0,30.731094
DE3,offwind,2021-02-05T09:00:00,1.0,33.46109279999999
DE3,offwind,2021-02-05T12:00:00,1.0,36.87562799999999
DE3,offwind,2021-02-05T15:00:00,1.0,25.67126160000001
DE3,offwind,2021-02-05T18:00:00,1.0,22.493408400000003
DE3,offwind,2021-02-05T21:00:00,1.0,28.7767584
DE3,offwind,2021-02-06T00:00:00,1.0,29.2028976
DE3,offwind,2021-02-06T03:00:00,1.0,26.50032
DE3,offwind,2021-02-06T06:00:00,1.0,27.53087040000001
DE3,offwind,2021-02-06T09:00:00,1.0,24.43039919999999
DE3,offwind,2021-02-06T12:00:00,1.0,22.11782399999999
DE3,offwind,2021-02-06T15:00:00,1.0,26.473536
DE3,offwind,2021-02-06T18:00:00,1.0,23.188662000000004
DE3,offwind,2021-02-06T21:00:00,1.0,25.2031752
DE3,offwind,2021-02-07T00:00:00,1.0,14.718769200000006
DE3,offwind,2021-02-07T03:00:00,1.0,12.233592000000003
DE3,offwind,2021-02-07T06:00:00,1.0,6.373965599999998
DE3,offwind,2021-02-07T09:00:00,1.0,7.6951548
DE3,offwind,2021-02-07T12:00:00,1.0,8.130672
DE3,offwind,2021-02-07T15:00:00,1.0,5.044550399999999
DE3,offwind,2021-02-07T18:00:00,1.0,4.045399199999999
DE3,offwind,2021-02-07T21:00:00,1.0,4.981248
DE3,onwind,2021-01-25T00:00:00,1.0,0.0
DE3,onwind,2021-01-25T03:00:00,1.0,239.00994
DE3,onwind,2021-01-25T06:00:00,1.0,343.8734714999999
DE3,onwind,2021-01-25T09:00:00,1.0,336.5709165
DE3,onwind,2021-01-25T12:00:00,1.0,0.0
DE3,onwind,2021-01-25T15:00:00,1.0,378.76585499999993
DE3,onwind,2021-01-25T18:00:00,1.0,492.65143200000006
DE3,onwind,2021-01-25T21:00:00,1.0,351.6335550000002
DE3,onwind,2021-01-26T00:00:00,1.0,436.64540399999987
DE3,onwind,2021-01-26T03:00:00,1.0,425.53449899999976
DE3,onwind,2021-01-26T06:00:00,1.0,342.83340000000004
DE3,onwind,2021-01-26T09:00:00,1.0,0.0
DE3,onwind,2021-01-26T12:00:00,1.0,0.0
DE3,onwind,2021-01-26T15:00:00,1.0,0.0
DE3,onwind,2021-01-26T18:00:00,1.0,631.3321169999999
DE3,onwind,2021-01-26T21:00:00,1.0,528.3958680000001
DE3,onwind,2021-01-27T00:00:00,1.0,406.238976
DE3,onwind,2021-01-27T03:00:00,1.0,366.4439999999999
DE3,onwind,2021-01-27T06:00:00,1.0,490.07088
DE3,onwind,2021-01-27T09:00:00,1.0,0.0
DE3,onwind,2021-01-27T12:00:00,1.0,390.15627300000006
DE3,onwind,2021-01-27T15:00:00,1.0,377.8522020000001
DE3,onwind,2021-01-27T18:00:00,1.0,257.49009000000007
DE3,onwind,2021-01-27T21:00:00,1.0,147.41157600000005
DE3,onwind,2021-01-28T00:00:00,1.0,153.87980399999998
DE3,onwind,2021-01-28T03:00:00,1.0,130.79839500000003
DE3,onwind,2021-01-28T06:00:00,1.0,103.78923750000004
DE3,onwind,2021-01-28T09:00:00,1.0,77.78698200000004
DE3,onwind,2021-01-28T12:00:00,1.0,102.574485
DE3,onwind,2021-01-28T15:00:00,1.0,75.5001
DE3,onwind,2021-01-28T18:00:00,1.0,107.70546150000004
DE3,onwind,2021-01-28T21:00:00,1.0,85.62996000000001
DE3,onwind,2021-01-29T00:00:00,1.0,169.380315
DE3,onwind,2021-01-29T03:00:00,1.0,184.74908400000004
DE3,onwind,2021-01-29T06:00:00,1.0,110.07851399999998
DE3,onwind,2021-01-29T09:00:00,1.0,0.0
DE3,onwind,2021-01-29T12:00:00,1.0,0.0
DE3,onwind,2021-01-29T15:00:00,1.0,0.0
DE3,onwind,2021-01-29T18:00:00,1.0,158.53125599999996
DE3,onwind,2021-01-29T21:00:00,1.0,179.38065599999996
DE3,onwind,2021-01-30T00:00:00,1.0,288.5541749999999
DE3,onwind,2021-01-30T03:00:00,1.0,623.9656799999999
DE3,onwind,2021-01-30T06:00:00,1.0,363.53508750000003
DE3,onwind,2021-01-30T09:00:00,1.0,507.82030650000013
DE3,onwind,2021-01-30T12:00:00,1.0,456.08284800000007
DE3,onwind,2021-01-30T15:00:00,1.0,611.94744
DE3,onwind,2021-01-30T18:00:00,1.0,569.7575909999999
DE3,onwind,2021-01-30T21:00:00,1.0,996.1603469999999
DE3,onwind,2021-01-31T00:00:00,1.0,684.1947059999999
DE3,onwind,2021-01-31T03:00:00,1.0,724.6227690000001
DE3,onwind,2021-01-31T06:00:00,1.0,674.040276
DE3,onwind,2021-01-31T09:00:00,1.0,637.9682399999999
DE3,onwind,2021-01-31T12:00:00,1.0,583.7816205000001
DE3,onwind,2021-01-31T15:00:00,1.0,436.235436
DE3,onwind,2021-01-31T18:00:00,1.0,601.5144329999999
DE3,onwind,2021-01-31T21:00:00,1.0,645.9723270000002
DE3,onwind,2021-02-01T00:00:00,1.0,488.771712
DE3,onwind,2021-02-01T03:00:00,1.0,336.72600000000006
DE3,onwind,2021-02-01T06:00:00,1.0,462.1359599999999
DE3,onwind,2021-02-01T09:00:00,1.0,295.10348400000004
DE3,onwind,2021-02-01T12:00:00,1.0,222.43086449999996
DE3,onwind,2021-02-01T15:00:00,1.0,231.3167220000001
DE3,onwind,2021-02-01T18:00:00,1.0,228.72113550000006
DE3,onwind,2021-02-01T21:00:00,1.0,249.421536
DE3,onwind,2021-02-02T00:00:00,1.0,151.05261599999997
DE3,onwind,2021-02-02T03:00:00,1.0,102.23629650000001
DE3,onwind,2021-02-02T06:00:00,1.0,109.50743700000002
DE3,onwind,2021-02-02T09:00:00,1.0,111.697677
DE3,onwind,2021-02-02T12:00:00,1.0,111.461805
DE3,onwind,2021-02-02T15:00:00,1.0,97.702722
DE3,onwind,2021-02-02T18:00:00,1.0,70.72884
DE3,onwind,2021-02-02T21:00:00,1.0,83.52922500000003
DE3,onwind,2021-02-03T00:00:00,1.0,120.435822
DE3,onwind,2021-02-03T03:00:00,1.0,125.422596
DE3,onwind,2021-02-03T06:00:00,1.0,122.4244125
DE3,onwind,2021-02-03T09:00:00,1.0,117.53673749999997
DE3,onwind,2021-02-03T12:00:00,1.0,111.74436000000001
DE3,onwind,2021-02-03T15:00:00,1.0,138.95622
DE3,onwind,2021-02-03T18:00:00,1.0,207.88747199999995
DE3,onwind,2021-02-03T21:00:00,1.0,224.22582
DE3,onwind,2021-02-04T00:00:00,1.0,359.38743750000003
DE3,onwind,2021-02-04T03:00:00,1.0,354.4398000000001
DE3,onwind,2021-02-04T06:00:00,1.0,578.1743955000001
DE3,onwind,2021-02-04T09:00:00,1.0,309.34665450000006
DE3,onwind,2021-02-04T12:00:00,1.0,395.10045900000006
DE3,onwind,2021-02-04T15:00:00,1.0,403.6879079999999
DE3,onwind,2021-02-04T18:00:00,1.0,410.1116174999999
DE3,onwind,2021-02-04T21:00:00,1.0,513.843057
DE3,onwind,2021-02-05T00:00:00,1.0,412.387326
DE3,onwind,2021-02-05T03:00:00,1.0,414.5778
DE3,onwind,2021-02-05T06:00:00,1.0,454.030668
DE3,onwind,2021-02-05T09:00:00,1.0,494.2763279999999
DE3,onwind,2021-02-05T12:00:00,1.0,544.6851344999999
DE3,onwind,2021-02-05T15:00:00,1.0,379.2207510000001
DE3,onwind,2021-02-05T18:00:00,1.0,332.2951515
DE3,onwind,2021-02-05T21:00:00,1.0,425.06263799999994
DE3,onwind,2021-02-06T00:00:00,1.0,431.44358399999993
DE3,onwind,2021-02-06T03:00:00,1.0,391.482
DE3,onwind,2021-02-06T06:00:00,1.0,406.70604000000014
DE3,onwind,2021-02-06T09:00:00,1.0,360.97846199999987
DE3,onwind,2021-02-06T12:00:00,1.0,326.7131399999999
DE3,onwind,2021-02-06T15:00:00,1.0,391.1101739999999
DE3,onwind,2021-02-06T18:00:00,1.0,342.52539750000005
DE3,onwind,2021-02-06T21:00:00,1.0,372.264516
DE3,onwind,2021-02-07T00:00:00,1.0,217.39056300000007
DE3,onwind,2021-02-07T03:00:00,1.0,180.62635500000007
DE3,onwind,2021-02-07T06:00:00,1.0,94.15446299999998
DE3,onwind,2021-02-07T09:00:00,1.0,113.70463649999999
DE3,onwind,2021-02-07T12:00:00,1.0,120.1639725
DE3,onwind,2021-02-07T15:00:00,1.0,74.493432
DE3,onwind,2021-02-07T18:00:00,1.0,59.755468500000006
DE3,onwind,2021-02-07T21:00:00,1.0,73.62576
DE3,solar,2021-01-25T00:00:00,1.0,0.0
DE3,solar,2021-01-25T03:00:00,1.0,0.0
DE3,solar,2021-01-25T06:00:00,1.0,0.0
DE3,solar,2021-01-25T09:00:00,1.0,527.4718515000002
DE3,solar,2021-01-25T12:00:00,1.0,2170.08
DE3,solar,2021-01-25T15:00:00,1.0,1675.8694259999997
DE3,solar,2021-01-25T18:00:00,1.0,0.0
DE3,solar,2021-01-25T21:00:00,1.0,0.0
DE3,solar,2021-01-26T00:00:00,1.0,0.0
DE3,solar,2021-01-26T03:00:00,1.0,0.0
DE3,solar,2021-01-26T06:00:00,1.0,0.0
DE3,solar,2021-01-26T09:00:00,1.0,1353.5060715000002
DE3,solar,2021-01-26T12:00:00,1.0,1774.0800000000002
DE3,solar,2021-01-26T15:00:00,1.0,2158.189407
DE3,solar,2021-01-26T18:00:00,1.0,0.0
DE3,solar,2021-01-26T21:00:00,1.0,0.0
DE3,solar,2021-01-27T00:00:00,1.0,0.0
DE3,solar,2021-01-27T03:00:00,1.0,0.0
DE3,solar,2021-01-27T06:00:00,1.0,0.0
DE3,solar,2021-01-27T09:00:00,1.0,1224.3507209999998
DE3,solar,2021-01-27T12:00:00,1.0,1540.4399999999996
DE3,solar,2021-01-27T15:00:00,1.0,1728.7216154999999
DE3,solar,2021-01-27T18:00:00,1.0,0.0
DE3,solar,2021-01-27T21:00:00,1.0,0.0
DE3,solar,2021-01-28T00:00:00,1.0,0.0
DE3,solar,2021-01-28T03:00:00,1.0,0.0
DE3,solar,2021-01-28T06:00:00,1.0,0.0
DE3,solar,2021-01-28T09:00:00,1.0,973.04031
DE3,solar,2021-01-28T12:00:00,1.0,787.0500000000002
DE3,solar,2021-01-28T15:00:00,1.0,1270.2026204999997
DE3,solar,2021-01-28T18:00:00,1.0,0.0
DE3,solar,2021-01-28T21:00:00,1.0,0.0
DE3,solar,2021-01-29T00:00:00,1.0,0.0
DE3,solar,2021-01-29T03:00:00,1.0,0.0
DE3,solar,2021-01-29T06:00:00,1.0,0.0
DE3,solar,2021-01-29T09:00:00,1.0,1167.9983865
DE3,solar,2021-01-29T12:00:00,1.0,2230.47
DE3,solar,2021-01-29T15:00:00,1.0,2132.288334
DE3,solar,2021-01-29T18:00:00,1.0,0.0
DE3,solar,2021-01-29T21:00:00,1.0,0.0
DE3,solar,2021-01-30T00:00:00,1.0,0.0
DE3,solar,2021-01-30T03:00:00,1.0,0.0
DE3,solar,2021-01-30T06:00:00,1.0,0.0
DE3,solar,2021-01-30T09:00:00,1.0,848.7851624999997
DE3,solar,2021-01-30T12:00:00,1.0,1316.7
DE3,solar,2021-01-30T15:00:00,1.0,1541.1138435
DE3,solar,2021-01-30T18:00:00,1.0,0.0
DE3,solar,2021-01-30T21:00:00,1.0,0.0
DE3,solar,2021-01-31T00:00:00,1.0,0.0
DE3,solar,2021-01-31T03:00:00,1.0,0.0
DE3,solar,2021-01-31T06:00:00,1.0,0.0
DE3,solar,2021-01-31T09:00:00,1.0,1182.3489809999999
DE3,solar,2021-01-31T12:00:00,1.0,740.0249999999999
DE3,solar,2021-01-31T15:00:00,1.0,1730.4716879999996
DE3,solar,2021-01-31T18:00:00,1.0,0.0
DE3,solar,2021-01-31T21:00:00,1.0,0.0
DE3,solar,2021-02-01T00:00:00,1.0,0.0
DE3,solar,2021-02-01T03:00:00,1.0,0.0
DE3,solar,2021-02-01T06:00:00,1.0,0.0
DE3,solar,2021-02-01T09:00:00,1.0,1287.7033455
DE3,solar,2021-02-01T12:00:00,1.0,1650.3299999999997
DE3,solar,2021-02-01T15:00:00,1.0,1494.9119295
DE3,solar,2021-02-01T18:00:00,1.0,0.0
DE3,solar,2021-02-01T21:00:00,1.0,0.0
DE3,solar,2021-02-02T00:00:00,1.0,0.0
DE3,solar,2021-02-02T03:00:00,1.0,0.0
DE3,solar,2021-02-02T06:00:00,1.0,0.0
DE3,solar,2021-02-02T09:00:00,1.0,1239.4013445000003
DE3,solar,2021-02-02T12:00:00,1.0,1124.1449999999998
DE3,solar,2021-02-02T15:00:00,1.0,1347.9058395
DE3,solar,2021-02-02T18:00:00,1.0,0.0
DE3,solar,2021-02-02T21:00:00,1.0,0.0
DE3,solar,2021-02-03T00:00:00,1.0,0.0
DE3,solar,2021-02-03T03:00:00,1.0,0.0
DE3,solar,2021-02-03T06:00:00,1.0,0.0
DE3,solar,2021-02-03T09:00:00,1.0,906.537555
DE3,solar,2021-02-03T12:00:00,1.0,1917.135
DE3,solar,2021-02-03T15:00:00,1.0,906.537555
DE3,solar,2021-02-03T18:00:00,1.0,0.0
DE3,solar,2021-02-03T21:00:00,1.0,0.0
DE3,solar,2021-02-04T00:00:00,1.0,0.0
DE3,solar,2021-02-04T03:00:00,1.0,0.0
DE3,solar,2021-02-04T06:00:00,1.0,0.0
DE3,solar,2021-02-04T09:00:00,1.0,951.6894255000001
DE3,solar,2021-02-04T12:00:00,1.0,1152.855
DE3,solar,2021-02-04T15:00:00,1.0,1216.650402
DE3,solar,2021-02-04T18:00:00,1.0,0.0
DE3,solar,2021-02-04T21:00:00,1.0,0.0
DE3,solar,2021-02-05T00:00:00,1.0,0.0
DE3,solar,2021-02-05T03:00:00,1.0,0.0
DE3,solar,2021-02-05T06:00:00,1.0,0.0
DE3,solar,2021-02-05T09:00:00,1.0,866.9859165
DE3,solar,2021-02-05T12:00:00,1.0,1162.26
DE3,solar,2021-02-05T15:00:00,1.0,1862.4271545
DE3,solar,2021-02-05T18:00:00,1.0,0.0
DE3,solar,2021-02-05T21:00:00,1.0,0.0
DE3,solar,2021-02-06T00:00:00,1.0,0.0
DE3,solar,2021-02-06T03:00:00,1.0,0.0
DE3,solar,2021-02-06T06:00:00,1.0,0.0
DE3,solar,2021-02-06T09:00:00,1.0,1432.6093485
DE3,solar,2021-02-06T12:00:00,1.0,1396.395
DE3,solar,2021-02-06T15:00:00,1.0,1723.471398
DE3,solar,2021-02-06T18:00:00,1.0,0.0
DE3,solar,2021-02-06T21:00:00,1.0,0.0
DE3,solar,2021-02-07T00:00:00,1.0,0.0
DE3,solar,2021-02-07T03:00:00,1.0,0.0
DE3,solar,2021-02-07T06:00:00,1.0,0.0
DE3,solar,2021-02-07T09:00:00,1.0,650.6769554999998
DE3,solar,2021-02-07T12:00:00,1.0,1334.0250000000003
DE3,solar,2021-02-07T15:00:00,1.0,1959.0311564999997
DE3,solar,2021-02-07T18:00:00,1.0,0.0
DE3,solar,2021-02-07T21:00:00,1.0,0.0
DE4,ccgt,2021-01-25T00:00:00,1.0,612.0
DE4,ccgt,2021-01-25T03:00:00,1.0,2040.0
DE4,ccgt,2021-01-25T06:00:00,1.0,2040.0
DE4,ccgt,2021-01-25T09:00:00,1.0,612.0
DE4,ccgt,2021-01-25T12:00:00,1.0,612.0
DE4,ccgt,2021-01-25T15:00:00,1.0,612.0
DE4,ccgt,2021-01-25T18:00:00,1.0,612.0
DE4,ccgt,2021-01-25T21:00:00,1.0,612.0
DE4,ccgt,2021-01-26T00:00:00,1.0,612.0
DE4,ccgt,2021-01-26T03:00:00,1.0,612.0
DE4,ccgt,2021-01-26T06:00:00,1.0,2040.0
DE4,ccgt,2021-01-26T09:00:00,1.0,612.0
DE4,ccgt,2021-01-26T12:00:00,1.0,612.0
DE4,ccgt,2021-01-26T15:00:00,1.0,612.0
DE4,ccgt,2021-01-26T18:00:00,1.0,612.0
DE4,ccgt,2021-01-26T21:00:00,1.0,612.0
DE4,ccgt,2021-01-27T00:00:00,1.0,612.0
DE4,ccgt,2021-01-27T03:00:00,1.0,1896.3970927737676
DE4,ccgt,2021-01-27T06:00:00,1.0,2040.0
DE4,ccgt,2021-01-27T09:00:00,1.0,612.0
DE4,ccgt,2021-01-27T12:00:00,1.0,612.0
DE4,ccgt,2021-01-27T15:00:00,1.0,612.0
DE4,ccgt,2021-01-27T18:00:00,1.0,612.0
DE4,ccgt,2021-01-27T21:00:00,1.0,612.0
DE4,ccgt,2021-01-28T00:00:00,1.0,2040.0
DE4,ccgt,2021-01-28T03:00:00,1.0,2040.0
DE4,ccgt,2021-01-28T06:00:00,1.0,2040.0
DE4,ccgt,2021-01-28T09:00:00,1.0,612.0
DE4,ccgt,2021-01-28T12:00:00,1.0,1056.7693246968788
DE4,ccgt,2021-01-28T15:00:00,1.0,612.0
DE4,ccgt,2021-01-28T18:00:00,1.0,2040.0
DE4,ccgt,2021-01-28T21:00:00,1.0,2040.0
DE4,ccgt,2021-01-29T00:00:00,1.0,2040.0
DE4,ccgt,2021-01-29T03:00:00,1.0,2040.0
DE4,ccgt,2021-01-29T06:00:00,1.0,2040.0
DE4,ccgt,2021-01-29T09:00:00,1.0,612.0
DE4,ccgt,2021-01-29T12:00:00,1.0,612.0
DE4,ccgt,2021-01-29T15:00:00,1.0,612.0
DE4,ccgt,2021-01-29T18:00:00,1.0,612.0
DE4,ccgt,2021-01-29T21:00:00,1.0,612.0
DE4,ccgt,2021-01-30T00:00:00,1.0,2040.0
DE4,ccgt,2021-01-30T03:00:00,1.0,2040.0
DE4,ccgt,2021-01-30T06:00:00,1.0,2040.0
DE4,ccgt,2021-01-30T09:00:00,1.0,612.0
DE4,ccgt,2021-01-30T12:00:00,1.0,612.0
DE4,ccgt,2021-01-30T15:00:00,1.0,612.0
DE4,ccgt,2021-01-30T18:00:00,1.0,612.0
DE4,ccgt,2021-01-30T21:00:00,1.0,612.0
DE4,ccgt,2021-01-31T00:00:00,1.0,612.0
DE4,ccgt,2021-01-31T03:00:00,1.0,2040.0
DE4,ccgt,2021-01-31T06:00:00,1.0,2040.0
DE4,ccgt,2021-01-31T09:00:00,1.0,612.0
DE4,ccgt,2021-01-31T12:00:00,1.0,612.0
DE4,ccgt,2021-01-31T15:00:00,1.0,612.0
DE4,ccgt,2021-01-31T18:00:00,1.0,612.0
DE4,ccgt,2021-01-31T21:00:00,1.0,612.0
DE4,ccgt,2021-02-01T00:00:00,1.0,612.0
DE4,ccgt,2021-02-01T03:00:00,1.0,2040.0
DE4,ccgt,2021-02-01T06:00:00,1.0,2040.0
DE4,ccgt,2021-02-01T09:00:00,1.0,612.0
DE4,ccgt,2021-02-01T12:00:00,1.0,612.0
DE4,ccgt,2021-02-01T15:00:00,1.0,612.0
DE4,ccgt,2021-02-01T18:00:00,1.0,612.0
DE4,ccgt,2021-02-01T21:00:00,1.0,612.0
DE4,ccgt,2021-02-02T00:00:00,1.0,612.0
DE4,ccgt,2021-02-02T03:00:00,1.0,2040.0
DE4,ccgt,2021-02-02T06:00:00,1.0,2040.0
DE4,ccgt,2021-02-02T09:00:00,1.0,612.0
DE4,ccgt,2021-02-02T12:00:00,1.0,612.0
DE4,ccgt,2021-02-02T15:00:00,1.0,612.0
DE4,ccgt,2021-02-02T18:00:00,1.0,612.0
DE4,ccgt,2021-02-02T21:00:00,1.0,2040.0
DE4,ccgt,2021-02-03T00:00:00,1.0,2040.0
DE4,ccgt,2021-02-03T03:00:00,1.0,2040.0
DE4,ccgt,2021-02-03T06:00:00,1.0,2040.0
DE4,ccgt,2021-02-03T09:00:00,1.0,612.0
DE4,ccgt,2021-02-03T12:00:00,1.0,612.0
DE4,ccgt,2021-02-03T15:00:00,1.0,612.0
DE4,ccgt,2021-02-03T18:00:00,1.0,612.0
DE4,ccgt,2021-02-03T21:00:00,1.0,612.0
DE4,ccgt,2021-02-04T00:00:00,1.0,2040.0
DE4,ccgt,2021-02-04T03:00:00,1.0,2040.0
DE4,ccgt,2021-02-04T06:00:00,1.0,2040.0
DE4,ccgt,2021-02-04T09:00:00,1.0,612.0
DE4,ccgt,2021-02-04T12:00:00,1.0,612.0
DE4,ccgt,2021-02-04T15:00:00,1.0,612.0
DE4,ccgt,2021-02-04T18:00:00,1.0,612.0
DE4,ccgt,2021-02-04T21:00:00,1.0,2040.0
DE4,ccgt,2021-02-05T00:00:00,1.0,2040.0
DE4,ccgt,2021-02-05T03:00:00,1.0,2040.0
DE4,ccgt,2021-02-05T06:00:00,1.0,2040.0
DE4,ccgt,2021-02-05T09:00:00,1.0,612.0
DE4,ccgt,2021-02-05T12:00:00,1.0,612.0
DE4,ccgt,2021-02-05T15:00:00,1.0,612.0
DE4,ccgt,2021-02-05T18:00:00,1.0,612.0
DE4,ccgt,2021-02-05T21:00:00,1.0,612.0
DE4,ccgt,2021-02-06T00:00:00,1.0,2040.0
DE4,ccgt,2021-02-06T03:00:00,1.0,2040.0
DE4,ccgt,2021-02-06T06:00:00,1.0,2040.0
DE4,ccgt,2021-02-06T09:00:00,1.0,612.0
DE4,ccgt,2021-02-06T12:00:00,1.0,612.0
DE4,ccgt,2021-02-06T15:00:00,1.0,612.0
DE4,ccgt,2021-02-06T18:00:00,1.0,612.0
DE4,ccgt,2021-02-06T21:00:00,1.0,612.0
DE4,ccgt,2021-02-07T00:00:00,1.0,612.0
DE4,ccgt,2021-02-07T03:00:00,1.0,2040.0
DE4,ccgt,2021-02-07T06:00:00,1.0,2040.0
DE4,ccgt,2021-02-07T09:00:00,1.0,612.0
DE4,ccgt,2021-02-07T12:00:00,1.0,612.0
DE4,ccgt,2021-02-07T15:00:00,1.0,612.0
DE4,ccgt,2021-02-07T18:00:00,1.0,612.0
DE4,ccgt,2021-02-07T21:00:00,1.0,612.0
DE4,ocgt,2021-01-25T00:00:00,1.0,0.0
DE4,ocgt,2021-01-25T03:00:00,1.0,890.0
DE4,ocgt,2021-01-25T06:00:00,1.0,890.0
DE4,ocgt,2021-01-25T09:00:00,1.0,0.0
DE4,ocgt,2021-01-25T12:00:00,1.0,0.0
DE4,ocgt,2021-01-25T15:00:00,1.0,0.0
DE4,ocgt,2021-01-25T18:00:00,1.0,0.0
DE4,ocgt,2021-01-25T21:00:00,1.0,0.0
DE4,ocgt,2021-01-26T00:00:00,1.0,0.0
DE4,ocgt,2021-01-26T03:00:00,1.0,0.0
DE4,ocgt,2021-01-26T06:00:00,1.0,0.0
DE4,ocgt,2021-01-26T09:00:00,1.0,0.0
DE4,ocgt,2021-01-26T12:00:00,1.0,0.0
DE4,ocgt,2021-01-26T15:00:00,1.0,0.0
DE4,ocgt,2021-01-26T18:00:00,1.0,0.0
DE4,ocgt,2021-01-26T21:00:00,1.0,0.0
DE4,ocgt,2021-01-27T00:00:00,1.0,0.0
DE4,ocgt,2021-01-27T03:00:00,1.0,0.0
DE4,ocgt,2021-01-27T06:00:00,1.0,0.0
DE4,ocgt,2021-01-27T09:00:00,1.0,0.0
DE4,ocgt,2021-01-27T12:00:00,1.0,0.0
DE4,ocgt,2021-01-27T15:00:00,1.0,0.0
DE4,ocgt,2021-01-27T18:00:00,1.0,0.0
DE4,ocgt,2021-01-27T21:00:00,1.0,0.0
DE4,ocgt,2021-01-28T00:00:00,1.0,0.0
DE4,ocgt,2021-01-28T03:00:00,1.0,0.0
DE4,ocgt,2021-01-28T06:00:00,1.0,0.0
DE4,ocgt,2021-01-28T09:00:00,1.0,0.0
DE4,ocgt,2021-01-28T12:00:00,1.0,0.0
DE4,ocgt,2021-01-28T15:00:00,1.0,0.0
DE4,ocgt,2021-01-28T18:00:00,1.0,0.0
DE4,ocgt,2021-01-28T21:00:00,1.0,0.0
DE4,ocgt,2021-01-29T00:00:00,1.0,0.0
DE4,ocgt,2021-01-29T03:00:00,1.0,0.0
DE4,ocgt,2021-01-29T06:00:00,1.0,0.0
DE4,ocgt,2021-01-29T09:00:00,1.0,0.0
DE4,ocgt,2021-01-29T12:00:00,1.0,0.0
DE4,ocgt,2021-01-29T15:00:00,1.0,0.0
DE4,ocgt,2021-01-29T18:00:00,1.0,0.0
DE4,ocgt,2021-01-29T21:00:00,1.0,0.0
DE4,ocgt,2021-01-30T00:00:00,1.0,0.0
DE4,ocgt,2021-01-30T03:00:00,1.0,0.0
DE4,ocgt,2021-01-30T06:00:00,1.0,0.0
DE4,ocgt,2021-01-30T09:00:00,1.0,0.0
DE4,ocgt,2021-01-30T12:00:00,1.0,0.0
DE4,ocgt,2021-01-30T15:00:00,1.0,0.0
DE4,ocgt,2021-01-30T18:00:00,1.0,0.0
DE4,ocgt,2021-01-30T21:00:00,1.0,0.0
DE4,ocgt,2021-01-31T00:00:00,1.0,0.0
DE4,ocgt,2021-01-31T03:00:00,1.0,0.0
DE4,ocgt,2021-01-31T06:00:00,1.0,0.0
DE4,ocgt,2021-01-31T09:00:00,1.0,0.0
DE4,ocgt,2021-01-31T12:00:00,1.0,0.0
DE4,ocgt,2021-01-31T15:00:00,1.0,0.0
DE4,ocgt,2021-01-31T18:00:00,1.0,0.0
DE4,ocgt,2021-01-31T21:00:00,1.0,0.0
DE4,ocgt,2021-02-01T00:00:00,1.0,0.0
DE4,ocgt,2021-02-01T03:00:00,1.0,0.0
DE4,ocgt,2021-02-01T06:00:00,1.0,0.0
DE4,ocgt,2021-02-01T09:00:00,1.0,0.0
DE4,ocgt,2021-02-01T12:00:00,1.0,0.0
DE4,ocgt,2021-02-01T15:00:00,1.0,0.0
DE4,ocgt,2021-02-01T18:00:00,1.0,0.0
DE4,ocgt,2021-02-01T21:00:00,1.0,0.0
DE4,ocgt,2021-02-02T00:00:00,1.0,0.0
DE4,ocgt,2021-02-02T03:00:00,1.0,0.0
DE4,ocgt,2021-02-02T06:00:00,1.0,0.0
DE4,ocgt,2021-02-02T09:00:00,1.0,0.0
DE4,ocgt,2021-02-02T12:00:00,1.0,0.0
DE4,ocgt,2021-02-02T15:00:00,1.0,0.0
DE4,ocgt,2021-02-02T18:00:00,1.0,0.0
DE4,ocgt,2021-02-02T21:00:00,1.0,0.0
DE4,ocgt,2021-02-03T00:00:00,1.0,0.0
DE4,ocgt,2021-02-03T03:00:00,1.0,0.0
DE4,ocgt,2021-02-03T06:00:00,1.0,0.0
DE4,ocgt,2021-02-03T09:00:00,1.0,0.0
DE4,ocgt,2021-02-03T12:00:00,1.0,0.0
DE4,ocgt,2021-02-03T15:00:00,1.0,0.0
DE4,ocgt,2021-02-03T18:00:00,1.0,0.0
DE4,ocgt,2021-02-03T21:00:00,1.0,0.0
DE4,ocgt,2021-02-04T00:00:00,1.0,0.0
DE4,ocgt,2021-02-04T03:00:00,1.0,0.0
DE4,ocgt,2021-02-04T06:00:00,1.0,0.0
DE4,ocgt,2021-02-04T09:00:00,1.0,0.0
DE4,ocgt,2021-02-04T12:00:00,1.0,0.0
DE4,ocgt,2021-02-04T15:00:00,1.0,0.0
DE4,ocgt,2021-02-04T18:00:00,1.0,0.0
DE4,ocgt,2021-02-04T21:00:00,1.0,0.0
DE4,ocgt,2021-02-05T00:00:00,1.0,0.0
DE4,ocgt,2021-02-05T03:00:00,1.0,0.0
DE4,ocgt,2021-02-05T06:00:00,1.0,0.0
DE4,ocgt,2021-02-05T09:00:00,1.0,0.0
DE4,ocgt,2021-02-05T12:00:00,1.0,0.0
DE4,ocgt,2021-02-05T15:00:00,1.0,0.0
DE4,ocgt,2021-02-05T18:00:00,1.0,0.0
DE4,ocgt,2021-02-05T21:00:00,1.0,0.0
DE4,ocgt,2021-02-06T00:00:00,1.0,0.0
DE4,ocgt,2021-02-06T03:00:00,1.0,0.0
DE4,ocgt,2021-02-06T06:00:00,1.0,0.0
DE4,ocgt,2021-02-06T09:00:00,1.0,0.0
DE4,ocgt,2021-02-06T12:00:00,1.0,0.0
DE4,ocgt,2021-02-06T15:00:00,1.0,0.0
DE4,ocgt,2021-02-06T18:00:00,1.0,0.0
DE4,ocgt,2021-02-06T21:00:00,1.0,0.0
DE4,ocgt,2021-02-07T00:00:00,1.0,0.0
DE4,ocgt,2021-02-07T03:00:00,1.0,0.0
DE4,ocgt,2021-02-07T06:00:00,1.0,0.0
DE4,ocgt,2021-02-07T09:00:00,1.0,0.0
DE4,ocgt,2021-02-07T12:00:00,1.0,0.0
DE4,ocgt,2021-02-07T15:00:00,1.0,0.0
DE4,ocgt,2021-02-07T18:00:00,1.0,0.0
DE4,ocgt,2021-02-07T21:00:00,1.0,0.0
DE4,offwind,2021-01-25T00:00:00,1.0,0.0
DE4,offwind,2021-01-25T03:00:00,1.0,23.369860799999998
DE4,offwind,2021-01-25T06:00:00,1.0,33.62231079999999
DE4,offwind,2021-01-25T09:00:00,1.0,32.914736399999995
DE4,offwind,2021-01-25T12:00:00,1.0,0.0
DE4,offwind,2021-01-25T15:00:00,1.0,37.03648
DE4,offwind,2021-01-25T18:00:00,1.0,48.177292800000004
DE4,offwind,2021-01-25T21:00:00,1.0,34.38466200000002
DE4,offwind,2021-01-26T00:00:00,1.0,42.69732479999999
DE4,offwind,2021-01-26T03:00:00,1.0,41.60632319999998
DE4,offwind,2021-01-26T06:00:00,1.0,33.5179
DE4,offwind,2021-01-26T09:00:00,1.0,0.0
DE4,offwind,2021-01-26T12:00:00,1.0,0.0
DE4,offwind,2021-01-26T15:00:00,1.0,0.0
DE4,offwind,2021-01-26T18:00:00,1.0,61.72910639999999
DE4,offwind,2021-01-26T21:00:00,1.0,51.67127680000001
DE4,offwind,2021-01-27T00:00:00,1.0,39.7177248
DE4,offwind,2021-01-27T03:00:00,1.0,35.83007999999999
DE4,offwind,2021-01-27T06:00:00,1.0,47.9180416
DE4,offwind,2021-01-27T09:00:00,1.0,0.0
DE4,offwind,2021-01-27T12:00:00,1.0,38.15181760000001
DE4,offwind,2021-01-27T15:00:00,1.0,36.943296000000004
DE4,offwind,2021-01-27T18:00:00,1.0,25.179336000000003
DE4,offwind,2021-01-27T21:00:00,1.0,14.415710400000004
DE4,offwind,2021-01-28T00:00:00,1.0,15.0491952
DE4,offwind,2021-01-28T03:00:00,1.0,12.796056000000002
DE4,offwind,2021-01-28T06:00:00,1.0,10.148970000000004
DE4,offwind,2021-01-28T09:00:00,1.0,7.604084800000003
DE4,offwind,2021-01-28T12:00:00,1.0,10.025184000000001
DE4,offwind,2021-01-28T15:00:00,1.0,7.385040000000001
DE4,offwind,2021-01-28T18:00:00,1.0,10.532277600000002
DE4,offwind,2021-01-28T21:00:00,1.0,8.368256
DE4,offwind,2021-01-29T00:00:00,1.0,16.555317999999996
DE4,offwind,2021-01-29T03:00:00,1.0,18.061232800000003
DE4,offwind,2021-01-29T06:00:00,1.0,10.764062399999998
DE4,offwind,2021-01-29T09:00:00,1.0,0.0
DE4,offwind,2021-01-29T12:00:00,1.0,0.0
DE4,offwind,2021-01-29T15:00:00,1.0,0.0
DE4,offwind,2021-01-29T18:00:00,1.0,15.497934399999997
DE4,offwind,2021-01-29T21:00:00,1.0,17.536521599999993
DE4,offwind,2021-01-30T00:00:00,1.0,28.20987519999999
DE4,offwind,2021-01-30T03:00:00,1.0,61.00997759999999
DE4,offwind,2021-01-30T06:00:00,1.0,35.544729999999994
DE4,offwind,2021-01-30T09:00:00,1.0,49.66196040000001
DE4,offwind,2021-01-30T12:00:00,1.0,44.59070720000001
DE4,offwind,2021-01-30T15:00:00,1.0,59.83744
DE4,offwind,2021-01-30T18:00:00,1.0,55.71764639999998
DE4,offwind,2021-01-30T21:00:00,1.0,97.41003479999999
DE4,offwind,2021-01-31T00:00:00,1.0,66.90390719999999
DE4,offwind,2021-01-31T03:00:00,1.0,70.8494592
DE4,offwind,2021-01-31T06:00:00,1.0,65.89910599999999
DE4,offwind,2021-01-31T09:00:00,1.0,62.38356799999999
DE4,offwind,2021-01-31T12:00:00,1.0,57.08804400000002
DE4,offwind,2021-01-31T15:00:00,1.0,42.6556832
DE4,offwind,2021-01-31T18:00:00,1.0,58.8136536
DE4,offwind,2021-01-31T21:00:00,1.0,63.16895520000002
DE4,offwind,2021-02-01T00:00:00,1.0,47.786897599999996
DE4,offwind,2021-02-01T03:00:00,1.0,32.92432000000001
DE4,offwind,2021-02-01T06:00:00,1.0,45.18662719999999
DE4,offwind,2021-02-01T09:00:00,1.0,28.848580800000008
DE4,offwind,2021-02-01T12:00:00,1.0,21.750622399999997
DE4,offwind,2021-02-01T15:00:00,1.0,22.61625600000001
DE4,offwind,2021-02-01T18:00:00,1.0,22.366089200000005
DE4,offwind,2021-02-01T21:00:00,1.0,24.391494399999996
DE4,offwind,2021-02-02T00:00:00,1.0,14.772700799999996
DE4,offwind,2021-02-02T03:00:00,1.0,10.0018152
DE4,offwind,2021-02-02T06:00:00,1.0,10.708120800000001
DE4,offwind,2021-02-02T09:00:00,1.0,10.9190328
DE4,offwind,2021-02-02T12:00:00,1.0,10.893792
DE4,offwind,2021-02-02T15:00:00,1.0,9.556788799999998
DE4,offwind,2021-02-02T18:00:00,1.0,6.916416000000001
DE4,offwind,2021-02-02T21:00:00,1.0,8.162960000000002
DE4,offwind,2021-02-03T00:00:00,1.0,11.771458399999998
DE4,offwind,2021-02-03T03:00:00,1.0,12.2614232
DE4,offwind,2021-02-03T06:00:00,1.0,11.97131
DE4,offwind,2021-02-03T09:00:00,1.0,11.488567999999997
DE4,offwind,2021-02-03T12:00:00,1.0,10.928736
DE4,offwind,2021-02-03T15:00:00,1.0,13.586830400000002
DE4,offwind,2021-02-03T18:00:00,1.0,20.322972799999995
DE4,offwind,2021-02-03T21:00:00,1.0,21.920651999999997
DE4,offwind,2021-02-04T00:00:00,1.0,35.134736000000004
DE4,offwind,2021-02-04T03:00:00,1.0,34.65633600000001
DE4,offwind,2021-02-04T06:00:00,1.0,56.531139599999996
DE4,offwind,2021-02-04T09:00:00,1.0,30.252357200000006
DE4,offwind,2021-02-04T12:00:00,1.0,38.62852760000001
DE4,offwind,2021-02-04T15:00:00,1.0,39.47340799999999
DE4,offwind,2021-02-04T18:00:00,1.0,40.105571999999995
DE4,offwind,2021-02-04T21:00:00,1.0,50.2463988
DE4,offwind,2021-02-05T00:00:00,1.0,40.325251200000004
DE4,offwind,2021-02-05T03:00:00,1.0,40.53504
DE4,offwind,2021-02-05T06:00:00,1.0,44.389358
DE4,offwind,2021-02-05T09:00:00,1.0,48.33268959999999
DE4,offwind,2021-02-05T12:00:00,1.0,53.26479599999999
DE4,offwind,2021-02-05T15:00:00,1.0,37.08071120000001
DE4,offwind,2021-02-05T18:00:00,1.0,32.490478800000005
DE4,offwind,2021-02-05T21:00:00,1.0,41.5664288
DE4,offwind,2021-02-06T00:00:00,1.0,42.1819632
DE4,offwind,2021-02-06T03:00:00,1.0,38.27824
DE4,offwind,2021-02-06T06:00:00,1.0,39.76681280000001
DE4,offwind,2021-02-06T09:00:00,1.0,35.28835439999999
DE4,offwind,2021-02-06T12:00:00,1.0,31.94796799999999
DE4,offwind,2021-02-06T15:00:00,1.0,38.239551999999996
DE4,offwind,2021-02-06T18:00:00,1.0,33.49473400000001
DE4,offwind,2021-02-06T21:00:00,1.0,36.4045864
DE4,offwind,2021-02-07T00:00:00,1.0,21.260444400000008
DE4,offwind,2021-02-07T03:00:00,1.0,17.670744000000006
DE4,offwind,2021-02-07T06:00:00,1.0,9.206839199999997
DE4,offwind,2021-02-07T09:00:00,1.0,11.1152236
DE4,offwind,2021-02-07T12:00:00,1.0,11.744304
DE4,offwind,2021-02-07T15:00:00,1.0,7.286572799999999
DE4,offwind,2021-02-07T18:00:00,1.0,5.8433544
DE4,offwind,2021-02-07T21:00:00,1.0,7.195136
DE4,onwind,2021-01-25T00:00:00,1.0,0.0
DE4,onwind,2021-01-25T03:00:00,1.0,345.23658
DE4,onwind,2021-01-25T06:00:00,1.0,496.7061254999998
DE4,onwind,2021-01-25T09:00:00,1.0,486.1579905
DE4,onwind,2021-01-25T12:00:00,1.0,0.0
DE4,onwind,2021-01-25T15:00:00,1.0,547.106235
DE4,onwind,2021-01-25T18:00:00,1.0,711.6076240000001
DE4,onwind,2021-01-25T21:00:00,1.0,507.91513500000025
DE4,onwind,2021-01-26T00:00:00,1.0,630.7100279999999
DE4,onwind,2021-01-26T03:00:00,1.0,614.6609429999996
DE4,onwind,2021-01-26T06:00:00,1.0,495.2038
DE4,onwind,2021-01-26T09:00:00,1.0,0.0
DE4,onwind,2021-01-26T12:00:00,1.0,0.0
DE4,onwind,2021-01-26T15:00:00,1.0,0.0
DE4,onwind,2021-01-26T18:00:00,1.0,911.9241689999998
DE4,onwind,2021-01-26T21:00:00,1.0,763.2384760000001
DE4,onwind,2021-01-27T00:00:00,1.0,586.789632
DE4,onwind,2021-01-27T03:00:00,1.0,529.3079999999999
DE4,onwind,2021-01-27T06:00:00,1.0,707.8801599999999
DE4,onwind,2021-01-27T09:00:00,1.0,0.0
DE4,onwind,2021-01-27T12:00:00,1.0,563.559061
DE4,onwind,2021-01-27T15:00:00,1.0,545.7865140000001
DE4,onwind,2021-01-27T18:00:00,1.0,371.9301300000001
DE4,onwind,2021-01-27T21:00:00,1.0,212.92783200000008
DE4,onwind,2021-01-28T00:00:00,1.0,222.27082799999997
DE4,onwind,2021-01-28T03:00:00,1.0,188.93101500000006
DE4,onwind,2021-01-28T06:00:00,1.0,149.91778750000006
DE4,onwind,2021-01-28T09:00:00,1.0,112.35897400000006
DE4,onwind,2021-01-28T12:00:00,1.0,148.16314500000001
DE4,onwind,2021-01-28T15:00:00,1.0,109.0557
DE4,onwind,2021-01-28T18:00:00,1.0,155.57455550000006
DE4,onwind,2021-01-28T21:00:00,1.0,123.68772000000001
DE4,onwind,2021-01-29T00:00:00,1.0,244.66045499999998
DE4,onwind,2021-01-29T03:00:00,1.0,266.85978800000004
DE4,onwind,2021-01-29T06:00:00,1.0,159.002298
DE4,onwind,2021-01-29T09:00:00,1.0,0.0
DE4,onwind,2021-01-29T12:00:00,1.0,0.0
DE4,onwind,2021-01-29T15:00:00,1.0,0.0
DE4,onwind,2021-01-29T18:00:00,1.0,228.98959199999993
DE4,onwind,2021-01-29T21:00:00,1.0,259.10539199999994
DE4,onwind,2021-01-30T00:00:00,1.0,416.80047499999984
DE4,onwind,2021-01-30T03:00:00,1.0,901.2837599999999
DE4,onwind,2021-01-30T06:00:00,1.0,525.1062375
DE4,onwind,2021-01-30T09:00:00,1.0,733.5182205000002
DE4,onwind,2021-01-30T12:00:00,1.0,658.7863360000001
DE4,onwind,2021-01-30T15:00:00,1.0,883.92408
DE4,onwind,2021-01-30T18:00:00,1.0,822.9831869999999
DE4,onwind,2021-01-30T21:00:00,1.0,1438.8982789999998
DE4,onwind,2021-01-31T00:00:00,1.0,988.2812419999998
DE4,onwind,2021-01-31T03:00:00,1.0,1046.677333
DE4,onwind,2021-01-31T06:00:00,1.0,973.613732
DE4,onwind,2021-01-31T09:00:00,1.0,921.50968
DE4,onwind,2021-01-31T12:00:00,1.0,843.2401185000002
DE4,onwind,2021-01-31T15:00:00,1.0,630.117852
DE4,onwind,2021-01-31T18:00:00,1.0,868.8541809999999
DE4,onwind,2021-01-31T21:00:00,1.0,933.0711390000002
DE4,onwind,2021-02-01T00:00:00,1.0,706.0035839999999
DE4,onwind,2021-02-01T03:00:00,1.0,486.3820000000001
DE4,onwind,2021-02-01T06:00:00,1.0,667.5297199999999
DE4,onwind,2021-02-01T09:00:00,1.0,426.2605880000001
DE4,onwind,2021-02-01T12:00:00,1.0,321.2890264999999
DE4,onwind,2021-02-01T15:00:00,1.0,334.12415400000015
DE4,onwind,2021-02-01T18:00:00,1.0,330.37497350000007
DE4,onwind,2021-02-01T21:00:00,1.0,360.275552
DE4,onwind,2021-02-02T00:00:00,1.0,218.18711199999996
DE4,onwind,2021-02-02T03:00:00,1.0,147.6746505
DE4,onwind,2021-02-02T06:00:00,1.0,158.17740900000004
DE4,onwind,2021-02-02T09:00:00,1.0,161.34108899999998
DE4,onwind,2021-02-02T12:00:00,1.0,161.000385
DE4,onwind,2021-02-02T15:00:00,1.0,141.12615399999999
DE4,onwind,2021-02-02T18:00:00,1.0,102.16388
DE4,onwind,2021-02-02T21:00:00,1.0,120.65332500000004
DE4,onwind,2021-02-03T00:00:00,1.0,173.962854
DE4,onwind,2021-02-03T03:00:00,1.0,181.16597199999998
DE4,onwind,2021-02-03T06:00:00,1.0,176.8352625
DE4,onwind,2021-02-03T09:00:00,1.0,169.77528749999996
DE4,onwind,2021-02-03T12:00:00,1.0,161.40852000000004
DE4,onwind,2021-02-03T15:00:00,1.0,200.71454
DE4,onwind,2021-02-03T18:00:00,1.0,300.2819039999999
DE4,onwind,2021-02-03T21:00:00,1.0,323.88174
DE4,onwind,2021-02-04T00:00:00,1.0,519.1151875
DE4,onwind,2021-02-04T03:00:00,1.0,511.96860000000015
DE4,onwind,2021-02-04T06:00:00,1.0,835.1407935000001
DE4,onwind,2021-02-04T09:00:00,1.0,446.8340565000001
DE4,onwind,2021-02-04T12:00:00,1.0,570.7006630000001
DE4,onwind,2021-02-04T15:00:00,1.0,583.1047559999998
DE4,onwind,2021-02-04T18:00:00,1.0,592.3834474999999
DE4,onwind,2021-02-04T21:00:00,1.0,742.217749
DE4,onwind,2021-02-05T00:00:00,1.0,595.670582
DE4,onwind,2021-02-05T03:00:00,1.0,598.8346
DE4,onwind,2021-02-05T06:00:00,1.0,655.822076
DE4,onwind,2021-02-05T09:00:00,1.0,713.9546959999999
DE4,onwind,2021-02-05T12:00:00,1.0,786.7674164999997
DE4,onwind,2021-02-05T15:00:00,1.0,547.7633070000002
DE4,onwind,2021-02-05T18:00:00,1.0,479.9818855
DE4,onwind,2021-02-05T21:00:00,1.0,613.9793659999999
DE4,onwind,2021-02-06T00:00:00,1.0,623.1962879999999
DE4,onwind,2021-02-06T03:00:00,1.0,565.474
DE4,onwind,2021-02-06T06:00:00,1.0,587.4642800000003
DE4,onwind,2021-02-06T09:00:00,1.0,521.4133339999998
DE4,onwind,2021-02-06T12:00:00,1.0,471.9189799999998
DE4,onwind,2021-02-06T15:00:00,1.0,564.9369179999999
DE4,onwind,2021-02-06T18:00:00,1.0,494.7589075000001
DE4,onwind,2021-02-06T21:00:00,1.0,537.715412
DE4,onwind,2021-02-07T00:00:00,1.0,314.0085910000001
DE4,onwind,2021-02-07T03:00:00,1.0,260.90473500000013
DE4,onwind,2021-02-07T06:00:00,1.0,136.00089099999997
DE4,onwind,2021-02-07T09:00:00,1.0,164.2400305
DE4,onwind,2021-02-07T12:00:00,1.0,173.5701825
DE4,onwind,2021-02-07T15:00:00,1.0,107.60162399999999
DE4,onwind,2021-02-07T18:00:00,1.0,86.3134545
DE4,onwind,2021-02-07T21:00:00,1.0,106.34832
DE4,solar,2021-01-25T00:00:00,1.0,0.0
DE4,solar,2021-01-25T03:00:00,1.0,0.0
DE4,solar,2021-01-25T06:00:00,1.0,0.0
DE4,solar,2021-01-25T09:00:00,1.0,10860.09143234035
DE4,solar,2021-01-25T12:00:00,1.0,44679.66802109656
DE4,solar,2021-01-25T15:00:00,1.0,34504.39135902162
DE4,solar,2021-01-25T18:00:00,1.0,0.0
DE4,solar,2021-01-25T21:00:00,1.0,0.0
DE4,solar,2021-01-26T00:00:00,1.0,0.0
DE4,solar,2021-01-26T03:00:00,1.0,0.0
DE4,solar,2021-01-26T06:00:00,1.0,0.0
DE4,solar,2021-01-26T09:00:00,1.0,11948.42
DE4,solar,2021-01-26T12:00:00,1.0,36526.44392965558
DE4,solar,2021-01-26T15:00:00,1.0,44434.85319960888
DE4,solar,2021-01-26T18:00:00,1.0,0.0
DE4,solar,2021-01-26T21:00:00,1.0,0.0
DE4,solar,2021-01-27T00:00:00,1.0,0.0
DE4,solar,2021-01-27T03:00:00,1.0,0.0
DE4,solar,2021-01-27T06:00:00,1.0,0.0
DE4,solar,2021-01-27T09:00:00,1.0,25208.095441490732
DE4,solar,2021-01-27T12:00:00,1.0,31716.041715705393
DE4,solar,2021-01-27T15:00:00,1.0,35592.5624315388
DE4,solar,2021-01-27T18:00:00,1.0,0.0
DE4,solar,2021-01-27T21:00:00,1.0,0.0
DE4,solar,2021-01-28T00:00:00,1.0,0.0
DE4,solar,2021-01-28T03:00:00,1.0,0.0
DE4,solar,2021-01-28T06:00:00,1.0,0.0
DE4,solar,2021-01-28T09:00:00,1.0,20033.878023826255
DE4,solar,2021-01-28T12:00:00,1.0,16204.532881738945
DE4,solar,2021-01-28T15:00:00,1.0,26152.137895131465
DE4,solar,2021-01-28T18:00:00,1.0,0.0
DE4,solar,2021-01-28T21:00:00,1.0,0.0
DE4,solar,2021-01-29T00:00:00,1.0,0.0
DE4,solar,2021-01-29T03:00:00,1.0,0.0
DE4,solar,2021-01-29T06:00:00,1.0,0.0
DE4,solar,2021-01-29T09:00:00,1.0,12725.58
DE4,solar,2021-01-29T12:00:00,1.0,45923.0346950413
DE4,solar,2021-01-29T15:00:00,1.0,43901.57730976602
DE4,solar,2021-01-29T18:00:00,1.0,0.0
DE4,solar,2021-01-29T21:00:00,1.0,0.0
DE4,solar,2021-01-30T00:00:00,1.0,0.0
DE4,solar,2021-01-30T03:00:00,1.0,0.0
DE4,solar,2021-01-30T06:00:00,1.0,0.0
DE4,solar,2021-01-30T09:00:00,1.0,17475.595038769297
DE4,solar,2021-01-30T12:00:00,1.0,27109.47010404125
DE4,solar,2021-01-30T15:00:00,1.0,31729.915445649996
DE4,solar,2021-01-30T18:00:00,1.0,0.0
DE4,solar,2021-01-30T21:00:00,1.0,0.0
DE4,solar,2021-01-31T00:00:00,1.0,0.0
DE4,solar,2021-01-31T03:00:00,1.0,0.0
DE4,solar,2021-01-31T06:00:00,1.0,0.0
DE4,solar,2021-01-31T09:00:00,1.0,24343.323728232044
DE4,solar,2021-01-31T12:00:00,1.0,15236.337520880323
DE4,solar,2021-01-31T15:00:00,1.0,35628.59458625791
DE4,solar,2021-01-31T18:00:00,1.0,0.0
DE4,solar,2021-01-31T21:00:00,1.0,0.0
DE4,solar,2021-02-01T00:00:00,1.0,0.0
DE4,solar,2021-02-01T03:00:00,1.0,0.0
DE4,solar,2021-02-01T06:00:00,1.0,0.0
DE4,solar,2021-02-01T09:00:00,1.0,26512.459442322583
DE4,solar,2021-02-01T12:00:00,1.0,33978.56140108026
DE4,solar,2021-02-01T15:00:00,1.0,30778.66656106544
DE4,solar,2021-02-01T18:00:00,1.0,0.0
DE4,solar,2021-02-01T21:00:00,1.0,0.0
DE4,solar,2021-02-02T00:00:00,1.0,0.0
DE4,solar,2021-02-02T03:00:00,1.0,0.0
DE4,solar,2021-02-02T06:00:00,1.0,0.0
DE4,solar,2021-02-02T09:00:00,1.0,25517.9719720751
DE4,solar,2021-02-02T12:00:00,1.0,23144.96488957807
DE4,solar,2021-02-02T15:00:00,1.0,27751.965564660033
DE4,solar,2021-02-02T18:00:00,1.0,0.0
DE4,solar,2021-02-02T21:00:00,1.0,0.0
DE4,solar,2021-02-03T00:00:00,1.0,0.0
DE4,solar,2021-02-03T03:00:00,1.0,0.0
DE4,solar,2021-02-03T06:00:00,1.0,0.0
DE4,solar,2021-02-03T09:00:00,1.0,18664.6561445
DE4,solar,2021-02-03T12:00:00,1.0,39471.79613268863
DE4,solar,2021-02-03T15:00:00,1.0,18664.6561445
DE4,solar,2021-02-03T18:00:00,1.0,0.0
DE4,solar,2021-02-03T21:00:00,1.0,0.0
DE4,solar,2021-02-04T00:00:00,1.0,0.0
DE4,solar,2021-02-04T03:00:00,1.0,0.0
DE4,solar,2021-02-04T06:00:00,1.0,0.0
DE4,solar,2021-02-04T09:00:00,1.0,19594.28573625309
DE4,solar,2021-02-04T12:00:00,1.0,23736.073636207544
DE4,solar,2021-02-04T15:00:00,1.0,25049.55396072664
DE4,solar,2021-02-04T18:00:00,1.0,0.0
DE4,solar,2021-02-04T21:00:00,1.0,0.0
DE4,solar,2021-02-05T00:00:00,1.0,0.0
DE4,solar,2021-02-05T03:00:00,1.0,0.0
DE4,solar,2021-02-05T06:00:00,1.0,0.0
DE4,solar,2021-02-05T09:00:00,1.0,17850.32944784807
DE4,solar,2021-02-05T12:00:00,1.0,23929.71270837927
DE4,solar,2021-02-05T15:00:00,1.0,38345.41905207895
DE4,solar,2021-02-05T18:00:00,1.0,0.0
DE4,solar,2021-02-05T21:00:00,1.0,0.0
DE4,solar,2021-02-06T00:00:00,1.0,0.0
DE4,solar,2021-02-06T03:00:00,1.0,0.0
DE4,solar,2021-02-06T06:00:00,1.0,0.0
DE4,solar,2021-02-06T09:00:00,1.0,29495.921853065058
DE4,solar,2021-02-06T12:00:00,1.0,28750.306452443747
DE4,solar,2021-02-06T15:00:00,1.0,35484.46596738146
DE4,solar,2021-02-06T18:00:00,1.0,0.0
DE4,solar,2021-02-06T21:00:00,1.0,0.0
DE4,solar,2021-02-07T00:00:00,1.0,0.0
DE4,solar,2021-02-07T03:00:00,1.0,0.0
DE4,solar,2021-02-07T06:00:00,1.0,0.0
DE4,solar,2021-02-07T09:00:00,1.0,13396.755124565825
DE4,solar,2021-02-07T12:00:00,1.0,27466.1736580418
DE4,solar,2021-02-07T15:00:00,1.0,40334.39399257393
DE4,solar,2021-02-07T18:00:00,1.0,0.0
DE4,solar,2021-02-07T21:00:00,1.0,0.0
DE5,ccgt,2021-01-25T00:00:00,1.0,3846.106964508583
DE5,ccgt,2021-01-25T03:00:00,1.0,12820.356548361944
DE5,ccgt,2021-01-25T06:00:00,1.0,12820.356548361944
DE5,ccgt,2021-01-25T09:00:00,1.0,3846.106964508583
DE5,ccgt,2021-01-25T12:00:00,1.0,3846.106964508583
DE5,ccgt,2021-01-25T15:00:00,1.0,3846.106964508583
DE5,ccgt,2021-01-25T18:00:00,1.0,3846.106964508583
DE5,ccgt,2021-01-25T21:00:00,1.0,3846.106964508583
DE5,ccgt,2021-01-26T00:00:00,1.0,3846.106964508583
DE5,ccgt,2021-01-26T03:00:00,1.0,3846.106964508583
DE5,ccgt,2021-01-26T06:00:00,1.0,12820.356548361944
DE5,ccgt,2021-01-26T09:00:00,1.0,3846.106964508583
DE5,ccgt,2021-01-26T12:00:00,1.0,3846.106964508583
DE5,ccgt,2021-01-26T15:00:00,1.0,3846.106964508583
DE5,ccgt,2021-01-26T18:00:00,1.0,3846.106964508583
DE5,ccgt,2021-01-26T21:00:00,1.0,3846.106964508583
DE5,ccgt,2021-01-27T00:00:00,1.0,3846.106964508583
DE5,ccgt,2021-01-27T03:00:00,1.0,3846.106964508583
DE5,ccgt,2021-01-27T06:00:00,1.0,12820.356548361944
DE5,ccgt,2021-01-27T09:00:00,1.0,3846.106964508583
DE5,ccgt,2021-01-27T12:00:00,1.0,3846.106964508583
DE5,ccgt,2021-01-27T15:00:00,1.0,3846.106964508583
DE5,ccgt,2021-01-27T18:00:00,1.0,3846.106964508583
DE5,ccgt,2021-01-27T21:00:00,1.0,9576.300853005205
DE5,ccgt,2021-01-28T00:00:00,1.0,12820.356548361944
DE5,ccgt,2021-01-28T03:00:00,1.0,12820.356548361944
DE5,ccgt,2021-01-28T06:00:00,1.0,12820.356548361944
DE5,ccgt,2021-01-28T09:00:00,1.0,3846.106964508583
DE5,ccgt,2021-01-28T12:00:00,1.0,3846.106964508583
DE5,ccgt,2021-01-28T15:00:00,1.0,3846.106964508583
DE5,ccgt,2021-01-28T18:00:00,1.0,12820.356548361944
DE5,ccgt,2021-01-28T21:00:00,1.0,12820.356548361944
DE5,ccgt,2021-01-29T00:00:00,1.0,12820.356548361944
DE5,ccgt,2021-01-29T03:00:00,1.0,12820.356548361944
DE5,ccgt,2021-01-29T06:00:00,1.0,12820.356548361944
DE5,ccgt,2021-01-29T09:00:00,1.0,3846.106964508583
DE5,ccgt,2021-01-29T12:00:00,1.0,3846.106964508583
DE5,ccgt,2021-01-29T15:00:00,1.0,3846.106964508583
DE5,ccgt,2021-01-29T18:00:00,1.0,3846.106964508583
DE5,ccgt,2021-01-29T21:00:00,1.0,3846.106964508583
DE5,ccgt,2021-01-30T00:00:00,1.0,9589.334430086054
DE5,ccgt,2021-01-30T03:00:00,1.0,12820.356548361944
DE5,ccgt,2021-01-30T06:00:00,1.0,12820.356548361944
DE5,ccgt,2021-01-30T09:00:00,1.0,3846.106964508583
DE5,ccgt,2021-01-30T12:00:00,1.0,3846.106964508583
DE5,ccgt,2021-01-30T15:00:00,1.0,3846.106964508583
DE5,ccgt,2021-01-30T18:00:00,1.0,3846.106964508583
DE5,ccgt,2021-01-30T21:00:00,1.0,3846.106964508583
DE5,ccgt,2021-01-31T00:00:00,1.0,7231.315290005315
DE5,ccgt,2021-01-31T03:00:00,1.0,12820.356548361944
DE5,ccgt,2021-01-31T06:00:00,1.0,12820.356548361944
DE5,ccgt,2021-01-31T09:00:00,1.0,3846.106964508583
DE5,ccgt,2021-01-31T12:00:00,1.0,3846.106964508583
DE5,ccgt,2021-01-31T15:00:00,1.0,3846.106964508583
DE5,ccgt,2021-01-31T18:00:00,1.0,3846.106964508583
DE5,ccgt,2021-01-31T21:00:00,1.0,3846.106964508583
DE5,ccgt,2021-02-01T00:00:00,1.0,8618.300807402122
DE5,ccgt,2021-02-01T03:00:00,1.0,12820.356548361944
DE5,ccgt,2021-02-01T06:00:00,1.0,12820.356548361944
DE5,ccgt,2021-02-01T09:00:00,1.0,3846.106964508583
DE5,ccgt,2021-02-01T12:00:00,1.0,3846.106964508583
DE5,ccgt,2021-02-01T15:00:00,1.0,3846.106964508583
DE5,ccgt,2021-02-01T18:00:00,1.0,3846.106964508583
DE5,ccgt,2021-02-01T21:00:00,1.0,3846.106964508583
DE5,ccgt,2021-02-02T00:00:00,1.0,10617.896280912197
DE5,ccgt,2021-02-02T03:00:00,1.0,12820.356548361944
DE5,ccgt,2021-02-02T06:00:00,1.0,12820.356548361944
DE5,ccgt,2021-02-02T09:00:00,1.0,3846.106964508583
DE5,ccgt,2021-02-02T12:00:00,1.0,3846.106964508583
DE5,ccgt,2021-02-02T15:00:00,1.0,3846.106964508583
DE5,ccgt,2021-02-02T18:00:00,1.0,3846.106964508583
DE5,ccgt,2021-02-02T21:00:00,1.0,12820.356548361944
DE5,ccgt,2021-02-03T00:00:00,1.0,12820.356548361944
DE5,ccgt,2021-02-03T03:00:00,1.0,12820.356548361944
DE5,ccgt,2021-02-03T06:00:00,1.0,12820.356548361944
DE5,ccgt,2021-02-03T09:00:00,1.0,3846.106964508583
DE5,ccgt,2021-02-03T12:00:00,1.0,3846.106964508583
DE5,ccgt,2021-02-03T15:00:00,1.0,3846.106964508583
DE5,ccgt,2021-02-03T18:00:00,1.0,3846.106964508583
DE5,ccgt,2021-02-03T21:00:00,1.0,3846.106964508583
DE5,ccgt,2021-02-04T00:00:00,1.0,12820.356548361944
DE5,ccgt,2021-02-04T03:00:00,1.0,12820.356548361944
DE5,ccgt,2021-02-04T06:00:00,1.0,12820.356548361944
DE5,ccgt,2021-02-04T09:00:00,1.0,3846.106964508583
DE5,ccgt,2021-02-04T12:00:00,1.0,3846.106964508583
DE5,ccgt,2021-02-04T15:00:00,1.0,3846.106964508583
DE5,ccgt,2021-02-04T18:00:00,1.0,3846.106964508583
DE5,ccgt,2021-02-04T21:00:00,1.0,12820.356548361944
DE5,ccgt,2021-02-05T00:00:00,1.0,12820.356548361944
DE5,ccgt,2021-02-05T03:00:00,1.0,12820.356548361944
DE5,ccgt,2021-02-05T06:00:00,1.0,12820.356548361944
DE5,ccgt,2021-02-05T09:00:00,1.0,3846.106964508583
DE5,ccgt,2021-02-05T12:00:00,1.0,3846.106964508583
DE5,ccgt,2021-02-05T15:00:00,1.0,3846.106964508583
DE5,ccgt,2021-02-05T18:00:00,1.0,3846.106964508583
DE5,ccgt,2021-02-05T21:00:00,1.0,3846.106964508583
DE5,ccgt,2021-02-06T00:00:00,1.0,12820.356548361944
DE5,ccgt,2021-02-06T03:00:00,1.0,12820.356548361944
DE5,ccgt,2021-02-06T06:00:00,1.0,12820.356548361944
DE5,ccgt,2021-02-06T09:00:00,1.0,3846.106964508583
DE5,ccgt,2021-02-06T12:00:00,1.0,3846.106964508583
DE5,ccgt,2021-02-06T15:00:00,1.0,3846.106964508583
DE5,ccgt,2021-02-06T18:00:00,1.0,3846.106964508583
DE5,ccgt,2021-02-06T21:00:00,1.0,3846.106964508583
DE5,ccgt,2021-02-07T00:00:00,1.0,12820.356548361944
DE5,ccgt,2021-02-07T03:00:00,1.0,12820.356548361944
DE5,ccgt,2021-02-07T06:00:00,1.0,12820.356548361944
DE5,ccgt,2021-02-07T09:00:00,1.0,3846.106964508583
DE5,ccgt,2021-02-07T12:00:00,1.0,3846.106964508583
DE5,ccgt,2021-02-07T15:00:00,1.0,3846.106964508583
DE5,ccgt,2021-02-07T18:00:00,1.0,3846.106964508583
DE5,ccgt,2021-02-07T21:00:00,1.0,3846.106964508583
DE5,ocgt,2021-01-25T00:00:00,1.0,0.0
DE5,ocgt,2021-01-25T03:00:00,1.0,860.0
DE5,ocgt,2021-01-25T06:00:00,1.0,860.0
DE5,ocgt,2021-01-25T09:00:00,1.0,0.0
DE5,ocgt,2021-01-25T12:00:00,1.0,0.0
DE5,ocgt,2021-01-25T15:00:00,1.0,0.0
DE5,ocgt,2021-01-25T18:00:00,1.0,0.0
DE5,ocgt,2021-01-25T21:00:00,1.0,0.0
DE5,ocgt,2021-01-26T00:00:00,1.0,0.0
DE5,ocgt,2021-01-26T03:00:00,1.0,0.0
DE5,ocgt,2021-01-26T06:00:00,1.0,0.0
DE5,ocgt,2021-01-26T09:00:00,1.0,0.0
DE5,ocgt,2021-01-26T12:00:00,1.0,0.0
DE5,ocgt,2021-01-26T15:00:00,1.0,0.0
DE5,ocgt,2021-01-26T18:00:00,1.0,0.0
DE5,ocgt,2021-01-26T21:00:00,1.0,0.0
DE5,ocgt,2021-01-27T00:00:00,1.0,0.0
DE5,ocgt,2021-01-27T03:00:00,1.0,0.0
DE5,ocgt,2021-01-27T06:00:00,1.0,0.0
DE5,ocgt,2021-01-27T09:00:00,1.0,0.0
DE5,ocgt,2021-01-27T12:00:00,1.0,0.0
DE5,ocgt,2021-01-27T15:00:00,1.0,0.0
DE5,ocgt,2021-01-27T18:00:00,1.0,0.0
DE5,ocgt,2021-01-27T21:00:00,1.0,0.0
DE5,ocgt,2021-01-28T00:00:00,1.0,0.0
DE5,ocgt,2021-01-28T03:00:00,1.0,0.0
DE5,ocgt,2021-01-28T06:00:00,1.0,0.0
DE5,ocgt,2021-01-28T09:00:00,1.0,0.0
DE5,ocgt,2021-01-28T12:00:00,1.0,0.0
DE5,ocgt,2021-01-28T15:00:00,1.0,0.0
DE5,ocgt,2021-01-28T18:00:00,1.0,0.0
DE5,ocgt,2021-01-28T21:00:00,1.0,0.0
DE5,ocgt,2021-01-29T00:00:00,1.0,0.0
DE5,ocgt,2021-01-29T03:00:00,1.0,0.0
DE5,ocgt,2021-01-29T06:00:00,1.0,0.0
DE5,ocgt,2021-01-29T09:00:00,1.0,0.0
DE5,ocgt,2021-01-29T12:00:00,1.0,0.0
DE5,ocgt,2021-01-29T15:00:00,1.0,0.0
DE5,ocgt,2021-01-29T18:00:00,1.0,0.0
DE5,ocgt,2021-01-29T21:00:00,1.0,0.0
DE5,ocgt,2021-01-30T00:00:00,1.0,0.0
DE5,ocgt,2021-01-30T03:00:00,1.0,0.0
DE5,ocgt,2021-01-30T06:00:00,1.0,0.0
DE5,ocgt,2021-01-30T09:00:00,1.0,0.0
DE5,ocgt,2021-01-30T12:00:00,1.0,0.0
DE5,ocgt,2021-01-30T15:00:00,1.0,0.0
DE5,ocgt,2021-01-30T18:00:00,1.0,0.0
DE5,ocgt,2021-01-30T21:00:00,1.0,0.0
DE5,ocgt,2021-01-31T00:00:00,1.0,0.0
DE5,ocgt,2021-01-31T03:00:00,1.0,0.0
DE5,ocgt,2021-01-31T06:00:00,1.0,0.0
DE5,ocgt,2021-01-31T09:00:00,1.0,0.0
DE5,ocgt,2021-01-31T12:00:00,1.0,0.0
DE5,ocgt,2021-01-31T15:00:00,1.0,0.0
DE5,ocgt,2021-01-31T18:00:00,1.0,0.0
DE5,ocgt,2021-01-31T21:00:00,1.0,0.0
DE5,ocgt,2021-02-01T00:00:00,1.0,0.0
DE5,ocgt,2021-02-01T03:00:00,1.0,0.0
DE5,ocgt,2021-02-01T06:00:00,1.0,0.0
DE5,ocgt,2021-02-01T09:00:00,1.0,0.0
DE5,ocgt,2021-02-01T12:00:00,1.0,0.0
DE5,ocgt,2021-02-01T15:00:00,1.0,0.0
DE5,ocgt,2021-02-01T18:00:00,1.0,0.0
DE5,ocgt,2021-02-01T21:00:00,1.0,0.0
DE5,ocgt,2021-02-02T00:00:00,1.0,0.0
DE5,ocgt,2021-02-02T03:00:00,1.0,0.0
DE5,ocgt,2021-02-02T06:00:00,1.0,0.0
DE5,ocgt,2021-02-02T09:00:00,1.0,0.0
DE5,ocgt,2021-02-02T12:00:00,1.0,0.0
DE5,ocgt,2021-02-02T15:00:00,1.0,0.0
DE5,ocgt,2021-02-02T18:00:00,1.0,0.0
DE5,ocgt,2021-02-02T21:00:00,1.0,0.0
DE5,ocgt,2021-02-03T00:00:00,1.0,0.0
DE5,ocgt,2021-02-03T03:00:00,1.0,0.0
DE5,ocgt,2021-02-03T06:00:00,1.0,0.0
DE5,ocgt,2021-02-03T09:00:00,1.0,0.0
DE5,ocgt,2021-02-03T12:00:00,1.0,0.0
DE5,ocgt,2021-02-03T15:00:00,1.0,0.0
DE5,ocgt,2021-02-03T18:00:00,1.0,0.0
DE5,ocgt,2021-02-03T21:00:00,1.0,0.0
DE5,ocgt,2021-02-04T00:00:00,1.0,0.0
DE5,ocgt,2021-02-04T03:00:00,1.0,0.0
DE5,ocgt,2021-02-04T06:00:00,1.0,0.0
DE5,ocgt,2021-02-04T09:00:00,1.0,0.0
DE5,ocgt,2021-02-04T12:00:00,1.0,0.0
DE5,ocgt,2021-02-04T15:00:00,1.0,0.0
DE5,ocgt,2021-02-04T18:00:00,1.0,0.0
DE5,ocgt,2021-02-04T21:00:00,1.0,0.0
DE5,ocgt,2021-02-05T00:00:00,1.0,0.0
DE5,ocgt,2021-02-05T03:00:00,1.0,0.0
DE5,ocgt,2021-02-05T06:00:00,1.0,0.0
DE5,ocgt,2021-02-05T09:00:00,1.0,0.0
DE5,ocgt,2021-02-05T12:00:00,1.0,0.0
DE5,ocgt,2021-02-05T15:00:00,1.0,0.0
DE5,ocgt,2021-02-05T18:00:00,1.0,0.0
DE5,ocgt,2021-02-05T21:00:00,1.0,0.0
DE5,ocgt,2021-02-06T00:00:00,1.0,0.0
DE5,ocgt,2021-02-06T03:00:00,1.0,0.0
DE5,ocgt,2021-02-06T06:00:00,1.0,0.0
DE5,ocgt,2021-02-06T09:00:00,1.0,0.0
DE5,ocgt,2021-02-06T12:00:00,1.0,0.0
DE5,ocgt,2021-02-06T15:00:00,1.0,0.0
DE5,ocgt,2021-02-06T18:00:00,1.0,0.0
DE5,ocgt,2021-02-06T21:00:00,1.0,0.0
DE5,ocgt,2021-02-07T00:00:00,1.0,0.0
DE5,ocgt,2021-02-07T03:00:00,1.0,0.0
DE5,ocgt,2021-02-07T06:00:00,1.0,0.0
DE5,ocgt,2021-02-07T09:00:00,1.0,0.0
DE5,ocgt,2021-02-07T12:00:00,1.0,0.0
DE5,ocgt,2021-02-07T15:00:00,1.0,0.0
DE5,ocgt,2021-02-07T18:00:00,1.0,0.0
DE5,ocgt,2021-02-07T21:00:00,1.0,0.0
DE5,offwind,2021-01-25T00:00:00,1.0,0.0
DE5,offwind,2021-01-25T03:00:00,1.0,21.572179199999997
DE5,offwind,2021-01-25T06:00:00,1.0,31.03597919999999
DE5,offwind,2021-01-25T09:00:00,1.0,30.382833599999998
DE5,offwind,2021-01-25T12:00:00,1.0,0.0
DE5,offwind,2021-01-25T15:00:00,1.0,34.18752
DE5,offwind,2021-01-25T18:00:00,1.0,44.471347200000004
DE5,offwind,2021-01-25T21:00:00,1.0,31.73968800000002
DE5,offwind,2021-01-26T00:00:00,1.0,39.41291519999999
DE5,offwind,2021-01-26T03:00:00,1.0,38.40583679999998
DE5,offwind,2021-01-26T06:00:00,1.0,30.9396
DE5,offwind,2021-01-26T09:00:00,1.0,0.0
DE5,offwind,2021-01-26T12:00:00,1.0,0.0
DE5,offwind,2021-01-26T15:00:00,1.0,0.0
DE5,offwind,2021-01-26T18:00:00,1.0,56.98071359999999
DE5,offwind,2021-01-26T21:00:00,1.0,47.69656320000001
DE5,offwind,2021-01-27T00:00:00,1.0,36.6625152
DE5,offwind,2021-01-27T03:00:00,1.0,33.07391999999999
DE5,offwind,2021-01-27T06:00:00,1.0,44.23203840000001
DE5,offwind,2021-01-27T09:00:00,1.0,0.0
DE5,offwind,2021-01-27T12:00:00,1.0,35.2170624
DE5,offwind,2021-01-27T15:00:00,1.0,34.101504000000006
DE5,offwind,2021-01-27T18:00:00,1.0,23.242464000000005
DE5,offwind,2021-01-27T21:00:00,1.0,13.306809600000003
DE5,offwind,2021-01-28T00:00:00,1.0,13.8915648
DE5,offwind,2021-01-28T03:00:00,1.0,11.811744000000001
DE5,offwind,2021-01-28T06:00:00,1.0,9.368280000000004
DE5,offwind,2021-01-28T09:00:00,1.0,7.019155200000003
DE5,offwind,2021-01-28T12:00:00,1.0,9.254016000000002
DE5,offwind,2021-01-28T15:00:00,1.0,6.816960000000001
DE5,offwind,2021-01-28T18:00:00,1.0,9.722102400000002
DE5,offwind,2021-01-28T21:00:00,1.0,7.724544000000001
DE5,offwind,2021-01-29T00:00:00,1.0,15.281831999999998
DE5,offwind,2021-01-29T03:00:00,1.0,16.6719072
DE5,offwind,2021-01-29T06:00:00,1.0,9.936057599999998
DE5,offwind,2021-01-29T09:00:00,1.0,0.0
DE5,offwind,2021-01-29T12:00:00,1.0,0.0
DE5,offwind,2021-01-29T15:00:00,1.0,0.0
DE5,offwind,2021-01-29T18:00:00,1.0,14.305785599999997
DE5,offwind,2021-01-29T21:00:00,1.0,16.187558399999993
DE5,offwind,2021-01-30T00:00:00,1.0,26.03988479999999
DE5,offwind,2021-01-30T03:00:00,1.0,56.31690239999999
DE5,offwind,2021-01-30T06:00:00,1.0,32.81052
DE5,offwind,2021-01-30T09:00:00,1.0,45.84180960000001
DE5,offwind,2021-01-30T12:00:00,1.0,41.160652800000015
DE5,offwind,2021-01-30T15:00:00,1.0,55.23456
DE5,offwind,2021-01-30T18:00:00,1.0,51.43167359999998
DE5,offwind,2021-01-30T21:00:00,1.0,89.91695519999999
DE5,offwind,2021-01-31T00:00:00,1.0,61.75745279999999
DE5,offwind,2021-01-31T03:00:00,1.0,65.3995008
DE5,offwind,2021-01-31T06:00:00,1.0,60.82994399999999
DE5,offwind,2021-01-31T09:00:00,1.0,57.58483199999999
DE5,offwind,2021-01-31T12:00:00,1.0,52.69665600000002
DE5,offwind,2021-01-31T15:00:00,1.0,39.3744768
DE5,offwind,2021-01-31T18:00:00,1.0,54.2895264
DE5,offwind,2021-01-31T21:00:00,1.0,58.309804800000016
DE5,offwind,2021-02-01T00:00:00,1.0,44.1109824
DE5,offwind,2021-02-01T03:00:00,1.0,30.391680000000004
DE5,offwind,2021-02-01T06:00:00,1.0,41.71073279999999
DE5,offwind,2021-02-01T09:00:00,1.0,26.629459200000007
DE5,offwind,2021-02-01T12:00:00,1.0,20.077497599999997
DE5,offwind,2021-02-01T15:00:00,1.0,20.87654400000001
DE5,offwind,2021-02-01T18:00:00,1.0,20.645620800000003
DE5,offwind,2021-02-01T21:00:00,1.0,22.515225599999997
DE5,offwind,2021-02-02T00:00:00,1.0,13.636339199999997
DE5,offwind,2021-02-02T03:00:00,1.0,9.2324448
DE5,offwind,2021-02-02T06:00:00,1.0,9.884419200000002
DE5,offwind,2021-02-02T09:00:00,1.0,10.0791072
DE5,offwind,2021-02-02T12:00:00,1.0,10.055807999999999
DE5,offwind,2021-02-02T15:00:00,1.0,8.821651199999998
DE5,offwind,2021-02-02T18:00:00,1.0,6.384384000000001
DE5,offwind,2021-02-02T21:00:00,1.0,7.535040000000002
DE5,offwind,2021-02-03T00:00:00,1.0,10.865961599999999
DE5,offwind,2021-02-03T03:00:00,1.0,11.3182368
DE5,offwind,2021-02-03T06:00:00,1.0,11.05044
DE5,offwind,2021-02-03T09:00:00,1.0,10.604831999999998
DE5,offwind,2021-02-03T12:00:00,1.0,10.088064000000001
DE5,offwind,2021-02-03T15:00:00,1.0,12.541689600000002
DE5,offwind,2021-02-03T18:00:00,1.0,18.759667199999996
DE5,offwind,2021-02-03T21:00:00,1.0,20.234447999999997
DE5,offwind,2021-02-04T00:00:00,1.0,32.432064000000004
DE5,offwind,2021-02-04T03:00:00,1.0,31.99046400000001
DE5,offwind,2021-02-04T06:00:00,1.0,52.182590399999995
DE5,offwind,2021-02-04T09:00:00,1.0,27.925252800000006
DE5,offwind,2021-02-04T12:00:00,1.0,35.65710240000001
DE5,offwind,2021-02-04T15:00:00,1.0,36.436992
DE5,offwind,2021-02-04T18:00:00,1.0,37.02052799999999
DE5,offwind,2021-02-04T21:00:00,1.0,46.3812912
DE5,offwind,2021-02-05T00:00:00,1.0,37.2233088
DE5,offwind,2021-02-05T03:00:00,1.0,37.41696
DE5,offwind,2021-02-05T06:00:00,1.0,40.974792
DE5,offwind,2021-02-05T09:00:00,1.0,44.61479039999999
DE5,offwind,2021-02-05T12:00:00,1.0,49.16750399999999
DE5,offwind,2021-02-05T15:00:00,1.0,34.22834880000001
DE5,offwind,2021-02-05T18:00:00,1.0,29.991211200000002
DE5,offwind,2021-02-05T21:00:00,1.0,38.369011199999996
DE5,offwind,2021-02-06T00:00:00,1.0,38.937196799999995
DE5,offwind,2021-02-06T03:00:00,1.0,35.33376
DE5,offwind,2021-02-06T06:00:00,1.0,36.70782720000001
DE5,offwind,2021-02-06T09:00:00,1.0,32.57386559999999
DE5,offwind,2021-02-06T12:00:00,1.0,29.490431999999988
DE5,offwind,2021-02-06T15:00:00,1.0,35.298047999999994
DE5,offwind,2021-02-06T18:00:00,1.0,30.918216000000005
DE5,offwind,2021-02-06T21:00:00,1.0,33.6042336
DE5,offwind,2021-02-07T00:00:00,1.0,19.625025600000008
DE5,offwind,2021-02-07T03:00:00,1.0,16.311456000000007
DE5,offwind,2021-02-07T06:00:00,1.0,8.498620799999998
DE5,offwind,2021-02-07T09:00:00,1.0,10.260206400000001
DE5,offwind,2021-02-07T12:00:00,1.0,10.840896
DE5,offwind,2021-02-07T15:00:00,1.0,6.726067199999999
DE5,offwind,2021-02-07T18:00:00,1.0,5.3938656
DE5,offwind,2021-02-07T21:00:00,1.0,6.641664
DE5,onwind,2021-01-25T00:00:00,1.0,0.0
DE5,onwind,2021-01-25T03:00:00,1.0,318.67992
DE5,onwind,2021-01-25T06:00:00,1.0,458.49796199999986
DE5,onwind,2021-01-25T09:00:00,1.0,448.761222
DE5,onwind,2021-01-25T12:00:00,1.0,0.0
DE5,onwind,2021-01-25T15:00:00,1.0,505.02113999999995
DE5,onwind,2021-01-25T18:00:00,1.0,656.8685760000001
DE5,onwind,2021-01-25T21:00:00,1.0,468.84474000000023
DE5,onwind,2021-01-26T00:00:00,1.0,582.1938719999998
DE5,onwind,2021-01-26T03:00:00,1.0,567.3793319999997
DE5,onwind,2021-01-26T06:00:00,1.0,457.11120000000005
DE5,onwind,2021-01-26T09:00:00,1.0,0.0
DE5,onwind,2021-01-26T12:00:00,1.0,0.0
DE5,onwind,2021-01-26T15:00:00,1.0,0.0
DE5,onwind,2021-01-26T18:00:00,1.0,841.7761559999998
DE5,onwind,2021-01-26T21:00:00,1.0,704.5278240000001
DE5,onwind,2021-01-27T00:00:00,1.0,541.651968
DE5,onwind,2021-01-27T03:00:00,1.0,488.5919999999999
DE5,onwind,2021-01-27T06:00:00,1.0,653.42784
DE5,onwind,2021-01-27T09:00:00,1.0,0.0
DE5,onwind,2021-01-27T12:00:00,1.0,520.2083640000001
DE5,onwind,2021-01-27T15:00:00,1.0,503.8029360000001
DE5,onwind,2021-01-27T18:00:00,1.0,343.3201200000001
DE5,onwind,2021-01-27T21:00:00,1.0,196.54876800000008
DE5,onwind,2021-01-28T00:00:00,1.0,205.17307199999996
DE5,onwind,2021-01-28T03:00:00,1.0,174.39786000000004
DE5,onwind,2021-01-28T06:00:00,1.0,138.38565000000006
DE5,onwind,2021-01-28T09:00:00,1.0,103.71597600000005
DE5,onwind,2021-01-28T12:00:00,1.0,136.76598
DE5,onwind,2021-01-28T15:00:00,1.0,100.66680000000001
DE5,onwind,2021-01-28T18:00:00,1.0,143.60728200000005
DE5,onwind,2021-01-28T21:00:00,1.0,114.17328000000002
DE5,onwind,2021-01-29T00:00:00,1.0,225.84042
DE5,onwind,2021-01-29T03:00:00,1.0,246.33211200000002
DE5,onwind,2021-01-29T06:00:00,1.0,146.77135199999998
DE5,onwind,2021-01-29T09:00:00,1.0,0.0
DE5,onwind,2021-01-29T12:00:00,1.0,0.0
DE5,onwind,2021-01-29T15:00:00,1.0,0.0
DE5,onwind,2021-01-29T18:00:00,1.0,211.37500799999995
DE5,onwind,2021-01-29T21:00:00,1.0,239.17420799999996
DE5,onwind,2021-01-30T00:00:00,1.0,384.73889999999983
DE5,onwind,2021-01-30T03:00:00,1.0,831.9542399999999
DE5,onwind,2021-01-30T06:00:00,1.0,484.71345
DE5,onwind,2021-01-30T09:00:00,1.0,677.0937420000002
DE5,onwind,2021-01-30T12:00:00,1.0,608.1104640000001
DE5,onwind,2021-01-30T15:00:00,1.0,815.92992
DE5,onwind,2021-01-30T18:00:00,1.0,759.6767879999999
DE5,onwind,2021-01-30T21:00:00,1.0,1328.2137959999998
DE5,onwind,2021-01-31T00:00:00,1.0,912.2596079999998
DE5,onwind,2021-01-31T03:00:00,1.0,966.1636920000001
DE5,onwind,2021-01-31T06:00:00,1.0,898.720368
DE5,onwind,2021-01-31T09:00:00,1.0,850.62432
DE5,onwind,2021-01-31T12:00:00,1.0,778.3754940000002
DE5,onwind,2021-01-31T15:00:00,1.0,581.647248
DE5,onwind,2021-01-31T18:00:00,1.0,802.019244
DE5,onwind,2021-01-31T21:00:00,1.0,861.2964360000002
DE5,onwind,2021-02-01T00:00:00,1.0,651.695616
DE5,onwind,2021-02-01T03:00:00,1.0,448.96800000000013
DE5,onwind,2021-02-01T06:00:00,1.0,616.1812799999999
DE5,onwind,2021-02-01T09:00:00,1.0,393.47131200000007
DE5,onwind,2021-02-01T12:00:00,1.0,296.5744859999999
DE5,onwind,2021-02-01T15:00:00,1.0,308.42229600000013
DE5,onwind,2021-02-01T18:00:00,1.0,304.9615140000001
DE5,onwind,2021-02-01T21:00:00,1.0,332.562048
DE5,onwind,2021-02-02T00:00:00,1.0,201.40348799999995
DE5,onwind,2021-02-02T03:00:00,1.0,136.315062
DE5,onwind,2021-02-02T06:00:00,1.0,146.00991600000003
DE5,onwind,2021-02-02T09:00:00,1.0,148.93023599999998
DE5,onwind,2021-02-02T12:00:00,1.0,148.61574
DE5,onwind,2021-02-02T15:00:00,1.0,130.270296
DE5,onwind,2021-02-02T18:00:00,1.0,94.30512
DE5,onwind,2021-02-02T21:00:00,1.0,111.37230000000004
DE5,onwind,2021-02-03T00:00:00,1.0,160.581096
DE5,onwind,2021-02-03T03:00:00,1.0,167.23012799999998
DE5,onwind,2021-02-03T06:00:00,1.0,163.23255
DE5,onwind,2021-02-03T09:00:00,1.0,156.71564999999995
DE5,onwind,2021-02-03T12:00:00,1.0,148.99248000000003
DE5,onwind,2021-02-03T15:00:00,1.0,185.27496
DE5,onwind,2021-02-03T18:00:00,1.0,277.1832959999999
DE5,onwind,2021-02-03T21:00:00,1.0,298.96776
DE5,onwind,2021-02-04T00:00:00,1.0,479.18325000000004
DE5,onwind,2021-02-04T03:00:00,1.0,472.58640000000014
DE5,onwind,2021-02-04T06:00:00,1.0,770.8991940000001
DE5,onwind,2021-02-04T09:00:00,1.0,412.4622060000001
DE5,onwind,2021-02-04T12:00:00,1.0,526.8006120000001
DE5,onwind,2021-02-04T15:00:00,1.0,538.2505439999999
DE5,onwind,2021-02-04T18:00:00,1.0,546.81549
DE5,onwind,2021-02-04T21:00:00,1.0,685.124076
DE5,onwind,2021-02-05T00:00:00,1.0,549.8497679999999
DE5,onwind,2021-02-05T03:00:00,1.0,552.7704
DE5,onwind,2021-02-05T06:00:00,1.0,605.374224
DE5,onwind,2021-02-05T09:00:00,1.0,659.0351039999999
DE5,onwind,2021-02-05T12:00:00,1.0,726.2468459999998
DE5,onwind,2021-02-05T15:00:00,1.0,505.62766800000014
DE5,onwind,2021-02-05T18:00:00,1.0,443.060202
DE5,onwind,2021-02-05T21:00:00,1.0,566.750184
DE5,onwind,2021-02-06T00:00:00,1.0,575.2581119999999
DE5,onwind,2021-02-06T03:00:00,1.0,521.9760000000001
DE5,onwind,2021-02-06T06:00:00,1.0,542.2747200000002
DE5,onwind,2021-02-06T09:00:00,1.0,481.30461599999984
DE5,onwind,2021-02-06T12:00:00,1.0,435.61751999999984
DE5,onwind,2021-02-06T15:00:00,1.0,521.4802319999999
DE5,onwind,2021-02-06T18:00:00,1.0,456.7005300000001
DE5,onwind,2021-02-06T21:00:00,1.0,496.35268800000006
DE5,onwind,2021-02-07T00:00:00,1.0,289.8540840000001
DE5,onwind,2021-02-07T03:00:00,1.0,240.8351400000001
DE5,onwind,2021-02-07T06:00:00,1.0,125.53928399999997
DE5,onwind,2021-02-07T09:00:00,1.0,151.606182
DE5,onwind,2021-02-07T12:00:00,1.0,160.21863
DE5,onwind,2021-02-07T15:00:00,1.0,99.324576
DE5,onwind,2021-02-07T18:00:00,1.0,79.673958
DE5,onwind,2021-02-07T21:00:00,1.0,98.16768
DE5,solar,2021-01-25T00:00:00,1.0,0.0
DE5,solar,2021-01-25T03:00:00,1.0,0.0
DE5,solar,2021-01-25T06:00:00,1.0,0.0
DE5,solar,2021-01-25T09:00:00,1.0,11779.71329026074
DE5,solar,2021-01-25T12:00:00,1.0,48463.098351569606
DE5,solar,2021-01-25T15:00:00,1.0,37426.18927257359
DE5,solar,2021-01-25T18:00:00,1.0,0.0
DE5,solar,2021-01-25T21:00:00,1.0,0.0
DE5,solar,2021-01-26T00:00:00,1.0,0.0
DE5,solar,2021-01-26T03:00:00,1.0,0.0
DE5,solar,2021-01-26T06:00:00,1.0,0.0
DE5,solar,2021-01-26T09:00:00,1.0,24271.203035491417
DE5,solar,2021-01-26T12:00:00,1.0,39619.46726551677
DE5,solar,2021-01-26T15:00:00,1.0,48197.552851856475
DE5,solar,2021-01-26T18:00:00,1.0,0.0
DE5,solar,2021-01-26T21:00:00,1.0,0.0
DE5,solar,2021-01-27T00:00:00,1.0,0.0
DE5,solar,2021-01-27T03:00:00,1.0,0.0
DE5,solar,2021-01-27T06:00:00,1.0,0.0
DE5,solar,2021-01-27T09:00:00,1.0,27342.692162794992
DE5,solar,2021-01-27T12:00:00,1.0,34401.72492474557
DE5,solar,2021-01-27T15:00:00,1.0,38606.50560092752
DE5,solar,2021-01-27T18:00:00,1.0,0.0
DE5,solar,2021-01-27T21:00:00,1.0,0.0
DE5,solar,2021-01-28T00:00:00,1.0,0.0
DE5,solar,2021-01-28T03:00:00,1.0,0.0
DE5,solar,2021-01-28T06:00:00,1.0,0.0
DE5,solar,2021-01-28T09:00:00,1.0,21730.327104794193
DE5,solar,2021-01-28T12:00:00,1.0,17576.71678353004
DE5,solar,2021-01-28T15:00:00,1.0,28366.67520262522
DE5,solar,2021-01-28T18:00:00,1.0,0.0
DE5,solar,2021-01-28T21:00:00,1.0,0.0
DE5,solar,2021-01-29T00:00:00,1.0,0.0
DE5,solar,2021-01-29T03:00:00,1.0,0.0
DE5,solar,2021-01-29T06:00:00,1.0,0.0
DE5,solar,2021-01-29T09:00:00,1.0,24988.583035491418
DE5,solar,2021-01-29T12:00:00,1.0,43717.211296071546
DE5,solar,2021-01-29T15:00:00,1.0,47619.11968431878
DE5,solar,2021-01-29T18:00:00,1.0,0.0
DE5,solar,2021-01-29T21:00:00,1.0,0.0
DE5,solar,2021-01-30T00:00:00,1.0,0.0
DE5,solar,2021-01-30T03:00:00,1.0,0.0
DE5,solar,2021-01-30T06:00:00,1.0,0.0
DE5,solar,2021-01-30T09:00:00,1.0,18955.411233498526
DE5,solar,2021-01-30T12:00:00,1.0,29405.073361125724
DE5,solar,2021-01-30T15:00:00,1.0,34416.773468492385
DE5,solar,2021-01-30T18:00:00,1.0,0.0
DE5,solar,2021-01-30T21:00:00,1.0,0.0
DE5,solar,2021-01-31T00:00:00,1.0,0.0
DE5,solar,2021-01-31T03:00:00,1.0,0.0
DE5,solar,2021-01-31T06:00:00,1.0,0.0
DE5,solar,2021-01-31T09:00:00,1.0,26404.6924316528
DE5,solar,2021-01-31T12:00:00,1.0,16526.535592061256
DE5,solar,2021-01-31T15:00:00,1.0,38645.58892305844
DE5,solar,2021-01-31T18:00:00,1.0,0.0
DE5,solar,2021-01-31T21:00:00,1.0,0.0
DE5,solar,2021-02-01T00:00:00,1.0,0.0
DE5,solar,2021-02-01T03:00:00,1.0,0.0
DE5,solar,2021-02-01T06:00:00,1.0,0.0
DE5,solar,2021-02-01T09:00:00,1.0,28757.508423934472
DE5,solar,2021-02-01T12:00:00,1.0,36855.83255112523
DE5,solar,2021-02-01T15:00:00,1.0,33384.97376423597
DE5,solar,2021-02-01T18:00:00,1.0,0.0
DE5,solar,2021-02-01T21:00:00,1.0,0.0
DE5,solar,2021-02-02T00:00:00,1.0,0.0
DE5,solar,2021-02-02T03:00:00,1.0,0.0
DE5,solar,2021-02-02T06:00:00,1.0,0.0
DE5,solar,2021-02-02T09:00:00,1.0,27678.808733120954
DE5,solar,2021-02-02T12:00:00,1.0,25104.85774553252
DE5,solar,2021-02-02T15:00:00,1.0,30101.974705238285
DE5,solar,2021-02-02T18:00:00,1.0,0.0
DE5,solar,2021-02-02T21:00:00,1.0,0.0
DE5,solar,2021-02-03T00:00:00,1.0,0.0
DE5,solar,2021-02-03T03:00:00,1.0,0.0
DE5,solar,2021-02-03T06:00:00,1.0,0.0
DE5,solar,2021-02-03T09:00:00,1.0,20245.16086381905
DE5,solar,2021-02-03T12:00:00,1.0,42814.22899535335
DE5,solar,2021-02-03T15:00:00,1.0,20245.16086381905
DE5,solar,2021-02-03T18:00:00,1.0,0.0
DE5,solar,2021-02-03T21:00:00,1.0,0.0
DE5,solar,2021-02-04T00:00:00,1.0,0.0
DE5,solar,2021-02-04T03:00:00,1.0,0.0
DE5,solar,2021-02-04T06:00:00,1.0,0.0
DE5,solar,2021-02-04T09:00:00,1.0,21253.51057479691
DE5,solar,2021-02-04T12:00:00,1.0,25746.020999271354
DE5,solar,2021-02-04T15:00:00,1.0,27170.725545418925
DE5,solar,2021-02-04T18:00:00,1.0,0.0
DE5,solar,2021-02-04T21:00:00,1.0,0.0
DE5,solar,2021-02-05T00:00:00,1.0,0.0
DE5,solar,2021-02-05T03:00:00,1.0,0.0
DE5,solar,2021-02-05T06:00:00,1.0,0.0
DE5,solar,2021-02-05T09:00:00,1.0,19361.87778366015
DE5,solar,2021-02-05T12:00:00,1.0,25956.05723756511
DE5,solar,2021-02-05T15:00:00,1.0,41592.47141173018
DE5,solar,2021-02-05T18:00:00,1.0,0.0
DE5,solar,2021-02-05T21:00:00,1.0,0.0
DE5,solar,2021-02-06T00:00:00,1.0,0.0
DE5,solar,2021-02-06T03:00:00,1.0,0.0
DE5,solar,2021-02-06T06:00:00,1.0,0.0
DE5,solar,2021-02-06T09:00:00,1.0,31993.607496375047
DE5,solar,2021-02-06T12:00:00,1.0,31184.85411719386
DE5,solar,2021-02-06T15:00:00,1.0,38489.25563453475
DE5,solar,2021-02-06T18:00:00,1.0,0.0
DE5,solar,2021-02-06T21:00:00,1.0,0.0
DE5,solar,2021-02-07T00:00:00,1.0,0.0
DE5,solar,2021-02-07T03:00:00,1.0,0.0
DE5,solar,2021-02-07T06:00:00,1.0,0.0
DE5,solar,2021-02-07T09:00:00,1.0,14531.179168277838
DE5,solar,2021-02-07T12:00:00,1.0,29791.98222114054
DE5,solar,2021-02-07T15:00:00,1.0,43749.87079335722
DE5,solar,2021-02-07T18:00:00,1.0,0.0
DE5,solar,2021-02-07T21:00:00,1.0,0.0
DE6,ccgt,2021-01-25T00:00:00,1.0,4022.6235068731576
DE6,ccgt,2021-01-25T03:00:00,1.0,13408.745022910525
DE6,ccgt,2021-01-25T06:00:00,1.0,13408.745022910525
DE6,ccgt,2021-01-25T09:00:00,1.0,12399.381042222878
DE6,ccgt,2021-01-25T12:00:00,1.0,4022.6235068731576
DE6,ccgt,2021-01-25T15:00:00,1.0,4022.6235068731576
DE6,ccgt,2021-01-25T18:00:00,1.0,4022.6235068731576
DE6,ccgt,2021-01-25T21:00:00,1.0,4022.6235068731576
DE6,ccgt,2021-01-26T00:00:00,1.0,4022.6235068731576
DE6,ccgt,2021-01-26T03:00:00,1.0,13408.745022910525
DE6,ccgt,2021-01-26T06:00:00,1.0,13408.745022910525
DE6,ccgt,2021-01-26T09:00:00,1.0,4022.6235068731576
DE6,ccgt,2021-01-26T12:00:00,1.0,4022.6235068731576
DE6,ccgt,2021-01-26T15:00:00,1.0,4022.6235068731576
DE6,ccgt,2021-01-26T18:00:00,1.0,4022.6235068731576
DE6,ccgt,2021-01-26T21:00:00,1.0,4022.6235068731576
DE6,ccgt,2021-01-27T00:00:00,1.0,4022.6235068731576
DE6,ccgt,2021-01-27T03:00:00,1.0,4022.6235068731576
DE6,ccgt,2021-01-27T06:00:00,1.0,13408.745022910525
DE6,ccgt,2021-01-27T09:00:00,1.0,4022.6235068731576
DE6,ccgt,2021-01-27T12:00:00,1.0,4022.6235068731576
DE6,ccgt,2021-01-27T15:00:00,1.0,4022.6235068731576
DE6,ccgt,2021-01-27T18:00:00,1.0,4022.6235068731576
DE6,ccgt,2021-01-27T21:00:00,1.0,13408.745022910525
DE6,ccgt,2021-01-28T00:00:00,1.0,13408.745022910525
DE6,ccgt,2021-01-28T03:00:00,1.0,13408.745022910525
DE6,ccgt,2021-01-28T06:00:00,1.0,13408.745022910525
DE6,ccgt,2021-01-28T09:00:00,1.0,4022.6235068731576
DE6,ccgt,2021-01-28T12:00:00,1.0,4022.6235068731576
DE6,ccgt,2021-01-28T15:00:00,1.0,4022.6235068731576
DE6,ccgt,2021-01-28T18:00:00,1.0,13408.745022910525
DE6,ccgt,2021-01-28T21:00:00,1.0,13408.745022910525
DE6,ccgt,2021-01-29T00:00:00,1.0,13408.745022910525
DE6,ccgt,2021-01-29T03:00:00,1.0,13408.745022910525
DE6,ccgt,2021-01-29T06:00:00,1.0,13408.745022910525
DE6,ccgt,2021-01-29T09:00:00,1.0,4022.6235068731576
DE6,ccgt,2021-01-29T12:00:00,1.0,4022.6235068731576
DE6,ccgt,2021-01-29T15:00:00,1.0,4022.6235068731576
DE6,ccgt,2021-01-29T18:00:00,1.0,4022.6235068731576
DE6,ccgt,2021-01-29T21:00:00,1.0,4022.6235068731576
DE6,ccgt,2021-01-30T00:00:00,1.0,13408.745022910525
DE6,ccgt,2021-01-30T03:00:00,1.0,13408.745022910525
DE6,ccgt,2021-01-30T06:00:00,1.0,13408.745022910525
DE6,ccgt,2021-01-30T09:00:00,1.0,4022.6235068731576
DE6,ccgt,2021-01-30T12:00:00,1.0,4022.6235068731576
DE6,ccgt,2021-01-30T15:00:00,1.0,4022.6235068731576
DE6,ccgt,2021-01-30T18:00:00,1.0,4022.6235068731576
DE6,ccgt,2021-01-30T21:00:00,1.0,4022.6235068731576
DE6,ccgt,2021-01-31T00:00:00,1.0,4022.6235068731576
DE6,ccgt,2021-01-31T03:00:00,1.0,13408.745022910525
DE6,ccgt,2021-01-31T06:00:00,1.0,13408.745022910525
DE6,ccgt,2021-01-31T09:00:00,1.0,4022.6235068731576
DE6,ccgt,2021-01-31T12:00:00,1.0,4022.6235068731576
DE6,ccgt,2021-01-31T15:00:00,1.0,4022.6235068731576
DE6,ccgt,2021-01-31T18:00:00,1.0,4022.6235068731576
DE6,ccgt,2021-01-31T21:00:00,1.0,4022.6235068731576
DE6,ccgt,2021-02-01T00:00:00,1.0,13408.745022910525
DE6,ccgt,2021-02-01T03:00:00,1.0,13408.745022910525
DE6,ccgt,2021-02-01T06:00:00,1.0,13408.745022910525
DE6,ccgt,2021-02-01T09:00:00,1.0,4022.6235068731576
DE6,ccgt,2021-02-01T12:00:00,1.0,4022.6235068731576
DE6,ccgt,2021-02-01T15:00:00,1.0,4022.6235068731576
DE6,ccgt,2021-02-01T18:00:00,1.0,4022.6235068731576
DE6,ccgt,2021-02-01T21:00:00,1.0,4022.6235068731576
DE6,ccgt,2021-02-02T00:00:00,1.0,4022.6235068731576
DE6,ccgt,2021-02-02T03:00:00,1.0,13408.745022910525
DE6,ccgt,2021-02-02T06:00:00,1.0,13408.745022910525
DE6,ccgt,2021-02-02T09:00:00,1.0,4022.6235068731576
DE6,ccgt,2021-02-02T12:00:00,1.0,4022.6235068731576
DE6,ccgt,2021-02-02T15:00:00,1.0,4022.6235068731576
DE6,ccgt,2021-02-02T18:00:00,1.0,4022.6235068731576
DE6,ccgt,2021-02-02T21:00:00,1.0,13408.745022910525
DE6,ccgt,2021-02-03T00:00:00,1.0,13408.745022910525
DE6,ccgt,2021-02-03T03:00:00,1.0,13408.745022910525
DE6,ccgt,2021-02-03T06:00:00,1.0,13408.745022910525
DE6,ccgt,2021-02-03T09:00:00,1.0,4022.6235068731576
DE6,ccgt,2021-02-03T12:00:00,1.0,4022.6235068731576
DE6,ccgt,2021-02-03T15:00:00,1.0,4022.6235068731576
DE6,ccgt,2021-02-03T18:00:00,1.0,4022.6235068731576
DE6,ccgt,2021-02-03T21:00:00,1.0,10024.613913339725
DE6,ccgt,2021-02-04T00:00:00,1.0,13408.745022910525
DE6,ccgt,2021-02-04T03:00:00,1.0,13408.745022910525
DE6,ccgt,2021-02-04T06:00:00,1.0,13408.745022910525
DE6,ccgt,2021-02-04T09:00:00,1.0,4022.6235068731576
DE6,ccgt,2021-02-04T12:00:00,1.0,4022.6235068731576
DE6,ccgt,2021-02-04T15:00:00,1.0,4022.6235068731576
DE6,ccgt,2021-02-04T18:00:00,1.0,4022.6235068731576
DE6,ccgt,2021-02-04T21:00:00,1.0,13408.745022910525
DE6,ccgt,2021-02-05T00:00:00,1.0,13408.745022910525
DE6,ccgt,2021-02-05T03:00:00,1.0,13408.745022910525
DE6,ccgt,2021-02-05T06:00:00,1.0,13408.745022910525
DE6,ccgt,2021-02-05T09:00:00,1.0,4022.6235068731576
DE6,ccgt,2021-02-05T12:00:00,1.0,4022.6235068731576
DE6,ccgt,2021-02-05T15:00:00,1.0,4022.6235068731576
DE6,ccgt,2021-02-05T18:00:00,1.0,4022.6235068731576
DE6,ccgt,2021-02-05T21:00:00,1.0,8337.573495487733
DE6,ccgt,2021-02-06T00:00:00,1.0,13408.745022910525
DE6,ccgt,2021-02-06T03:00:00,1.0,13408.745022910525
DE6,ccgt,2021-02-06T06:00:00,1.0,13408.745022910525
DE6,ccgt,2021-02-06T09:00:00,1.0,4022.6235068731576
DE6,ccgt,2021-02-06T12:00:00,1.0,4022.6235068731576
DE6,ccgt,2021-02-06T15:00:00,1.0,4022.6235068731576
DE6,ccgt,2021-02-06T18:00:00,1.0,4022.6235068731576
DE6,ccgt,2021-02-06T21:00:00,1.0,4022.6235068731576
DE6,ccgt,2021-02-07T00:00:00,1.0,13408.745022910525
DE6,ccgt,2021-02-07T03:00:00,1.0,13408.745022910525
DE6,ccgt,2021-02-07T06:00:00,1.0,13408.745022910525
DE6,ccgt,2021-02-07T09:00:00,1.0,12554.982021419464
DE6,ccgt,2021-02-07T12:00:00,1.0,4022.6235068731576
DE6,ccgt,2021-02-07T15:00:00,1.0,4022.6235068731576
DE6,ccgt,2021-02-07T18:00:00,1.0,4022.6235068731576
DE6,ccgt,2021-02-07T21:00:00,1.0,4022.6235068731576
DE6,ocgt,2021-01-25T00:00:00,1.0,0.0
DE6,ocgt,2021-01-25T03:00:00,1.0,740.0
DE6,ocgt,2021-01-25T06:00:00,1.0,740.0
DE6,ocgt,2021-01-25T09:00:00,1.0,0.0
DE6,ocgt,2021-01-25T12:00:00,1.0,0.0
DE6,ocgt,2021-01-25T15:00:00,1.0,0.0
DE6,ocgt,2021-01-25T18:00:00,1.0,0.0
DE6,ocgt,2021-01-25T21:00:00,1.0,0.0
DE6,ocgt,2021-01-26T00:00:00,1.0,0.0
DE6,ocgt,2021-01-26T03:00:00,1.0,0.0
DE6,ocgt,2021-01-26T06:00:00,1.0,0.0
DE6,ocgt,2021-01-26T09:00:00,1.0,0.0
DE6,ocgt,2021-01-26T12:00:00,1.0,0.0
DE6,ocgt,2021-01-26T15:00:00,1.0,0.0
DE6,ocgt,2021-01-26T18:00:00,1.0,0.0
DE6,ocgt,2021-01-26T21:00:00,1.0,0.0
DE6,ocgt,2021-01-27T00:00:00,1.0,0.0
DE6,ocgt,2021-01-27T03:00:00,1.0,0.0
DE6,ocgt,2021-01-27T06:00:00,1.0,0.0
DE6,ocgt,2021-01-27T09:00:00,1.0,0.0
DE6,ocgt,2021-01-27T12:00:00,1.0,0.0
DE6,ocgt,2021-01-27T15:00:00,1.0,0.0
DE6,ocgt,2021-01-27T18:00:00,1.0,0.0
DE6,ocgt,2021-01-27T21:00:00,1.0,0.0
DE6,ocgt,2021-01-28T00:00:00,1.0,0.0
DE6,ocgt,2021-01-28T03:00:00,1.0,0.0
DE6,ocgt,2021-01-28T06:00:00,1.0,0.0
DE6,ocgt,2021-01-28T09:00:00,1.0,0.0
DE6,ocgt,2021-01-28T12:00:00,1.0,0.0
DE6,ocgt,2021-01-28T15:00:00,1.0,0.0
DE6,ocgt,2021-01-28T18:00:00,1.0,0.0
DE6,ocgt,2021-01-28T21:00:00,1.0,0.0
DE6,ocgt,2021-01-29T00:00:00,1.0,0.0
DE6,ocgt,2021-01-29T03:00:00,1.0,0.0
DE6,ocgt,2021-01-29T06:00:00,1.0,0.0
DE6,ocgt,2021-01-29T09:00:00,1.0,0.0
DE6,ocgt,2021-01-29T12:00:00,1.0,0.0
DE6,ocgt,2021-01-29T15:00:00,1.0,0.0
DE6,ocgt,2021-01-29T18:00:00,1.0,0.0
DE6,ocgt,2021-01-29T21:00:00,1.0,0.0
DE6,ocgt,2021-01-30T00:00:00,1.0,0.0
DE6,ocgt,2021-01-30T03:00:00,1.0,0.0
DE6,ocgt,2021-01-30T06:00:00,1.0,0.0
DE6,ocgt,2021-01-30T09:00:00,1.0,0.0
DE6,ocgt,2021-01-30T12:00:00,1.0,0.0
DE6,ocgt,2021-01-30T15:00:00,1.0,0.0
DE6,ocgt,2021-01-30T18:00:00,1.0,0.0
DE6,ocgt,2021-01-30T21:00:00,1.0,0.0
DE6,ocgt,2021-01-31T00:00:00,1.0,0.0
DE6,ocgt,2021-01-31T03:00:00,1.0,0.0
DE6,ocgt,2021-01-31T06:00:00,1.0,0.0
DE6,ocgt,2021-01-31T09:00:00,1.0,0.0
DE6,ocgt,2021-01-31T12:00:00,1.0,0.0
DE6,ocgt,2021-01-31T15:00:00,1.0,0.0
DE6,ocgt,2021-01-31T18:00:00,1.0,0.0
DE6,ocgt,2021-01-31T21:00:00,1.0,0.0
DE6,ocgt,2021-02-01T00:00:00,1.0,0.0
DE6,ocgt,2021-02-01T03:00:00,1.0,0.0
DE6,ocgt,2021-02-01T06:00:00,1.0,0.0
DE6,ocgt,2021-02-01T09:00:00,1.0,0.0
DE6,ocgt,2021-02-01T12:00:00,1.0,0.0
DE6,ocgt,2021-02-01T15:00:00,1.0,0.0
DE6,ocgt,2021-02-01T18:00:00,1.0,0.0
DE6,ocgt,2021-02-01T21:00:00,1.0,0.0
DE6,ocgt,2021-02-02T00:00:00,1.0,0.0
DE6,ocgt,2021-02-02T03:00:00,1.0,0.0
DE6,ocgt,2021-02-02T06:00:00,1.0,0.0
DE6,ocgt,2021-02-02T09:00:00,1.0,0.0
DE6,ocgt,2021-02-02T12:00:00,1.0,0.0
DE6,ocgt,2021-02-02T15:00:00,1.0,0.0
DE6,ocgt,2021-02-02T18:00:00,1.0,0.0
DE6,ocgt,2021-02-02T21:00:00,1.0,0.0
DE6,ocgt,2021-02-03T00:00:00,1.0,0.0
DE6,ocgt,2021-02-03T03:00:00,1.0,0.0
DE6,ocgt,2021-02-03T06:00:00,1.0,0.0
DE6,ocgt,2021-02-03T09:00:00,1.0,0.0
DE6,ocgt,2021-02-03T12:00:00,1.0,0.0
DE6,ocgt,2021-02-03T15:00:00,1.0,0.0
DE6,ocgt,2021-02-03T18:00:00,1.0,0.0
DE6,ocgt,2021-02-03T21:00:00,1.0,0.0
DE6,ocgt,2021-02-04T00:00:00,1.0,0.0
DE6,ocgt,2021-02-04T03:00:00,1.0,0.0
DE6,ocgt,2021-02-04T06:00:00,1.0,0.0
DE6,ocgt,2021-02-04T09:00:00,1.0,0.0
DE6,ocgt,2021-02-04T12:00:00,1.0,0.0
DE6,ocgt,2021-02-04T15:00:00,1.0,0.0
DE6,ocgt,2021-02-04T18:00:00,1.0,0.0
DE6,ocgt,2021-02-04T21:00:00,1.0,0.0
DE6,ocgt,2021-02-05T00:00:00,1.0,0.0
DE6,ocgt,2021-02-05T03:00:00,1.0,0.0
DE6,ocgt,2021-02-05T06:00:00,1.0,0.0
DE6,ocgt,2021-02-05T09:00:00,1.0,0.0
DE6,ocgt,2021-02-05T12:00:00,1.0,0.0
DE6,ocgt,2021-02-05T15:00:00,1.0,0.0
DE6,ocgt,2021-02-05T18:00:00,1.0,0.0
DE6,ocgt,2021-02-05T21:00:00,1.0,0.0
DE6,ocgt,2021-02-06T00:00:00,1.0,0.0
DE6,ocgt,2021-02-06T03:00:00,1.0,0.0
DE6,ocgt,2021-02-06T06:00:00,1.0,0.0
DE6,ocgt,2021-02-06T09:00:00,1.0,0.0
DE6,ocgt,2021-02-06T12:00:00,1.0,0.0
DE6,ocgt,2021-02-06T15:00:00,1.0,0.0
DE6,ocgt,2021-02-06T18:00:00,1.0,0.0
DE6,ocgt,2021-02-06T21:00:00,1.0,0.0
DE6,ocgt,2021-02-07T00:00:00,1.0,0.0
DE6,ocgt,2021-02-07T03:00:00,1.0,0.0
DE6,ocgt,2021-02-07T06:00:00,1.0,0.0
DE6,ocgt,2021-02-07T09:00:00,1.0,0.0
DE6,ocgt,2021-02-07T12:00:00,1.0,0.0
DE6,ocgt,2021-02-07T15:00:00,1.0,0.0
DE6,ocgt,2021-02-07T18:00:00,1.0,0.0
DE6,ocgt,2021-02-07T21:00:00,1.0,0.0
DE6,offwind,2021-01-25T00:00:00,1.0,0.0
DE6,offwind,2021-01-25T03:00:00,1.0,14.381452799999998
DE6,offwind,2021-01-25T06:00:00,1.0,20.690652799999995
DE6,offwind,2021-01-25T09:00:00,1.0,20.2552224
DE6,offwind,2021-01-25T12:00:00,1.0,0.0
DE6,offwind,2021-01-25T15:00:00,1.0,22.79168
DE6,offwind,2021-01-25T18:00:00,1.0,29.6475648
DE6,offwind,2021-01-25T21:00:00,1.0,21.159792000000014
DE6,offwind,2021-01-26T00:00:00,1.0,26.275276799999997
DE6,offwind,2021-01-26T03:00:00,1.0,25.603891199999985
DE6,offwind,2021-01-26T06:00:00,1.0,20.6264
DE6,offwind,2021-01-26T09:00:00,1.0,0.0
DE6,offwind,2021-01-26T12:00:00,1.0,0.0
DE6,offwind,2021-01-26T15:00:00,1.0,0.0
DE6,offwind,2021-01-26T18:00:00,1.0,37.987142399999996
DE6,offwind,2021-01-26T21:00:00,1.0,31.797708800000002
DE6,offwind,2021-01-27T00:00:00,1.0,24.4416768
DE6,offwind,2021-01-27T03:00:00,1.0,22.049279999999992
DE6,offwind,2021-01-27T06:00:00,1.0,29.488025600000004
DE6,offwind,2021-01-27T09:00:00,1.0,0.0
DE6,offwind,2021-01-27T12:00:00,1.0,23.478041600000005
DE6,offwind,2021-01-27T15:00:00,1.0,22.734336000000003
DE6,offwind,2021-01-27T18:00:00,1.0,15.494976000000003
DE6,offwind,2021-01-27T21:00:00,1.0,8.871206400000002
DE6,offwind,2021-01-28T00:00:00,1.0,9.2610432
DE6,offwind,2021-01-28T03:00:00,1.0,7.874496000000001
DE6,offwind,2021-01-28T06:00:00,1.0,6.245520000000003
DE6,offwind,2021-01-28T09:00:00,1.0,4.679436800000002
DE6,offwind,2021-01-28T12:00:00,1.0,6.169344000000001
DE6,offwind,2021-01-28T15:00:00,1.0,4.54464
DE6,offwind,2021-01-28T18:00:00,1.0,6.481401600000002
DE6,offwind,2021-01-28T21:00:00,1.0,5.1496960000000005
DE6,offwind,2021-01-29T00:00:00,1.0,10.187887999999997
DE6,offwind,2021-01-29T03:00:00,1.0,11.1146048
DE6,offwind,2021-01-29T06:00:00,1.0,6.624038399999998
DE6,offwind,2021-01-29T09:00:00,1.0,0.0
DE6,offwind,2021-01-29T12:00:00,1.0,0.0
DE6,offwind,2021-01-29T15:00:00,1.0,0.0
DE6,offwind,2021-01-29T18:00:00,1.0,9.537190399999997
DE6,offwind,2021-01-29T21:00:00,1.0,10.791705599999997
DE6,offwind,2021-01-30T00:00:00,1.0,17.359923199999994
DE6,offwind,2021-01-30T03:00:00,1.0,37.54460159999999
DE6,offwind,2021-01-30T06:00:00,1.0,21.873679999999997
DE6,offwind,2021-01-30T09:00:00,1.0,30.56120640000001
DE6,offwind,2021-01-30T12:00:00,1.0,27.44043520000001
DE6,offwind,2021-01-30T15:00:00,1.0,36.823040000000006
DE6,offwind,2021-01-30T18:00:00,1.0,34.28778239999999
DE6,offwind,2021-01-30T21:00:00,1.0,59.94463679999999
DE6,offwind,2021-01-31T00:00:00,1.0,41.17163519999999
DE6,offwind,2021-01-31T03:00:00,1.0,43.5996672
DE6,offwind,2021-01-31T06:00:00,1.0,40.553295999999996
DE6,offwind,2021-01-31T09:00:00,1.0,38.38988799999999
DE6,offwind,2021-01-31T12:00:00,1.0,35.131104000000015
DE6,offwind,2021-01-31T15:00:00,1.0,26.249651199999995
DE6,offwind,2021-01-31T18:00:00,1.0,36.1930176
DE6,offwind,2021-01-31T21:00:00,1.0,38.87320320000001
DE6,offwind,2021-02-01T00:00:00,1.0,29.407321599999996
DE6,offwind,2021-02-01T03:00:00,1.0,20.261120000000005
DE6,offwind,2021-02-01T06:00:00,1.0,27.807155199999993
DE6,offwind,2021-02-01T09:00:00,1.0,17.752972800000006
DE6,offwind,2021-02-01T12:00:00,1.0,13.384998399999999
DE6,offwind,2021-02-01T15:00:00,1.0,13.917696000000007
DE6,offwind,2021-02-01T18:00:00,1.0,13.763747200000003
DE6,offwind,2021-02-01T21:00:00,1.0,15.010150399999997
DE6,offwind,2021-02-02T00:00:00,1.0,9.090892799999997
DE6,offwind,2021-02-02T03:00:00,1.0,6.1549632
DE6,offwind,2021-02-02T06:00:00,1.0,6.589612800000001
DE6,offwind,2021-02-02T09:00:00,1.0,6.7194047999999995
DE6,offwind,2021-02-02T12:00:00,1.0,6.703872
DE6,offwind,2021-02-02T15:00:00,1.0,5.881100799999999
DE6,offwind,2021-02-02T18:00:00,1.0,4.2562560000000005
DE6,offwind,2021-02-02T21:00:00,1.0,5.023360000000001
DE6,offwind,2021-02-03T00:00:00,1.0,7.243974399999999
DE6,offwind,2021-02-03T03:00:00,1.0,7.5454912
DE6,offwind,2021-02-03T06:00:00,1.0,7.366960000000001
DE6,offwind,2021-02-03T09:00:00,1.0,7.069887999999999
DE6,offwind,2021-02-03T12:00:00,1.0,6.725376000000001
DE6,offwind,2021-02-03T15:00:00,1.0,8.3611264
DE6,offwind,2021-02-03T18:00:00,1.0,12.506444799999997
DE6,offwind,2021-02-03T21:00:00,1.0,13.489631999999999
DE6,offwind,2021-02-04T00:00:00,1.0,21.621376000000005
DE6,offwind,2021-02-04T03:00:00,1.0,21.326976000000005
DE6,offwind,2021-02-04T06:00:00,1.0,34.7883936
DE6,offwind,2021-02-04T09:00:00,1.0,18.616835200000004
DE6,offwind,2021-02-04T12:00:00,1.0,23.771401600000004
DE6,offwind,2021-02-04T15:00:00,1.0,24.291327999999996
DE6,offwind,2021-02-04T18:00:00,1.0,24.680351999999996
DE6,offwind,2021-02-04T21:00:00,1.0,30.9208608
DE6,offwind,2021-02-05T00:00:00,1.0,24.8155392
DE6,offwind,2021-02-05T03:00:00,1.0,24.944640000000003
DE6,offwind,2021-02-05T06:00:00,1.0,27.316527999999998
DE6,offwind,2021-02-05T09:00:00,1.0,29.74319359999999
DE6,offwind,2021-02-05T12:00:00,1.0,32.778335999999996
DE6,offwind,2021-02-05T15:00:00,1.0,22.818899200000008
DE6,offwind,2021-02-05T18:00:00,1.0,19.994140800000004
DE6,offwind,2021-02-05T21:00:00,1.0,25.579340799999997
DE6,offwind,2021-02-06T00:00:00,1.0,25.958131199999997
DE6,offwind,2021-02-06T03:00:00,1.0,23.55584
DE6,offwind,2021-02-06T06:00:00,1.0,24.47188480000001
DE6,offwind,2021-02-06T09:00:00,1.0,21.71591039999999
DE6,offwind,2021-02-06T12:00:00,1.0,19.660287999999994
DE6,offwind,2021-02-06T15:00:00,1.0,23.532031999999997
DE6,offwind,2021-02-06T18:00:00,1.0,20.612144000000004
DE6,offwind,2021-02-06T21:00:00,1.0,22.402822399999998
DE6,offwind,2021-02-07T00:00:00,1.0,13.083350400000004
DE6,offwind,2021-02-07T03:00:00,1.0,10.874304000000004
DE6,offwind,2021-02-07T06:00:00,1.0,5.665747199999998
DE6,offwind,2021-02-07T09:00:00,1.0,6.8401376
DE6,offwind,2021-02-07T12:00:00,1.0,7.227264
DE6,offwind,2021-02-07T15:00:00,1.0,4.4840447999999995
DE6,offwind,2021-02-07T18:00:00,1.0,3.5959103999999997
DE6,offwind,2021-02-07T21:00:00,1.0,4.427776
DE6,onwind,2021-01-25T00:00:00,1.0,0.0
DE6,onwind,2021-01-25T03:00:00,1.0,212.45328
DE6,onwind,2021-01-25T06:00:00,1.0,305.66530799999987
DE6,onwind,2021-01-25T09:00:00,1.0,299.174148
DE6,onwind,2021-01-25T12:00:00,1.0,0.0
DE6,onwind,2021-01-25T15:00:00,1.0,336.68075999999996
DE6,onwind,2021-01-25T18:00:00,1.0,437.9123840000001
DE6,onwind,2021-01-25T21:00:00,1.0,312.56316000000015
DE6,onwind,2021-01-26T00:00:00,1.0,388.1292479999999
DE6,onwind,2021-01-26T03:00:00,1.0,378.2528879999998
DE6,onwind,2021-01-26T06:00:00,1.0,304.74080000000004
DE6,onwind,2021-01-26T09:00:00,1.0,0.0
DE6,onwind,2021-01-26T12:00:00,1.0,0.0
DE6,onwind,2021-01-26T15:00:00,1.0,0.0
DE6,onwind,2021-01-26T18:00:00,1.0,561.1841039999999
DE6,onwind,2021-01-26T21:00:00,1.0,469.6852160000001
DE6,onwind,2021-01-27T00:00:00,1.0,361.101312
DE6,onwind,2021-01-27T03:00:00,1.0,325.72799999999995
DE6,onwind,2021-01-27T06:00:00,1.0,435.61855999999995
DE6,onwind,2021-01-27T09:00:00,1.0,0.0
DE6,onwind,2021-01-27T12:00:00,1.0,346.80557600000003
DE6,onwind,2021-01-27T15:00:00,1.0,335.86862400000007
DE6,onwind,2021-01-27T18:00:00,1.0,228.88008000000005
DE6,onwind,2021-01-27T21:00:00,1.0,131.03251200000005
DE6,onwind,2021-01-28T00:00:00,1.0,136.78204799999997
DE6,onwind,2021-01-28T03:00:00,1.0,116.26524000000003
DE6,onwind,2021-01-28T06:00:00,1.0,92.25710000000004
DE6,onwind,2021-01-28T09:00:00,1.0,69.14398400000003
DE6,onwind,2021-01-28T12:00:00,1.0,91.17732000000001
DE6,onwind,2021-01-28T15:00:00,1.0,67.11120000000001
DE6,onwind,2021-01-28T18:00:00,1.0,95.73818800000004
DE6,onwind,2021-01-28T21:00:00,1.0,76.11552000000002
DE6,onwind,2021-01-29T00:00:00,1.0,150.56027999999998
DE6,onwind,2021-01-29T03:00:00,1.0,164.22140800000003
DE6,onwind,2021-01-29T06:00:00,1.0,97.847568
DE6,onwind,2021-01-29T09:00:00,1.0,0.0
DE6,onwind,2021-01-29T12:00:00,1.0,0.0
DE6,onwind,2021-01-29T15:00:00,1.0,0.0
DE6,onwind,2021-01-29T18:00:00,1.0,140.91667199999995
DE6,onwind,2021-01-29T21:00:00,1.0,159.44947199999996
DE6,onwind,2021-01-30T00:00:00,1.0,256.4925999999999
DE6,onwind,2021-01-30T03:00:00,1.0,554.6361599999999
DE6,onwind,2021-01-30T06:00:00,1.0,323.14230000000003
DE6,onwind,2021-01-30T09:00:00,1.0,451.3958280000001
DE6,onwind,2021-01-30T12:00:00,1.0,405.40697600000004
DE6,onwind,2021-01-30T15:00:00,1.0,543.9532800000001
DE6,onwind,2021-01-30T18:00:00,1.0,506.45119199999993
DE6,onwind,2021-01-30T21:00:00,1.0,885.4758639999999
DE6,onwind,2021-01-31T00:00:00,1.0,608.1730719999999
DE6,onwind,2021-01-31T03:00:00,1.0,644.109128
DE6,onwind,2021-01-31T06:00:00,1.0,599.146912
DE6,onwind,2021-01-31T09:00:00,1.0,567.0828799999999
DE6,onwind,2021-01-31T12:00:00,1.0,518.9169960000002
DE6,onwind,2021-01-31T15:00:00,1.0,387.76483199999996
DE6,onwind,2021-01-31T18:00:00,1.0,534.679496
DE6,onwind,2021-01-31T21:00:00,1.0,574.1976240000001
DE6,onwind,2021-02-01T00:00:00,1.0,434.46374399999996
DE6,onwind,2021-02-01T03:00:00,1.0,299.31200000000007
DE6,onwind,2021-02-01T06:00:00,1.0,410.7875199999999
DE6,onwind,2021-02-01T09:00:00,1.0,262.31420800000006
DE6,onwind,2021-02-01T12:00:00,1.0,197.71632399999996
DE6,onwind,2021-02-01T15:00:00,1.0,205.6148640000001
DE6,onwind,2021-02-01T18:00:00,1.0,203.30767600000004
DE6,onwind,2021-02-01T21:00:00,1.0,221.708032
DE6,onwind,2021-02-02T00:00:00,1.0,134.26899199999997
DE6,onwind,2021-02-02T03:00:00,1.0,90.87670800000001
DE6,onwind,2021-02-02T06:00:00,1.0,97.33994400000003
DE6,onwind,2021-02-02T09:00:00,1.0,99.286824
DE6,onwind,2021-02-02T12:00:00,1.0,99.07715999999999
DE6,onwind,2021-02-02T15:00:00,1.0,86.846864
DE6,onwind,2021-02-02T18:00:00,1.0,62.87008000000001
DE6,onwind,2021-02-02T21:00:00,1.0,74.24820000000003
DE6,onwind,2021-02-03T00:00:00,1.0,107.054064
DE6,onwind,2021-02-03T03:00:00,1.0,111.486752
DE6,onwind,2021-02-03T06:00:00,1.0,108.8217
DE6,onwind,2021-02-03T09:00:00,1.0,104.47709999999998
DE6,onwind,2021-02-03T12:00:00,1.0,99.32832000000002
DE6,onwind,2021-02-03T15:00:00,1.0,123.51664
DE6,onwind,2021-02-03T18:00:00,1.0,184.78886399999993
DE6,onwind,2021-02-03T21:00:00,1.0,199.31184000000002
DE6,onwind,2021-02-04T00:00:00,1.0,319.45550000000003
DE6,onwind,2021-02-04T03:00:00,1.0,315.0576000000001
DE6,onwind,2021-02-04T06:00:00,1.0,513.932796
DE6,onwind,2021-02-04T09:00:00,1.0,274.97480400000006
DE6,onwind,2021-02-04T12:00:00,1.0,351.20040800000004
DE6,onwind,2021-02-04T15:00:00,1.0,358.8336959999999
DE6,onwind,2021-02-04T18:00:00,1.0,364.54365999999993
DE6,onwind,2021-02-04T21:00:00,1.0,456.74938399999996
DE6,onwind,2021-02-05T00:00:00,1.0,366.566512
DE6,onwind,2021-02-05T03:00:00,1.0,368.5136
DE6,onwind,2021-02-05T06:00:00,1.0,403.582816
DE6,onwind,2021-02-05T09:00:00,1.0,439.3567359999999
DE6,onwind,2021-02-05T12:00:00,1.0,484.16456399999987
DE6,onwind,2021-02-05T15:00:00,1.0,337.0851120000001
DE6,onwind,2021-02-05T18:00:00,1.0,295.373468
DE6,onwind,2021-02-05T21:00:00,1.0,377.83345599999996
DE6,onwind,2021-02-06T00:00:00,1.0,383.50540799999993
DE6,onwind,2021-02-06T03:00:00,1.0,347.98400000000004
DE6,onwind,2021-02-06T06:00:00,1.0,361.5164800000001
DE6,onwind,2021-02-06T09:00:00,1.0,320.8697439999999
DE6,onwind,2021-02-06T12:00:00,1.0,290.4116799999999
DE6,onwind,2021-02-06T15:00:00,1.0,347.6534879999999
DE6,onwind,2021-02-06T18:00:00,1.0,304.46702000000005
DE6,onwind,2021-02-06T21:00:00,1.0,330.901792
DE6,onwind,2021-02-07T00:00:00,1.0,193.23605600000005
DE6,onwind,2021-02-07T03:00:00,1.0,160.55676000000005
DE6,onwind,2021-02-07T06:00:00,1.0,83.69285599999998
DE6,onwind,2021-02-07T09:00:00,1.0,101.070788
DE6,onwind,2021-02-07T12:00:00,1.0,106.81242
DE6,onwind,2021-02-07T15:00:00,1.0,66.21638399999999
DE6,onwind,2021-02-07T18:00:00,1.0,53.115972000000006
DE6,onwind,2021-02-07T21:00:00,1.0,65.44512
DE6,solar,2021-01-25T00:00:00,1.0,0.0
DE6,solar,2021-01-25T03:00:00,1.0,0.0
DE6,solar,2021-01-25T06:00:00,1.0,0.0
DE6,solar,2021-01-25T09:00:00,1.0,468.86386800000014
DE6,solar,2021-01-25T12:00:00,1.0,1928.96
DE6,solar,2021-01-25T15:00:00,1.0,1489.6617119999999
DE6,solar,2021-01-25T18:00:00,1.0,0.0
DE6,solar,2021-01-25T21:00:00,1.0,0.0
DE6,solar,2021-01-26T00:00:00,1.0,0.0
DE6,solar,2021-01-26T03:00:00,1.0,0.0
DE6,solar,2021-01-26T06:00:00,1.0,0.0
DE6,solar,2021-01-26T09:00:00,1.0,1203.116508
DE6,solar,2021-01-26T12:00:00,1.0,1576.9600000000003
DE6,solar,2021-01-26T15:00:00,1.0,1918.390584
DE6,solar,2021-01-26T18:00:00,1.0,0.0
DE6,solar,2021-01-26T21:00:00,1.0,0.0
DE6,solar,2021-01-27T00:00:00,1.0,0.0
DE6,solar,2021-01-27T03:00:00,1.0,0.0
DE6,solar,2021-01-27T06:00:00,1.0,0.0
DE6,solar,2021-01-27T09:00:00,1.0,1088.3117519999998
DE6,solar,2021-01-27T12:00:00,1.0,1369.2799999999997
DE6,solar,2021-01-27T15:00:00,1.0,1536.6414359999999
DE6,solar,2021-01-27T18:00:00,1.0,0.0
DE6,solar,2021-01-27T21:00:00,1.0,0.0
DE6,solar,2021-01-28T00:00:00,1.0,0.0
DE6,solar,2021-01-28T03:00:00,1.0,0.0
DE6,solar,2021-01-28T06:00:00,1.0,0.0
DE6,solar,2021-01-28T09:00:00,1.0,864.92472
DE6,solar,2021-01-28T12:00:00,1.0,699.6000000000001
DE6,solar,2021-01-28T15:00:00,1.0,1129.068996
DE6,solar,2021-01-28T18:00:00,1.0,0.0
DE6,solar,2021-01-28T21:00:00,1.0,0.0
DE6,solar,2021-01-29T00:00:00,1.0,0.0
DE6,solar,2021-01-29T03:00:00,1.0,0.0
DE6,solar,2021-01-29T06:00:00,1.0,0.0
DE6,solar,2021-01-29T09:00:00,1.0,1038.2207879999999
DE6,solar,2021-01-29T12:00:00,1.0,1982.64
DE6,solar,2021-01-29T15:00:00,1.0,1895.3674079999998
DE6,solar,2021-01-29T18:00:00,1.0,0.0
DE6,solar,2021-01-29T21:00:00,1.0,0.0
DE6,solar,2021-01-30T00:00:00,1.0,0.0
DE6,solar,2021-01-30T03:00:00,1.0,0.0
DE6,solar,2021-01-30T06:00:00,1.0,0.0
DE6,solar,2021-01-30T09:00:00,1.0,754.4756999999997
DE6,solar,2021-01-30T12:00:00,1.0,1170.4
DE6,solar,2021-01-30T15:00:00,1.0,1369.878972
DE6,solar,2021-01-30T18:00:00,1.0,0.0
DE6,solar,2021-01-30T21:00:00,1.0,0.0
DE6,solar,2021-01-31T00:00:00,1.0,0.0
DE6,solar,2021-01-31T03:00:00,1.0,0.0
DE6,solar,2021-01-31T06:00:00,1.0,0.0
DE6,solar,2021-01-31T09:00:00,1.0,1050.976872
DE6,solar,2021-01-31T12:00:00,1.0,657.7999999999998
DE6,solar,2021-01-31T15:00:00,1.0,1538.1970559999997
DE6,solar,2021-01-31T18:00:00,1.0,0.0
DE6,solar,2021-01-31T21:00:00,1.0,0.0
DE6,solar,2021-02-01T00:00:00,1.0,0.0
DE6,solar,2021-02-01T03:00:00,1.0,0.0
DE6,solar,2021-02-01T06:00:00,1.0,0.0
DE6,solar,2021-02-01T09:00:00,1.0,1144.625196
DE6,solar,2021-02-01T12:00:00,1.0,1466.9599999999996
DE6,solar,2021-02-01T15:00:00,1.0,1328.810604
DE6,solar,2021-02-01T18:00:00,1.0,0.0
DE6,solar,2021-02-01T21:00:00,1.0,0.0
DE6,solar,2021-02-02T00:00:00,1.0,0.0
DE6,solar,2021-02-02T03:00:00,1.0,0.0
DE6,solar,2021-02-02T06:00:00,1.0,0.0
DE6,solar,2021-02-02T09:00:00,1.0,1101.6900840000003
DE6,solar,2021-02-02T12:00:00,1.0,999.2399999999999
DE6,solar,2021-02-02T15:00:00,1.0,1198.138524
DE6,solar,2021-02-02T18:00:00,1.0,0.0
DE6,solar,2021-02-02T21:00:00,1.0,0.0
DE6,solar,2021-02-03T00:00:00,1.0,0.0
DE6,solar,2021-02-03T03:00:00,1.0,0.0
DE6,solar,2021-02-03T06:00:00,1.0,0.0
DE6,solar,2021-02-03T09:00:00,1.0,805.81116
DE6,solar,2021-02-03T12:00:00,1.0,1704.12
DE6,solar,2021-02-03T15:00:00,1.0,805.81116
DE6,solar,2021-02-03T18:00:00,1.0,0.0
DE6,solar,2021-02-03T21:00:00,1.0,0.0
DE6,solar,2021-02-04T00:00:00,1.0,0.0
DE6,solar,2021-02-04T03:00:00,1.0,0.0
DE6,solar,2021-02-04T06:00:00,1.0,0.0
DE6,solar,2021-02-04T09:00:00,1.0,845.946156
DE6,solar,2021-02-04T12:00:00,1.0,1024.76
DE6,solar,2021-02-04T15:00:00,1.0,1081.467024
DE6,solar,2021-02-04T18:00:00,1.0,0.0
DE6,solar,2021-02-04T21:00:00,1.0,0.0
DE6,solar,2021-02-05T00:00:00,1.0,0.0
DE6,solar,2021-02-05T03:00:00,1.0,0.0
DE6,solar,2021-02-05T06:00:00,1.0,0.0
DE6,solar,2021-02-05T09:00:00,1.0,770.6541480000001
DE6,solar,2021-02-05T12:00:00,1.0,1033.1200000000001
DE6,solar,2021-02-05T15:00:00,1.0,1655.4908039999998
DE6,solar,2021-02-05T18:00:00,1.0,0.0
DE6,solar,2021-02-05T21:00:00,1.0,0.0
DE6,solar,2021-02-06T00:00:00,1.0,0.0
DE6,solar,2021-02-06T03:00:00,1.0,0.0
DE6,solar,2021-02-06T06:00:00,1.0,0.0
DE6,solar,2021-02-06T09:00:00,1.0,1273.4305319999999
DE6,solar,2021-02-06T12:00:00,1.0,1241.24
DE6,solar,2021-02-06T15:00:00,1.0,1531.9745759999998
DE6,solar,2021-02-06T18:00:00,1.0,0.0
DE6,solar,2021-02-06T21:00:00,1.0,0.0
DE6,solar,2021-02-07T00:00:00,1.0,0.0
DE6,solar,2021-02-07T03:00:00,1.0,0.0
DE6,solar,2021-02-07T06:00:00,1.0,0.0
DE6,solar,2021-02-07T09:00:00,1.0,578.3795159999999
DE6,solar,2021-02-07T12:00:00,1.0,1185.8000000000004
DE6,solar,2021-02-07T15:00:00,1.0,1741.3610279999998
DE6,solar,2021-02-07T18:00:00,1.0,0.0
DE6,solar,2021-02-07T21:00:00,1.0,0.0
DE7,ccgt,2021-01-25T00:00:00,1.0,540.0
DE7,ccgt,2021-01-25T03:00:00,1.0,1800.0
DE7,ccgt,2021-01-25T06:00:00,1.0,1800.0
DE7,ccgt,2021-01-25T09:00:00,1.0,540.0
DE7,ccgt,2021-01-25T12:00:00,1.0,540.0
DE7,ccgt,2021-01-25T15:00:00,1.0,540.0
DE7,ccgt,2021-01-25T18:00:00,1.0,540.0
DE7,ccgt,2021-01-25T21:00:00,1.0,540.0
DE7,ccgt,2021-01-26T00:00:00,1.0,540.0
DE7,ccgt,2021-01-26T03:00:00,1.0,540.0
DE7,ccgt,2021-01-26T06:00:00,1.0,1800.0
DE7,ccgt,2021-01-26T09:00:00,1.0,540.0
DE7,ccgt,2021-01-26T12:00:00,1.0,540.0
DE7,ccgt,2021-01-26T15:00:00,1.0,540.0
DE7,ccgt,2021-01-26T18:00:00,1.0,540.0
DE7,ccgt,2021-01-26T21:00:00,1.0,540.0
DE7,ccgt,2021-01-27T00:00:00,1.0,540.0
DE7,ccgt,2021-01-27T03:00:00,1.0,540.0
DE7,ccgt,2021-01-27T06:00:00,1.0,1800.0
DE7,ccgt,2021-01-27T09:00:00,1.0,540.0
DE7,ccgt,2021-01-27T12:00:00,1.0,540.0
DE7,ccgt,2021-01-27T15:00:00,1.0,540.0
DE7,ccgt,2021-01-27T18:00:00,1.0,540.0
DE7,ccgt,2021-01-27T21:00:00,1.0,1800.0
DE7,ccgt,2021-01-28T00:00:00,1.0,1800.0
DE7,ccgt,2021-01-28T03:00:00,1.0,1800.0
DE7,ccgt,2021-01-28T06:00:00,1.0,1800.0
DE7,ccgt,2021-01-28T09:00:00,1.0,540.0
DE7,ccgt,2021-01-28T12:00:00,1.0,540.0
DE7,ccgt,2021-01-28T15:00:00,1.0,540.0
DE7,ccgt,2021-01-28T18:00:00,1.0,1800.0
DE7,ccgt,2021-01-28T21:00:00,1.0,1800.0
DE7,ccgt,2021-01-29T00:00:00,1.0,1800.0
DE7,ccgt,2021-01-29T03:00:00,1.0,1800.0
DE7,ccgt,2021-01-29T06:00:00,1.0,1800.0
DE7,ccgt,2021-01-29T09:00:00,1.0,540.0
DE7,ccgt,2021-01-29T12:00:00,1.0,540.0
DE7,ccgt,2021-01-29T15:00:00,1.0,540.0
DE7,ccgt,2021-01-29T18:00:00,1.0,540.0
DE7,ccgt,2021-01-29T21:00:00,1.0,540.0
DE7,ccgt,2021-01-30T00:00:00,1.0,540.0
DE7,ccgt,2021-01-30T03:00:00,1.0,1800.0
DE7,ccgt,2021-01-30T06:00:00,1.0,1800.0
DE7,ccgt,2021-01-30T09:00:00,1.0,540.0
DE7,ccgt,2021-01-30T12:00:00,1.0,540.0
DE7,ccgt,2021-01-30T15:00:00,1.0,540.0
DE7,ccgt,2021-01-30T18:00:00,1.0,540.0
DE7,ccgt,2021-01-30T21:00:00,1.0,540.0
DE7,ccgt,2021-01-31T00:00:00,1.0,1800.0
DE7,ccgt,2021-01-31T03:00:00,1.0,691.5263444731775
DE7,ccgt,2021-01-31T06:00:00,1.0,1800.0
DE7,ccgt,2021-01-31T09:00:00,1.0,540.0
DE7,ccgt,2021-01-31T12:00:00,1.0,540.0
DE7,ccgt,2021-01-31T15:00:00,1.0,540.0
DE7,ccgt,2021-01-31T18:00:00,1.0,540.0
DE7,ccgt,2021-01-31T21:00:00,1.0,540.0
DE7,ccgt,2021-02-01T00:00:00,1.0,540.0
DE7,ccgt,2021-02-01T03:00:00,1.0,1800.0
DE7,ccgt,2021-02-01T06:00:00,1.0,1800.0
DE7,ccgt,2021-02-01T09:00:00,1.0,540.0
DE7,ccgt,2021-02-01T12:00:00,1.0,540.0
DE7,ccgt,2021-02-01T15:00:00,1.0,540.0
DE7,ccgt,2021-02-01T18:00:00,1.0,540.0
DE7,ccgt,2021-02-01T21:00:00,1.0,540.0
DE7,ccgt,2021-02-02T00:00:00,1.0,540.0
DE7,ccgt,2021-02-02T03:00:00,1.0,1800.0
DE7,ccgt,2021-02-02T06:00:00,1.0,1800.0
DE7,ccgt,2021-02-02T09:00:00,1.0,540.0
DE7,ccgt,2021-02-02T12:00:00,1.0,540.0
DE7,ccgt,2021-02-02T15:00:00,1.0,540.0
DE7,ccgt,2021-02-02T18:00:00,1.0,540.0
DE7,ccgt,2021-02-02T21:00:00,1.0,1110.5525179828655
DE7,ccgt,2021-02-03T00:00:00,1.0,1800.0
DE7,ccgt,2021-02-03T03:00:00,1.0,1800.0
DE7,ccgt,2021-02-03T06:00:00,1.0,1800.0
DE7,ccgt,2021-02-03T09:00:00,1.0,540.0
DE7,ccgt,2021-02-03T12:00:00,1.0,540.0
DE7,ccgt,2021-02-03T15:00:00,1.0,540.0
DE7,ccgt,2021-02-03T18:00:00,1.0,540.0
DE7,ccgt,2021-02-03T21:00:00,1.0,540.0
DE7,ccgt,2021-02-04T00:00:00,1.0,1800.0
DE7,ccgt,2021-02-04T03:00:00,1.0,1800.0
DE7,ccgt,2021-02-04T06:00:00,1.0,1800.0
DE7,ccgt,2021-02-04T09:00:00,1.0,540.0
DE7,ccgt,2021-02-04T12:00:00,1.0,540.0
DE7,ccgt,2021-02-04T15:00:00,1.0,540.0
DE7,ccgt,2021-02-04T18:00:00,1.0,540.0
DE7,ccgt,2021-02-04T21:00:00,1.0,540.0
DE7,ccgt,2021-02-05T00:00:00,1.0,1800.0
DE7,ccgt,2021-02-05T03:00:00,1.0,1800.0
DE7,ccgt,2021-02-05T06:00:00,1.0,1800.0
DE7,ccgt,2021-02-05T09:00:00,1.0,540.0
DE7,ccgt,2021-02-05T12:00:00,1.0,540.0
DE7,ccgt,2021-02-05T15:00:00,1.0,540.0
DE7,ccgt,2021-02-05T18:00:00,1.0,540.0
DE7,ccgt,2021-02-05T21:00:00,1.0,1800.0
DE7,ccgt,2021-02-06T00:00:00,1.0,1800.0
DE7,ccgt,2021-02-06T03:00:00,1.0,1800.0
DE7,ccgt,2021-02-06T06:00:00,1.0,1800.0
DE7,ccgt,2021-02-06T09:00:00,1.0,540.0
DE7,ccgt,2021-02-06T12:00:00,1.0,540.0
DE7,ccgt,2021-02-06T15:00:00,1.0,540.0
DE7,ccgt,2021-02-06T18:00:00,1.0,540.0
DE7,ccgt,2021-02-06T21:00:00,1.0,540.0
DE7,ccgt,2021-02-07T00:00:00,1.0,1800.0
DE7,ccgt,2021-02-07T03:00:00,1.0,1800.0
DE7,ccgt,2021-02-07T06:00:00,1.0,1800.0
DE7,ccgt,2021-02-07T09:00:00,1.0,1800.0
DE7,ccgt,2021-02-07T12:00:00,1.0,540.0
DE7,ccgt,2021-02-07T15:00:00,1.0,540.0
DE7,ccgt,2021-02-07T18:00:00,1.0,540.0
DE7,ccgt,2021-02-07T21:00:00,1.0,540.0
DE7,ocgt,2021-01-25T00:00:00,1.0,0.0
DE7,ocgt,2021-01-25T03:00:00,1.0,800.0
DE7,ocgt,2021-01-25T06:00:00,1.0,800.0
DE7,ocgt,2021-01-25T09:00:00,1.0,0.0
DE7,ocgt,2021-01-25T12:00:00,1.0,0.0
DE7,ocgt,2021-01-25T15:00:00,1.0,0.0
DE7,ocgt,2021-01-25T18:00:00,1.0,0.0
DE7,ocgt,2021-01-25T21:00:00,1.0,0.0
DE7,ocgt,2021-01-26T00:00:00,1.0,0.0
DE7,ocgt,2021-01-26T03:00:00,1.0,0.0
DE7,ocgt,2021-01-26T06:00:00,1.0,0.0
DE7,ocgt,2021-01-26T09:00:00,1.0,0.0
DE7,ocgt,2021-01-26T12:00:00,1.0,0.0
DE7,ocgt,2021-01-26T15:00:00,1.0,0.0
DE7,ocgt,2021-01-26T18:00:00,1.0,0.0
DE7,ocgt,2021-01-26T21:00:00,1.0,0.0
DE7,ocgt,2021-01-27T00:00:00,1.0,0.0
DE7,ocgt,2021-01-27T03:00:00,1.0,0.0
DE7,ocgt,2021-01-27T06:00:00,1.0,0.0
DE7,ocgt,2021-01-27T09:00:00,1.0,0.0
DE7,ocgt,2021-01-27T12:00:00,1.0,0.0
DE7,ocgt,2021-01-27T15:00:00,1.0,0.0
DE7,ocgt,2021-01-27T18:00:00,1.0,0.0
DE7,ocgt,2021-01-27T21:00:00,1.0,0.0
DE7,ocgt,2021-01-28T00:00:00,1.0,0.0
DE7,ocgt,2021-01-28T03:00:00,1.0,0.0
DE7,ocgt,2021-01-28T06:00:00,1.0,0.0
DE7,ocgt,2021-01-28T09:00:00,1.0,0.0
DE7,ocgt,2021-01-28T12:00:00,1.0,0.0
DE7,ocgt,2021-01-28T15:00:00,1.0,0.0
DE7,ocgt,2021-01-28T18:00:00,1.0,0.0
DE7,ocgt,2021-01-28T21:00:00,1.0,0.0
DE7,ocgt,2021-01-29T00:00:00,1.0,0.0
DE7,ocgt,2021-01-29T03:00:00,1.0,0.0
DE7,ocgt,2021-01-29T06:00:00,1.0,0.0
DE7,ocgt,2021-01-29T09:00:00,1.0,0.0
DE7,ocgt,2021-01-29T12:00:00,1.0,0.0
DE7,ocgt,2021-01-29T15:00:00,1.0,0.0
DE7,ocgt,2021-01-29T18:00:00,1.0,0.0
DE7,ocgt,2021-01-29T21:00:00,1.0,0.0
DE7,ocgt,2021-01-30T00:00:00,1.0,0.0
DE7,ocgt,2021-01-30T03:00:00,1.0,0.0
DE7,ocgt,2021-01-30T06:00:00,1.0,0.0
DE7,ocgt,2021-01-30T09:00:00,1.0,0.0
DE7,ocgt,2021-01-30T12:00:00,1.0,0.0
DE7,ocgt,2021-01-30T15:00:00,1.0,0.0
DE7,ocgt,2021-01-30T18:00:00,1.0,0.0
DE7,ocgt,2021-01-30T21:00:00,1.0,0.0
DE7,ocgt,2021-01-31T00:00:00,1.0,0.0
DE7,ocgt,2021-01-31T03:00:00,1.0,0.0
DE7,ocgt,2021-01-31T06:00:00,1.0,0.0
DE7,ocgt,2021-01-31T09:00:00,1.0,0.0
DE7,ocgt,2021-01-31T12:00:00,1.0,0.0
DE7,ocgt,2021-01-31T15:00:00,1.0,0.0
DE7,ocgt,2021-01-31T18:00:00,1.0,0.0
DE7,ocgt,2021-01-31T21:00:00,1.0,0.0
DE7,ocgt,2021-02-01T00:00:00,1.0,0.0
DE7,ocgt,2021-02-01T03:00:00,1.0,0.0
DE7,ocgt,2021-02-01T06:00:00,1.0,0.0
DE7,ocgt,2021-02-01T09:00:00,1.0,0.0
DE7,ocgt,2021-02-01T12:00:00,1.0,0.0
DE7,ocgt,2021-02-01T15:00:00,1.0,0.0
DE7,ocgt,2021-02-01T18:00:00,1.0,0.0
DE7,ocgt,2021-02-01T21:00:00,1.0,0.0
DE7,ocgt,2021-02-02T00:00:00,1.0,0.0
DE7,ocgt,2021-02-02T03:00:00,1.0,0.0
DE7,ocgt,2021-02-02T06:00:00,1.0,0.0
DE7,ocgt,2021-02-02T09:00:00,1.0,0.0
DE7,ocgt,2021-02-02T12:00:00,1.0,0.0
DE7,ocgt,2021-02-02T15:00:00,1.0,0.0
DE7,ocgt,2021-02-02T18:00:00,1.0,0.0
DE7,ocgt,2021-02-02T21:00:00,1.0,0.0
DE7,ocgt,2021-02-03T00:00:00,1.0,0.0
DE7,ocgt,2021-02-03T03:00:00,1.0,0.0
DE7,ocgt,2021-02-03T06:00:00,1.0,0.0
DE7,ocgt,2021-02-03T09:00:00,1.0,0.0
DE7,ocgt,2021-02-03T12:00:00,1.0,0.0
DE7,ocgt,2021-02-03T15:00:00,1.0,0.0
DE7,ocgt,2021-02-03T18:00:00,1.0,0.0
DE7,ocgt,2021-02-03T21:00:00,1.0,0.0
DE7,ocgt,2021-02-04T00:00:00,1.0,0.0
DE7,ocgt,2021-02-04T03:00:00,1.0,0.0
DE7,ocgt,2021-02-04T06:00:00,1.0,0.0
DE7,ocgt,2021-02-04T09:00:00,1.0,0.0
DE7,ocgt,2021-02-04T12:00:00,1.0,0.0
DE7,ocgt,2021-02-04T15:00:00,1.0,0.0
DE7,ocgt,2021-02-04T18:00:00,1.0,0.0
DE7,ocgt,2021-02-04T21:00:00,1.0,0.0
DE7,ocgt,2021-02-05T00:00:00,1.0,0.0
DE7,ocgt,2021-02-05T03:00:00,1.0,0.0
DE7,ocgt,2021-02-05T06:00:00,1.0,0.0
DE7,ocgt,2021-02-05T09:00:00,1.0,0.0
DE7,ocgt,2021-02-05T12:00:00,1.0,0.0
DE7,ocgt,2021-02-05T15:00:00,1.0,0.0
DE7,ocgt,2021-02-05T18:00:00,1.0,0.0
DE7,ocgt,2021-02-05T21:00:00,1.0,0.0
DE7,ocgt,2021-02-06T00:00:00,1.0,0.0
DE7,ocgt,2021-02-06T03:00:00,1.0,0.0
DE7,ocgt,2021-02-06T06:00:00,1.0,0.0
DE7,ocgt,2021-02-06T09:00:00,1.0,0.0
DE7,ocgt,2021-02-06T12:00:00,1.0,0.0
DE7,ocgt,2021-02-06T15:00:00,1.0,0.0
DE7,ocgt,2021-02-06T18:00:00,1.0,0.0
DE7,ocgt,2021-02-06T21:00:00,1.0,0.0
DE7,ocgt,2021-02-07T00:00:00,1.0,0.0
DE7,ocgt,2021-02-07T03:00:00,1.0,0.0
DE7,ocgt,2021-02-07T06:00:00,1.0,0.0
DE7,ocgt,2021-02-07T09:00:00,1.0,0.0
DE7,ocgt,2021-02-07T12:00:00,1.0,0.0
DE7,ocgt,2021-02-07T15:00:00,1.0,0.0
DE7,ocgt,2021-02-07T18:00:00,1.0,0.0
DE7,ocgt,2021-02-07T21:00:00,1.0,0.0
DE7,offwind,2021-01-25T00:00:00,1.0,0.0
DE7,offwind,2021-01-25T03:00:00,1.0,17.976816
DE7,offwind,2021-01-25T06:00:00,1.0,25.86331599999999
DE7,offwind,2021-01-25T09:00:00,1.0,25.319028
DE7,offwind,2021-01-25T12:00:00,1.0,0.0
DE7,offwind,2021-01-25T15:00:00,1.0,28.4896
DE7,offwind,2021-01-25T18:00:00,1.0,37.059456000000004
DE7,offwind,2021-01-25T21:00:00,1.0,26.449740000000016
DE7,offwind,2021-01-26T00:00:00,1.0,32.84409599999999
DE7,offwind,2021-01-26T03:00:00,1.0,32.00486399999998
DE7,offwind,2021-01-26T06:00:00,1.0,25.783
DE7,offwind,2021-01-26T09:00:00,1.0,0.0
DE7,offwind,2021-01-26T12:00:00,1.0,0.0
DE7,offwind,2021-01-26T15:00:00,1.0,0.0
DE7,offwind,2021-01-26T18:00:00,1.0,47.48392799999999
DE7,offwind,2021-01-26T21:00:00,1.0,39.747136000000005
DE7,offwind,2021-01-27T00:00:00,1.0,30.552096000000002
DE7,offwind,2021-01-27T03:00:00,1.0,27.56159999999999
DE7,offwind,2021-01-27T06:00:00,1.0,36.860032000000004
DE7,offwind,2021-01-27T09:00:00,1.0,0.0
DE7,offwind,2021-01-27T12:00:00,1.0,29.347552000000004
DE7,offwind,2021-01-27T15:00:00,1.0,28.417920000000002
DE7,offwind,2021-01-27T18:00:00,1.0,19.368720000000003
DE7,offwind,2021-01-27T21:00:00,1.0,11.089008000000003
DE7,offwind,2021-01-28T00:00:00,1.0,11.576304
DE7,offwind,2021-01-28T03:00:00,1.0,9.84312
DE7,offwind,2021-01-28T06:00:00,1.0,7.806900000000002
DE7,offwind,2021-01-28T09:00:00,1.0,5.8492960000000025
DE7,offwind,2021-01-28T12:00:00,1.0,7.711680000000001
DE7,offwind,2021-01-28T15:00:00,1.0,5.6808000000000005
DE7,offwind,2021-01-28T18:00:00,1.0,8.101752000000003
DE7,offwind,2021-01-28T21:00:00,1.0,6.43712
DE7,offwind,2021-01-29T00:00:00,1.0,12.734859999999998
DE7,offwind,2021-01-29T03:00:00,1.0,13.893256000000001
DE7,offwind,2021-01-29T06:00:00,1.0,8.280047999999999
DE7,offwind,2021-01-29T09:00:00,1.0,0.0
DE7,offwind,2021-01-29T12:00:00,1.0,0.0
DE7,offwind,2021-01-29T15:00:00,1.0,0.0
DE7,offwind,2021-01-29T18:00:00,1.0,11.921487999999997
DE7,offwind,2021-01-29T21:00:00,1.0,13.489631999999997
DE7,offwind,2021-01-30T00:00:00,1.0,21.699903999999993
DE7,offwind,2021-01-30T03:00:00,1.0,46.93075199999999
DE7,offwind,2021-01-30T06:00:00,1.0,27.3421
DE7,offwind,2021-01-30T09:00:00,1.0,38.20150800000001
DE7,offwind,2021-01-30T12:00:00,1.0,34.30054400000001
DE7,offwind,2021-01-30T15:00:00,1.0,46.028800000000004
DE7,offwind,2021-01-30T18:00:00,1.0,42.85972799999998
DE7,offwind,2021-01-30T21:00:00,1.0,74.93079599999999
DE7,offwind,2021-01-31T00:00:00,1.0,51.46454399999999
DE7,offwind,2021-01-31T03:00:00,1.0,54.499584
DE7,offwind,2021-01-31T06:00:00,1.0,50.69161999999999
DE7,offwind,2021-01-31T09:00:00,1.0,47.98735999999999
DE7,offwind,2021-01-31T12:00:00,1.0,43.91388000000001
DE7,offwind,2021-01-31T15:00:00,1.0,32.812064
DE7,offwind,2021-01-31T18:00:00,1.0,45.241272
DE7,offwind,2021-01-31T21:00:00,1.0,48.591504000000015
DE7,offwind,2021-02-01T00:00:00,1.0,36.75915199999999
DE7,offwind,2021-02-01T03:00:00,1.0,25.326400000000003
DE7,offwind,2021-02-01T06:00:00,1.0,34.75894399999999
DE7,offwind,2021-02-01T09:00:00,1.0,22.191216000000004
DE7,offwind,2021-02-01T12:00:00,1.0,16.731247999999997
DE7,offwind,2021-02-01T15:00:00,1.0,17.397120000000008
DE7,offwind,2021-02-01T18:00:00,1.0,17.204684000000004
DE7,offwind,2021-02-01T21:00:00,1.0,18.762687999999997
DE7,offwind,2021-02-02T00:00:00,1.0,11.363615999999997
DE7,offwind,2021-02-02T03:00:00,1.0,7.693703999999999
DE7,offwind,2021-02-02T06:00:00,1.0,8.237016
DE7,offwind,2021-02-02T09:00:00,1.0,8.399256
DE7,offwind,2021-02-02T12:00:00,1.0,8.37984
DE7,offwind,2021-02-02T15:00:00,1.0,7.351375999999998
DE7,offwind,2021-02-02T18:00:00,1.0,5.320320000000001
DE7,offwind,2021-02-02T21:00:00,1.0,6.279200000000001
DE7,offwind,2021-02-03T00:00:00,1.0,9.054967999999999
DE7,offwind,2021-02-03T03:00:00,1.0,9.431864
DE7,offwind,2021-02-03T06:00:00,1.0,9.2087
DE7,offwind,2021-02-03T09:00:00,1.0,8.837359999999999
DE7,offwind,2021-02-03T12:00:00,1.0,8.40672
DE7,offwind,2021-02-03T15:00:00,1.0,10.451408
DE7,offwind,2021-02-03T18:00:00,1.0,15.633055999999995
DE7,offwind,2021-02-03T21:00:00,1.0,16.862039999999997
DE7,offwind,2021-02-04T00:00:00,1.0,27.026720000000005
DE7,offwind,2021-02-04T03:00:00,1.0,26.65872000000001
DE7,offwind,2021-02-04T06:00:00,1.0,43.485492
DE7,offwind,2021-02-04T09:00:00,1.0,23.271044000000003
DE7,offwind,2021-02-04T12:00:00,1.0,29.71425200000001
DE7,offwind,2021-02-04T15:00:00,1.0,30.364159999999995
DE7,offwind,2021-02-04T18:00:00,1.0,30.850439999999995
DE7,offwind,2021-02-04T21:00:00,1.0,38.651076
DE7,offwind,2021-02-05T00:00:00,1.0,31.019424
DE7,offwind,2021-02-05T03:00:00,1.0,31.1808
DE7,offwind,2021-02-05T06:00:00,1.0,34.14566
DE7,offwind,2021-02-05T09:00:00,1.0,37.17899199999999
DE7,offwind,2021-02-05T12:00:00,1.0,40.97291999999999
DE7,offwind,2021-02-05T15:00:00,1.0,28.52362400000001
DE7,offwind,2021-02-05T18:00:00,1.0,24.992676000000003
DE7,offwind,2021-02-05T21:00:00,1.0,31.974176
DE7,offwind,2021-02-06T00:00:00,1.0,32.447663999999996
DE7,offwind,2021-02-06T03:00:00,1.0,29.444799999999997
DE7,offwind,2021-02-06T06:00:00,1.0,30.589856000000008
DE7,offwind,2021-02-06T09:00:00,1.0,27.144887999999987
DE7,offwind,2021-02-06T12:00:00,1.0,24.57535999999999
DE7,offwind,2021-02-06T15:00:00,1.0,29.415039999999998
DE7,offwind,2021-02-06T18:00:00,1.0,25.765180000000004
DE7,offwind,2021-02-06T21:00:00,1.0,28.003528
DE7,offwind,2021-02-07T00:00:00,1.0,16.354188000000004
DE7,offwind,2021-02-07T03:00:00,1.0,13.592880000000005
DE7,offwind,2021-02-07T06:00:00,1.0,7.082183999999998
DE7,offwind,2021-02-07T09:00:00,1.0,8.550172
DE7,offwind,2021-02-07T12:00:00,1.0,9.03408
DE7,offwind,2021-02-07T15:00:00,1.0,5.605055999999999
DE7,offwind,2021-02-07T18:00:00,1.0,4.4948879999999996
DE7,offwind,2021-02-07T21:00:00,1.0,5.53472
DE7,onwind,2021-01-25T00:00:00,1.0,0.0
DE7,onwind,2021-01-25T03:00:00,1.0,265.5666
DE7,onwind,2021-01-25T06:00:00,1.0,382.0816349999999
DE7,onwind,2021-01-25T09:00:00,1.0,373.967685
DE7,onwind,2021-01-25T12:00:00,1.0,0.0
DE7,onwind,2021-01-25T15:00:00,1.0,420.85094999999995
DE7,onwind,2021-01-25T18:00:00,1.0,547.39048
DE7,onwind,2021-01-25T21:00:00,1.0,390.7039500000002
DE7,onwind,2021-01-26T00:00:00,1.0,485.1615599999999
DE7,onwind,2021-01-26T03:00:00,1.0,472.81610999999975
DE7,onwind,2021-01-26T06:00:00,1.0,380.92600000000004
DE7,onwind,2021-01-26T09:00:00,1.0,0.0
DE7,onwind,2021-01-26T12:00:00,1.0,0.0
DE7,onwind,2021-01-26T15:00:00,1.0,0.0
DE7,onwind,2021-01-26T18:00:00,1.0,701.4801299999998
DE7,onwind,2021-01-26T21:00:00,1.0,587.10652
DE7,onwind,2021-01-27T00:00:00,1.0,451.37664
DE7,onwind,2021-01-27T03:00:00,1.0,407.1599999999999
DE7,onwind,2021-01-27T06:00:00,1.0,544.5232
DE7,onwind,2021-01-27T09:00:00,1.0,0.0
DE7,onwind,2021-01-27T12:00:00,1.0,433.5069700000001
DE7,onwind,2021-01-27T15:00:00,1.0,419.8357800000001
DE7,onwind,2021-01-27T18:00:00,1.0,286.10010000000005
DE7,onwind,2021-01-27T21:00:00,1.0,163.79064000000005
DE7,onwind,2021-01-28T00:00:00,1.0,170.97755999999998
DE7,onwind,2021-01-28T03:00:00,1.0,145.33155000000005
DE7,onwind,2021-01-28T06:00:00,1.0,115.32137500000005
DE7,onwind,2021-01-28T09:00:00,1.0,86.42998000000004
DE7,onwind,2021-01-28T12:00:00,1.0,113.97165
DE7,onwind,2021-01-28T15:00:00,1.0,83.88900000000001
DE7,onwind,2021-01-28T18:00:00,1.0,119.67273500000005
DE7,onwind,2021-01-28T21:00:00,1.0,95.14440000000002
DE7,onwind,2021-01-29T00:00:00,1.0,188.20035
DE7,onwind,2021-01-29T03:00:00,1.0,205.27676000000002
DE7,onwind,2021-01-29T06:00:00,1.0,122.30945999999999
DE7,onwind,2021-01-29T09:00:00,1.0,0.0
DE7,onwind,2021-01-29T12:00:00,1.0,0.0
DE7,onwind,2021-01-29T15:00:00,1.0,0.0
DE7,onwind,2021-01-29T18:00:00,1.0,176.14583999999996
DE7,onwind,2021-01-29T21:00:00,1.0,199.31183999999996
DE7,onwind,2021-01-30T00:00:00,1.0,320.6157499999999
DE7,onwind,2021-01-30T03:00:00,1.0,693.2951999999999
DE7,onwind,2021-01-30T06:00:00,1.0,403.92787500000003
DE7,onwind,2021-01-30T09:00:00,1.0,564.2447850000002
DE7,onwind,2021-01-30T12:00:00,1.0,506.7587200000001
DE7,onwind,2021-01-30T15:00:00,1.0,679.9416
DE7,onwind,2021-01-30T18:00:00,1.0,633.0639899999999
DE7,onwind,2021-01-30T21:00:00,1.0,1106.8448299999998
DE7,onwind,2021-01-31T00:00:00,1.0,760.2163399999998
DE7,onwind,2021-01-31T03:00:00,1.0,805.1364100000001
DE7,onwind,2021-01-31T06:00:00,1.0,748.93364
DE7,onwind,2021-01-31T09:00:00,1.0,708.8536
DE7,onwind,2021-01-31T12:00:00,1.0,648.6462450000001
DE7,onwind,2021-01-31T15:00:00,1.0,484.70604
DE7,onwind,2021-01-31T18:00:00,1.0,668.3493699999999
DE7,onwind,2021-01-31T21:00:00,1.0,717.7470300000002
DE7,onwind,2021-02-01T00:00:00,1.0,543.0796799999999
DE7,onwind,2021-02-01T03:00:00,1.0,374.1400000000001
DE7,onwind,2021-02-01T06:00:00,1.0,513.4843999999999
DE7,onwind,2021-02-01T09:00:00,1.0,327.89276000000007
DE7,onwind,2021-02-01T12:00:00,1.0,247.14540499999995
DE7,onwind,2021-02-01T15:00:00,1.0,257.0185800000001
DE7,onwind,2021-02-01T18:00:00,1.0,254.13459500000005
DE7,onwind,2021-02-01T21:00:00,1.0,277.13504
DE7,onwind,2021-02-02T00:00:00,1.0,167.83623999999995
DE7,onwind,2021-02-02T03:00:00,1.0,113.59588500000001
DE7,onwind,2021-02-02T06:00:00,1.0,121.67493000000003
DE7,onwind,2021-02-02T09:00:00,1.0,124.10852999999999
DE7,onwind,2021-02-02T12:00:00,1.0,123.84644999999999
DE7,onwind,2021-02-02T15:00:00,1.0,108.55857999999999
DE7,onwind,2021-02-02T18:00:00,1.0,78.58760000000001
DE7,onwind,2021-02-02T21:00:00,1.0,92.81025000000002
DE7,onwind,2021-02-03T00:00:00,1.0,133.81758
DE7,onwind,2021-02-03T03:00:00,1.0,139.35844
DE7,onwind,2021-02-03T06:00:00,1.0,136.027125
DE7,onwind,2021-02-03T09:00:00,1.0,130.59637499999997
DE7,onwind,2021-02-03T12:00:00,1.0,124.16040000000002
DE7,onwind,2021-02-03T15:00:00,1.0,154.39579999999998
DE7,onwind,2021-02-03T18:00:00,1.0,230.98607999999993
DE7,onwind,2021-02-03T21:00:00,1.0,249.1398
DE7,onwind,2021-02-04T00:00:00,1.0,399.31937500000004
DE7,onwind,2021-02-04T03:00:00,1.0,393.8220000000001
DE7,onwind,2021-02-04T06:00:00,1.0,642.4159950000001
DE7,onwind,2021-02-04T09:00:00,1.0,343.7185050000001
DE7,onwind,2021-02-04T12:00:00,1.0,439.0005100000001
DE7,onwind,2021-02-04T15:00:00,1.0,448.5421199999999
DE7,onwind,2021-02-04T18:00:00,1.0,455.67957499999994
DE7,onwind,2021-02-04T21:00:00,1.0,570.93673
DE7,onwind,2021-02-05T00:00:00,1.0,458.20813999999996
DE7,onwind,2021-02-05T03:00:00,1.0,460.642
DE7,onwind,2021-02-05T06:00:00,1.0,504.47852
DE7,onwind,2021-02-05T09:00:00,1.0,549.1959199999999
DE7,onwind,2021-02-05T12:00:00,1.0,605.2057049999999
DE7,onwind,2021-02-05T15:00:00,1.0,421.3563900000001
DE7,onwind,2021-02-05T18:00:00,1.0,369.216835
DE7,onwind,2021-02-05T21:00:00,1.0,472.29182
DE7,onwind,2021-02-06T00:00:00,1.0,479.38175999999993
DE7,onwind,2021-02-06T03:00:00,1.0,434.9800000000001
DE7,onwind,2021-02-06T06:00:00,1.0,451.8956000000002
DE7,onwind,2021-02-06T09:00:00,1.0,401.0871799999999
DE7,onwind,2021-02-06T12:00:00,1.0,363.01459999999986
DE7,onwind,2021-02-06T15:00:00,1.0,434.5668599999999
DE7,onwind,2021-02-06T18:00:00,1.0,380.58377500000006
DE7,onwind,2021-02-06T21:00:00,1.0,413.62724000000003
DE7,onwind,2021-02-07T00:00:00,1.0,241.54507000000007
DE7,onwind,2021-02-07T03:00:00,1.0,200.6959500000001
DE7,onwind,2021-02-07T06:00:00,1.0,104.61606999999998
DE7,onwind,2021-02-07T09:00:00,1.0,126.33848499999999
DE7,onwind,2021-02-07T12:00:00,1.0,133.515525
DE7,onwind,2021-02-07T15:00:00,1.0,82.77047999999999
DE7,onwind,2021-02-07T18:00:00,1.0,66.394965
DE7,onwind,2021-02-07T21:00:00,1.0,81.80640000000001
DE7,solar,2021-01-25T00:00:00,1.0,0.0
DE7,solar,2021-01-25T03:00:00,1.0,0.0
DE7,solar,2021-01-25T06:00:00,1.0,0.0
DE7,solar,2021-01-25T09:00:00,1.0,556.8214300000002
DE7,solar,2021-01-25T12:00:00,1.0,2290.64
DE7,solar,2021-01-25T15:00:00,1.0,1769.1181199999999
DE7,solar,2021-01-25T18:00:00,1.0,0.0
DE7,solar,2021-01-25T21:00:00,1.0,0.0
DE7,solar,2021-01-26T00:00:00,1.0,0.0
DE7,solar,2021-01-26T03:00:00,1.0,0.0
DE7,solar,2021-01-26T06:00:00,1.0,0.0
DE7,solar,2021-01-26T09:00:00,1.0,1428.81783
DE7,solar,2021-01-26T12:00:00,1.0,1872.6400000000003
DE7,solar,2021-01-26T15:00:00,1.0,2278.27534
DE7,solar,2021-01-26T18:00:00,1.0,0.0
DE7,solar,2021-01-26T21:00:00,1.0,0.0
DE7,solar,2021-01-27T00:00:00,1.0,0.0
DE7,solar,2021-01-27T03:00:00,1.0,0.0
DE7,solar,2021-01-27T06:00:00,1.0,0.0
DE7,solar,2021-01-27T09:00:00,1.0,1292.4760199999998
DE7,solar,2021-01-27T12:00:00,1.0,1626.0199999999995
DE7,solar,2021-01-27T15:00:00,1.0,1824.9111099999998
DE7,solar,2021-01-27T18:00:00,1.0,0.0
DE7,solar,2021-01-27T21:00:00,1.0,0.0
DE7,solar,2021-01-28T00:00:00,1.0,0.0
DE7,solar,2021-01-28T03:00:00,1.0,0.0
DE7,solar,2021-01-28T06:00:00,1.0,0.0
DE7,solar,2021-01-28T09:00:00,1.0,1027.1822
DE7,solar,2021-01-28T12:00:00,1.0,830.7750000000001
DE7,solar,2021-01-28T15:00:00,1.0,1340.8792099999998
DE7,solar,2021-01-28T18:00:00,1.0,0.0
DE7,solar,2021-01-28T21:00:00,1.0,0.0
DE7,solar,2021-01-29T00:00:00,1.0,0.0
DE7,solar,2021-01-29T03:00:00,1.0,0.0
DE7,solar,2021-01-29T06:00:00,1.0,0.0
DE7,solar,2021-01-29T09:00:00,1.0,1232.98813
DE7,solar,2021-01-29T12:00:00,1.0,2354.385
DE7,solar,2021-01-29T15:00:00,1.0,2250.93308
DE7,solar,2021-01-29T18:00:00,1.0,0.0
DE7,solar,2021-01-29T21:00:00,1.0,0.0
DE7,solar,2021-01-30T00:00:00,1.0,0.0
DE7,solar,2021-01-30T03:00:00,1.0,0.0
DE7,solar,2021-01-30T06:00:00,1.0,0.0
DE7,solar,2021-01-30T09:00:00,1.0,896.0132499999997
DE7,solar,2021-01-30T12:00:00,1.0,1389.85
DE7,solar,2021-01-30T15:00:00,1.0,1626.8644700000002
DE7,solar,2021-01-30T18:00:00,1.0,0.0
DE7,solar,2021-01-30T21:00:00,1.0,0.0
DE7,solar,2021-01-31T00:00:00,1.0,0.0
DE7,solar,2021-01-31T03:00:00,1.0,0.0
DE7,solar,2021-01-31T06:00:00,1.0,0.0
DE7,solar,2021-01-31T09:00:00,1.0,1248.1372199999998
DE7,solar,2021-01-31T12:00:00,1.0,781.1374999999998
DE7,solar,2021-01-31T15:00:00,1.0,1826.7585599999995
DE7,solar,2021-01-31T18:00:00,1.0,0.0
DE7,solar,2021-01-31T21:00:00,1.0,0.0
DE7,solar,2021-02-01T00:00:00,1.0,0.0
DE7,solar,2021-02-01T03:00:00,1.0,0.0
DE7,solar,2021-02-01T06:00:00,1.0,0.0
DE7,solar,2021-02-01T09:00:00,1.0,1359.3537099999999
DE7,solar,2021-02-01T12:00:00,1.0,1742.0149999999994
DE7,solar,2021-02-01T15:00:00,1.0,1578.0917900000002
DE7,solar,2021-02-01T18:00:00,1.0,0.0
DE7,solar,2021-02-01T21:00:00,1.0,0.0
DE7,solar,2021-02-02T00:00:00,1.0,0.0
DE7,solar,2021-02-02T03:00:00,1.0,0.0
DE7,solar,2021-02-02T06:00:00,1.0,0.0
DE7,solar,2021-02-02T09:00:00,1.0,1308.3640900000003
DE7,solar,2021-02-02T12:00:00,1.0,1186.5974999999999
DE7,solar,2021-02-02T15:00:00,1.0,1422.9059899999997
DE7,solar,2021-02-02T18:00:00,1.0,0.0
DE7,solar,2021-02-02T21:00:00,1.0,0.0
DE7,solar,2021-02-03T00:00:00,1.0,0.0
DE7,solar,2021-02-03T03:00:00,1.0,0.0
DE7,solar,2021-02-03T06:00:00,1.0,0.0
DE7,solar,2021-02-03T09:00:00,1.0,956.9790999999999
DE7,solar,2021-02-03T12:00:00,1.0,2023.6424999999997
DE7,solar,2021-02-03T15:00:00,1.0,956.9790999999999
DE7,solar,2021-02-03T18:00:00,1.0,0.0
DE7,solar,2021-02-03T21:00:00,1.0,0.0
DE7,solar,2021-02-04T00:00:00,1.0,0.0
DE7,solar,2021-02-04T03:00:00,1.0,0.0
DE7,solar,2021-02-04T06:00:00,1.0,0.0
DE7,solar,2021-02-04T09:00:00,1.0,1004.6433100000002
DE7,solar,2021-02-04T12:00:00,1.0,1216.9025
DE7,solar,2021-02-04T15:00:00,1.0,1284.34724
DE7,solar,2021-02-04T18:00:00,1.0,0.0
DE7,solar,2021-02-04T21:00:00,1.0,0.0
DE7,solar,2021-02-05T00:00:00,1.0,0.0
DE7,solar,2021-02-05T03:00:00,1.0,0.0
DE7,solar,2021-02-05T06:00:00,1.0,0.0
DE7,solar,2021-02-05T09:00:00,1.0,915.2267300000001
DE7,solar,2021-02-05T12:00:00,1.0,1226.8300000000002
DE7,solar,2021-02-05T15:00:00,1.0,1966.05629
DE7,solar,2021-02-05T18:00:00,1.0,0.0
DE7,solar,2021-02-05T21:00:00,1.0,0.0
DE7,solar,2021-02-06T00:00:00,1.0,0.0
DE7,solar,2021-02-06T03:00:00,1.0,0.0
DE7,solar,2021-02-06T06:00:00,1.0,0.0
DE7,solar,2021-02-06T09:00:00,1.0,1512.3225699999998
DE7,solar,2021-02-06T12:00:00,1.0,1473.9724999999999
DE7,solar,2021-02-06T15:00:00,1.0,1819.3687599999996
DE7,solar,2021-02-06T18:00:00,1.0,0.0
DE7,solar,2021-02-06T21:00:00,1.0,0.0
DE7,solar,2021-02-07T00:00:00,1.0,0.0
DE7,solar,2021-02-07T03:00:00,1.0,0.0
DE7,solar,2021-02-07T06:00:00,1.0,0.0
DE7,solar,2021-02-07T09:00:00,1.0,686.8819099999998
DE7,solar,2021-02-07T12:00:00,1.0,1408.1375000000003
DE7,solar,2021-02-07T15:00:00,1.0,2068.0355299999997
DE7,solar,2021-02-07T18:00:00,1.0,0.0
DE7,solar,2021-02-07T21:00:00,1.0,0.0
DE8,ccgt,2021-01-25T00:00:00,1.0,516.0
DE8,ccgt,2021-01-25T03:00:00,1.0,1720.0
DE8,ccgt,2021-01-25T06:00:00,1.0,1720.0
DE8,ccgt,2021-01-25T09:00:00,1.0,516.0
DE8,ccgt,2021-01-25T12:00:00,1.0,516.0
DE8,ccgt,2021-01-25T15:00:00,1.0,516.0
DE8,ccgt,2021-01-25T18:00:00,1.0,516.0
DE8,ccgt,2021-01-25T21:00:00,1.0,516.0
DE8,ccgt,2021-01-26T00:00:00,1.0,516.0
DE8,ccgt,2021-01-26T03:00:00,1.0,516.0
DE8,ccgt,2021-01-26T06:00:00,1.0,1720.0
DE8,ccgt,2021-01-26T09:00:00,1.0,516.0
DE8,ccgt,2021-01-26T12:00:00,1.0,516.0
DE8,ccgt,2021-01-26T15:00:00,1.0,516.0
DE8,ccgt,2021-01-26T18:00:00,1.0,516.0
DE8,ccgt,2021-01-26T21:00:00,1.0,516.0
DE8,ccgt,2021-01-27T00:00:00,1.0,516.0
DE8,ccgt,2021-01-27T03:00:00,1.0,516.0
DE8,ccgt,2021-01-27T06:00:00,1.0,1720.0
DE8,ccgt,2021-01-27T09:00:00,1.0,516.0
DE8,ccgt,2021-01-27T12:00:00,1.0,516.0
DE8,ccgt,2021-01-27T15:00:00,1.0,516.0
DE8,ccgt,2021-01-27T18:00:00,1.0,516.0
DE8,ccgt,2021-01-27T21:00:00,1.0,516.0
DE8,ccgt,2021-01-28T00:00:00,1.0,1720.0
DE8,ccgt,2021-01-28T03:00:00,1.0,1720.0
DE8,ccgt,2021-01-28T06:00:00,1.0,1720.0
DE8,ccgt,2021-01-28T09:00:00,1.0,516.0
DE8,ccgt,2021-01-28T12:00:00,1.0,1720.0
DE8,ccgt,2021-01-28T15:00:00,1.0,516.0
DE8,ccgt,2021-01-28T18:00:00,1.0,1720.0
DE8,ccgt,2021-01-28T21:00:00,1.0,1720.0
DE8,ccgt,2021-01-29T00:00:00,1.0,1720.0
DE8,ccgt,2021-01-29T03:00:00,1.0,1720.0
DE8,ccgt,2021-01-29T06:00:00,1.0,1720.0
DE8,ccgt,2021-01-29T09:00:00,1.0,516.0
DE8,ccgt,2021-01-29T12:00:00,1.0,516.0
DE8,ccgt,2021-01-29T15:00:00,1.0,516.0
DE8,ccgt,2021-01-29T18:00:00,1.0,516.0
DE8,ccgt,2021-01-29T21:00:00,1.0,516.0
DE8,ccgt,2021-01-30T00:00:00,1.0,1720.0
DE8,ccgt,2021-01-30T03:00:00,1.0,1720.0
DE8,ccgt,2021-01-30T06:00:00,1.0,1720.0
DE8,ccgt,2021-01-30T09:00:00,1.0,516.0
DE8,ccgt,2021-01-30T12:00:00,1.0,516.0
DE8,ccgt,2021-01-30T15:00:00,1.0,516.0
DE8,ccgt,2021-01-30T18:00:00,1.0,516.0
DE8,ccgt,2021-01-30T21:00:00,1.0,516.0
DE8,ccgt,2021-01-31T00:00:00,1.0,1720.0
DE8,ccgt,2021-01-31T03:00:00,1.0,1720.0
DE8,ccgt,2021-01-31T06:00:00,1.0,1720.0
DE8,ccgt,2021-01-31T09:00:00,1.0,516.0
DE8,ccgt,2021-01-31T12:00:00,1.0,516.0
DE8,ccgt,2021-01-31T15:00:00,1.0,516.0
DE8,ccgt,2021-01-31T18:00:00,1.0,516.0
DE8,ccgt,2021-01-31T21:00:00,1.0,516.0
DE8,ccgt,2021-02-01T00:00:00,1.0,516.0
DE8,ccgt,2021-02-01T03:00:00,1.0,1720.0
DE8,ccgt,2021-02-01T06:00:00,1.0,1720.0
DE8,ccgt,2021-02-01T09:00:00,1.0,516.0
DE8,ccgt,2021-02-01T12:00:00,1.0,516.0
DE8,ccgt,2021-02-01T15:00:00,1.0,516.0
DE8,ccgt,2021-02-01T18:00:00,1.0,516.0
DE8,ccgt,2021-02-01T21:00:00,1.0,516.0
DE8,ccgt,2021-02-02T00:00:00,1.0,516.0
DE8,ccgt,2021-02-02T03:00:00,1.0,1720.0
DE8,ccgt,2021-02-02T06:00:00,1.0,1720.0
DE8,ccgt,2021-02-02T09:00:00,1.0,516.0
DE8,ccgt,2021-02-02T12:00:00,1.0,516.0
DE8,ccgt,2021-02-02T15:00:00,1.0,516.0
DE8,ccgt,2021-02-02T18:00:00,1.0,516.0
DE8,ccgt,2021-02-02T21:00:00,1.0,1720.0
DE8,ccgt,2021-02-03T00:00:00,1.0,1720.0
DE8,ccgt,2021-02-03T03:00:00,1.0,1720.0
DE8,ccgt,2021-02-03T06:00:00,1.0,1720.0
DE8,ccgt,2021-02-03T09:00:00,1.0,516.0
DE8,ccgt,2021-02-03T12:00:00,1.0,516.0
DE8,ccgt,2021-02-03T15:00:00,1.0,516.0
DE8,ccgt,2021-02-03T18:00:00,1.0,516.0
DE8,ccgt,2021-02-03T21:00:00,1.0,1720.0
DE8,ccgt,2021-02-04T00:00:00,1.0,1720.0
DE8,ccgt,2021-02-04T03:00:00,1.0,1720.0
DE8,ccgt,2021-02-04T06:00:00,1.0,1720.0
DE8,ccgt,2021-02-04T09:00:00,1.0,516.0
DE8,ccgt,2021-02-04T12:00:00,1.0,516.0
DE8,ccgt,2021-02-04T15:00:00,1.0,516.0
DE8,ccgt,2021-02-04T18:00:00,1.0,516.0
DE8,ccgt,2021-02-04T21:00:00,1.0,994.4335047652186
DE8,ccgt,2021-02-05T00:00:00,1.0,1720.0
DE8,ccgt,2021-02-05T03:00:00,1.0,1720.0
DE8,ccgt,2021-02-05T06:00:00,1.0,1720.0
DE8,ccgt,2021-02-05T09:00:00,1.0,516.0
DE8,ccgt,2021-02-05T12:00:00,1.0,516.0
DE8,ccgt,2021-02-05T15:00:00,1.0,516.0
DE8,ccgt,2021-02-05T18:00:00,1.0,516.0
DE8,ccgt,2021-02-05T21:00:00,1.0,516.0
DE8,ccgt,2021-02-06T00:00:00,1.0,1720.0
DE8,ccgt,2021-02-06T03:00:00,1.0,1720.0
DE8,ccgt,2021-02-06T06:00:00,1.0,1720.0
DE8,ccgt,2021-02-06T09:00:00,1.0,516.0
DE8,ccgt,2021-02-06T12:00:00,1.0,516.0
DE8,ccgt,2021-02-06T15:00:00,1.0,516.0
DE8,ccgt,2021-02-06T18:00:00,1.0,516.0
DE8,ccgt,2021-02-06T21:00:00,1.0,516.0
DE8,ccgt,2021-02-07T00:00:00,1.0,1720.0
DE8,ccgt,2021-02-07T03:00:00,1.0,1720.0
DE8,ccgt,2021-02-07T06:00:00,1.0,1720.0
DE8,ccgt,2021-02-07T09:00:00,1.0,516.0
DE8,ccgt,2021-02-07T12:00:00,1.0,516.0
DE8,ccgt,2021-02-07T15:00:00,1.0,516.0
DE8,ccgt,2021-02-07T18:00:00,1.0,516.0
DE8,ccgt,2021-02-07T21:00:00,1.0,516.0
DE8,ocgt,2021-01-25T00:00:00,1.0,0.0
DE8,ocgt,2021-01-25T03:00:00,1.0,770.0
DE8,ocgt,2021-01-25T06:00:00,1.0,770.0
DE8,ocgt,2021-01-25T09:00:00,1.0,0.0
DE8,ocgt,2021-01-25T12:00:00,1.0,0.0
DE8,ocgt,2021-01-25T15:00:00,1.0,0.0
DE8,ocgt,2021-01-25T18:00:00,1.0,0.0
DE8,ocgt,2021-01-25T21:00:00,1.0,0.0
DE8,ocgt,2021-01-26T00:00:00,1.0,0.0
DE8,ocgt,2021-01-26T03:00:00,1.0,0.0
DE8,ocgt,2021-01-26T06:00:00,1.0,0.0
DE8,ocgt,2021-01-26T09:00:00,1.0,0.0
DE8,ocgt,2021-01-26T12:00:00,1.0,0.0
DE8,ocgt,2021-01-26T15:00:00,1.0,0.0
DE8,ocgt,2021-01-26T18:00:00,1.0,0.0
DE8,ocgt,2021-01-26T21:00:00,1.0,0.0
DE8,ocgt,2021-01-27T00:00:00,1.0,0.0
DE8,ocgt,2021-01-27T03:00:00,1.0,0.0
DE8,ocgt,2021-01-27T06:00:00,1.0,0.0
DE8,ocgt,2021-01-27T09:00:00,1.0,0.0
DE8,ocgt,2021-01-27T12:00:00,1.0,0.0
DE8,ocgt,2021-01-27T15:00:00,1.0,0.0
DE8,ocgt,2021-01-27T18:00:00,1.0,0.0
DE8,ocgt,2021-01-27T21:00:00,1.0,0.0
DE8,ocgt,2021-01-28T00:00:00,1.0,0.0
DE8,ocgt,2021-01-28T03:00:00,1.0,0.0
DE8,ocgt,2021-01-28T06:00:00,1.0,0.0
DE8,ocgt,2021-01-28T09:00:00,1.0,0.0
DE8,ocgt,2021-01-28T12:00:00,1.0,0.0
DE8,ocgt,2021-01-28T15:00:00,1.0,0.0
DE8,ocgt,2021-01-28T18:00:00,1.0,0.0
DE8,ocgt,2021-01-28T21:00:00,1.0,0.0
DE8,ocgt,2021-01-29T00:00:00,1.0,0.0
DE8,ocgt,2021-01-29T03:00:00,1.0,0.0
DE8,ocgt,2021-01-29T06:00:00,1.0,0.0
DE8,ocgt,2021-01-29T09:00:00,1.0,0.0
DE8,ocgt,2021-01-29T12:00:00,1.0,0.0
DE8,ocgt,2021-01-29T15:00:00,1.0,0.0
DE8,ocgt,2021-01-29T18:00:00,1.0,0.0
DE8,ocgt,2021-01-29T21:00:00,1.0,0.0
DE8,ocgt,2021-01-30T00:00:00,1.0,0.0
DE8,ocgt,2021-01-30T03:00:00,1.0,0.0
DE8,ocgt,2021-01-30T06:00:00,1.0,0.0
DE8,ocgt,2021-01-30T09:00:00,1.0,0.0
DE8,ocgt,2021-01-30T12:00:00,1.0,0.0
DE8,ocgt,2021-01-30T15:00:00,1.0,0.0
DE8,ocgt,2021-01-30T18:00:00,1.0,0.0
DE8,ocgt,2021-01-30T21:00:00,1.0,0.0
DE8,ocgt,2021-01-31T00:00:00,1.0,0.0
DE8,ocgt,2021-01-31T03:00:00,1.0,0.0
DE8,ocgt,2021-01-31T06:00:00,1.0,0.0
DE8,ocgt,2021-01-31T09:00:00,1.0,0.0
DE8,ocgt,2021-01-31T12:00:00,1.0,0.0
DE8,ocgt,2021-01-31T15:00:00,1.0,0.0
DE8,ocgt,2021-01-31T18:00:00,1.0,0.0
DE8,ocgt,2021-01-31T21:00:00,1.0,0.0
DE8,ocgt,2021-02-01T00:00:00,1.0,0.0
DE8,ocgt,2021-02-01T03:00:00,1.0,0.0
DE8,ocgt,2021-02-01T06:00:00,1.0,0.0
DE8,ocgt,2021-02-01T09:00:00,1.0,0.0
DE8,ocgt,2021-02-01T12:00:00,1.0,0.0
DE8,ocgt,2021-02-01T15:00:00,1.0,0.0
DE8,ocgt,2021-02-01T18:00:00,1.0,0.0
DE8,ocgt,2021-02-01T21:00:00,1.0,0.0
DE8,ocgt,2021-02-02T00:00:00,1.0,0.0
DE8,ocgt,2021-02-02T03:00:00,1.0,0.0
DE8,ocgt,2021-02-02T06:00:00,1.0,0.0
DE8,ocgt,2021-02-02T09:00:00,1.0,0.0
DE8,ocgt,2021-02-02T12:00:00,1.0,0.0
DE8,ocgt,2021-02-02T15:00:00,1.0,0.0
DE8,ocgt,2021-02-02T18:00:00,1.0,0.0
DE8,ocgt,2021-02-02T21:00:00,1.0,0.0
DE8,ocgt,2021-02-03T00:00:00,1.0,0.0
DE8,ocgt,2021-02-03T03:00:00,1.0,0.0
DE8,ocgt,2021-02-03T06:00:00,1.0,0.0
DE8,ocgt,2021-02-03T09:00:00,1.0,0.0
DE8,ocgt,2021-02-03T12:00:00,1.0,0.0
DE8,ocgt,2021-02-03T15:00:00,1.0,0.0
DE8,ocgt,2021-02-03T18:00:00,1.0,0.0
DE8,ocgt,2021-02-03T21:00:00,1.0,0.0
DE8,ocgt,2021-02-04T00:00:00,1.0,0.0
DE8,ocgt,2021-02-04T03:00:00,1.0,0.0
DE8,ocgt,2021-02-04T06:00:00,1.0,0.0
DE8,ocgt,2021-02-04T09:00:00,1.0,0.0
DE8,ocgt,2021-02-04T12:00:00,1.0,0.0
DE8,ocgt,2021-02-04T15:00:00,1.0,0.0
DE8,ocgt,2021-02-04T18:00:00,1.0,0.0
DE8,ocgt,2021-02-04T21:00:00,1.0,0.0
DE8,ocgt,2021-02-05T00:00:00,1.0,0.0
DE8,ocgt,2021-02-05T03:00:00,1.0,0.0
DE8,ocgt,2021-02-05T06:00:00,1.0,0.0
DE8,ocgt,2021-02-05T09:00:00,1.0,0.0
DE8,ocgt,2021-02-05T12:00:00,1.0,0.0
DE8,ocgt,2021-02-05T15:00:00,1.0,0.0
DE8,ocgt,2021-02-05T18:00:00,1.0,0.0
DE8,ocgt,2021-02-05T21:00:00,1.0,0.0
DE8,ocgt,2021-02-06T00:00:00,1.0,0.0
DE8,ocgt,2021-02-06T03:00:00,1.0,0.0
DE8,ocgt,2021-02-06T06:00:00,1.0,0.0
DE8,ocgt,2021-02-06T09:00:00,1.0,0.0
DE8,ocgt,2021-02-06T12:00:00,1.0,0.0
DE8,ocgt,2021-02-06T15:00:00,1.0,0.0
DE8,ocgt,2021-02-06T18:00:00,1.0,0.0
DE8,ocgt,2021-02-06T21:00:00,1.0,0.0
DE8,ocgt,2021-02-07T00:00:00,1.0,0.0
DE8,ocgt,2021-02-07T03:00:00,1.0,0.0
DE8,ocgt,2021-02-07T06:00:00,1.0,0.0
DE8,ocgt,2021-02-07T09:00:00,1.0,0.0
DE8,ocgt,2021-02-07T12:00:00,1.0,0.0
DE8,ocgt,2021-02-07T15:00:00,1.0,0.0
DE8,ocgt,2021-02-07T18:00:00,1.0,0.0
DE8,ocgt,2021-02-07T21:00:00,1.0,0.0
DE8,offwind,2021-01-25T00:00:00,1.0,0.0
DE8,offwind,2021-01-25T03:00:00,1.0,16.1791344
DE8,offwind,2021-01-25T06:00:00,1.0,23.276984399999993
DE8,offwind,2021-01-25T09:00:00,1.0,22.7871252
DE8,offwind,2021-01-25T12:00:00,1.0,0.0
DE8,offwind,2021-01-25T15:00:00,1.0,25.640639999999998
DE8,offwind,2021-01-25T18:00:00,1.0,33.353510400000005
DE8,offwind,2021-01-25T21:00:00,1.0,23.804766000000015
DE8,offwind,2021-01-26T00:00:00,1.0,29.559686399999997
DE8,offwind,2021-01-26T03:00:00,1.0,28.804377599999984
DE8,offwind,2021-01-26T06:00:00,1.0,23.2047
DE8,offwind,2021-01-26T09:00:00,1.0,0.0
DE8,offwind,2021-01-26T12:00:00,1.0,0.0
DE8,offwind,2021-01-26T15:00:00,1.0,0.0
DE8,offwind,2021-01-26T18:00:00,1.0,42.735535199999994
DE8,offwind,2021-01-26T21:00:00,1.0,35.7724224
DE8,offwind,2021-01-27T00:00:00,1.0,27.4968864
DE8,offwind,2021-01-27T03:00:00,1.0,24.805439999999994
DE8,offwind,2021-01-27T06:00:00,1.0,33.1740288
DE8,offwind,2021-01-27T09:00:00,1.0,0.0
DE8,offwind,2021-01-27T12:00:00,1.0,26.412796800000002
DE8,offwind,2021-01-27T15:00:00,1.0,25.576128
DE8,offwind,2021-01-27T18:00:00,1.0,17.431848000000002
DE8,offwind,2021-01-27T21:00:00,1.0,9.980107200000003
DE8,offwind,2021-01-28T00:00:00,1.0,10.4186736
DE8,offwind,2021-01-28T03:00:00,1.0,8.858808000000002
DE8,offwind,2021-01-28T06:00:00,1.0,7.0262100000000025
DE8,offwind,2021-01-28T09:00:00,1.0,5.264366400000002
DE8,offwind,2021-01-28T12:00:00,1.0,6.940512000000001
DE8,offwind,2021-01-28T15:00:00,1.0,5.11272
DE8,offwind,2021-01-28T18:00:00,1.0,7.291576800000002
DE8,offwind,2021-01-28T21:00:00,1.0,5.793408
DE8,offwind,2021-01-29T00:00:00,1.0,11.461373999999998
DE8,offwind,2021-01-29T03:00:00,1.0,12.503930400000002
DE8,offwind,2021-01-29T06:00:00,1.0,7.4520431999999985
DE8,offwind,2021-01-29T09:00:00,1.0,0.0
DE8,offwind,2021-01-29T12:00:00,1.0,0.0
DE8,offwind,2021-01-29T15:00:00,1.0,0.0
DE8,offwind,2021-01-29T18:00:00,1.0,10.729339199999997
DE8,offwind,2021-01-29T21:00:00,1.0,12.140668799999997
DE8,offwind,2021-01-30T00:00:00,1.0,19.529913599999993
DE8,offwind,2021-01-30T03:00:00,1.0,42.237676799999996
DE8,offwind,2021-01-30T06:00:00,1.0,24.607889999999998
DE8,offwind,2021-01-30T09:00:00,1.0,34.38135720000001
DE8,offwind,2021-01-30T12:00:00,1.0,30.87048960000001
DE8,offwind,2021-01-30T15:00:00,1.0,41.425920000000005
DE8,offwind,2021-01-30T18:00:00,1.0,38.57375519999999
DE8,offwind,2021-01-30T21:00:00,1.0,67.43771639999999
DE8,offwind,2021-01-31T00:00:00,1.0,46.31808959999999
DE8,offwind,2021-01-31T03:00:00,1.0,49.0496256
DE8,offwind,2021-01-31T06:00:00,1.0,45.622457999999995
DE8,offwind,2021-01-31T09:00:00,1.0,43.18862399999999
DE8,offwind,2021-01-31T12:00:00,1.0,39.522492000000014
DE8,offwind,2021-01-31T15:00:00,1.0,29.530857599999997
DE8,offwind,2021-01-31T18:00:00,1.0,40.7171448
DE8,offwind,2021-01-31T21:00:00,1.0,43.73235360000001
DE8,offwind,2021-02-01T00:00:00,1.0,33.083236799999995
DE8,offwind,2021-02-01T03:00:00,1.0,22.793760000000002
DE8,offwind,2021-02-01T06:00:00,1.0,31.28304959999999
DE8,offwind,2021-02-01T09:00:00,1.0,19.972094400000003
DE8,offwind,2021-02-01T12:00:00,1.0,15.058123199999999
DE8,offwind,2021-02-01T15:00:00,1.0,15.657408000000007
DE8,offwind,2021-02-01T18:00:00,1.0,15.484215600000002
DE8,offwind,2021-02-01T21:00:00,1.0,16.8864192
DE8,offwind,2021-02-02T00:00:00,1.0,10.227254399999998
DE8,offwind,2021-02-02T03:00:00,1.0,6.9243336
DE8,offwind,2021-02-02T06:00:00,1.0,7.413314400000001
DE8,offwind,2021-02-02T09:00:00,1.0,7.5593303999999995
DE8,offwind,2021-02-02T12:00:00,1.0,7.541855999999999
DE8,offwind,2021-02-02T15:00:00,1.0,6.6162383999999985
DE8,offwind,2021-02-02T18:00:00,1.0,4.7882880000000005
DE8,offwind,2021-02-02T21:00:00,1.0,5.651280000000002
DE8,offwind,2021-02-03T00:00:00,1.0,8.149471199999999
DE8,offwind,2021-02-03T03:00:00,1.0,8.488677599999999
DE8,offwind,2021-02-03T06:00:00,1.0,8.28783
DE8,offwind,2021-02-03T09:00:00,1.0,7.953623999999999
DE8,offwind,2021-02-03T12:00:00,1.0,7.566048
DE8,offwind,2021-02-03T15:00:00,1.0,9.4062672
DE8,offwind,2021-02-03T18:00:00,1.0,14.069750399999995
DE8,offwind,2021-02-03T21:00:00,1.0,15.175835999999999
DE8,offwind,2021-02-04T00:00:00,1.0,24.324048000000005
DE8,offwind,2021-02-04T03:00:00,1.0,23.992848000000006
DE8,offwind,2021-02-04T06:00:00,1.0,39.1369428
DE8,offwind,2021-02-04T09:00:00,1.0,20.943939600000004
DE8,offwind,2021-02-04T12:00:00,1.0,26.742826800000007
DE8,offwind,2021-02-04T15:00:00,1.0,27.327743999999996
DE8,offwind,2021-02-04T18:00:00,1.0,27.765395999999996
DE8,offwind,2021-02-04T21:00:00,1.0,34.7859684
DE8,offwind,2021-02-05T00:00:00,1.0,27.917481600000002
DE8,offwind,2021-02-05T03:00:00,1.0,28.062720000000002
DE8,offwind,2021-02-05T06:00:00,1.0,30.731094
DE8,offwind,2021-02-05T09:00:00,1.0,33.46109279999999
DE8,offwind,2021-02-05T12:00:00,1.0,36.87562799999999
DE8,offwind,2021-02-05T15:00:00,1.0,25.67126160000001
DE8,offwind,2021-02-05T18:00:00,1.0,22.493408400000003
DE8,offwind,2021-02-05T21:00:00,1.0,28.7767584
DE8,offwind,2021-02-06T00:00:00,1.0,29.2028976
DE8,offwind,2021-02-06T03:00:00,1.0,26.50032
DE8,offwind,2021-02-06T06:00:00,1.0,27.53087040000001
DE8,offwind,2021-02-06T09:00:00,1.0,24.43039919999999
DE8,offwind,2021-02-06T12:00:00,1.0,22.11782399999999
DE8,offwind,2021-02-06T15:00:00,1.0,26.473536
DE8,offwind,2021-02-06T18:00:00,1.0,23.188662000000004
DE8,offwind,2021-02-06T21:00:00,1.0,25.2031752
DE8,offwind,2021-02-07T00:00:00,1.0,14.718769200000006
DE8,offwind,2021-02-07T03:00:00,1.0,12.233592000000003
DE8,offwind,2021-02-07T06:00:00,1.0,6.373965599999998
DE8,offwind,2021-02-07T09:00:00,1.0,7.6951548
DE8,offwind,2021-02-07T12:00:00,1.0,8.130672
DE8,offwind,2021-02-07T15:00:00,1.0,5.044550399999999
DE8,offwind,2021-02-07T18:00:00,1.0,4.045399199999999
DE8,offwind,2021-02-07T21:00:00,1.0,4.981248
DE8,onwind,2021-01-25T00:00:00,1.0,0.0
DE8,onwind,2021-01-25T03:00:00,1.0,239.00994
DE8,onwind,2021-01-25T06:00:00,1.0,343.8734714999999
DE8,onwind,2021-01-25T09:00:00,1.0,336.5709165
DE8,onwind,2021-01-25T12:00:00,1.0,0.0
DE8,onwind,2021-01-25T15:00:00,1.0,378.76585499999993
DE8,onwind,2021-01-25T18:00:00,1.0,492.65143200000006
DE8,onwind,2021-01-25T21:00:00,1.0,351.6335550000002
DE8,onwind,2021-01-26T00:00:00,1.0,436.64540399999987
DE8,onwind,2021-01-26T03:00:00,1.0,425.53449899999976
DE8,onwind,2021-01-26T06:00:00,1.0,342.83340000000004
DE8,onwind,2021-01-26T09:00:00,1.0,0.0
DE8,onwind,2021-01-26T12:00:00,1.0,0.0
DE8,onwind,2021-01-26T15:00:00,1.0,0.0
DE8,onwind,2021-01-26T18:00:00,1.0,631.3321169999999
DE8,onwind,2021-01-26T21:00:00,1.0,528.3958680000001
DE8,onwind,2021-01-27T00:00:00,1.0,406.238976
DE8,onwind,2021-01-27T03:00:00,1.0,366.4439999999999
DE8,onwind,2021-01-27T06:00:00,1.0,490.07088
DE8,onwind,2021-01-27T09:00:00,1.0,66.88026283744944
DE8,onwind,2021-01-27T12:00:00,1.0,390.15627300000006
DE8,onwind,2021-01-27T15:00:00,1.0,377.8522020000001
DE8,onwind,2021-01-27T18:00:00,1.0,257.49009000000007
DE8,onwind,2021-01-27T21:00:00,1.0,147.41157600000005
DE8,onwind,2021-01-28T00:00:00,1.0,153.87980399999998
DE8,onwind,2021-01-28T03:00:00,1.0,130.79839500000003
DE8,onwind,2021-01-28T06:00:00,1.0,103.78923750000004
DE8,onwind,2021-01-28T09:00:00,1.0,77.78698200000004
DE8,onwind,2021-01-28T12:00:00,1.0,102.574485
DE8,onwind,2021-01-28T15:00:00,1.0,75.5001
DE8,onwind,2021-01-28T18:00:00,1.0,107.70546150000004
DE8,onwind,2021-01-28T21:00:00,1.0,85.62996000000001
DE8,onwind,2021-01-29T00:00:00,1.0,169.380315
DE8,onwind,2021-01-29T03:00:00,1.0,184.74908400000004
DE8,onwind,2021-01-29T06:00:00,1.0,110.07851399999998
DE8,onwind,2021-01-29T09:00:00,1.0,0.0
DE8,onwind,2021-01-29T12:00:00,1.0,0.0
DE8,onwind,2021-01-29T15:00:00,1.0,0.0
DE8,onwind,2021-01-29T18:00:00,1.0,158.53125599999996
DE8,onwind,2021-01-29T21:00:00,1.0,179.38065599999996
DE8,onwind,2021-01-30T00:00:00,1.0,288.5541749999999
DE8,onwind,2021-01-30T03:00:00,1.0,623.9656799999999
DE8,onwind,2021-01-30T06:00:00,1.0,363.53508750000003
DE8,onwind,2021-01-30T09:00:00,1.0,507.82030650000013
DE8,onwind,2021-01-30T12:00:00,1.0,456.08284800000007
DE8,onwind,2021-01-30T15:00:00,1.0,611.94744
DE8,onwind,2021-01-30T18:00:00,1.0,569.7575909999999
DE8,onwind,2021-01-30T21:00:00,1.0,996.1603469999999
DE8,onwind,2021-01-31T00:00:00,1.0,684.1947059999999
DE8,onwind,2021-01-31T03:00:00,1.0,724.6227690000001
DE8,onwind,2021-01-31T06:00:00,1.0,674.040276
DE8,onwind,2021-01-31T09:00:00,1.0,637.9682399999999
DE8,onwind,2021-01-31T12:00:00,1.0,583.7816205000001
DE8,onwind,2021-01-31T15:00:00,1.0,436.235436
DE8,onwind,2021-01-31T18:00:00,1.0,601.5144329999999
DE8,onwind,2021-01-31T21:00:00,1.0,645.9723270000002
DE8,onwind,2021-02-01T00:00:00,1.0,488.771712
DE8,onwind,2021-02-01T03:00:00,1.0,336.72600000000006
DE8,onwind,2021-02-01T06:00:00,1.0,462.1359599999999
DE8,onwind,2021-02-01T09:00:00,1.0,295.10348400000004
DE8,onwind,2021-02-01T12:00:00,1.0,222.43086449999996
DE8,onwind,2021-02-01T15:00:00,1.0,231.3167220000001
DE8,onwind,2021-02-01T18:00:00,1.0,228.72113550000006
DE8,onwind,2021-02-01T21:00:00,1.0,249.421536
DE8,onwind,2021-02-02T00:00:00,1.0,151.05261599999997
DE8,onwind,2021-02-02T03:00:00,1.0,102.23629650000001
DE8,onwind,2021-02-02T06:00:00,1.0,109.50743700000002
DE8,onwind,2021-02-02T09:00:00,1.0,111.697677
DE8,onwind,2021-02-02T12:00:00,1.0,111.461805
DE8,onwind,2021-02-02T15:00:00,1.0,97.702722
DE8,onwind,2021-02-02T18:00:00,1.0,70.72884
DE8,onwind,2021-02-02T21:00:00,1.0,83.52922500000003
DE8,onwind,2021-02-03T00:00:00,1.0,120.435822
DE8,onwind,2021-02-03T03:00:00,1.0,125.422596
DE8,onwind,2021-02-03T06:00:00,1.0,122.4244125
DE8,onwind,2021-02-03T09:00:00,1.0,117.53673749999997
DE8,onwind,2021-02-03T12:00:00,1.0,111.74436000000001
DE8,onwind,2021-02-03T15:00:00,1.0,138.95622
DE8,onwind,2021-02-03T18:00:00,1.0,207.88747199999995
DE8,onwind,2021-02-03T21:00:00,1.0,224.22582
DE8,onwind,2021-02-04T00:00:00,1.0,359.38743750000003
DE8,onwind,2021-02-04T03:00:00,1.0,354.4398000000001
DE8,onwind,2021-02-04T06:00:00,1.0,578.1743955000001
DE8,onwind,2021-02-04T09:00:00,1.0,309.34665450000006
DE8,onwind,2021-02-04T12:00:00,1.0,395.10045900000006
DE8,onwind,2021-02-04T15:00:00,1.0,403.6879079999999
DE8,onwind,2021-02-04T18:00:00,1.0,410.1116174999999
DE8,onwind,2021-02-04T21:00:00,1.0,513.843057
DE8,onwind,2021-02-05T00:00:00,1.0,412.387326
DE8,onwind,2021-02-05T03:00:00,1.0,414.5778
DE8,onwind,2021-02-05T06:00:00,1.0,454.030668
DE8,onwind,2021-02-05T09:00:00,1.0,494.2763279999999
DE8,onwind,2021-02-05T12:00:00,1.0,544.6851344999999
DE8,onwind,2021-02-05T15:00:00,1.0,379.2207510000001
DE8,onwind,2021-02-05T18:00:00,1.0,332.2951515
DE8,onwind,2021-02-05T21:00:00,1.0,425.06263799999994
DE8,onwind,2021-02-06T00:00:00,1.0,431.44358399999993
DE8,onwind,2021-02-06T03:00:00,1.0,391.482
DE8,onwind,2021-02-06T06:00:00,1.0,406.70604000000014
DE8,onwind,2021-02-06T09:00:00,1.0,360.97846199999987
DE8,onwind,2021-02-06T12:00:00,1.0,326.7131399999999
DE8,onwind,2021-02-06T15:00:00,1.0,391.1101739999999
DE8,onwind,2021-02-06T18:00:00,1.0,342.52539750000005
DE8,onwind,2021-02-06T21:00:00,1.0,372.264516
DE8,onwind,2021-02-07T00:00:00,1.0,217.39056300000007
DE8,onwind,2021-02-07T03:00:00,1.0,180.62635500000007
DE8,onwind,2021-02-07T06:00:00,1.0,94.15446299999998
DE8,onwind,2021-02-07T09:00:00,1.0,113.70463649999999
DE8,onwind,2021-02-07T12:00:00,1.0,120.1639725
DE8,onwind,2021-02-07T15:00:00,1.0,74.493432
DE8,onwind,2021-02-07T18:00:00,1.0,59.755468500000006
DE8,onwind,2021-02-07T21:00:00,1.0,73.62576
DE8,solar,2021-01-25T00:00:00,1.0,0.0
DE8,solar,2021-01-25T03:00:00,1.0,0.0
DE8,solar,2021-01-25T06:00:00,1.0,0.0
DE8,solar,2021-01-25T09:00:00,1.0,501.13928700000014
DE8,solar,2021-01-25T12:00:00,1.0,2061.576
DE8,solar,2021-01-25T15:00:00,1.0,1592.2063079999998
DE8,solar,2021-01-25T18:00:00,1.0,0.0
DE8,solar,2021-01-25T21:00:00,1.0,0.0
DE8,solar,2021-01-26T00:00:00,1.0,0.0
DE8,solar,2021-01-26T03:00:00,1.0,0.0
DE8,solar,2021-01-26T06:00:00,1.0,0.0
DE8,solar,2021-01-26T09:00:00,1.0,1285.9360470000001
DE8,solar,2021-01-26T12:00:00,1.0,1685.3760000000002
DE8,solar,2021-01-26T15:00:00,1.0,2050.447806
DE8,solar,2021-01-26T18:00:00,1.0,0.0
DE8,solar,2021-01-26T21:00:00,1.0,0.0
DE8,solar,2021-01-27T00:00:00,1.0,0.0
DE8,solar,2021-01-27T03:00:00,1.0,0.0
DE8,solar,2021-01-27T06:00:00,1.0,0.0
DE8,solar,2021-01-27T09:00:00,1.0,1163.228418
DE8,solar,2021-01-27T12:00:00,1.0,1463.4179999999994
DE8,solar,2021-01-27T15:00:00,1.0,1642.419999
DE8,solar,2021-01-27T18:00:00,1.0,0.0
DE8,solar,2021-01-27T21:00:00,1.0,0.0
DE8,solar,2021-01-28T00:00:00,1.0,0.0
DE8,solar,2021-01-28T03:00:00,1.0,0.0
DE8,solar,2021-01-28T06:00:00,1.0,0.0
DE8,solar,2021-01-28T09:00:00,1.0,924.46398
DE8,solar,2021-01-28T12:00:00,1.0,747.6975000000001
DE8,solar,2021-01-28T15:00:00,1.0,1206.791289
DE8,solar,2021-01-28T18:00:00,1.0,0.0
DE8,solar,2021-01-28T21:00:00,1.0,0.0
DE8,solar,2021-01-29T00:00:00,1.0,0.0
DE8,solar,2021-01-29T03:00:00,1.0,0.0
DE8,solar,2021-01-29T06:00:00,1.0,0.0
DE8,solar,2021-01-29T09:00:00,1.0,1109.6893169999998
DE8,solar,2021-01-29T12:00:00,1.0,2118.9465
DE8,solar,2021-01-29T15:00:00,1.0,2025.8397719999998
DE8,solar,2021-01-29T18:00:00,1.0,0.0
DE8,solar,2021-01-29T21:00:00,1.0,0.0
DE8,solar,2021-01-30T00:00:00,1.0,0.0
DE8,solar,2021-01-30T03:00:00,1.0,0.0
DE8,solar,2021-01-30T06:00:00,1.0,0.0
DE8,solar,2021-01-30T09:00:00,1.0,806.4119249999998
DE8,solar,2021-01-30T12:00:00,1.0,1250.865
DE8,solar,2021-01-30T15:00:00,1.0,1464.1780230000002
DE8,solar,2021-01-30T18:00:00,1.0,0.0
DE8,solar,2021-01-30T21:00:00,1.0,0.0
DE8,solar,2021-01-31T00:00:00,1.0,0.0
DE8,solar,2021-01-31T03:00:00,1.0,0.0
DE8,solar,2021-01-31T06:00:00,1.0,0.0
DE8,solar,2021-01-31T09:00:00,1.0,1123.323498
DE8,solar,2021-01-31T12:00:00,1.0,703.0237499999998
DE8,solar,2021-01-31T15:00:00,1.0,1644.0827039999997
DE8,solar,2021-01-31T18:00:00,1.0,0.0
DE8,solar,2021-01-31T21:00:00,1.0,0.0
DE8,solar,2021-02-01T00:00:00,1.0,0.0
DE8,solar,2021-02-01T03:00:00,1.0,0.0
DE8,solar,2021-02-01T06:00:00,1.0,0.0
DE8,solar,2021-02-01T09:00:00,1.0,1223.4183389999998
DE8,solar,2021-02-01T12:00:00,1.0,1567.8134999999995
DE8,solar,2021-02-01T15:00:00,1.0,1420.282611
DE8,solar,2021-02-01T18:00:00,1.0,0.0
DE8,solar,2021-02-01T21:00:00,1.0,0.0
DE8,solar,2021-02-02T00:00:00,1.0,0.0
DE8,solar,2021-02-02T03:00:00,1.0,0.0
DE8,solar,2021-02-02T06:00:00,1.0,0.0
DE8,solar,2021-02-02T09:00:00,1.0,1177.5276810000003
DE8,solar,2021-02-02T12:00:00,1.0,1067.9377499999998
DE8,solar,2021-02-02T15:00:00,1.0,1280.6153909999998
DE8,solar,2021-02-02T18:00:00,1.0,0.0
DE8,solar,2021-02-02T21:00:00,1.0,0.0
DE8,solar,2021-02-03T00:00:00,1.0,0.0
DE8,solar,2021-02-03T03:00:00,1.0,0.0
DE8,solar,2021-02-03T06:00:00,1.0,0.0
DE8,solar,2021-02-03T09:00:00,1.0,861.2811899999999
DE8,solar,2021-02-03T12:00:00,1.0,1821.2782499999998
DE8,solar,2021-02-03T15:00:00,1.0,861.2811899999999
DE8,solar,2021-02-03T18:00:00,1.0,0.0
DE8,solar,2021-02-03T21:00:00,1.0,0.0
DE8,solar,2021-02-04T00:00:00,1.0,0.0
DE8,solar,2021-02-04T03:00:00,1.0,0.0
DE8,solar,2021-02-04T06:00:00,1.0,0.0
DE8,solar,2021-02-04T09:00:00,1.0,904.1789790000001
DE8,solar,2021-02-04T12:00:00,1.0,1095.2122499999998
DE8,solar,2021-02-04T15:00:00,1.0,1155.912516
DE8,solar,2021-02-04T18:00:00,1.0,0.0
DE8,solar,2021-02-04T21:00:00,1.0,0.0
DE8,solar,2021-02-05T00:00:00,1.0,0.0
DE8,solar,2021-02-05T03:00:00,1.0,0.0
DE8,solar,2021-02-05T06:00:00,1.0,0.0
DE8,solar,2021-02-05T09:00:00,1.0,823.704057
DE8,solar,2021-02-05T12:00:00,1.0,1104.147
DE8,solar,2021-02-05T15:00:00,1.0,1769.4506609999999
DE8,solar,2021-02-05T18:00:00,1.0,0.0
DE8,solar,2021-02-05T21:00:00,1.0,0.0
DE8,solar,2021-02-06T00:00:00,1.0,0.0
DE8,solar,2021-02-06T03:00:00,1.0,0.0
DE8,solar,2021-02-06T06:00:00,1.0,0.0
DE8,solar,2021-02-06T09:00:00,1.0,1361.0903129999997
DE8,solar,2021-02-06T12:00:00,1.0,1326.5752499999999
DE8,solar,2021-02-06T15:00:00,1.0,1637.4318839999996
DE8,solar,2021-02-06T18:00:00,1.0,0.0
DE8,solar,2021-02-06T21:00:00,1.0,0.0
DE8,solar,2021-02-07T00:00:00,1.0,0.0
DE8,solar,2021-02-07T03:00:00,1.0,0.0
DE8,solar,2021-02-07T06:00:00,1.0,0.0
DE8,solar,2021-02-07T09:00:00,1.0,618.1937189999999
DE8,solar,2021-02-07T12:00:00,1.0,1267.3237500000002
DE8,solar,2021-02-07T15:00:00,1.0,1861.2319769999997
DE8,solar,2021-02-07T18:00:00,1.0,0.0
DE8,solar,2021-02-07T21:00:00,1.0,0.0
DE9,ccgt,2021-01-25T00:00:00,1.0,444.0
DE9,ccgt,2021-01-25T03:00:00,1.0,1480.0
DE9,ccgt,2021-01-25T06:00:00,1.0,1480.0
DE9,ccgt,2021-01-25T09:00:00,1.0,444.0
DE9,ccgt,2021-01-25T12:00:00,1.0,444.0
DE9,ccgt,2021-01-25T15:00:00,1.0,444.0
DE9,ccgt,2021-01-25T18:00:00,1.0,444.0
DE9,ccgt,2021-01-25T21:00:00,1.0,444.0
DE9,ccgt,2021-01-26T00:00:00,1.0,444.0
DE9,ccgt,2021-01-26T03:00:00,1.0,1480.0
DE9,ccgt,2021-01-26T06:00:00,1.0,1480.0
DE9,ccgt,2021-01-26T09:00:00,1.0,444.0
DE9,ccgt,2021-01-26T12:00:00,1.0,444.0
DE9,ccgt,2021-01-26T15:00:00,1.0,444.0
DE9,ccgt,2021-01-26T18:00:00,1.0,444.0
DE9,ccgt,2021-01-26T21:00:00,1.0,444.0
DE9,ccgt,2021-01-27T00:00:00,1.0,444.0
DE9,ccgt,2021-01-27T03:00:00,1.0,444.0
DE9,ccgt,2021-01-27T06:00:00,1.0,1480.0
DE9,ccgt,2021-01-27T09:00:00,1.0,444.0
DE9,ccgt,2021-01-27T12:00:00,1.0,444.0
DE9,ccgt,2021-01-27T15:00:00,1.0,444.0
DE9,ccgt,2021-01-27T18:00:00,1.0,444.0
DE9,ccgt,2021-01-27T21:00:00,1.0,444.0
DE9,ccgt,2021-01-28T00:00:00,1.0,1480.0
DE9,ccgt,2021-01-28T03:00:00,1.0,1480.0
DE9,ccgt,2021-01-28T06:00:00,1.0,1480.0
DE9,ccgt,2021-01-28T09:00:00,1.0,444.0
DE9,ccgt,2021-01-28T12:00:00,1.0,444.0
DE9,ccgt,2021-01-28T15:00:00,1.0,444.0
DE9,ccgt,2021-01-28T18:00:00,1.0,1480.0
DE9,ccgt,2021-01-28T21:00:00,1.0,1480.0
DE9,ccgt,2021-01-29T00:00:00,1.0,1480.0
DE9,ccgt,2021-01-29T03:00:00,1.0,1480.0
DE9,ccgt,2021-01-29T06:00:00,1.0,1480.0
DE9,ccgt,2021-01-29T09:00:00,1.0,444.0
DE9,ccgt,2021-01-29T12:00:00,1.0,444.0
DE9,ccgt,2021-01-29T15:00:00,1.0,444.0
DE9,ccgt,2021-01-29T18:00:00,1.0,444.0
DE9,ccgt,2021-01-29T21:00:00,1.0,444.0
DE9,ccgt,2021-01-30T00:00:00,1.0,444.0
DE9,ccgt,2021-01-30T03:00:00,1.0,1480.0
DE9,ccgt,2021-01-30T06:00:00,1.0,1480.0
DE9,ccgt,2021-01-30T09:00:00,1.0,444.0
DE9,ccgt,2021-01-30T12:00:00,1.0,444.0
DE9,ccgt,2021-01-30T15:00:00,1.0,444.0
DE9,ccgt,2021-01-30T18:00:00,1.0,444.0
DE9,ccgt,2021-01-30T21:00:00,1.0,444.0
DE9,ccgt,2021-01-31T00:00:00,1.0,444.0
DE9,ccgt,2021-01-31T03:00:00,1.0,1480.0
DE9,ccgt,2021-01-31T06:00:00,1.0,1480.0
DE9,ccgt,2021-01-31T09:00:00,1.0,444.0
DE9,ccgt,2021-01-31T12:00:00,1.0,444.0
DE9,ccgt,2021-01-31T15:00:00,1.0,444.0
DE9,ccgt,2021-01-31T18:00:00,1.0,444.0
DE9,ccgt,2021-01-31T21:00:00,1.0,444.0
DE9,ccgt,2021-02-01T00:00:00,1.0,1480.0
DE9,ccgt,2021-02-01T03:00:00,1.0,1480.0
DE9,ccgt,2021-02-01T06:00:00,1.0,1480.0
DE9,ccgt,2021-02-01T09:00:00,1.0,444.0
DE9,ccgt,2021-02-01T12:00:00,1.0,444.0
DE9,ccgt,2021-02-01T15:00:00,1.0,444.0
DE9,ccgt,2021-02-01T18:00:00,1.0,444.0
DE9,ccgt,2021-02-01T21:00:00,1.0,444.0
DE9,ccgt,2021-02-02T00:00:00,1.0,444.0
DE9,ccgt,2021-02-02T03:00:00,1.0,1480.0
DE9,ccgt,2021-02-02T06:00:00,1.0,1480.0
DE9,ccgt,2021-02-02T09:00:00,1.0,444.0
DE9,ccgt,2021-02-02T12:00:00,1.0,444.0
DE9,ccgt,2021-02-02T15:00:00,1.0,444.0
DE9,ccgt,2021-02-02T18:00:00,1.0,444.0
DE9,ccgt,2021-02-02T21:00:00,1.0,444.0
DE9,ccgt,2021-02-03T00:00:00,1.0,1480.0
DE9,ccgt,2021-02-03T03:00:00,1.0,1480.0
DE9,ccgt,2021-02-03T06:00:00,1.0,1480.0
DE9,ccgt,2021-02-03T09:00:00,1.0,444.0
DE9,ccgt,2021-02-03T12:00:00,1.0,444.0
DE9,ccgt,2021-02-03T15:00:00,1.0,444.0
DE9,ccgt,2021-02-03T18:00:00,1.0,444.0
DE9,ccgt,2021-02-03T21:00:00,1.0,444.0
DE9,ccgt,2021-02-04T00:00:00,1.0,1480.0
DE9,ccgt,2021-02-04T03:00:00,1.0,1480.0
DE9,ccgt,2021-02-04T06:00:00,1.0,1480.0
DE9,ccgt,2021-02-04T09:00:00,1.0,444.0
DE9,ccgt,2021-02-04T12:00:00,1.0,444.0
DE9,ccgt,2021-02-04T15:00:00,1.0,444.0
DE9,ccgt,2021-02-04T18:00:00,1.0,444.0
DE9,ccgt,2021-02-04T21:00:00,1.0,1480.0
DE9,ccgt,2021-02-05T00:00:00,1.0,1480.0
DE9,ccgt,2021-02-05T03:00:00,1.0,1480.0
DE9,ccgt,2021-02-05T06:00:00,1.0,1480.0
DE9,ccgt,2021-02-05T09:00:00,1.0,444.0
DE9,ccgt,2021-02-05T12:00:00,1.0,444.0
DE9,ccgt,2021-02-05T15:00:00,1.0,444.0
DE9,ccgt,2021-02-05T18:00:00,1.0,444.0
DE9,ccgt,2021-02-05T21:00:00,1.0,444.0
DE9,ccgt,2021-02-06T00:00:00,1.0,1480.0
DE9,ccgt,2021-02-06T03:00:00,1.0,1480.0
DE9,ccgt,2021-02-06T06:00:00,1.0,1480.0
DE9,ccgt,2021-02-06T09:00:00,1.0,444.0
DE9,ccgt,2021-02-06T12:00:00,1.0,444.0
DE9,ccgt,2021-02-06T15:00:00,1.0,444.0
DE9,ccgt,2021-02-06T18:00:00,1.0,444.0
DE9,ccgt,2021-02-06T21:00:00,1.0,444.0
DE9,ccgt,2021-02-07T00:00:00,1.0,444.0
DE9,ccgt,2021-02-07T03:00:00,1.0,1480.0
DE9,ccgt,2021-02-07T06:00:00,1.0,1480.0
DE9,ccgt,2021-02-07T09:00:00,1.0,444.0
DE9,ccgt,2021-02-07T12:00:00,1.0,444.0
DE9,ccgt,2021-02-07T15:00:00,1.0,444.0
DE9,ccgt,2021-02-07T18:00:00,1.0,444.0
DE9,ccgt,2021-02-07T21:00:00,1.0,444.0
DE9,ocgt,2021-01-25T00:00:00,1.0,0.0
DE9,ocgt,2021-01-25T03:00:00,1.0,680.0
DE9,ocgt,2021-01-25T06:00:00,1.0,680.0
DE9,ocgt,2021-01-25T09:00:00,1.0,0.0
DE9,ocgt,2021-01-25T12:00:00,1.0,0.0
DE9,ocgt,2021-01-25T15:00:00,1.0,0.0
DE9,ocgt,2021-01-25T18:00:00,1.0,0.0
DE9,ocgt,2021-01-25T21:00:00,1.0,0.0
DE9,ocgt,2021-01-26T00:00:00,1.0,0.0
DE9,ocgt,2021-01-26T03:00:00,1.0,0.0
DE9,ocgt,2021-01-26T06:00:00,1.0,0.0
DE9,ocgt,2021-01-26T09:00:00,1.0,0.0
DE9,ocgt,2021-01-26T12:00:00,1.0,0.0
DE9,ocgt,2021-01-26T15:00:00,1.0,0.0
DE9,ocgt,2021-01-26T18:00:00,1.0,0.0
DE9,ocgt,2021-01-26T21:00:00,1.0,0.0
DE9,ocgt,2021-01-27T00:00:00,1.0,0.0
DE9,ocgt,2021-01-27T03:00:00,1.0,0.0
DE9,ocgt,2021-01-27T06:00:00,1.0,0.0
DE9,ocgt,2021-01-27T09:00:00,1.0,0.0
DE9,ocgt,2021-01-27T12:00:00,1.0,0.0
DE9,ocgt,2021-01-27T15:00:00,1.0,0.0
DE9,ocgt,2021-01-27T18:00:00,1.0,0.0
DE9,ocgt,2021-01-27T21:00:00,1.0,0.0
DE9,ocgt,2021-01-28T00:00:00,1.0,0.0
DE9,ocgt,2021-01-28T03:00:00,1.0,0.0
DE9,ocgt,2021-01-28T06:00:00,1.0,0.0
DE9,ocgt,2021-01-28T09:00:00,1.0,0.0
DE9,ocgt,2021-01-28T12:00:00,1.0,0.0
DE9,ocgt,2021-01-28T15:00:00,1.0,0.0
DE9,ocgt,2021-01-28T18:00:00,1.0,0.0
DE9,ocgt,2021-01-28T21:00:00,1.0,0.0
DE9,ocgt,2021-01-29T00:00:00,1.0,0.0
DE9,ocgt,2021-01-29T03:00:00,1.0,0.0
DE9,ocgt,2021-01-29T06:00:00,1.0,0.0
DE9,ocgt,2021-01-29T09:00:00,1.0,0.0
DE9,ocgt,2021-01-29T12:00:00,1.0,0.0
DE9,ocgt,2021-01-29T15:00:00,1.0,0.0
DE9,ocgt,2021-01-29T18:00:00,1.0,0.0
DE9,ocgt,2021-01-29T21:00:00,1.0,0.0
DE9,ocgt,2021-01-30T00:00:00,1.0,0.0
DE9,ocgt,2021-01-30T03:00:00,1.0,0.0
DE9,ocgt,2021-01-30T06:00:00,1.0,0.0
DE9,ocgt,2021-01-30T09:00:00,1.0,0.0
DE9,ocgt,2021-01-30T12:00:00,1.0,0.0
DE9,ocgt,2021-01-30T15:00:00,1.0,0.0
DE9,ocgt,2021-01-30T18:00:00,1.0,0.0
DE9,ocgt,2021-01-30T21:00:00,1.0,0.0
DE9,ocgt,2021-01-31T00:00:00,1.0,0.0
DE9,ocgt,2021-01-31T03:00:00,1.0,0.0
DE9,ocgt,2021-01-31T06:00:00,1.0,0.0
DE9,ocgt,2021-01-31T09:00:00,1.0,0.0
DE9,ocgt,2021-01-31T12:00:00,1.0,0.0
DE9,ocgt,2021-01-31T15:00:00,1.0,0.0
DE9,ocgt,2021-01-31T18:00:00,1.0,0.0
DE9,ocgt,2021-01-31T21:00:00,1.0,0.0
DE9,ocgt,2021-02-01T00:00:00,1.0,0.0
DE9,ocgt,2021-02-01T03:00:00,1.0,0.0
DE9,ocgt,2021-02-01T06:00:00,1.0,0.0
DE9,ocgt,2021-02-01T09:00:00,1.0,0.0
DE9,ocgt,2021-02-01T12:00:00,1.0,0.0
DE9,ocgt,2021-02-01T15:00:00,1.0,0.0
DE9,ocgt,2021-02-01T18:00:00,1.0,0.0
DE9,ocgt,2021-02-01T21:00:00,1.0,0.0
DE9,ocgt,2021-02-02T00:00:00,1.0,0.0
DE9,ocgt,2021-02-02T03:00:00,1.0,0.0
DE9,ocgt,2021-02-02T06:00:00,1.0,0.0
DE9,ocgt,2021-02-02T09:00:00,1.0,0.0
DE9,ocgt,2021-02-02T12:00:00,1.0,0.0
DE9,ocgt,2021-02-02T15:00:00,1.0,0.0
DE9,ocgt,2021-02-02T18:00:00,1.0,0.0
DE9,ocgt,2021-02-02T21:00:00,1.0,0.0
DE9,ocgt,2021-02-03T00:00:00,1.0,0.0
DE9,ocgt,2021-02-03T03:00:00,1.0,0.0
DE9,ocgt,2021-02-03T06:00:00,1.0,0.0
DE9,ocgt,2021-02-03T09:00:00,1.0,0.0
DE9,ocgt,2021-02-03T12:00:00,1.0,0.0
DE9,ocgt,2021-02-03T15:00:00,1.0,0.0
DE9,ocgt,2021-02-03T18:00:00,1.0,0.0
DE9,ocgt,2021-02-03T21:00:00,1.0,0.0
DE9,ocgt,2021-02-04T00:00:00,1.0,0.0
DE9,ocgt,2021-02-04T03:00:00,1.0,0.0
DE9,ocgt,2021-02-04T06:00:00,1.0,0.0
DE9,ocgt,2021-02-04T09:00:00,1.0,0.0
DE9,ocgt,2021-02-04T12:00:00,1.0,0.0
DE9,ocgt,2021-02-04T15:00:00,1.0,0.0
DE9,ocgt,2021-02-04T18:00:00,1.0,0.0
DE9,ocgt,2021-02-04T21:00:00,1.0,0.0
DE9,ocgt,2021-02-05T00:00:00,1.0,0.0
DE9,ocgt,2021-02-05T03:00:00,1.0,0.0
DE9,ocgt,2021-02-05T06:00:00,1.0,0.0
DE9,ocgt,2021-02-05T09:00:00,1.0,0.0
DE9,ocgt,2021-02-05T12:00:00,1.0,0.0
DE9,ocgt,2021-02-05T15:00:00,1.0,0.0
DE9,ocgt,2021-02-05T18:00:00,1.0,0.0
DE9,ocgt,2021-02-05T21:00:00,1.0,0.0
DE9,ocgt,2021-02-06T00:00:00,1.0,0.0
DE9,ocgt,2021-02-06T03:00:00,1.0,0.0
DE9,ocgt,2021-02-06T06:00:00,1.0,0.0
DE9,ocgt,2021-02-06T09:00:00,1.0,0.0
DE9,ocgt,2021-02-06T12:00:00,1.0,0.0
DE9,ocgt,2021-02-06T15:00:00,1.0,0.0
DE9,ocgt,2021-02-06T18:00:00,1.0,0.0
DE9,ocgt,2021-02-06T21:00:00,1.0,0.0
DE9,ocgt,2021-02-07T00:00:00,1.0,0.0
DE9,ocgt,2021-02-07T03:00:00,1.0,0.0
DE9,ocgt,2021-02-07T06:00:00,1.0,0.0
DE9,ocgt,2021-02-07T09:00:00,1.0,0.0
DE9,ocgt,2021-02-07T12:00:00,1.0,0.0
DE9,ocgt,2021-02-07T15:00:00,1.0,0.0
DE9,ocgt,2021-02-07T18:00:00,1.0,0.0
DE9,ocgt,2021-02-07T21:00:00,1.0,0.0
DE9,offwind,2021-01-25T00:00:00,1.0,0.0
DE9,offwind,2021-01-25T03:00:00,1.0,10.786089599999999
DE9,offwind,2021-01-25T06:00:00,1.0,15.517989599999995
DE9,offwind,2021-01-25T09:00:00,1.0,15.191416799999999
DE9,offwind,2021-01-25T12:00:00,1.0,0.0
DE9,offwind,2021-01-25T15:00:00,1.0,17.09376
DE9,offwind,2021-01-25T18:00:00,1.0,22.235673600000002
DE9,offwind,2021-01-25T21:00:00,1.0,15.86984400000001
DE9,offwind,2021-01-26T00:00:00,1.0,19.706457599999997
DE9,offwind,2021-01-26T03:00:00,1.0,19.20291839999999
DE9,offwind,2021-01-26T06:00:00,1.0,15.4698
DE9,offwind,2021-01-26T09:00:00,1.0,0.0
DE9,offwind,2021-01-26T12:00:00,1.0,0.0
DE9,offwind,2021-01-26T15:00:00,1.0,0.0
DE9,offwind,2021-01-26T18:00:00,1.0,28.490356799999994
DE9,offwind,2021-01-26T21:00:00,1.0,23.848281600000004
DE9,offwind,2021-01-27T00:00:00,1.0,18.3312576
DE9,offwind,2021-01-27T03:00:00,1.0,16.536959999999993
DE9,offwind,2021-01-27T06:00:00,1.0,22.116019200000004
DE9,offwind,2021-01-27T09:00:00,1.0,14.5554624
DE9,offwind,2021-01-27T12:00:00,1.0,17.6085312
DE9,offwind,2021-01-27T15:00:00,1.0,17.050752000000003
DE9,offwind,2021-01-27T18:00:00,1.0,11.621232000000003
DE9,offwind,2021-01-27T21:00:00,1.0,6.6534048000000015
DE9,offwind,2021-01-28T00:00:00,1.0,6.9457824
DE9,offwind,2021-01-28T03:00:00,1.0,5.9058720000000005
DE9,offwind,2021-01-28T06:00:00,1.0,4.684140000000002
DE9,offwind,2021-01-28T09:00:00,1.0,3.5095776000000014
DE9,offwind,2021-01-28T12:00:00,1.0,4.627008000000001
DE9,offwind,2021-01-28T15:00:00,1.0,3.4084800000000004
DE9,offwind,2021-01-28T18:00:00,1.0,4.861051200000001
DE9,offwind,2021-01-28T21:00:00,1.0,3.8622720000000004
DE9,offwind,2021-01-29T00:00:00,1.0,7.640915999999999
DE9,offwind,2021-01-29T03:00:00,1.0,8.3359536
DE9,offwind,2021-01-29T06:00:00,1.0,4.968028799999999
DE9,offwind,2021-01-29T09:00:00,1.0,0.0
DE9,offwind,2021-01-29T12:00:00,1.0,0.0
DE9,offwind,2021-01-29T15:00:00,1.0,0.0
DE9,offwind,2021-01-29T18:00:00,1.0,7.152892799999998
DE9,offwind,2021-01-29T21:00:00,1.0,8.093779199999997
DE9,offwind,2021-01-30T00:00:00,1.0,13.019942399999994
DE9,offwind,2021-01-30T03:00:00,1.0,28.158451199999995
DE9,offwind,2021-01-30T06:00:00,1.0,16.40526
DE9,offwind,2021-01-30T09:00:00,1.0,22.920904800000006
DE9,offwind,2021-01-30T12:00:00,1.0,20.580326400000008
DE9,offwind,2021-01-30T15:00:00,1.0,27.61728
DE9,offwind,2021-01-30T18:00:00,1.0,25.71583679999999
DE9,offwind,2021-01-30T21:00:00,1.0,44.958477599999995
DE9,offwind,2021-01-31T00:00:00,1.0,30.878726399999994
DE9,offwind,2021-01-31T03:00:00,1.0,32.6997504
DE9,offwind,2021-01-31T06:00:00,1.0,30.414971999999995
DE9,offwind,2021-01-31T09:00:00,1.0,28.792415999999996
DE9,offwind,2021-01-31T12:00:00,1.0,26.34832800000001
DE9,offwind,2021-01-31T15:00:00,1.0,19.6872384
DE9,offwind,2021-01-31T18:00:00,1.0,27.1447632
DE9,offwind,2021-01-31T21:00:00,1.0,29.154902400000008
DE9,offwind,2021-02-01T00:00:00,1.0,22.0554912
DE9,offwind,2021-02-01T03:00:00,1.0,15.195840000000002
DE9,offwind,2021-02-01T06:00:00,1.0,20.855366399999994
DE9,offwind,2021-02-01T09:00:00,1.0,13.314729600000003
DE9,offwind,2021-02-01T12:00:00,1.0,10.038748799999999
DE9,offwind,2021-02-01T15:00:00,1.0,10.438272000000005
DE9,offwind,2021-02-01T18:00:00,1.0,10.322810400000002
DE9,offwind,2021-02-01T21:00:00,1.0,11.257612799999999
DE9,offwind,2021-02-02T00:00:00,1.0,6.818169599999998
DE9,offwind,2021-02-02T03:00:00,1.0,4.6162224
DE9,offwind,2021-02-02T06:00:00,1.0,4.942209600000001
DE9,offwind,2021-02-02T09:00:00,1.0,5.0395536
DE9,offwind,2021-02-02T12:00:00,1.0,5.0279039999999995
DE9,offwind,2021-02-02T15:00:00,1.0,4.410825599999999
DE9,offwind,2021-02-02T18:00:00,1.0,3.1921920000000004
DE9,offwind,2021-02-02T21:00:00,1.0,3.767520000000001
DE9,offwind,2021-02-03T00:00:00,1.0,5.432980799999999
DE9,offwind,2021-02-03T03:00:00,1.0,5.6591184
DE9,offwind,2021-02-03T06:00:00,1.0,5.52522
DE9,offwind,2021-02-03T09:00:00,1.0,5.302415999999999
DE9,offwind,2021-02-03T12:00:00,1.0,5.0440320000000005
DE9,offwind,2021-02-03T15:00:00,1.0,6.270844800000001
DE9,offwind,2021-02-03T18:00:00,1.0,9.379833599999998
DE9,offwind,2021-02-03T21:00:00,1.0,10.117223999999998
DE9,offwind,2021-02-04T00:00:00,1.0,16.216032000000002
DE9,offwind,2021-02-04T03:00:00,1.0,15.995232000000005
DE9,offwind,2021-02-04T06:00:00,1.0,26.091295199999998
DE9,offwind,2021-02-04T09:00:00,1.0,13.962626400000003
DE9,offwind,2021-02-04T12:00:00,1.0,17.828551200000003
DE9,offwind,2021-02-04T15:00:00,1.0,18.218496
DE9,offwind,2021-02-04T18:00:00,1.0,18.510263999999996
DE9,offwind,2021-02-04T21:00:00,1.0,23.1906456
DE9,offwind,2021-02-05T00:00:00,1.0,18.6116544
DE9,offwind,2021-02-05T03:00:00,1.0,18.70848
DE9,offwind,2021-02-05T06:00:00,1.0,20.487396
DE9,offwind,2021-02-05T09:00:00,1.0,22.307395199999995
DE9,offwind,2021-02-05T12:00:00,1.0,24.583751999999993
DE9,offwind,2021-02-05T15:00:00,1.0,17.114174400000007
DE9,offwind,2021-02-05T18:00:00,1.0,14.995605600000001
DE9,offwind,2021-02-05T21:00:00,1.0,19.184505599999998
DE9,offwind,2021-02-06T00:00:00,1.0,19.468598399999998
DE9,offwind,2021-02-06T03:00:00,1.0,17.66688
DE9,offwind,2021-02-06T06:00:00,1.0,18.353913600000006
DE9,offwind,2021-02-06T09:00:00,1.0,16.286932799999995
DE9,offwind,2021-02-06T12:00:00,1.0,14.745215999999994
DE9,offwind,2021-02-06T15:00:00,1.0,17.649023999999997
DE9,offwind,2021-02-06T18:00:00,1.0,15.459108000000002
DE9,offwind,2021-02-06T21:00:00,1.0,16.8021168
DE9,offwind,2021-02-07T00:00:00,1.0,9.812512800000004
DE9,offwind,2021-02-07T03:00:00,1.0,8.155728000000003
DE9,offwind,2021-02-07T06:00:00,1.0,4.249310399999999
DE9,offwind,2021-02-07T09:00:00,1.0,5.130103200000001
DE9,offwind,2021-02-07T12:00:00,1.0,5.420448
DE9,offwind,2021-02-07T15:00:00,1.0,3.3630335999999996
DE9,offwind,2021-02-07T18:00:00,1.0,2.6969328
DE9,offwind,2021-02-07T21:00:00,1.0,3.320832
DE9,onwind,2021-01-25T00:00:00,1.0,0.0
DE9,onwind,2021-01-25T03:00:00,1.0,159.33996
DE9,onwind,2021-01-25T06:00:00,1.0,229.24898099999993
DE9,onwind,2021-01-25T09:00:00,1.0,224.380611
DE9,onwind,2021-01-25T12:00:00,1.0,0.0
DE9,onwind,2021-01-25T15:00:00,1.0,252.51056999999997
DE9,onwind,2021-01-25T18:00:00,1.0,328.43428800000004
DE9,onwind,2021-01-25T21:00:00,1.0,234.42237000000011
DE9,onwind,2021-01-26T00:00:00,1.0,291.0969359999999
DE9,onwind,2021-01-26T03:00:00,1.0,283.6896659999999
DE9,onwind,2021-01-26T06:00:00,1.0,228.55560000000003
DE9,onwind,2021-01-26T09:00:00,1.0,0.0
DE9,onwind,2021-01-26T12:00:00,1.0,0.0
DE9,onwind,2021-01-26T15:00:00,1.0,0.0
DE9,onwind,2021-01-26T18:00:00,1.0,420.8880779999999
DE9,onwind,2021-01-26T21:00:00,1.0,352.26391200000006
DE9,onwind,2021-01-27T00:00:00,1.0,270.825984
DE9,onwind,2021-01-27T03:00:00,1.0,244.29599999999996
DE9,onwind,2021-01-27T06:00:00,1.0,326.71392
DE9,onwind,2021-01-27T09:00:00,1.0,215.068464
DE9,onwind,2021-01-27T12:00:00,1.0,260.10418200000004
DE9,onwind,2021-01-27T15:00:00,1.0,251.90146800000005
DE9,onwind,2021-01-27T18:00:00,1.0,171.66006000000004
DE9,onwind,2021-01-27T21:00:00,1.0,98.27438400000004
DE9,onwind,2021-01-28T00:00:00,1.0,102.58653599999998
DE9,onwind,2021-01-28T03:00:00,1.0,87.19893000000002
DE9,onwind,2021-01-28T06:00:00,1.0,69.19282500000003
DE9,onwind,2021-01-28T09:00:00,1.0,51.85798800000003
DE9,onwind,2021-01-28T12:00:00,1.0,68.38299
DE9,onwind,2021-01-28T15:00:00,1.0,50.333400000000005
DE9,onwind,2021-01-28T18:00:00,1.0,71.80364100000003
DE9,onwind,2021-01-28T21:00:00,1.0,57.08664000000001
DE9,onwind,2021-01-29T00:00:00,1.0,112.92021
DE9,onwind,2021-01-29T03:00:00,1.0,123.16605600000001
DE9,onwind,2021-01-29T06:00:00,1.0,73.38567599999999
DE9,onwind,2021-01-29T09:00:00,1.0,0.0
DE9,onwind,2021-01-29T12:00:00,1.0,0.0
DE9,onwind,2021-01-29T15:00:00,1.0,0.0
DE9,onwind,2021-01-29T18:00:00,1.0,105.68750399999998
DE9,onwind,2021-01-29T21:00:00,1.0,119.58710399999998
DE9,onwind,2021-01-30T00:00:00,1.0,192.36944999999992
DE9,onwind,2021-01-30T03:00:00,1.0,415.97711999999996
DE9,onwind,2021-01-30T06:00:00,1.0,242.356725
DE9,onwind,2021-01-30T09:00:00,1.0,338.5468710000001
DE9,onwind,2021-01-30T12:00:00,1.0,304.05523200000005
DE9,onwind,2021-01-30T15:00:00,1.0,407.96496
DE9,onwind,2021-01-30T18:00:00,1.0,379.83839399999994
DE9,onwind,2021-01-30T21:00:00,1.0,664.1068979999999
DE9,onwind,2021-01-31T00:00:00,1.0,456.1298039999999
DE9,onwind,2021-01-31T03:00:00,1.0,483.08184600000004
DE9,onwind,2021-01-31T06:00:00,1.0,449.360184
DE9,onwind,2021-01-31T09:00:00,1.0,425.31216
DE9,onwind,2021-01-31T12:00:00,1.0,389.1877470000001
DE9,onwind,2021-01-31T15:00:00,1.0,290.823624
DE9,onwind,2021-01-31T18:00:00,1.0,401.009622
DE9,onwind,2021-01-31T21:00:00,1.0,430.6482180000001
DE9,onwind,2021-02-01T00:00:00,1.0,325.847808
DE9,onwind,2021-02-01T03:00:00,1.0,224.48400000000007
DE9,onwind,2021-02-01T06:00:00,1.0,308.09063999999995
DE9,onwind,2021-02-01T09:00:00,1.0,196.73565600000003
DE9,onwind,2021-02-01T12:00:00,1.0,148.28724299999996
DE9,onwind,2021-02-01T15:00:00,1.0,154.21114800000007
DE9,onwind,2021-02-01T18:00:00,1.0,152.48075700000004
DE9,onwind,2021-02-01T21:00:00,1.0,166.281024
DE9,onwind,2021-02-02T00:00:00,1.0,100.70174399999998
DE9,onwind,2021-02-02T03:00:00,1.0,68.157531
DE9,onwind,2021-02-02T06:00:00,1.0,73.00495800000002
DE9,onwind,2021-02-02T09:00:00,1.0,74.46511799999999
DE9,onwind,2021-02-02T12:00:00,1.0,74.30787
DE9,onwind,2021-02-02T15:00:00,1.0,65.135148
DE9,onwind,2021-02-02T18:00:00,1.0,47.15256
DE9,onwind,2021-02-02T21:00:00,1.0,55.68615000000002
DE9,onwind,2021-02-03T00:00:00,1.0,80.290548
DE9,onwind,2021-02-03T03:00:00,1.0,83.61506399999999
DE9,onwind,2021-02-03T06:00:00,1.0,81.616275
DE9,onwind,2021-02-03T09:00:00,1.0,78.35782499999998
DE9,onwind,2021-02-03T12:00:00,1.0,74.49624000000001
DE9,onwind,2021-02-03T15:00:00,1.0,92.63748
DE9,onwind,2021-02-03T18:00:00,1.0,138.59164799999996
DE9,onwind,2021-02-03T21:00:00,1.0,149.48388
DE9,onwind,2021-02-04T00:00:00,1.0,239.59162500000002
DE9,onwind,2021-02-04T03:00:00,1.0,236.29320000000007
DE9,onwind,2021-02-04T06:00:00,1.0,385.44959700000004
DE9,onwind,2021-02-04T09:00:00,1.0,206.23110300000005
DE9,onwind,2021-02-04T12:00:00,1.0,263.40030600000006
DE9,onwind,2021-02-04T15:00:00,1.0,269.12527199999994
DE9,onwind,2021-02-04T18:00:00,1.0,273.407745
DE9,onwind,2021-02-04T21:00:00,1.0,342.562038
DE9,onwind,2021-02-05T00:00:00,1.0,274.92488399999996
DE9,onwind,2021-02-05T03:00:00,1.0,276.3852
DE9,onwind,2021-02-05T06:00:00,1.0,302.687112
DE9,onwind,2021-02-05T09:00:00,1.0,329.51755199999997
DE9,onwind,2021-02-05T12:00:00,1.0,363.1234229999999
DE9,onwind,2021-02-05T15:00:00,1.0,252.81383400000007
DE9,onwind,2021-02-05T18:00:00,1.0,221.530101
DE9,onwind,2021-02-05T21:00:00,1.0,283.375092
DE9,onwind,2021-02-06T00:00:00,1.0,287.62905599999993
DE9,onwind,2021-02-06T03:00:00,1.0,260.98800000000006
DE9,onwind,2021-02-06T06:00:00,1.0,271.1373600000001
DE9,onwind,2021-02-06T09:00:00,1.0,240.65230799999992
DE9,onwind,2021-02-06T12:00:00,1.0,217.80875999999992
DE9,onwind,2021-02-06T15:00:00,1.0,260.74011599999994
DE9,onwind,2021-02-06T18:00:00,1.0,228.35026500000004
DE9,onwind,2021-02-06T21:00:00,1.0,248.17634400000003
DE9,onwind,2021-02-07T00:00:00,1.0,144.92704200000006
DE9,onwind,2021-02-07T03:00:00,1.0,120.41757000000005
DE9,onwind,2021-02-07T06:00:00,1.0,62.76964199999998
DE9,onwind,2021-02-07T09:00:00,1.0,75.803091
DE9,onwind,2021-02-07T12:00:00,1.0,80.109315
DE9,onwind,2021-02-07T15:00:00,1.0,49.662288
DE9,onwind,2021-02-07T18:00:00,1.0,39.836979
DE9,onwind,2021-02-07T21:00:00,1.0,49.08384
DE9,solar,2021-01-25T00:00:00,1.0,0.0
DE9,solar,2021-01-25T03:00:00,1.0,0.0
DE9,solar,2021-01-25T06:00:00,1.0,0.0
DE9,solar,2021-01-25T09:00:00,1.0,334.0928580000001
DE9,solar,2021-01-25T12:00:00,1.0,1374.384
DE9,solar,2021-01-25T15:00:00,1.0,1061.4708719999999
DE9,solar,2021-01-25T18:00:00,1.0,0.0
DE9,solar,2021-01-25T21:00:00,1.0,0.0
DE9,solar,2021-01-26T00:00:00,1.0,0.0
DE9,solar,2021-01-26T03:00:00,1.0,0.0
DE9,solar,2021-01-26T06:00:00,1.0,0.0
DE9,solar,2021-01-26T09:00:00,1.0,857.290698
DE9,solar,2021-01-26T12:00:00,1.0,1123.5840000000003
DE9,solar,2021-01-26T15:00:00,1.0,1366.965204
DE9,solar,2021-01-26T18:00:00,1.0,0.0
DE9,solar,2021-01-26T21:00:00,1.0,0.0
DE9,solar,2021-01-27T00:00:00,1.0,0.0
DE9,solar,2021-01-27T03:00:00,1.0,0.0
DE9,solar,2021-01-27T06:00:00,1.0,0.0
DE9,solar,2021-01-27T09:00:00,1.0,775.485612
DE9,solar,2021-01-27T12:00:00,1.0,975.6119999999996
DE9,solar,2021-01-27T15:00:00,1.0,1094.9466659999998
DE9,solar,2021-01-27T18:00:00,1.0,0.0
DE9,solar,2021-01-27T21:00:00,1.0,0.0
DE9,solar,2021-01-28T00:00:00,1.0,0.0
DE9,solar,2021-01-28T03:00:00,1.0,0.0
DE9,solar,2021-01-28T06:00:00,1.0,0.0
DE9,solar,2021-01-28T09:00:00,1.0,616.30932
DE9,solar,2021-01-28T12:00:00,1.0,498.46500000000003
DE9,solar,2021-01-28T15:00:00,1.0,804.527526
DE9,solar,2021-01-28T18:00:00,1.0,0.0
DE9,solar,2021-01-28T21:00:00,1.0,0.0
DE9,solar,2021-01-29T00:00:00,1.0,0.0
DE9,solar,2021-01-29T03:00:00,1.0,0.0
DE9,solar,2021-01-29T06:00:00,1.0,0.0
DE9,solar,2021-01-29T09:00:00,1.0,739.792878
DE9,solar,2021-01-29T12:00:00,1.0,1412.631
DE9,solar,2021-01-29T15:00:00,1.0,1350.5598479999999
DE9,solar,2021-01-29T18:00:00,1.0,0.0
DE9,solar,2021-01-29T21:00:00,1.0,0.0
DE9,solar,2021-01-30T00:00:00,1.0,0.0
DE9,solar,2021-01-30T03:00:00,1.0,0.0
DE9,solar,2021-01-30T06:00:00,1.0,0.0
DE9,solar,2021-01-30T09:00:00,1.0,537.6079499999998
DE9,solar,2021-01-30T12:00:00,1.0,833.91
DE9,solar,2021-01-30T15:00:00,1.0,976.118682
DE9,solar,2021-01-30T18:00:00,1.0,0.0
DE9,solar,2021-01-30T21:00:00,1.0,0.0
DE9,solar,2021-01-31T00:00:00,1.0,0.0
DE9,solar,2021-01-31T03:00:00,1.0,0.0
DE9,solar,2021-01-31T06:00:00,1.0,0.0
DE9,solar,2021-01-31T09:00:00,1.0,748.8823319999999
DE9,solar,2021-01-31T12:00:00,1.0,468.68249999999983
DE9,solar,2021-01-31T15:00:00,1.0,1096.0551359999997
DE9,solar,2021-01-31T18:00:00,1.0,0.0
DE9,solar,2021-01-31T21:00:00,1.0,0.0
DE9,solar,2021-02-01T00:00:00,1.0,0.0
DE9,solar,2021-02-01T03:00:00,1.0,0.0
DE9,solar,2021-02-01T06:00:00,1.0,0.0
DE9,solar,2021-02-01T09:00:00,1.0,815.612226
DE9,solar,2021-02-01T12:00:00,1.0,1045.2089999999996
DE9,solar,2021-02-01T15:00:00,1.0,946.8550740000001
DE9,solar,2021-02-01T18:00:00,1.0,0.0
DE9,solar,2021-02-01T21:00:00,1.0,0.0
DE9,solar,2021-02-02T00:00:00,1.0,0.0
DE9,solar,2021-02-02T03:00:00,1.0,0.0
DE9,solar,2021-02-02T06:00:00,1.0,0.0
DE9,solar,2021-02-02T09:00:00,1.0,785.0184540000001
DE9,solar,2021-02-02T12:00:00,1.0,711.9584999999998
DE9,solar,2021-02-02T15:00:00,1.0,853.7435939999998
DE9,solar,2021-02-02T18:00:00,1.0,0.0
DE9,solar,2021-02-02T21:00:00,1.0,0.0
DE9,solar,2021-02-03T00:00:00,1.0,0.0
DE9,solar,2021-02-03T03:00:00,1.0,0.0
DE9,solar,2021-02-03T06:00:00,1.0,0.0
DE9,solar,2021-02-03T09:00:00,1.0,574.18746
DE9,solar,2021-02-03T12:00:00,1.0,1214.1854999999998
DE9,solar,2021-02-03T15:00:00,1.0,574.18746
DE9,solar,2021-02-03T18:00:00,1.0,0.0
DE9,solar,2021-02-03T21:00:00,1.0,0.0
DE9,solar,2021-02-04T00:00:00,1.0,0.0
DE9,solar,2021-02-04T03:00:00,1.0,0.0
DE9,solar,2021-02-04T06:00:00,1.0,0.0
DE9,solar,2021-02-04T09:00:00,1.0,602.7859860000001
DE9,solar,2021-02-04T12:00:00,1.0,730.1415
DE9,solar,2021-02-04T15:00:00,1.0,770.608344
DE9,solar,2021-02-04T18:00:00,1.0,0.0
DE9,solar,2021-02-04T21:00:00,1.0,0.0
DE9,solar,2021-02-05T00:00:00,1.0,0.0
DE9,solar,2021-02-05T03:00:00,1.0,0.0
DE9,solar,2021-02-05T06:00:00,1.0,0.0
DE9,solar,2021-02-05T09:00:00,1.0,549.1360380000001
DE9,solar,2021-02-05T12:00:00,1.0,736.0980000000001
DE9,solar,2021-02-05T15:00:00,1.0,1179.633774
DE9,solar,2021-02-05T18:00:00,1.0,0.0
DE9,solar,2021-02-05T21:00:00,1.0,0.0
DE9,solar,2021-02-06T00:00:00,1.0,0.0
DE9,solar,2021-02-06T03:00:00,1.0,0.0
DE9,solar,2021-02-06T06:00:00,1.0,0.0
DE9,solar,2021-02-06T09:00:00,1.0,907.3935419999999
DE9,solar,2021-02-06T12:00:00,1.0,884.3834999999999
DE9,solar,2021-02-06T15:00:00,1.0,1091.6212559999997
DE9,solar,2021-02-06T18:00:00,1.0,0.0
DE9,solar,2021-02-06T21:00:00,1.0,0.0
DE9,solar,2021-02-07T00:00:00,1.0,0.0
DE9,solar,2021-02-07T03:00:00,1.0,0.0
DE9,solar,2021-02-07T06:00:00,1.0,0.0
DE9,solar,2021-02-07T09:00:00,1.0,412.1291459999999
DE9,solar,2021-02-07T12:00:00,1.0,844.8825000000002
DE9,solar,2021-02-07T15:00:00,1.0,1240.8213179999998
DE9,solar,2021-02-07T18:00:00,1.0,0.0
DE9,solar,2021-02-07T21:00:00,1.0,0.0
