n,k,t,scale,MW
DE0,ccgt,2021-01-25T00:00:00,1.0,1640.0
DE0,ccgt,2021-01-25T03:00:00,1.0,1640.0
DE0,ccgt,2021-01-25T06:00:00,1.0,1640.0
DE0,ccgt,2021-01-25T09:00:00,1.0,492.0
DE0,ccgt,2021-01-25T12:00:00,1.0,492.0
DE0,ccgt,2021-01-25T15:00:00,1.0,492.0
DE0,ccgt,2021-01-25T18:00:00,1.0,1640.0
DE0,ccgt,2021-01-25T21:00:00,1.0,492.0
DE0,ccgt,2021-01-26T00:00:00,1.0,492.0
DE0,ccgt,2021-01-26T03:00:00,1.0,492.0
DE0,ccgt,2021-01-26T06:00:00,1.0,1640.0
DE0,ccgt,2021-01-26T09:00:00,1.0,492.0
DE0,ccgt,2021-01-26T12:00:00,1.0,492.0
DE0,ccgt,2021-01-26T15:00:00,1.0,492.0
DE0,ccgt,2021-01-26T18:00:00,1.0,492.0
DE0,ccgt,2021-01-26T21:00:00,1.0,1640.0
DE0,ccgt,2021-01-27T00:00:00,1.0,1506.0370000000005
DE0,ccgt,2021-01-27T03:00:00,1.0,1640.0
DE0,ccgt,2021-01-27T06:00:00,1.0,1640.0
DE0,ccgt,2021-01-27T09:00:00,1.0,492.0
DE0,ccgt,2021-01-27T12:00:00,1.0,492.0
DE0,ccgt,2021-01-27T15:00:00,1.0,492.0
DE0,ccgt,2021-01-27T18:00:00,1.0,1640.0
DE0,ccgt,2021-01-27T21:00:00,1.0,1640.0
DE0,ccgt,2021-01-28T00:00:00,1.0,1640.0
DE0,ccgt,2021-01-28T03:00:00,1.0,1640.0
DE0,ccgt,2021-01-28T06:00:00,1.0,1640.0
DE0,ccgt,2021-01-28T09:00:00,1.0,1640.0
DE0,ccgt,2021-01-28T12:00:00,1.0,1640.0
DE0,ccgt,2021-01-28T15:00:00,1.0,1640.0
DE0,ccgt,2021-01-28T18:00:00,1.0,1640.0
DE0,ccgt,2021-01-28T21:00:00,1.0,1640.0
DE0,ccgt,2021-01-29T00:00:00,1.0,1640.0
DE0,ccgt,2021-01-29T03:00:00,1.0,1640.0
DE0,ccgt,2021-01-29T06:00:00,1.0,1640.0
DE0,ccgt,2021-01-29T09:00:00,1.0,1640.0
DE0,ccgt,2021-01-29T12:00:00,1.0,1640.0
DE0,ccgt,2021-01-29T15:00:00,1.0,1640.0
DE0,ccgt,2021-01-29T18:00:00,1.0,1640.0
DE0,ccgt,2021-01-29T21:00:00,1.0,1640.0
DE0,ccgt,2021-01-30T00:00:00,1.0,1640.0
DE0,ccgt,2021-01-30T03:00:00,1.0,1640.0
DE0,ccgt,2021-01-30T06:00:00,1.0,1640.0
DE0,ccgt,2021-01-30T09:00:00,1.0,1640.0
DE0,ccgt,2021-01-30T12:00:00,1.0,1640.0
DE0,ccgt,2021-01-30T15:00:00,1.0,1640.0
DE0,ccgt,2021-01-30T18:00:00,1.0,1640.0
DE0,ccgt,2021-01-30T21:00:00,1.0,1640.0
DE0,ccgt,2021-01-31T00:00:00,1.0,1640.0
DE0,ccgt,2021-01-31T03:00:00,1.0,1640.0
DE0,ccgt,2021-01-31T06:00:00,1.0,1640.0
DE0,ccgt,2021-01-31T09:00:00,1.0,1640.0
DE0,ccgt,2021-01-31T12:00:00,1.0,1640.0
DE0,ccgt,2021-01-31T15:00:00,1.0,1640.0
DE0,ccgt,2021-01-31T18:00:00,1.0,1640.0
DE0,ccgt,2021-01-31T21:00:00,1.0,1640.0
DE0,ccgt,2021-02-01T00:00:00,1.0,1640.0
DE0,ccgt,2021-02-01T03:00:00,1.0,1640.0
DE0,ccgt,2021-02-01T06:00:00,1.0,1640.0
DE0,ccgt,2021-02-01T09:00:00,1.0,1640.0
DE0,ccgt,2021-02-01T12:00:00,1.0,1640.0
DE0,ccgt,2021-02-01T15:00:00,1.0,1640.0
DE0,ccgt,2021-02-01T18:00:00,1.0,1640.0
DE0,ccgt,2021-02-01T21:00:00,1.0,1640.0
DE0,ccgt,2021-02-02T00:00:00,1.0,1640.0
DE0,ccgt,2021-02-02T03:00:00,1.0,1640.0
DE0,ccgt,2021-02-02T06:00:00,1.0,1640.0
DE0,ccgt,2021-02-02T09:00:00,1.0,1640.0
DE0,ccgt,2021-02-02T12:00:00,1.0,1640.0
DE0,ccgt,2021-02-02T15:00:00,1.0,1640.0
DE0,ccgt,2021-02-02T18:00:00,1.0,1640.0
DE0,ccgt,2021-02-02T21:00:00,1.0,1640.0
DE0,ccgt,2021-02-03T00:00:00,1.0,1640.0
DE0,ccgt,2021-02-03T03:00:00,1.0,1640.0
DE0,ccgt,2021-02-03T06:00:00,1.0,1640.0
DE0,ccgt,2021-02-03T09:00:00,1.0,1640.0
DE0,ccgt,2021-02-03T12:00:00,1.0,1640.0
DE0,ccgt,2021-02-03T15:00:00,1.0,1640.0
DE0,ccgt,2021-02-03T18:00:00,1.0,1640.0
DE0,ccgt,2021-02-03T21:00:00,1.0,1640.0
DE0,ccgt,2021-02-04T00:00:00,1.0,1640.0
DE0,ccgt,2021-02-04T03:00:00,1.0,1640.0
DE0,ccgt,2021-02-04T06:00:00,1.0,1640.0
DE0,ccgt,2021-02-04T09:00:00,1.0,492.0
DE0,ccgt,2021-02-04T12:00:00,1.0,492.0
DE0,ccgt,2021-02-04T15:00:00,1.0,492.0
DE0,ccgt,2021-02-04T18:00:00,1.0,1640.0
DE0,ccgt,2021-02-04T21:00:00,1.0,1640.0
DE0,ccgt,2021-02-05T00:00:00,1.0,492.0
DE0,ccgt,2021-02-05T03:00:00,1.0,1640.0
DE0,ccgt,2021-02-05T06:00:00,1.0,1640.0
DE0,ccgt,2021-02-05T09:00:00,1.0,492.0
DE0,ccgt,2021-02-05T12:00:00,1.0,492.0
DE0,ccgt,2021-02-05T15:00:00,1.0,492.0
DE0,ccgt,2021-02-05T18:00:00,1.0,1640.0
DE0,ccgt,2021-02-05T21:00:00,1.0,1640.0
DE0,ccgt,2021-02-06T00:00:00,1.0,1640.0
DE0,ccgt,2021-02-06T03:00:00,1.0,1640.0
DE0,ccgt,2021-02-06T06:00:00,1.0,1640.0
DE0,ccgt,2021-02-06T09:00:00,1.0,492.0
DE0,ccgt,2021-02-06T12:00:00,1.0,492.0
DE0,ccgt,2021-02-06T15:00:00,1.0,492.0
DE0,ccgt,2021-02-06T18:00:00,1.0,1640.0
DE0,ccgt,2021-02-06T21:00:00,1.0,1640.0
DE0,ccgt,2021-02-07T00:00:00,1.0,1640.0
DE0,ccgt,2021-02-07T03:00:00,1.0,1640.0
DE0,ccgt,2021-02-07T06:00:00,1.0,1640.0
DE0,ccgt,2021-02-07T09:00:00,1.0,1640.0
DE0,ccgt,2021-02-07T12:00:00,1.0,492.0
DE0,ccgt,2021-02-07T15:00:00,1.0,1640.0
DE0,ccgt,2021-02-07T18:00:00,1.0,1640.0
DE0,ccgt,2021-02-07T21:00:00,1.0,1640.0
DE0,ocgt,2021-01-25T00:00:00,1.0,740.0
DE0,ocgt,2021-01-25T03:00:00,1.0,0.0
DE0,ocgt,2021-01-25T06:00:00,1.0,0.0
DE0,ocgt,2021-01-25T09:00:00,1.0,0.0
DE0,ocgt,2021-01-25T12:00:00,1.0,0.0
DE0,ocgt,2021-01-25T15:00:00,1.0,0.0
DE0,ocgt,2021-01-25T18:00:00,1.0,0.0
DE0,ocgt,2021-01-25T21:00:00,1.0,0.0
DE0,ocgt,2021-01-26T00:00:00,1.0,0.0
DE0,ocgt,2021-01-26T03:00:00,1.0,0.0
DE0,ocgt,2021-01-26T06:00:00,1.0,0.0
DE0,ocgt,2021-01-26T09:00:00,1.0,0.0
DE0,ocgt,2021-01-26T12:00:00,1.0,0.0
DE0,ocgt,2021-01-26T15:00:00,1.0,0.0
DE0,ocgt,2021-01-26T18:00:00,1.0,0.0
DE0,ocgt,2021-01-26T21:00:00,1.0,0.0
DE0,ocgt,2021-01-27T00:00:00,1.0,0.0
DE0,ocgt,2021-01-27T03:00:00,1.0,0.0
DE0,ocgt,2021-01-27T06:00:00,1.0,0.0
DE0,ocgt,2021-01-27T09:00:00,1.0,0.0
DE0,ocgt,2021-01-27T12:00:00,1.0,0.0
DE0,ocgt,2021-01-27T15:00:00,1.0,0.0
DE0,ocgt,2021-01-27T18:00:00,1.0,0.0
DE0,ocgt,2021-01-27T21:00:00,1.0,740.0
DE0,ocgt,2021-01-28T00:00:00,1.0,740.0
DE0,ocgt,2021-01-28T03:00:00,1.0,740.0
DE0,ocgt,2021-01-28T06:00:00,1.0,740.0
DE0,ocgt,2021-01-28T09:00:00,1.0,740.0
DE0,ocgt,2021-01-28T12:00:00,1.0,740.0
DE0,ocgt,2021-01-28T15:00:00,1.0,740.0
DE0,ocgt,2021-01-28T18:00:00,1.0,740.0
DE0,ocgt,2021-01-28T21:00:00,1.0,740.0
DE0,ocgt,2021-01-29T00:00:00,1.0,740.0
DE0,ocgt,2021-01-29T03:00:00,1.0,0.0
DE0,ocgt,2021-01-29T06:00:00,1.0,740.0
DE0,ocgt,2021-01-29T09:00:00,1.0,740.0
DE0,ocgt,2021-01-29T12:00:00,1.0,740.0
DE0,ocgt,2021-01-29T15:00:00,1.0,740.0
DE0,ocgt,2021-01-29T18:00:00,1.0,740.0
DE0,ocgt,2021-01-29T21:00:00,1.0,740.0
DE0,ocgt,2021-01-30T00:00:00,1.0,0.0
DE0,ocgt,2021-01-30T03:00:00,1.0,15.407966999999715
DE0,ocgt,2021-01-30T06:00:00,1.0,740.0
DE0,ocgt,2021-01-30T09:00:00,1.0,740.0
DE0,ocgt,2021-01-30T12:00:00,1.0,0.0
DE0,ocgt,2021-01-30T15:00:00,1.0,740.0
DE0,ocgt,2021-01-30T18:00:00,1.0,740.0
DE0,ocgt,2021-01-30T21:00:00,1.0,740.0
DE0,ocgt,2021-01-31T00:00:00,1.0,0.0
DE0,ocgt,2021-01-31T03:00:00,1.0,0.0
DE0,ocgt,2021-01-31T06:00:00,1.0,740.0
DE0,ocgt,2021-01-31T09:00:00,1.0,0.0
DE0,ocgt,2021-01-31T12:00:00,1.0,740.0
DE0,ocgt,2021-01-31T15:00:00,1.0,740.0
DE0,ocgt,2021-01-31T18:00:00,1.0,740.0
DE0,ocgt,2021-01-31T21:00:00,1.0,740.0
DE0,ocgt,2021-02-01T00:00:00,1.0,740.0
DE0,ocgt,2021-02-01T03:00:00,1.0,0.0
DE0,ocgt,2021-02-01T06:00:00,1.0,740.0
DE0,ocgt,2021-02-01T09:00:00,1.0,732.6697119999995
DE0,ocgt,2021-02-01T12:00:00,1.0,740.0
DE0,ocgt,2021-02-01T15:00:00,1.0,740.0
DE0,ocgt,2021-02-01T18:00:00,1.0,740.0
DE0,ocgt,2021-02-01T21:00:00,1.0,740.0
DE0,ocgt,2021-02-02T00:00:00,1.0,740.0
DE0,ocgt,2021-02-02T03:00:00,1.0,740.0
DE0,ocgt,2021-02-02T06:00:00,1.0,740.0
DE0,ocgt,2021-02-02T09:00:00,1.0,0.0
DE0,ocgt,2021-02-02T12:00:00,1.0,740.0
DE0,ocgt,2021-02-02T15:00:00,1.0,740.0
DE0,ocgt,2021-02-02T18:00:00,1.0,740.0
DE0,ocgt,2021-02-02T21:00:00,1.0,740.0
DE0,ocgt,2021-02-03T00:00:00,1.0,740.0
DE0,ocgt,2021-02-03T03:00:00,1.0,0.0
DE0,ocgt,2021-02-03T06:00:00,1.0,740.0
DE0,ocgt,2021-02-03T09:00:00,1.0,740.0
DE0,ocgt,2021-02-03T12:00:00,1.0,740.0
DE0,ocgt,2021-02-03T15:00:00,1.0,740.0
DE0,ocgt,2021-02-03T18:00:00,1.0,740.0
DE0,ocgt,2021-02-03T21:00:00,1.0,0.0
DE0,ocgt,2021-02-04T00:00:00,1.0,0.0
DE0,ocgt,2021-02-04T03:00:00,1.0,740.0
DE0,ocgt,2021-02-04T06:00:00,1.0,0.0
DE0,ocgt,2021-02-04T09:00:00,1.0,0.0
DE0,ocgt,2021-02-04T12:00:00,1.0,0.0
DE0,ocgt,2021-02-04T15:00:00,1.0,0.0
DE0,ocgt,2021-02-04T18:00:00,1.0,0.0
DE0,ocgt,2021-02-04T21:00:00,1.0,0.0
DE0,ocgt,2021-02-05T00:00:00,1.0,0.0
DE0,ocgt,2021-02-05T03:00:00,1.0,0.0
DE0,ocgt,2021-02-05T06:00:00,1.0,740.0
DE0,ocgt,2021-02-05T09:00:00,1.0,0.0
DE0,ocgt,2021-02-05T12:00:00,1.0,0.0
DE0,ocgt,2021-02-05T15:00:00,1.0,0.0
DE0,ocgt,2021-02-05T18:00:00,1.0,0.0
DE0,ocgt,2021-02-05T21:00:00,1.0,0.0
DE0,ocgt,2021-02-06T00:00:00,1.0,0.0
DE0,ocgt,2021-02-06T03:00:00,1.0,740.0
DE0,ocgt,2021-02-06T06:00:00,1.0,740.0
DE0,ocgt,2021-02-06T09:00:00,1.0,0.0
DE0,ocgt,2021-02-06T12:00:00,1.0,0.0
DE0,ocgt,2021-02-06T15:00:00,1.0,0.0
DE0,ocgt,2021-02-06T18:00:00,1.0,0.0
DE0,ocgt,2021-02-06T21:00:00,1.0,740.0
DE0,ocgt,2021-02-07T00:00:00,1.0,740.0
DE0,ocgt,2021-02-07T03:00:00,1.0,740.0
DE0,ocgt,2021-02-07T06:00:00,1.0,740.0
DE0,ocgt,2021-02-07T09:00:00,1.0,0.0
DE0,ocgt,2021-02-07T12:00:00,1.0,0.0
DE0,ocgt,2021-02-07T15:00:00,1.0,0.0
DE0,ocgt,2021-02-07T18:00:00,1.0,740.0
DE0,ocgt,2021-02-07T21:00:00,1.0,740.0
DE0,offwind,2021-01-25T00:00:00,1.0,591.36
DE0,offwind,2021-01-25T03:00:00,1.0,643.968
DE0,offwind,2021-01-25T06:00:00,1.0,695.808
DE0,offwind,2021-01-25T09:00:00,1.0,0.0
DE0,offwind,2021-01-25T12:00:00,1.0,0.0
DE0,offwind,2021-01-25T15:00:00,1.0,0.0
DE0,offwind,2021-01-25T18:00:00,1.0,879.232
DE0,offwind,2021-01-25T21:00:00,1.0,915.5840000000001
DE0,offwind,2021-01-26T00:00:00,1.0,993.0240000000001
DE0,offwind,2021-01-26T03:00:00,1.0,1006.2080000000001
DE0,offwind,2021-01-26T06:00:00,1.0,1012.864
DE0,offwind,2021-01-26T09:00:00,1.0,0.0
DE0,offwind,2021-01-26T12:00:00,1.0,0.0
DE0,offwind,2021-01-26T15:00:00,1.0,0.0
DE0,offwind,2021-01-26T18:00:00,1.0,974.336
DE0,offwind,2021-01-26T21:00:00,1.0,948.992
DE0,offwind,2021-01-27T00:00:00,1.0,839.6800000000001
DE0,offwind,2021-01-27T03:00:00,1.0,795.136
DE0,offwind,2021-01-27T06:00:00,1.0,747.3919999999999
DE0,offwind,2021-01-27T09:00:00,1.0,0.0
DE0,offwind,2021-01-27T12:00:00,1.0,0.0
DE0,offwind,2021-01-27T15:00:00,1.0,0.0
DE0,offwind,2021-01-27T18:00:00,1.0,540.032
DE0,offwind,2021-01-27T21:00:00,1.0,488.192
DE0,offwind,2021-01-28T00:00:00,1.0,41.1648
DE0,offwind,2021-01-28T03:00:00,1.0,40.5604224
DE0,offwind,2021-01-28T06:00:00,1.0,37.2736
DE0,offwind,2021-01-28T09:00:00,1.0,31.5317376
DE0,offwind,2021-01-28T12:00:00,1.0,25.15968
DE0,offwind,2021-01-28T15:00:00,1.0,20.129471999999996
DE0,offwind,2021-01-28T18:00:00,1.0,17.6768
DE0,offwind,2021-01-28T21:00:00,1.0,18.0013056
DE0,offwind,2021-01-29T00:00:00,1.0,28.4544
DE0,offwind,2021-01-29T03:00:00,1.0,34.3008384
DE0,offwind,2021-01-29T06:00:00,1.0,39.842560000000006
DE0,offwind,2021-01-29T09:00:00,1.0,43.5429504
DE0,offwind,2021-01-29T12:00:00,1.0,45.215999999999994
DE0,offwind,2021-01-29T15:00:00,1.0,46.4625792
DE0,offwind,2021-01-29T18:00:00,1.0,50.236160000000005
DE0,offwind,2021-01-29T21:00:00,1.0,58.9871232
DE0,offwind,2021-01-30T00:00:00,1.0,101.71391999999999
DE0,offwind,2021-01-30T03:00:00,1.0,119.8424448
DE0,offwind,2021-01-30T06:00:00,1.0,133.595136
DE0,offwind,2021-01-30T09:00:00,1.0,138.85144319999998
DE0,offwind,2021-01-30T12:00:00,1.0,136.543232
DE0,offwind,2021-01-30T15:00:00,1.0,132.3197184
DE0,offwind,2021-01-30T18:00:00,1.0,133.643264
DE0,offwind,2021-01-30T21:00:00,1.0,144.4791552
DE0,offwind,2021-01-31T00:00:00,1.0,178.74432
DE0,offwind,2021-01-31T03:00:00,1.0,195.30497279999997
DE0,offwind,2021-01-31T06:00:00,1.0,202.57280000000003
DE0,offwind,2021-01-31T09:00:00,1.0,196.6217472
DE0,offwind,2021-01-31T12:00:00,1.0,181.16352
DE0,offwind,2021-01-31T15:00:00,1.0,164.8276224
DE0,offwind,2021-01-31T18:00:00,1.0,155.89376
DE0,offwind,2021-01-31T21:00:00,1.0,157.43777279999998
DE0,offwind,2021-02-01T00:00:00,1.0,144.42496
DE0,offwind,2021-02-01T03:00:00,1.0,147.9748096
DE0,offwind,2021-02-01T06:00:00,1.0,143.49926399999998
DE0,offwind,2021-02-01T09:00:00,1.0,129.75189759999998
DE0,offwind,2021-02-01T12:00:00,1.0,111.00467199999999
DE0,offwind,2021-02-01T15:00:00,1.0,93.53879040000001
DE0,offwind,2021-02-01T18:00:00,1.0,82.084864
DE0,offwind,2021-02-01T21:00:00,1.0,77.0366976
DE0,offwind,2021-02-02T00:00:00,1.0,51.456
DE0,offwind,2021-02-02T03:00:00,1.0,49.634342399999994
DE0,offwind,2021-02-02T06:00:00,1.0,45.2608
DE0,offwind,2021-02-02T09:00:00,1.0,38.5858176
DE0,offwind,2021-02-02T12:00:00,1.0,31.449599999999997
DE0,offwind,2021-02-02T15:00:00,1.0,25.831871999999997
DE0,offwind,2021-02-02T18:00:00,1.0,22.97984
DE0,offwind,2021-02-02T21:00:00,1.0,23.1008256
DE0,offwind,2021-02-03T00:00:00,1.0,22.763519999999996
DE0,offwind,2021-02-03T03:00:00,1.0,28.0301184
DE0,offwind,2021-02-03T06:00:00,1.0,32.81152
DE0,offwind,2021-02-03T09:00:00,1.0,35.5826304
DE0,offwind,2021-02-03T12:00:00,1.0,36.172799999999995
DE0,offwind,2021-02-03T15:00:00,1.0,36.205939199999996
DE0,offwind,2021-02-03T18:00:00,1.0,38.6432
DE0,offwind,2021-02-03T21:00:00,1.0,45.9656832
DE0,offwind,2021-02-04T00:00:00,1.0,591.36
DE0,offwind,2021-02-04T03:00:00,1.0,643.968
DE0,offwind,2021-02-04T06:00:00,1.0,695.808
DE0,offwind,2021-02-04T09:00:00,1.0,0.0
DE0,offwind,2021-02-04T12:00:00,1.0,0.0
DE0,offwind,2021-02-04T15:00:00,1.0,0.0
DE0,offwind,2021-02-04T18:00:00,1.0,879.232
DE0,offwind,2021-02-04T21:00:00,1.0,915.5840000000001
DE0,offwind,2021-02-05T00:00:00,1.0,993.0240000000001
DE0,offwind,2021-02-05T03:00:00,1.0,1006.2080000000001
DE0,offwind,2021-02-05T06:00:00,1.0,1012.864
DE0,offwind,2021-02-05T09:00:00,1.0,0.0
DE0,offwind,2021-02-05T12:00:00,1.0,0.0
DE0,offwind,2021-02-05T15:00:00,1.0,0.0
DE0,offwind,2021-02-05T18:00:00,1.0,974.336
DE0,offwind,2021-02-05T21:00:00,1.0,948.992
DE0,offwind,2021-02-06T00:00:00,1.0,839.6800000000001
DE0,offwind,2021-02-06T03:00:00,1.0,795.136
DE0,offwind,2021-02-06T06:00:00,1.0,747.3919999999999
DE0,offwind,2021-02-06T09:00:00,1.0,0.0
DE0,offwind,2021-02-06T12:00:00,1.0,0.0
DE0,offwind,2021-02-06T15:00:00,1.0,592.768
DE0,offwind,2021-02-06T18:00:00,1.0,540.032
DE0,offwind,2021-02-06T21:00:00,1.0,488.192
DE0,offwind,2021-02-07T00:00:00,1.0,343.04
DE0,offwind,2021-02-07T03:00:00,1.0,302.464
DE0,offwind,2021-02-07T06:00:00,1.0,266.24
DE0,offwind,2021-02-07T09:00:00,1.0,235.136
DE0,offwind,2021-02-07T12:00:00,1.0,209.664
DE0,offwind,2021-02-07T15:00:00,1.0,190.07999999999998
DE0,offwind,2021-02-07T18:00:00,1.0,176.768
DE0,offwind,2021-02-07T21:00:00,1.0,169.984
DE0,onwind,2021-01-25T00:00:00,1.0,2184.0
DE0,onwind,2021-01-25T03:00:00,1.0,2378.48
DE0,onwind,2021-01-25T06:00:00,1.0,2569.8399999999997
DE0,onwind,2021-01-25T09:00:00,1.0,0.0
DE0,onwind,2021-01-25T12:00:00,1.0,0.0
DE0,onwind,2021-01-25T15:00:00,1.0,0.0
DE0,onwind,2021-01-25T18:00:00,1.0,3247.4
DE0,onwind,2021-01-25T21:00:00,1.0,3381.56
DE0,onwind,2021-01-26T00:00:00,1.0,3667.5600000000004
DE0,onwind,2021-01-26T03:00:00,1.0,3715.92
DE0,onwind,2021-01-26T06:00:00,1.0,3740.88
DE0,onwind,2021-01-26T09:00:00,1.0,0.0
DE0,onwind,2021-01-26T12:00:00,1.0,0.0
DE0,onwind,2021-01-26T15:00:00,1.0,0.0
DE0,onwind,2021-01-26T18:00:00,1.0,3598.3999999999996
DE0,onwind,2021-01-26T21:00:00,1.0,3504.8
DE0,onwind,2021-01-27T00:00:00,1.0,3100.76
DE0,onwind,2021-01-27T03:00:00,1.0,2936.44
DE0,onwind,2021-01-27T06:00:00,1.0,2760.1600000000003
DE0,onwind,2021-01-27T09:00:00,1.0,0.0
DE0,onwind,2021-01-27T12:00:00,1.0,0.0
DE0,onwind,2021-01-27T15:00:00,1.0,0.0
DE0,onwind,2021-01-27T18:00:00,1.0,1994.72
DE0,onwind,2021-01-27T21:00:00,1.0,1802.8400000000001
DE0,onwind,2021-01-28T00:00:00,1.0,152.06879999999998
DE0,onwind,2021-01-28T03:00:00,1.0,149.784336
DE0,onwind,2021-01-28T06:00:00,1.0,137.6648
DE0,onwind,2021-01-28T09:00:00,1.0,116.45244
DE0,onwind,2021-01-28T12:00:00,1.0,92.91359999999999
DE0,onwind,2021-01-28T15:00:00,1.0,74.3418
DE0,onwind,2021-01-28T18:00:00,1.0,65.26
DE0,onwind,2021-01-28T21:00:00,1.0,66.46707599999999
DE0,onwind,2021-01-29T00:00:00,1.0,105.06599999999999
DE0,onwind,2021-01-29T03:00:00,1.0,126.71801999999998
DE0,onwind,2021-01-29T06:00:00,1.0,147.186
DE0,onwind,2021-01-29T09:00:00,1.0,160.85082
DE0,onwind,2021-01-29T12:00:00,1.0,166.998
DE0,onwind,2021-01-29T15:00:00,1.0,171.65257200000002
DE0,onwind,2021-01-29T18:00:00,1.0,185.49439999999998
DE0,onwind,2021-01-29T21:00:00,1.0,217.869444
DE0,onwind,2021-01-30T00:00:00,1.0,375.6479999999999
DE0,onwind,2021-01-30T03:00:00,1.0,442.6351279999999
DE0,onwind,2021-01-30T06:00:00,1.0,493.40927999999997
DE0,onwind,2021-01-30T09:00:00,1.0,512.7948279999999
DE0,onwind,2021-01-30T12:00:00,1.0,504.26271999999994
DE0,onwind,2021-01-30T15:00:00,1.0,488.64348000000007
DE0,onwind,2021-01-30T18:00:00,1.0,493.60480000000007
DE0,onwind,2021-01-30T21:00:00,1.0,533.610168
DE0,onwind,2021-01-31T00:00:00,1.0,660.1608000000001
DE0,onwind,2021-01-31T03:00:00,1.0,721.260072
DE0,onwind,2021-01-31T06:00:00,1.0,748.176
DE0,onwind,2021-01-31T09:00:00,1.0,726.104808
DE0,onwind,2021-01-31T12:00:00,1.0,669.0528
DE0,onwind,2021-01-31T15:00:00,1.0,608.707008
DE0,onwind,2021-01-31T18:00:00,1.0,575.744
DE0,onwind,2021-01-31T21:00:00,1.0,581.44632
DE0,onwind,2021-02-01T00:00:00,1.0,533.33072
DE0,onwind,2021-02-01T03:00:00,1.0,546.4714839999999
DE0,onwind,2021-02-01T06:00:00,1.0,529.95072
DE0,onwind,2021-02-01T09:00:00,1.0,479.2149439999999
DE0,onwind,2021-02-01T12:00:00,1.0,409.99296
DE0,onwind,2021-02-01T15:00:00,1.0,345.45576
DE0,onwind,2021-02-01T18:00:00,1.0,303.19744
DE0,onwind,2021-02-01T21:00:00,1.0,284.488152
DE0,onwind,2021-02-02T00:00:00,1.0,190.08599999999998
DE0,onwind,2021-02-02T03:00:00,1.0,183.29313599999998
DE0,onwind,2021-02-02T06:00:00,1.0,167.1644
DE0,onwind,2021-02-02T09:00:00,1.0,142.50444000000002
DE0,onwind,2021-02-02T12:00:00,1.0,116.14200000000001
DE0,onwind,2021-02-02T15:00:00,1.0,95.40180000000001
DE0,onwind,2021-02-02T18:00:00,1.0,84.838
DE0,onwind,2021-02-02T21:00:00,1.0,85.29627599999999
DE0,onwind,2021-02-03T00:00:00,1.0,84.05279999999999
DE0,onwind,2021-02-03T03:00:00,1.0,103.55202
DE0,onwind,2021-02-03T06:00:00,1.0,121.21200000000002
DE0,onwind,2021-02-03T09:00:00,1.0,131.44482
DE0,onwind,2021-02-03T12:00:00,1.0,133.5984
DE0,onwind,2021-02-03T15:00:00,1.0,133.760172
DE0,onwind,2021-02-03T18:00:00,1.0,142.688
DE0,onwind,2021-02-03T21:00:00,1.0,169.774644
DE0,onwind,2021-02-04T00:00:00,1.0,2184.0
DE0,onwind,2021-02-04T03:00:00,1.0,2378.48
DE0,onwind,2021-02-04T06:00:00,1.0,2569.8399999999997
DE0,onwind,2021-02-04T09:00:00,1.0,0.0
DE0,onwind,2021-02-04T12:00:00,1.0,0.0
DE0,onwind,2021-02-04T15:00:00,1.0,0.0
DE0,onwind,2021-02-04T18:00:00,1.0,3247.4
DE0,onwind,2021-02-04T21:00:00,1.0,3381.56
DE0,onwind,2021-02-05T00:00:00,1.0,3667.5600000000004
DE0,onwind,2021-02-05T03:00:00,1.0,3715.92
DE0,onwind,2021-02-05T06:00:00,1.0,3740.88
DE0,onwind,2021-02-05T09:00:00,1.0,0.0
DE0,onwind,2021-02-05T12:00:00,1.0,0.0
DE0,onwind,2021-02-05T15:00:00,1.0,0.0
DE0,onwind,2021-02-05T18:00:00,1.0,3598.3999999999996
DE0,onwind,2021-02-05T21:00:00,1.0,3504.8
DE0,onwind,2021-02-06T00:00:00,1.0,3100.76
DE0,onwind,2021-02-06T03:00:00,1.0,2936.44
DE0,onwind,2021-02-06T06:00:00,1.0,2760.1600000000003
DE0,onwind,2021-02-06T09:00:00,1.0,1231.2280000000028
DE0,onwind,2021-02-06T12:00:00,1.0,0.0
DE0,onwind,2021-02-06T15:00:00,1.0,2189.2
DE0,onwind,2021-02-06T18:00:00,1.0,1994.72
DE0,onwind,2021-02-06T21:00:00,1.0,1802.8400000000001
DE0,onwind,2021-02-07T00:00:00,1.0,1267.24
DE0,onwind,2021-02-07T03:00:00,1.0,1116.96
DE0,onwind,2021-02-07T06:00:00,1.0,983.3199999999999
DE0,onwind,2021-02-07T09:00:00,1.0,868.4000000000001
DE0,onwind,2021-02-07T12:00:00,1.0,774.28
DE0,onwind,2021-02-07T15:00:00,1.0,702.0
DE0,onwind,2021-02-07T18:00:00,1.0,652.6
DE0,onwind,2021-02-07T21:00:00,1.0,627.64
DE0,solar,2021-01-25T00:00:00,1.0,0.0
DE0,solar,2021-01-25T03:00:00,1.0,0.0
DE0,solar,2021-01-25T06:00:00,1.0,0.0
DE0,solar,2021-01-25T09:00:00,1.0,3111.24
DE0,solar,2021-01-25T12:00:00,1.0,4400.0
DE0,solar,2021-01-25T15:00:00,1.0,3111.24
DE0,solar,2021-01-25T18:00:00,1.0,0.0
DE0,solar,2021-01-25T21:00:00,1.0,0.0
DE0,solar,2021-01-26T00:00:00,1.0,0.0
DE0,solar,2021-01-26T03:00:00,1.0,0.0
DE0,solar,2021-01-26T06:00:00,1.0,0.0
DE0,solar,2021-01-26T09:00:00,1.0,3111.24
DE0,solar,2021-01-26T12:00:00,1.0,4400.0
DE0,solar,2021-01-26T15:00:00,1.0,3111.24
DE0,solar,2021-01-26T18:00:00,1.0,0.0
DE0,solar,2021-01-26T21:00:00,1.0,0.0
DE0,solar,2021-01-27T00:00:00,1.0,0.0
DE0,solar,2021-01-27T03:00:00,1.0,0.0
DE0,solar,2021-01-27T06:00:00,1.0,0.0
DE0,solar,2021-01-27T09:00:00,1.0,3111.24
DE0,solar,2021-01-27T12:00:00,1.0,4400.0
DE0,solar,2021-01-27T15:00:00,1.0,3111.24
DE0,solar,2021-01-27T18:00:00,1.0,0.0
DE0,solar,2021-01-27T21:00:00,1.0,0.0
DE0,solar,2021-01-28T00:00:00,1.0,0.0
DE0,solar,2021-01-28T03:00:00,1.0,0.0
DE0,solar,2021-01-28T06:00:00,1.0,0.0
DE0,solar,2021-01-28T09:00:00,1.0,234.587496
DE0,solar,2021-01-28T12:00:00,1.0,396.0
DE0,solar,2021-01-28T15:00:00,1.0,234.587496
DE0,solar,2021-01-28T18:00:00,1.0,0.0
DE0,solar,2021-01-28T21:00:00,1.0,0.0
DE0,solar,2021-01-29T00:00:00,1.0,0.0
DE0,solar,2021-01-29T03:00:00,1.0,0.0
DE0,solar,2021-01-29T06:00:00,1.0,0.0
DE0,solar,2021-01-29T09:00:00,1.0,289.34531999999996
DE0,solar,2021-01-29T12:00:00,1.0,506.0
DE0,solar,2021-01-29T15:00:00,1.0,289.34531999999996
DE0,solar,2021-01-29T18:00:00,1.0,0.0
DE0,solar,2021-01-29T21:00:00,1.0,0.0
DE0,solar,2021-01-30T00:00:00,1.0,0.0
DE0,solar,2021-01-30T03:00:00,1.0,0.0
DE0,solar,2021-01-30T06:00:00,1.0,0.0
DE0,solar,2021-01-30T09:00:00,1.0,329.79143999999997
DE0,solar,2021-01-30T12:00:00,1.0,586.52
DE0,solar,2021-01-30T15:00:00,1.0,329.79143999999997
DE0,solar,2021-01-30T18:00:00,1.0,0.0
DE0,solar,2021-01-30T21:00:00,1.0,0.0
DE0,solar,2021-01-31T00:00:00,1.0,0.0
DE0,solar,2021-01-31T03:00:00,1.0,0.0
DE0,solar,2021-01-31T06:00:00,1.0,0.0
DE0,solar,2021-01-31T09:00:00,1.0,344.414268
DE0,solar,2021-01-31T12:00:00,1.0,616.0000000000001
DE0,solar,2021-01-31T15:00:00,1.0,344.414268
DE0,solar,2021-01-31T18:00:00,1.0,0.0
DE0,solar,2021-01-31T21:00:00,1.0,0.0
DE0,solar,2021-02-01T00:00:00,1.0,0.0
DE0,solar,2021-02-01T03:00:00,1.0,0.0
DE0,solar,2021-02-01T06:00:00,1.0,0.0
DE0,solar,2021-02-01T09:00:00,1.0,329.79143999999997
DE0,solar,2021-02-01T12:00:00,1.0,586.52
DE0,solar,2021-02-01T15:00:00,1.0,329.79143999999997
DE0,solar,2021-02-01T18:00:00,1.0,0.0
DE0,solar,2021-02-01T21:00:00,1.0,0.0
DE0,solar,2021-02-02T00:00:00,1.0,0.0
DE0,solar,2021-02-02T03:00:00,1.0,0.0
DE0,solar,2021-02-02T06:00:00,1.0,0.0
DE0,solar,2021-02-02T09:00:00,1.0,289.34531999999996
DE0,solar,2021-02-02T12:00:00,1.0,506.0
DE0,solar,2021-02-02T15:00:00,1.0,289.34531999999996
DE0,solar,2021-02-02T18:00:00,1.0,0.0
DE0,solar,2021-02-02T21:00:00,1.0,0.0
DE0,solar,2021-02-03T00:00:00,1.0,0.0
DE0,solar,2021-02-03T03:00:00,1.0,0.0
DE0,solar,2021-02-03T06:00:00,1.0,0.0
DE0,solar,2021-02-03T09:00:00,1.0,234.587496
DE0,solar,2021-02-03T12:00:00,1.0,396.0
DE0,solar,2021-02-03T15:00:00,1.0,234.587496
DE0,solar,2021-02-03T18:00:00,1.0,0.0
DE0,solar,2021-02-03T21:00:00,1.0,0.0
DE0,solar,2021-02-04T00:00:00,1.0,0.0
DE0,solar,2021-02-04T03:00:00,1.0,0.0
DE0,solar,2021-02-04T06:00:00,1.0,0.0
DE0,solar,2021-02-04T09:00:00,1.0,3111.24
DE0,solar,2021-02-04T12:00:00,1.0,4400.0
DE0,solar,2021-02-04T15:00:00,1.0,3111.24
DE0,solar,2021-02-04T18:00:00,1.0,0.0
DE0,solar,2021-02-04T21:00:00,1.0,0.0
DE0,solar,2021-02-05T00:00:00,1.0,0.0
DE0,solar,2021-02-05T03:00:00,1.0,0.0
DE0,solar,2021-02-05T06:00:00,1.0,0.0
DE0,solar,2021-02-05T09:00:00,1.0,3111.24
DE0,solar,2021-02-05T12:00:00,1.0,4400.0
DE0,solar,2021-02-05T15:00:00,1.0,3111.24
DE0,solar,2021-02-05T18:00:00,1.0,0.0
DE0,solar,2021-02-05T21:00:00,1.0,0.0
DE0,solar,2021-02-06T00:00:00,1.0,0.0
DE0,solar,2021-02-06T03:00:00,1.0,0.0
DE0,solar,2021-02-06T06:00:00,1.0,0.0
DE0,solar,2021-02-06T09:00:00,1.0,3111.24
DE0,solar,2021-02-06T12:00:00,1.0,4400.0
DE0,solar,2021-02-06T15:00:00,1.0,3111.24
DE0,solar,2021-02-06T18:00:00,1.0,0.0
DE0,solar,2021-02-06T21:00:00,1.0,0.0
DE0,solar,2021-02-07T00:00:00,1.0,0.0
DE0,solar,2021-02-07T03:00:00,1.0,0.0
DE0,solar,2021-02-07T06:00:00,1.0,0.0
DE0,solar,2021-02-07T09:00:00,1.0,3111.24
DE0,solar,2021-02-07T12:00:00,1.0,4400.0
DE0,solar,2021-02-07T15:00:00,1.0,3111.24
DE0,solar,2021-02-07T18:00:00,1.0,0.0
DE0,solar,2021-02-07T21:00:00,1.0,0.0
DE1,ccgt,2021-01-25T00:00:00,1.0,1880.0
DE1,ccgt,2021-01-25T03:00:00,1.0,1880.0
DE1,ccgt,2021-01-25T06:00:00,1.0,1880.0
DE1,ccgt,2021-01-25T09:00:00,1.0,564.0
DE1,ccgt,2021-01-25T12:00:00,1.0,564.0
DE1,ccgt,2021-01-25T15:00:00,1.0,564.0
DE1,ccgt,2021-01-25T18:00:00,1.0,1880.0
DE1,ccgt,2021-01-25T21:00:00,1.0,1880.0
DE1,ccgt,2021-01-26T00:00:00,1.0,564.0
DE1,ccgt,2021-01-26T03:00:00,1.0,564.0
DE1,ccgt,2021-01-26T06:00:00,1.0,1182.685999999996
DE1,ccgt,2021-01-26T09:00:00,1.0,564.0
DE1,ccgt,2021-01-26T12:00:00,1.0,564.0
DE1,ccgt,2021-01-26T15:00:00,1.0,564.0
DE1,ccgt,2021-01-26T18:00:00,1.0,1873.1810000000019
DE1,ccgt,2021-01-26T21:00:00,1.0,1880.0
DE1,ccgt,2021-01-27T00:00:00,1.0,564.0
DE1,ccgt,2021-01-27T03:00:00,1.0,1880.0
DE1,ccgt,2021-01-27T06:00:00,1.0,1880.0
DE1,ccgt,2021-01-27T09:00:00,1.0,564.0
DE1,ccgt,2021-01-27T12:00:00,1.0,564.0
DE1,ccgt,2021-01-27T15:00:00,1.0,564.0
DE1,ccgt,2021-01-27T18:00:00,1.0,1880.0
DE1,ccgt,2021-01-27T21:00:00,1.0,1880.0
DE1,ccgt,2021-01-28T00:00:00,1.0,1880.0
DE1,ccgt,2021-01-28T03:00:00,1.0,1880.0
DE1,ccgt,2021-01-28T06:00:00,1.0,1880.0
DE1,ccgt,2021-01-28T09:00:00,1.0,1880.0
DE1,ccgt,2021-01-28T12:00:00,1.0,1880.0
DE1,ccgt,2021-01-28T15:00:00,1.0,1880.0
DE1,ccgt,2021-01-28T18:00:00,1.0,1880.0
DE1,ccgt,2021-01-28T21:00:00,1.0,1880.0
DE1,ccgt,2021-01-29T00:00:00,1.0,1880.0
DE1,ccgt,2021-01-29T03:00:00,1.0,1880.0
DE1,ccgt,2021-01-29T06:00:00,1.0,1880.0
DE1,ccgt,2021-01-29T09:00:00,1.0,1880.0
DE1,ccgt,2021-01-29T12:00:00,1.0,1880.0
DE1,ccgt,2021-01-29T15:00:00,1.0,1880.0
DE1,ccgt,2021-01-29T18:00:00,1.0,1880.0
DE1,ccgt,2021-01-29T21:00:00,1.0,1880.0
DE1,ccgt,2021-01-30T00:00:00,1.0,1880.0
DE1,ccgt,2021-01-30T03:00:00,1.0,1880.0
DE1,ccgt,2021-01-30T06:00:00,1.0,1880.0
DE1,ccgt,2021-01-30T09:00:00,1.0,1880.0
DE1,ccgt,2021-01-30T12:00:00,1.0,1880.0
DE1,ccgt,2021-01-30T15:00:00,1.0,1880.0
DE1,ccgt,2021-01-30T18:00:00,1.0,1880.0
DE1,ccgt,2021-01-30T21:00:00,1.0,1880.0
DE1,ccgt,2021-01-31T00:00:00,1.0,1880.0
DE1,ccgt,2021-01-31T03:00:00,1.0,1880.0
DE1,ccgt,2021-01-31T06:00:00,1.0,1880.0
DE1,ccgt,2021-01-31T09:00:00,1.0,1880.0
DE1,ccgt,2021-01-31T12:00:00,1.0,1880.0
DE1,ccgt,2021-01-31T15:00:00,1.0,1880.0
DE1,ccgt,2021-01-31T18:00:00,1.0,1880.0
DE1,ccgt,2021-01-31T21:00:00,1.0,1880.0
DE1,ccgt,2021-02-01T00:00:00,1.0,1880.0
DE1,ccgt,2021-02-01T03:00:00,1.0,1880.0
DE1,ccgt,2021-02-01T06:00:00,1.0,1880.0
DE1,ccgt,2021-02-01T09:00:00,1.0,1880.0
DE1,ccgt,2021-02-01T12:00:00,1.0,1880.0
DE1,ccgt,2021-02-01T15:00:00,1.0,1880.0
DE1,ccgt,2021-02-01T18:00:00,1.0,1880.0
DE1,ccgt,2021-02-01T21:00:00,1.0,1880.0
DE1,ccgt,2021-02-02T00:00:00,1.0,1880.0
DE1,ccgt,2021-02-02T03:00:00,1.0,1880.0
DE1,ccgt,2021-02-02T06:00:00,1.0,1880.0
DE1,ccgt,2021-02-02T09:00:00,1.0,1880.0
DE1,ccgt,2021-02-02T12:00:00,1.0,1880.0
DE1,ccgt,2021-02-02T15:00:00,1.0,1880.0
DE1,ccgt,2021-02-02T18:00:00,1.0,1880.0
DE1,ccgt,2021-02-02T21:00:00,1.0,1880.0
DE1,ccgt,2021-02-03T00:00:00,1.0,1880.0
DE1,ccgt,2021-02-03T03:00:00,1.0,1880.0
DE1,ccgt,2021-02-03T06:00:00,1.0,1880.0
DE1,ccgt,2021-02-03T09:00:00,1.0,1880.0
DE1,ccgt,2021-02-03T12:00:00,1.0,1880.0
DE1,ccgt,2021-02-03T15:00:00,1.0,1880.0
DE1,ccgt,2021-02-03T18:00:00,1.0,1880.0
DE1,ccgt,2021-02-03T21:00:00,1.0,1880.0
DE1,ccgt,2021-02-04T00:00:00,1.0,1880.0
DE1,ccgt,2021-02-04T03:00:00,1.0,1880.0
DE1,ccgt,2021-02-04T06:00:00,1.0,1880.0
DE1,ccgt,2021-02-04T09:00:00,1.0,564.0
DE1,ccgt,2021-02-04T12:00:00,1.0,564.0
DE1,ccgt,2021-02-04T15:00:00,1.0,564.0
DE1,ccgt,2021-02-04T18:00:00,1.0,1880.0
DE1,ccgt,2021-02-04T21:00:00,1.0,1880.0
DE1,ccgt,2021-02-05T00:00:00,1.0,1880.0
DE1,ccgt,2021-02-05T03:00:00,1.0,1395.8480000000027
DE1,ccgt,2021-02-05T06:00:00,1.0,1880.0
DE1,ccgt,2021-02-05T09:00:00,1.0,564.0
DE1,ccgt,2021-02-05T12:00:00,1.0,564.0
DE1,ccgt,2021-02-05T15:00:00,1.0,564.0
DE1,ccgt,2021-02-05T18:00:00,1.0,1880.0
DE1,ccgt,2021-02-05T21:00:00,1.0,1880.0
DE1,ccgt,2021-02-06T00:00:00,1.0,1880.0
DE1,ccgt,2021-02-06T03:00:00,1.0,1880.0
DE1,ccgt,2021-02-06T06:00:00,1.0,1880.0
DE1,ccgt,2021-02-06T09:00:00,1.0,564.0
DE1,ccgt,2021-02-06T12:00:00,1.0,564.0
DE1,ccgt,2021-02-06T15:00:00,1.0,1397.7370000000046
DE1,ccgt,2021-02-06T18:00:00,1.0,1880.0
DE1,ccgt,2021-02-06T21:00:00,1.0,1880.0
DE1,ccgt,2021-02-07T00:00:00,1.0,1880.0
DE1,ccgt,2021-02-07T03:00:00,1.0,1880.0
DE1,ccgt,2021-02-07T06:00:00,1.0,1880.0
DE1,ccgt,2021-02-07T09:00:00,1.0,1880.0
DE1,ccgt,2021-02-07T12:00:00,1.0,564.0
DE1,ccgt,2021-02-07T15:00:00,1.0,1880.0
DE1,ccgt,2021-02-07T18:00:00,1.0,1880.0
DE1,ccgt,2021-02-07T21:00:00,1.0,1880.0
DE1,ocgt,2021-01-25T00:00:00,1.0,4789.292165600002
DE1,ocgt,2021-01-25T03:00:00,1.0,0.0
DE1,ocgt,2021-01-25T06:00:00,1.0,0.0
DE1,ocgt,2021-01-25T09:00:00,1.0,0.0
DE1,ocgt,2021-01-25T12:00:00,1.0,0.0
DE1,ocgt,2021-01-25T15:00:00,1.0,0.0
DE1,ocgt,2021-01-25T18:00:00,1.0,0.0
DE1,ocgt,2021-01-25T21:00:00,1.0,0.0
DE1,ocgt,2021-01-26T00:00:00,1.0,0.0
DE1,ocgt,2021-01-26T03:00:00,1.0,0.0
DE1,ocgt,2021-01-26T06:00:00,1.0,0.0
DE1,ocgt,2021-01-26T09:00:00,1.0,0.0
DE1,ocgt,2021-01-26T12:00:00,1.0,0.0
DE1,ocgt,2021-01-26T15:00:00,1.0,0.0
DE1,ocgt,2021-01-26T18:00:00,1.0,0.0
DE1,ocgt,2021-01-26T21:00:00,1.0,0.0
DE1,ocgt,2021-01-27T00:00:00,1.0,0.0
DE1,ocgt,2021-01-27T03:00:00,1.0,0.0
DE1,ocgt,2021-01-27T06:00:00,1.0,4789.292165600002
DE1,ocgt,2021-01-27T09:00:00,1.0,0.0
DE1,ocgt,2021-01-27T12:00:00,1.0,0.0
DE1,ocgt,2021-01-27T15:00:00,1.0,0.0
DE1,ocgt,2021-01-27T18:00:00,1.0,2649.0470000000014
DE1,ocgt,2021-01-27T21:00:00,1.0,0.0
DE1,ocgt,2021-01-28T00:00:00,1.0,4789.292165600002
DE1,ocgt,2021-01-28T03:00:00,1.0,0.0
DE1,ocgt,2021-01-28T06:00:00,1.0,1656.8447200000007
DE1,ocgt,2021-01-28T09:00:00,1.0,4789.292165600002
DE1,ocgt,2021-01-28T12:00:00,1.0,4789.292165600002
DE1,ocgt,2021-01-28T15:00:00,1.0,4789.292165600002
DE1,ocgt,2021-01-28T18:00:00,1.0,4789.292165600002
DE1,ocgt,2021-01-28T21:00:00,1.0,4789.292165600002
DE1,ocgt,2021-01-29T00:00:00,1.0,4789.292165600002
DE1,ocgt,2021-01-29T03:00:00,1.0,4789.292165600002
DE1,ocgt,2021-01-29T06:00:00,1.0,4789.292165600002
DE1,ocgt,2021-01-29T09:00:00,1.0,4789.292165600002
DE1,ocgt,2021-01-29T12:00:00,1.0,4789.292165600002
DE1,ocgt,2021-01-29T15:00:00,1.0,4789.292165600002
DE1,ocgt,2021-01-29T18:00:00,1.0,4789.292165600002
DE1,ocgt,2021-01-29T21:00:00,1.0,162.58208969999907
DE1,ocgt,2021-01-30T00:00:00,1.0,0.0
DE1,ocgt,2021-01-30T03:00:00,1.0,0.0
DE1,ocgt,2021-01-30T06:00:00,1.0,4789.292165600002
DE1,ocgt,2021-01-30T09:00:00,1.0,4789.292165600002
DE1,ocgt,2021-01-30T12:00:00,1.0,4789.292165600002
DE1,ocgt,2021-01-30T15:00:00,1.0,4789.292165600002
DE1,ocgt,2021-01-30T18:00:00,1.0,4789.292165600002
DE1,ocgt,2021-01-30T21:00:00,1.0,4789.292165600002
DE1,ocgt,2021-01-31T00:00:00,1.0,4789.292165600002
DE1,ocgt,2021-01-31T03:00:00,1.0,4789.292165600002
DE1,ocgt,2021-01-31T06:00:00,1.0,4789.292165600002
DE1,ocgt,2021-01-31T09:00:00,1.0,0.0
DE1,ocgt,2021-01-31T12:00:00,1.0,4789.292165600002
DE1,ocgt,2021-01-31T15:00:00,1.0,4789.292165600002
DE1,ocgt,2021-01-31T18:00:00,1.0,0.0
DE1,ocgt,2021-01-31T21:00:00,1.0,4789.292165600002
DE1,ocgt,2021-02-01T00:00:00,1.0,4789.292165600002
DE1,ocgt,2021-02-01T03:00:00,1.0,0.0
DE1,ocgt,2021-02-01T06:00:00,1.0,4789.292165600002
DE1,ocgt,2021-02-01T09:00:00,1.0,0.0
DE1,ocgt,2021-02-01T12:00:00,1.0,4789.292165600002
DE1,ocgt,2021-02-01T15:00:00,1.0,4789.292165600002
DE1,ocgt,2021-02-01T18:00:00,1.0,0.0
DE1,ocgt,2021-02-01T21:00:00,1.0,4789.292165600002
DE1,ocgt,2021-02-02T00:00:00,1.0,4789.292165600002
DE1,ocgt,2021-02-02T03:00:00,1.0,4789.292165600002
DE1,ocgt,2021-02-02T06:00:00,1.0,0.0
DE1,ocgt,2021-02-02T09:00:00,1.0,2605.1845432999967
DE1,ocgt,2021-02-02T12:00:00,1.0,2802.5701999999987
DE1,ocgt,2021-02-02T15:00:00,1.0,4789.292165600002
DE1,ocgt,2021-02-02T18:00:00,1.0,4789.292165600002
DE1,ocgt,2021-02-02T21:00:00,1.0,0.0
DE1,ocgt,2021-02-03T00:00:00,1.0,4789.292165600002
DE1,ocgt,2021-02-03T03:00:00,1.0,0.0
DE1,ocgt,2021-02-03T06:00:00,1.0,4789.292165600002
DE1,ocgt,2021-02-03T09:00:00,1.0,4789.292165600002
DE1,ocgt,2021-02-03T12:00:00,1.0,2761.406560000001
DE1,ocgt,2021-02-03T15:00:00,1.0,4789.292165600002
DE1,ocgt,2021-02-03T18:00:00,1.0,4789.292165600002
DE1,ocgt,2021-02-03T21:00:00,1.0,4789.292165600002
DE1,ocgt,2021-02-04T00:00:00,1.0,0.0
DE1,ocgt,2021-02-04T03:00:00,1.0,0.0
DE1,ocgt,2021-02-04T06:00:00,1.0,0.0
DE1,ocgt,2021-02-04T09:00:00,1.0,0.0
DE1,ocgt,2021-02-04T12:00:00,1.0,0.0
DE1,ocgt,2021-02-04T15:00:00,1.0,0.0
DE1,ocgt,2021-02-04T18:00:00,1.0,3330.619999999996
DE1,ocgt,2021-02-04T21:00:00,1.0,0.0
DE1,ocgt,2021-02-05T00:00:00,1.0,0.0
DE1,ocgt,2021-02-05T03:00:00,1.0,0.0
DE1,ocgt,2021-02-05T06:00:00,1.0,0.0
DE1,ocgt,2021-02-05T09:00:00,1.0,0.0
DE1,ocgt,2021-02-05T12:00:00,1.0,0.0
DE1,ocgt,2021-02-05T15:00:00,1.0,0.0
DE1,ocgt,2021-02-05T18:00:00,1.0,0.0
DE1,ocgt,2021-02-05T21:00:00,1.0,0.0
DE1,ocgt,2021-02-06T00:00:00,1.0,0.0
DE1,ocgt,2021-02-06T03:00:00,1.0,4789.292165600002
DE1,ocgt,2021-02-06T06:00:00,1.0,0.0
DE1,ocgt,2021-02-06T09:00:00,1.0,0.0
DE1,ocgt,2021-02-06T12:00:00,1.0,0.0
DE1,ocgt,2021-02-06T15:00:00,1.0,0.0
DE1,ocgt,2021-02-06T18:00:00,1.0,4789.292165600002
DE1,ocgt,2021-02-06T21:00:00,1.0,0.0
DE1,ocgt,2021-02-07T00:00:00,1.0,4789.292165600002
DE1,ocgt,2021-02-07T03:00:00,1.0,4789.292165600002
DE1,ocgt,2021-02-07T06:00:00,1.0,4789.292165600002
DE1,ocgt,2021-02-07T09:00:00,1.0,1109.456000000001
DE1,ocgt,2021-02-07T12:00:00,1.0,0.0
DE1,ocgt,2021-02-07T15:00:00,1.0,0.0
DE1,ocgt,2021-02-07T18:00:00,1.0,4789.292165600002
DE1,ocgt,2021-02-07T21:00:00,1.0,4789.292165600002
DE1,offwind,2021-01-25T00:00:00,1.0,813.12
DE1,offwind,2021-01-25T03:00:00,1.0,885.456
DE1,offwind,2021-01-25T06:00:00,1.0,956.736
DE1,offwind,2021-01-25T09:00:00,1.0,0.0
DE1,offwind,2021-01-25T12:00:00,1.0,0.0
DE1,offwind,2021-01-25T15:00:00,1.0,0.0
DE1,offwind,2021-01-25T18:00:00,1.0,1208.944
DE1,offwind,2021-01-25T21:00:00,1.0,1258.928
DE1,offwind,2021-01-26T00:00:00,1.0,1365.4080000000001
DE1,offwind,2021-01-26T03:00:00,1.0,1383.536
DE1,offwind,2021-01-26T06:00:00,1.0,1392.688
DE1,offwind,2021-01-26T09:00:00,1.0,0.0
DE1,offwind,2021-01-26T12:00:00,1.0,0.0
DE1,offwind,2021-01-26T15:00:00,1.0,0.0
DE1,offwind,2021-01-26T18:00:00,1.0,1339.712
DE1,offwind,2021-01-26T21:00:00,1.0,1304.8639999999998
DE1,offwind,2021-01-27T00:00:00,1.0,1154.56
DE1,offwind,2021-01-27T03:00:00,1.0,1093.312
DE1,offwind,2021-01-27T06:00:00,1.0,1027.664
DE1,offwind,2021-01-27T09:00:00,1.0,0.0
DE1,offwind,2021-01-27T12:00:00,1.0,0.0
DE1,offwind,2021-01-27T15:00:00,1.0,815.056
DE1,offwind,2021-01-27T18:00:00,1.0,742.544
DE1,offwind,2021-01-27T21:00:00,1.0,671.264
DE1,offwind,2021-01-28T00:00:00,1.0,56.601600000000005
DE1,offwind,2021-01-28T03:00:00,1.0,55.7705808
DE1,offwind,2021-01-28T06:00:00,1.0,51.2512
DE1,offwind,2021-01-28T09:00:00,1.0,43.3561392
DE1,offwind,2021-01-28T12:00:00,1.0,34.59456
DE1,offwind,2021-01-28T15:00:00,1.0,27.678023999999997
DE1,offwind,2021-01-28T18:00:00,1.0,24.305600000000002
DE1,offwind,2021-01-28T21:00:00,1.0,24.7517952
DE1,offwind,2021-01-29T00:00:00,1.0,39.1248
DE1,offwind,2021-01-29T03:00:00,1.0,47.1636528
DE1,offwind,2021-01-29T06:00:00,1.0,54.78352000000001
DE1,offwind,2021-01-29T09:00:00,1.0,59.8715568
DE1,offwind,2021-01-29T12:00:00,1.0,62.17199999999999
DE1,offwind,2021-01-29T15:00:00,1.0,63.8860464
DE1,offwind,2021-01-29T18:00:00,1.0,69.07472000000001
DE1,offwind,2021-01-29T21:00:00,1.0,81.1072944
DE1,offwind,2021-01-30T00:00:00,1.0,139.85664
DE1,offwind,2021-01-30T03:00:00,1.0,164.78336159999998
DE1,offwind,2021-01-30T06:00:00,1.0,183.693312
DE1,offwind,2021-01-30T09:00:00,1.0,190.9207344
DE1,offwind,2021-01-30T12:00:00,1.0,187.74694399999998
DE1,offwind,2021-01-30T15:00:00,1.0,181.9396128
DE1,offwind,2021-01-30T18:00:00,1.0,183.759488
DE1,offwind,2021-01-30T21:00:00,1.0,198.6588384
DE1,offwind,2021-01-31T00:00:00,1.0,245.77344
DE1,offwind,2021-01-31T03:00:00,1.0,268.5443376
DE1,offwind,2021-01-31T06:00:00,1.0,278.5376
DE1,offwind,2021-01-31T09:00:00,1.0,270.3549024
DE1,offwind,2021-01-31T12:00:00,1.0,249.09984
DE1,offwind,2021-01-31T15:00:00,1.0,226.63798079999998
DE1,offwind,2021-01-31T18:00:00,1.0,214.35392
DE1,offwind,2021-01-31T21:00:00,1.0,216.47693759999999
DE1,offwind,2021-02-01T00:00:00,1.0,198.58432
DE1,offwind,2021-02-01T03:00:00,1.0,203.46536319999998
DE1,offwind,2021-02-01T06:00:00,1.0,197.311488
DE1,offwind,2021-02-01T09:00:00,1.0,178.40885919999997
DE1,offwind,2021-02-01T12:00:00,1.0,152.63142399999998
DE1,offwind,2021-02-01T15:00:00,1.0,128.6158368
DE1,offwind,2021-02-01T18:00:00,1.0,112.866688
DE1,offwind,2021-02-01T21:00:00,1.0,105.9254592
DE1,offwind,2021-02-02T00:00:00,1.0,70.752
DE1,offwind,2021-02-02T03:00:00,1.0,68.2472208
DE1,offwind,2021-02-02T06:00:00,1.0,62.2336
DE1,offwind,2021-02-02T09:00:00,1.0,53.0554992
DE1,offwind,2021-02-02T12:00:00,1.0,43.243199999999995
DE1,offwind,2021-02-02T15:00:00,1.0,35.518823999999995
DE1,offwind,2021-02-02T18:00:00,1.0,31.59728
DE1,offwind,2021-02-02T21:00:00,1.0,31.763635200000003
DE1,offwind,2021-02-03T00:00:00,1.0,31.299839999999996
DE1,offwind,2021-02-03T03:00:00,1.0,38.541412799999996
DE1,offwind,2021-02-03T06:00:00,1.0,45.115840000000006
DE1,offwind,2021-02-03T09:00:00,1.0,48.9261168
DE1,offwind,2021-02-03T12:00:00,1.0,49.73759999999999
DE1,offwind,2021-02-03T15:00:00,1.0,49.7831664
DE1,offwind,2021-02-03T18:00:00,1.0,53.1344
DE1,offwind,2021-02-03T21:00:00,1.0,63.2028144
DE1,offwind,2021-02-04T00:00:00,1.0,813.12
DE1,offwind,2021-02-04T03:00:00,1.0,885.456
DE1,offwind,2021-02-04T06:00:00,1.0,956.736
DE1,offwind,2021-02-04T09:00:00,1.0,0.0
DE1,offwind,2021-02-04T12:00:00,1.0,0.0
DE1,offwind,2021-02-04T15:00:00,1.0,0.0
DE1,offwind,2021-02-04T18:00:00,1.0,1208.944
DE1,offwind,2021-02-04T21:00:00,1.0,1258.928
DE1,offwind,2021-02-05T00:00:00,1.0,1365.4080000000001
DE1,offwind,2021-02-05T03:00:00,1.0,1383.536
DE1,offwind,2021-02-05T06:00:00,1.0,1392.688
DE1,offwind,2021-02-05T09:00:00,1.0,0.0
DE1,offwind,2021-02-05T12:00:00,1.0,0.0
DE1,offwind,2021-02-05T15:00:00,1.0,0.0
DE1,offwind,2021-02-05T18:00:00,1.0,1339.712
DE1,offwind,2021-02-05T21:00:00,1.0,1304.8639999999998
DE1,offwind,2021-02-06T00:00:00,1.0,1154.56
DE1,offwind,2021-02-06T03:00:00,1.0,1093.312
DE1,offwind,2021-02-06T06:00:00,1.0,1027.664
DE1,offwind,2021-02-06T09:00:00,1.0,958.6719999999999
DE1,offwind,2021-02-06T12:00:00,1.0,0.0
DE1,offwind,2021-02-06T15:00:00,1.0,815.056
DE1,offwind,2021-02-06T18:00:00,1.0,742.544
DE1,offwind,2021-02-06T21:00:00,1.0,671.264
DE1,offwind,2021-02-07T00:00:00,1.0,471.68
DE1,offwind,2021-02-07T03:00:00,1.0,415.88800000000003
DE1,offwind,2021-02-07T06:00:00,1.0,366.08
DE1,offwind,2021-02-07T09:00:00,1.0,323.312
DE1,offwind,2021-02-07T12:00:00,1.0,288.288
DE1,offwind,2021-02-07T15:00:00,1.0,261.36
DE1,offwind,2021-02-07T18:00:00,1.0,243.056
DE1,offwind,2021-02-07T21:00:00,1.0,233.728
DE1,onwind,2021-01-25T00:00:00,1.0,3003.0
DE1,onwind,2021-01-25T03:00:00,1.0,3270.41
DE1,onwind,2021-01-25T06:00:00,1.0,3533.5299999999997
DE1,onwind,2021-01-25T09:00:00,1.0,0.0
DE1,onwind,2021-01-25T12:00:00,1.0,0.0
DE1,onwind,2021-01-25T15:00:00,1.0,0.0
DE1,onwind,2021-01-25T18:00:00,1.0,4465.175
DE1,onwind,2021-01-25T21:00:00,1.0,4649.6449999999995
DE1,onwind,2021-01-26T00:00:00,1.0,5042.895
DE1,onwind,2021-01-26T03:00:00,1.0,5109.39
DE1,onwind,2021-01-26T06:00:00,1.0,5143.71
DE1,onwind,2021-01-26T09:00:00,1.0,0.0
DE1,onwind,2021-01-26T12:00:00,1.0,0.0
DE1,onwind,2021-01-26T15:00:00,1.0,584.5500000000029
DE1,onwind,2021-01-26T18:00:00,1.0,4947.799999999999
DE1,onwind,2021-01-26T21:00:00,1.0,4819.1
DE1,onwind,2021-01-27T00:00:00,1.0,4263.545
DE1,onwind,2021-01-27T03:00:00,1.0,4037.605
DE1,onwind,2021-01-27T06:00:00,1.0,3795.2200000000003
DE1,onwind,2021-01-27T09:00:00,1.0,3305.3950000000004
DE1,onwind,2021-01-27T12:00:00,1.0,0.0
DE1,onwind,2021-01-27T15:00:00,1.0,907.6050000000014
DE1,onwind,2021-01-27T18:00:00,1.0,2742.74
DE1,onwind,2021-01-27T21:00:00,1.0,2478.905
DE1,onwind,2021-01-28T00:00:00,1.0,209.09459999999999
DE1,onwind,2021-01-28T03:00:00,1.0,205.953462
DE1,onwind,2021-01-28T06:00:00,1.0,189.28910000000002
DE1,onwind,2021-01-28T09:00:00,1.0,160.122105
DE1,onwind,2021-01-28T12:00:00,1.0,127.75619999999999
DE1,onwind,2021-01-28T15:00:00,1.0,102.219975
DE1,onwind,2021-01-28T18:00:00,1.0,89.7325
DE1,onwind,2021-01-28T21:00:00,1.0,91.3922295
DE1,onwind,2021-01-29T00:00:00,1.0,144.46574999999999
DE1,onwind,2021-01-29T03:00:00,1.0,174.23727749999998
DE1,onwind,2021-01-29T06:00:00,1.0,202.38075000000003
DE1,onwind,2021-01-29T09:00:00,1.0,221.16987749999998
DE1,onwind,2021-01-29T12:00:00,1.0,229.62224999999998
DE1,onwind,2021-01-29T15:00:00,1.0,236.0222865
DE1,onwind,2021-01-29T18:00:00,1.0,255.05479999999997
DE1,onwind,2021-01-29T21:00:00,1.0,299.5704855
DE1,onwind,2021-01-30T00:00:00,1.0,516.5159999999998
DE1,onwind,2021-01-30T03:00:00,1.0,608.6233009999999
DE1,onwind,2021-01-30T06:00:00,1.0,678.43776
DE1,onwind,2021-01-30T09:00:00,1.0,705.0928885
DE1,onwind,2021-01-30T12:00:00,1.0,693.36124
DE1,onwind,2021-01-30T15:00:00,1.0,671.8847850000001
DE1,onwind,2021-01-30T18:00:00,1.0,678.7066000000001
DE1,onwind,2021-01-30T21:00:00,1.0,733.713981
DE1,onwind,2021-01-31T00:00:00,1.0,907.7211000000001
DE1,onwind,2021-01-31T03:00:00,1.0,991.732599
DE1,onwind,2021-01-31T06:00:00,1.0,1028.742
DE1,onwind,2021-01-31T09:00:00,1.0,998.3941110000001
DE1,onwind,2021-01-31T12:00:00,1.0,919.9476
DE1,onwind,2021-01-31T15:00:00,1.0,836.972136
DE1,onwind,2021-01-31T18:00:00,1.0,791.648
DE1,onwind,2021-01-31T21:00:00,1.0,799.48869
DE1,onwind,2021-02-01T00:00:00,1.0,733.32974
DE1,onwind,2021-02-01T03:00:00,1.0,751.3982904999999
DE1,onwind,2021-02-01T06:00:00,1.0,728.6822400000001
DE1,onwind,2021-02-01T09:00:00,1.0,658.9205479999999
DE1,onwind,2021-02-01T12:00:00,1.0,563.74032
DE1,onwind,2021-02-01T15:00:00,1.0,475.00167
DE1,onwind,2021-02-01T18:00:00,1.0,416.89648
DE1,onwind,2021-02-01T21:00:00,1.0,391.17120900000003
DE1,onwind,2021-02-02T00:00:00,1.0,261.36825
DE1,onwind,2021-02-02T03:00:00,1.0,252.02806199999998
DE1,onwind,2021-02-02T06:00:00,1.0,229.85105000000001
DE1,onwind,2021-02-02T09:00:00,1.0,195.943605
DE1,onwind,2021-02-02T12:00:00,1.0,159.69525000000002
DE1,onwind,2021-02-02T15:00:00,1.0,131.17747500000002
DE1,onwind,2021-02-02T18:00:00,1.0,116.65225
DE1,onwind,2021-02-02T21:00:00,1.0,117.28237949999999
DE1,onwind,2021-02-03T00:00:00,1.0,115.57259999999998
DE1,onwind,2021-02-03T03:00:00,1.0,142.3840275
DE1,onwind,2021-02-03T06:00:00,1.0,166.66650000000004
DE1,onwind,2021-02-03T09:00:00,1.0,180.7366275
DE1,onwind,2021-02-03T12:00:00,1.0,183.6978
DE1,onwind,2021-02-03T15:00:00,1.0,183.92023650000002
DE1,onwind,2021-02-03T18:00:00,1.0,196.196
DE1,onwind,2021-02-03T21:00:00,1.0,233.4401355
DE1,onwind,2021-02-04T00:00:00,1.0,3003.0
DE1,onwind,2021-02-04T03:00:00,1.0,3270.41
DE1,onwind,2021-02-04T06:00:00,1.0,3533.5299999999997
DE1,onwind,2021-02-04T09:00:00,1.0,3607.2650000000003
DE1,onwind,2021-02-04T12:00:00,1.0,0.0
DE1,onwind,2021-02-04T15:00:00,1.0,0.0
DE1,onwind,2021-02-04T18:00:00,1.0,4465.175
DE1,onwind,2021-02-04T21:00:00,1.0,4649.6449999999995
DE1,onwind,2021-02-05T00:00:00,1.0,5042.895
DE1,onwind,2021-02-05T03:00:00,1.0,5109.39
DE1,onwind,2021-02-05T06:00:00,1.0,5143.71
DE1,onwind,2021-02-05T09:00:00,1.0,0.0
DE1,onwind,2021-02-05T12:00:00,1.0,0.0
DE1,onwind,2021-02-05T15:00:00,1.0,0.0
DE1,onwind,2021-02-05T18:00:00,1.0,4947.799999999999
DE1,onwind,2021-02-05T21:00:00,1.0,4819.1
DE1,onwind,2021-02-06T00:00:00,1.0,4263.545
DE1,onwind,2021-02-06T03:00:00,1.0,4037.605
DE1,onwind,2021-02-06T06:00:00,1.0,3795.2200000000003
DE1,onwind,2021-02-06T09:00:00,1.0,3014.5830000000005
DE1,onwind,2021-02-06T12:00:00,1.0,0.0
DE1,onwind,2021-02-06T15:00:00,1.0,3010.15
DE1,onwind,2021-02-06T18:00:00,1.0,2742.74
DE1,onwind,2021-02-06T21:00:00,1.0,2478.905
DE1,onwind,2021-02-07T00:00:00,1.0,1742.455
DE1,onwind,2021-02-07T03:00:00,1.0,1535.82
DE1,onwind,2021-02-07T06:00:00,1.0,1352.0649999999998
DE1,onwind,2021-02-07T09:00:00,1.0,1194.0500000000002
DE1,onwind,2021-02-07T12:00:00,1.0,1064.635
DE1,onwind,2021-02-07T15:00:00,1.0,965.2500000000001
DE1,onwind,2021-02-07T18:00:00,1.0,897.325
DE1,onwind,2021-02-07T21:00:00,1.0,863.005
DE1,solar,2021-01-25T00:00:00,1.0,0.0
DE1,solar,2021-01-25T03:00:00,1.0,0.0
DE1,solar,2021-01-25T06:00:00,1.0,0.0
DE1,solar,2021-01-25T09:00:00,1.0,4277.955
DE1,solar,2021-01-25T12:00:00,1.0,6050.0
DE1,solar,2021-01-25T15:00:00,1.0,4277.955
DE1,solar,2021-01-25T18:00:00,1.0,0.0
DE1,solar,2021-01-25T21:00:00,1.0,0.0
DE1,solar,2021-01-26T00:00:00,1.0,0.0
DE1,solar,2021-01-26T03:00:00,1.0,0.0
DE1,solar,2021-01-26T06:00:00,1.0,0.0
DE1,solar,2021-01-26T09:00:00,1.0,4277.955
DE1,solar,2021-01-26T12:00:00,1.0,6050.0
DE1,solar,2021-01-26T15:00:00,1.0,4277.955
DE1,solar,2021-01-26T18:00:00,1.0,0.0
DE1,solar,2021-01-26T21:00:00,1.0,0.0
DE1,solar,2021-01-27T00:00:00,1.0,0.0
DE1,solar,2021-01-27T03:00:00,1.0,0.0
DE1,solar,2021-01-27T06:00:00,1.0,0.0
DE1,solar,2021-01-27T09:00:00,1.0,4277.955
DE1,solar,2021-01-27T12:00:00,1.0,6050.0
DE1,solar,2021-01-27T15:00:00,1.0,4277.955
DE1,solar,2021-01-27T18:00:00,1.0,0.0
DE1,solar,2021-01-27T21:00:00,1.0,0.0
DE1,solar,2021-01-28T00:00:00,1.0,0.0
DE1,solar,2021-01-28T03:00:00,1.0,0.0
DE1,solar,2021-01-28T06:00:00,1.0,0.0
DE1,solar,2021-01-28T09:00:00,1.0,322.55780699999997
DE1,solar,2021-01-28T12:00:00,1.0,544.5
DE1,solar,2021-01-28T15:00:00,1.0,322.55780699999997
DE1,solar,2021-01-28T18:00:00,1.0,0.0
DE1,solar,2021-01-28T21:00:00,1.0,0.0
DE1,solar,2021-01-29T00:00:00,1.0,0.0
DE1,solar,2021-01-29T03:00:00,1.0,0.0
DE1,solar,2021-01-29T06:00:00,1.0,0.0
DE1,solar,2021-01-29T09:00:00,1.0,397.849815
DE1,solar,2021-01-29T12:00:00,1.0,695.75
DE1,solar,2021-01-29T15:00:00,1.0,397.849815
DE1,solar,2021-01-29T18:00:00,1.0,0.0
DE1,solar,2021-01-29T21:00:00,1.0,0.0
DE1,solar,2021-01-30T00:00:00,1.0,0.0
DE1,solar,2021-01-30T03:00:00,1.0,0.0
DE1,solar,2021-01-30T06:00:00,1.0,0.0
DE1,solar,2021-01-30T09:00:00,1.0,453.46322999999995
DE1,solar,2021-01-30T12:00:00,1.0,806.465
DE1,solar,2021-01-30T15:00:00,1.0,453.46322999999995
DE1,solar,2021-01-30T18:00:00,1.0,0.0
DE1,solar,2021-01-30T21:00:00,1.0,0.0
DE1,solar,2021-01-31T00:00:00,1.0,0.0
DE1,solar,2021-01-31T03:00:00,1.0,0.0
DE1,solar,2021-01-31T06:00:00,1.0,0.0
DE1,solar,2021-01-31T09:00:00,1.0,473.5696185
DE1,solar,2021-01-31T12:00:00,1.0,847.0000000000001
DE1,solar,2021-01-31T15:00:00,1.0,473.5696185
DE1,solar,2021-01-31T18:00:00,1.0,0.0
DE1,solar,2021-01-31T21:00:00,1.0,0.0
DE1,solar,2021-02-01T00:00:00,1.0,0.0
DE1,solar,2021-02-01T03:00:00,1.0,0.0
DE1,solar,2021-02-01T06:00:00,1.0,0.0
DE1,solar,2021-02-01T09:00:00,1.0,453.46322999999995
DE1,solar,2021-02-01T12:00:00,1.0,806.465
DE1,solar,2021-02-01T15:00:00,1.0,453.46322999999995
DE1,solar,2021-02-01T18:00:00,1.0,0.0
DE1,solar,2021-02-01T21:00:00,1.0,0.0
DE1,solar,2021-02-02T00:00:00,1.0,0.0
DE1,solar,2021-02-02T03:00:00,1.0,0.0
DE1,solar,2021-02-02T06:00:00,1.0,0.0
DE1,solar,2021-02-02T09:00:00,1.0,397.849815
DE1,solar,2021-02-02T12:00:00,1.0,695.75
DE1,solar,2021-02-02T15:00:00,1.0,397.849815
DE1,solar,2021-02-02T18:00:00,1.0,0.0
DE1,solar,2021-02-02T21:00:00,1.0,0.0
DE1,solar,2021-02-03T00:00:00,1.0,0.0
DE1,solar,2021-02-03T03:00:00,1.0,0.0
DE1,solar,2021-02-03T06:00:00,1.0,0.0
DE1,solar,2021-02-03T09:00:00,1.0,322.55780699999997
DE1,solar,2021-02-03T12:00:00,1.0,544.5
DE1,solar,2021-02-03T15:00:00,1.0,322.55780699999997
DE1,solar,2021-02-03T18:00:00,1.0,0.0
DE1,solar,2021-02-03T21:00:00,1.0,0.0
DE1,solar,2021-02-04T00:00:00,1.0,0.0
DE1,solar,2021-02-04T03:00:00,1.0,0.0
DE1,solar,2021-02-04T06:00:00,1.0,0.0
DE1,solar,2021-02-04T09:00:00,1.0,4277.955
DE1,solar,2021-02-04T12:00:00,1.0,6050.0
DE1,solar,2021-02-04T15:00:00,1.0,4277.955
DE1,solar,2021-02-04T18:00:00,1.0,0.0
DE1,solar,2021-02-04T21:00:00,1.0,0.0
DE1,solar,2021-02-05T00:00:00,1.0,0.0
DE1,solar,2021-02-05T03:00:00,1.0,0.0
DE1,solar,2021-02-05T06:00:00,1.0,0.0
DE1,solar,2021-02-05T09:00:00,1.0,4277.955
DE1,solar,2021-02-05T12:00:00,1.0,6050.0
DE1,solar,2021-02-05T15:00:00,1.0,4277.955
DE1,solar,2021-02-05T18:00:00,1.0,0.0
DE1,solar,2021-02-05T21:00:00,1.0,0.0
DE1,solar,2021-02-06T00:00:00,1.0,0.0
DE1,solar,2021-02-06T03:00:00,1.0,0.0
DE1,solar,2021-02-06T06:00:00,1.0,0.0
DE1,solar,2021-02-06T09:00:00,1.0,4277.955
DE1,solar,2021-02-06T12:00:00,1.0,6050.0
DE1,solar,2021-02-06T15:00:00,1.0,4277.955
DE1,solar,2021-02-06T18:00:00,1.0,0.0
DE1,solar,2021-02-06T21:00:00,1.0,0.0
DE1,solar,2021-02-07T00:00:00,1.0,0.0
DE1,solar,2021-02-07T03:00:00,1.0,0.0
DE1,solar,2021-02-07T06:00:00,1.0,0.0
DE1,solar,2021-02-07T09:00:00,1.0,4277.955
DE1,solar,2021-02-07T12:00:00,1.0,6050.0
DE1,solar,2021-02-07T15:00:00,1.0,4277.955
DE1,solar,2021-02-07T18:00:00,1.0,0.0
DE1,solar,2021-02-07T21:00:00,1.0,0.0
DE2,ccgt,2021-01-25T00:00:00,1.0,2120.0
DE2,ccgt,2021-01-25T03:00:00,1.0,2120.0
DE2,ccgt,2021-01-25T06:00:00,1.0,2120.0
DE2,ccgt,2021-01-25T09:00:00,1.0,636.0
DE2,ccgt,2021-01-25T12:00:00,1.0,636.0
DE2,ccgt,2021-01-25T15:00:00,1.0,636.0
DE2,ccgt,2021-01-25T18:00:00,1.0,2120.0
DE2,ccgt,2021-01-25T21:00:00,1.0,2120.0
DE2,ccgt,2021-01-26T00:00:00,1.0,636.0
DE2,ccgt,2021-01-26T03:00:00,1.0,2120.0
DE2,ccgt,2021-01-26T06:00:00,1.0,2120.0
DE2,ccgt,2021-01-26T09:00:00,1.0,636.0
DE2,ccgt,2021-01-26T12:00:00,1.0,636.0
DE2,ccgt,2021-01-26T15:00:00,1.0,636.0
DE2,ccgt,2021-01-26T18:00:00,1.0,2120.0
DE2,ccgt,2021-01-26T21:00:00,1.0,636.0
DE2,ccgt,2021-01-27T00:00:00,1.0,2120.0
DE2,ccgt,2021-01-27T03:00:00,1.0,2120.0
DE2,ccgt,2021-01-27T06:00:00,1.0,2120.0
DE2,ccgt,2021-01-27T09:00:00,1.0,636.0
DE2,ccgt,2021-01-27T12:00:00,1.0,636.0
DE2,ccgt,2021-01-27T15:00:00,1.0,636.0
DE2,ccgt,2021-01-27T18:00:00,1.0,2120.0
DE2,ccgt,2021-01-27T21:00:00,1.0,2120.0
DE2,ccgt,2021-01-28T00:00:00,1.0,2120.0
DE2,ccgt,2021-01-28T03:00:00,1.0,2120.0
DE2,ccgt,2021-01-28T06:00:00,1.0,2120.0
DE2,ccgt,2021-01-28T09:00:00,1.0,2120.0
DE2,ccgt,2021-01-28T12:00:00,1.0,2120.0
DE2,ccgt,2021-01-28T15:00:00,1.0,2120.0
DE2,ccgt,2021-01-28T18:00:00,1.0,2120.0
DE2,ccgt,2021-01-28T21:00:00,1.0,2120.0
DE2,ccgt,2021-01-29T00:00:00,1.0,2120.0
DE2,ccgt,2021-01-29T03:00:00,1.0,2120.0
DE2,ccgt,2021-01-29T06:00:00,1.0,2120.0
DE2,ccgt,2021-01-29T09:00:00,1.0,2120.0
DE2,ccgt,2021-01-29T12:00:00,1.0,2120.0
DE2,ccgt,2021-01-29T15:00:00,1.0,2120.0
DE2,ccgt,2021-01-29T18:00:00,1.0,2120.0
DE2,ccgt,2021-01-29T21:00:00,1.0,2120.0
DE2,ccgt,2021-01-30T00:00:00,1.0,2120.0
DE2,ccgt,2021-01-30T03:00:00,1.0,2120.0
DE2,ccgt,2021-01-30T06:00:00,1.0,2120.0
DE2,ccgt,2021-01-30T09:00:00,1.0,2120.0
DE2,ccgt,2021-01-30T12:00:00,1.0,2120.0
DE2,ccgt,2021-01-30T15:00:00,1.0,2120.0
DE2,ccgt,2021-01-30T18:00:00,1.0,2120.0
DE2,ccgt,2021-01-30T21:00:00,1.0,2120.0
DE2,ccgt,2021-01-31T00:00:00,1.0,2120.0
DE2,ccgt,2021-01-31T03:00:00,1.0,2120.0
DE2,ccgt,2021-01-31T06:00:00,1.0,2120.0
DE2,ccgt,2021-01-31T09:00:00,1.0,2120.0
DE2,ccgt,2021-01-31T12:00:00,1.0,2120.0
DE2,ccgt,2021-01-31T15:00:00,1.0,2120.0
DE2,ccgt,2021-01-31T18:00:00,1.0,2120.0
DE2,ccgt,2021-01-31T21:00:00,1.0,2120.0
DE2,ccgt,2021-02-01T00:00:00,1.0,2120.0
DE2,ccgt,2021-02-01T03:00:00,1.0,2120.0
DE2,ccgt,2021-02-01T06:00:00,1.0,2120.0
DE2,ccgt,2021-02-01T09:00:00,1.0,2120.0
DE2,ccgt,2021-02-01T12:00:00,1.0,2120.0
DE2,ccgt,2021-02-01T15:00:00,1.0,2120.0
DE2,ccgt,2021-02-01T18:00:00,1.0,2120.0
DE2,ccgt,2021-02-01T21:00:00,1.0,2120.0
DE2,ccgt,2021-02-02T00:00:00,1.0,2120.0
DE2,ccgt,2021-02-02T03:00:00,1.0,2120.0
DE2,ccgt,2021-02-02T06:00:00,1.0,2120.0
DE2,ccgt,2021-02-02T09:00:00,1.0,2120.0
DE2,ccgt,2021-02-02T12:00:00,1.0,2120.0
DE2,ccgt,2021-02-02T15:00:00,1.0,2120.0
DE2,ccgt,2021-02-02T18:00:00,1.0,2120.0
DE2,ccgt,2021-02-02T21:00:00,1.0,2120.0
DE2,ccgt,2021-02-03T00:00:00,1.0,2120.0
DE2,ccgt,2021-02-03T03:00:00,1.0,2120.0
DE2,ccgt,2021-02-03T06:00:00,1.0,2120.0
DE2,ccgt,2021-02-03T09:00:00,1.0,2120.0
DE2,ccgt,2021-02-03T12:00:00,1.0,2120.0
DE2,ccgt,2021-02-03T15:00:00,1.0,2120.0
DE2,ccgt,2021-02-03T18:00:00,1.0,2120.0
DE2,ccgt,2021-02-03T21:00:00,1.0,2120.0
DE2,ccgt,2021-02-04T00:00:00,1.0,2120.0
DE2,ccgt,2021-02-04T03:00:00,1.0,2120.0
DE2,ccgt,2021-02-04T06:00:00,1.0,2120.0
DE2,ccgt,2021-02-04T09:00:00,1.0,636.0
DE2,ccgt,2021-02-04T12:00:00,1.0,636.0
DE2,ccgt,2021-02-04T15:00:00,1.0,636.0
DE2,ccgt,2021-02-04T18:00:00,1.0,2120.0
DE2,ccgt,2021-02-04T21:00:00,1.0,2120.0
DE2,ccgt,2021-02-05T00:00:00,1.0,799.7229999999947
DE2,ccgt,2021-02-05T03:00:00,1.0,2120.0
DE2,ccgt,2021-02-05T06:00:00,1.0,2120.0
DE2,ccgt,2021-02-05T09:00:00,1.0,636.0
DE2,ccgt,2021-02-05T12:00:00,1.0,636.0
DE2,ccgt,2021-02-05T15:00:00,1.0,636.0
DE2,ccgt,2021-02-05T18:00:00,1.0,2120.0
DE2,ccgt,2021-02-05T21:00:00,1.0,2120.0
DE2,ccgt,2021-02-06T00:00:00,1.0,2120.0
DE2,ccgt,2021-02-06T03:00:00,1.0,2120.0
DE2,ccgt,2021-02-06T06:00:00,1.0,2120.0
DE2,ccgt,2021-02-06T09:00:00,1.0,636.0
DE2,ccgt,2021-02-06T12:00:00,1.0,636.0
DE2,ccgt,2021-02-06T15:00:00,1.0,636.0
DE2,ccgt,2021-02-06T18:00:00,1.0,2120.0
DE2,ccgt,2021-02-06T21:00:00,1.0,2120.0
DE2,ccgt,2021-02-07T00:00:00,1.0,2120.0
DE2,ccgt,2021-02-07T03:00:00,1.0,2120.0
DE2,ccgt,2021-02-07T06:00:00,1.0,2120.0
DE2,ccgt,2021-02-07T09:00:00,1.0,2120.0
DE2,ccgt,2021-02-07T12:00:00,1.0,636.0
DE2,ccgt,2021-02-07T15:00:00,1.0,2120.0
DE2,ccgt,2021-02-07T18:00:00,1.0,2120.0
DE2,ccgt,2021-02-07T21:00:00,1.0,2120.0
DE2,ocgt,2021-01-25T00:00:00,1.0,0.0
DE2,ocgt,2021-01-25T03:00:00,1.0,0.0
DE2,ocgt,2021-01-25T06:00:00,1.0,0.0
DE2,ocgt,2021-01-25T09:00:00,1.0,0.0
DE2,ocgt,2021-01-25T12:00:00,1.0,0.0
DE2,ocgt,2021-01-25T15:00:00,1.0,0.0
DE2,ocgt,2021-01-25T18:00:00,1.0,4590.299999999998
DE2,ocgt,2021-01-25T21:00:00,1.0,0.0
DE2,ocgt,2021-01-26T00:00:00,1.0,0.0
DE2,ocgt,2021-01-26T03:00:00,1.0,0.0
DE2,ocgt,2021-01-26T06:00:00,1.0,0.0
DE2,ocgt,2021-01-26T09:00:00,1.0,0.0
DE2,ocgt,2021-01-26T12:00:00,1.0,0.0
DE2,ocgt,2021-01-26T15:00:00,1.0,0.0
DE2,ocgt,2021-01-26T18:00:00,1.0,0.0
DE2,ocgt,2021-01-26T21:00:00,1.0,0.0
DE2,ocgt,2021-01-27T00:00:00,1.0,0.0
DE2,ocgt,2021-01-27T03:00:00,1.0,0.0
DE2,ocgt,2021-01-27T06:00:00,1.0,0.0
DE2,ocgt,2021-01-27T09:00:00,1.0,0.0
DE2,ocgt,2021-01-27T12:00:00,1.0,0.0
DE2,ocgt,2021-01-27T15:00:00,1.0,0.0
DE2,ocgt,2021-01-27T18:00:00,1.0,0.0
DE2,ocgt,2021-01-27T21:00:00,1.0,14566.177
DE2,ocgt,2021-01-28T00:00:00,1.0,18783.0412
DE2,ocgt,2021-01-28T03:00:00,1.0,19146.296672800003
DE2,ocgt,2021-01-28T06:00:00,1.0,19930.137799999997
DE2,ocgt,2021-01-28T09:00:00,1.0,19824.2159229
DE2,ocgt,2021-01-28T12:00:00,1.0,19146.5467544
DE2,ocgt,2021-01-28T15:00:00,1.0,18823.583243199995
DE2,ocgt,2021-01-28T18:00:00,1.0,19938.5806
DE2,ocgt,2021-01-28T21:00:00,1.0,19223.6903322
DE2,ocgt,2021-01-29T00:00:00,1.0,14076.3412844
DE2,ocgt,2021-01-29T03:00:00,1.0,17149.9576627
DE2,ocgt,2021-01-29T06:00:00,1.0,20254.11002
DE2,ocgt,2021-01-29T09:00:00,1.0,20456.4265918
DE2,ocgt,2021-01-29T12:00:00,1.0,20321.6355
DE2,ocgt,2021-01-29T15:00:00,1.0,20316.324175399997
DE2,ocgt,2021-01-29T18:00:00,1.0,17485.527114399996
DE2,ocgt,2021-01-29T21:00:00,1.0,19193.6610074
DE2,ocgt,2021-01-30T00:00:00,1.0,18043.712284
DE2,ocgt,2021-01-30T03:00:00,1.0,18889.3442476
DE2,ocgt,2021-01-30T06:00:00,1.0,16675.071690399996
DE2,ocgt,2021-01-30T09:00:00,1.0,18278.090037599995
DE2,ocgt,2021-01-30T12:00:00,1.0,19524.309583999995
DE2,ocgt,2021-01-30T15:00:00,1.0,19628.739382799995
DE2,ocgt,2021-01-30T18:00:00,1.0,14632.6757224
DE2,ocgt,2021-01-30T21:00:00,1.0,9190.375399799997
DE2,ocgt,2021-01-31T00:00:00,1.0,7815.734694399998
DE2,ocgt,2021-01-31T03:00:00,1.0,7978.496214399998
DE2,ocgt,2021-01-31T06:00:00,1.0,18770.7696
DE2,ocgt,2021-01-31T09:00:00,1.0,18941.833559400002
DE2,ocgt,2021-01-31T12:00:00,1.0,14826.7580144
DE2,ocgt,2021-01-31T15:00:00,1.0,12984.246650699995
DE2,ocgt,2021-01-31T18:00:00,1.0,18477.3952
DE2,ocgt,2021-01-31T21:00:00,1.0,7958.7859234
DE2,ocgt,2021-02-01T00:00:00,1.0,17770.187560000002
DE2,ocgt,2021-02-01T03:00:00,1.0,18098.6889862
DE2,ocgt,2021-02-01T06:00:00,1.0,12014.710522399997
DE2,ocgt,2021-02-01T09:00:00,1.0,19107.1830072
DE2,ocgt,2021-02-01T12:00:00,1.0,19048.964144000005
DE2,ocgt,2021-02-01T15:00:00,1.0,19284.044516799997
DE2,ocgt,2021-02-01T18:00:00,1.0,19212.185968
DE2,ocgt,2021-02-01T21:00:00,1.0,18560.711513200004
DE2,ocgt,2021-02-02T00:00:00,1.0,6239.4851843999995
DE2,ocgt,2021-02-02T03:00:00,1.0,18691.706912800004
DE2,ocgt,2021-02-02T06:00:00,1.0,18483.193059999998
DE2,ocgt,2021-02-02T09:00:00,1.0,19672.0777392
DE2,ocgt,2021-02-02T12:00:00,1.0,19580.2247
DE2,ocgt,2021-02-02T15:00:00,1.0,19655.916764
DE2,ocgt,2021-02-02T18:00:00,1.0,19462.70878
DE2,ocgt,2021-02-02T21:00:00,1.0,18788.7250722
DE2,ocgt,2021-02-03T00:00:00,1.0,18636.84144
DE2,ocgt,2021-02-03T03:00:00,1.0,18948.401257799997
DE2,ocgt,2021-02-03T06:00:00,1.0,19640.11884
DE2,ocgt,2021-02-03T09:00:00,1.0,19885.7038438
DE2,ocgt,2021-02-03T12:00:00,1.0,19827.500399999997
DE2,ocgt,2021-02-03T15:00:00,1.0,19754.7311874
DE2,ocgt,2021-02-03T18:00:00,1.0,19414.3804
DE2,ocgt,2021-02-03T21:00:00,1.0,13207.904861500001
DE2,ocgt,2021-02-04T00:00:00,1.0,0.0
DE2,ocgt,2021-02-04T03:00:00,1.0,0.0
DE2,ocgt,2021-02-04T06:00:00,1.0,0.0
DE2,ocgt,2021-02-04T09:00:00,1.0,0.0
DE2,ocgt,2021-02-04T12:00:00,1.0,0.0
DE2,ocgt,2021-02-04T15:00:00,1.0,0.0
DE2,ocgt,2021-02-04T18:00:00,1.0,0.0
DE2,ocgt,2021-02-04T21:00:00,1.0,0.0
DE2,ocgt,2021-02-05T00:00:00,1.0,0.0
DE2,ocgt,2021-02-05T03:00:00,1.0,0.0
DE2,ocgt,2021-02-05T06:00:00,1.0,0.0
DE2,ocgt,2021-02-05T09:00:00,1.0,0.0
DE2,ocgt,2021-02-05T12:00:00,1.0,0.0
DE2,ocgt,2021-02-05T15:00:00,1.0,0.0
DE2,ocgt,2021-02-05T18:00:00,1.0,0.0
DE2,ocgt,2021-02-05T21:00:00,1.0,0.0
DE2,ocgt,2021-02-06T00:00:00,1.0,0.0
DE2,ocgt,2021-02-06T03:00:00,1.0,0.0
DE2,ocgt,2021-02-06T06:00:00,1.0,0.0
DE2,ocgt,2021-02-06T09:00:00,1.0,0.0
DE2,ocgt,2021-02-06T12:00:00,1.0,0.0
DE2,ocgt,2021-02-06T15:00:00,1.0,0.0
DE2,ocgt,2021-02-06T18:00:00,1.0,0.0
DE2,ocgt,2021-02-06T21:00:00,1.0,15730.304
DE2,ocgt,2021-02-07T00:00:00,1.0,13493.8608344
DE2,ocgt,2021-02-07T03:00:00,1.0,2244.9928343999986
DE2,ocgt,2021-02-07T06:00:00,1.0,8951.7258344
DE2,ocgt,2021-02-07T09:00:00,1.0,0.0
DE2,ocgt,2021-02-07T12:00:00,1.0,0.0
DE2,ocgt,2021-02-07T15:00:00,1.0,0.0
DE2,ocgt,2021-02-07T18:00:00,1.0,11170.7378344
DE2,ocgt,2021-02-07T21:00:00,1.0,18128.948
DE2,offwind,2021-01-25T00:00:00,1.0,1034.88
DE2,offwind,2021-01-25T03:00:00,1.0,1126.944
DE2,offwind,2021-01-25T06:00:00,1.0,1217.664
DE2,offwind,2021-01-25T09:00:00,1.0,1305.696
DE2,offwind,2021-01-25T12:00:00,1.0,0.0
DE2,offwind,2021-01-25T15:00:00,1.0,0.0
DE2,offwind,2021-01-25T18:00:00,1.0,1538.656
DE2,offwind,2021-01-25T21:00:00,1.0,1602.2720000000002
DE2,offwind,2021-01-26T00:00:00,1.0,1737.7920000000001
DE2,offwind,2021-01-26T03:00:00,1.0,1760.864
DE2,offwind,2021-01-26T06:00:00,1.0,1772.512
DE2,offwind,2021-01-26T09:00:00,1.0,0.0
DE2,offwind,2021-01-26T12:00:00,1.0,0.0
DE2,offwind,2021-01-26T15:00:00,1.0,0.0
DE2,offwind,2021-01-26T18:00:00,1.0,1705.088
DE2,offwind,2021-01-26T21:00:00,1.0,1660.7359999999999
DE2,offwind,2021-01-27T00:00:00,1.0,1469.44
DE2,offwind,2021-01-27T03:00:00,1.0,1391.4879999999998
DE2,offwind,2021-01-27T06:00:00,1.0,1307.936
DE2,offwind,2021-01-27T09:00:00,1.0,1220.128
DE2,offwind,2021-01-27T12:00:00,1.0,0.0
DE2,offwind,2021-01-27T15:00:00,1.0,1037.344
DE2,offwind,2021-01-27T18:00:00,1.0,945.056
DE2,offwind,2021-01-27T21:00:00,1.0,854.336
DE2,offwind,2021-01-28T00:00:00,1.0,72.0384
DE2,offwind,2021-01-28T03:00:00,1.0,70.9807392
DE2,offwind,2021-01-28T06:00:00,1.0,65.2288
DE2,offwind,2021-01-28T09:00:00,1.0,55.1805408
DE2,offwind,2021-01-28T12:00:00,1.0,44.02944
DE2,offwind,2021-01-28T15:00:00,1.0,35.226575999999994
DE2,offwind,2021-01-28T18:00:00,1.0,30.934400000000004
DE2,offwind,2021-01-28T21:00:00,1.0,31.502284799999998
DE2,offwind,2021-01-29T00:00:00,1.0,49.7952
DE2,offwind,2021-01-29T03:00:00,1.0,60.0264672
DE2,offwind,2021-01-29T06:00:00,1.0,69.72448000000001
DE2,offwind,2021-01-29T09:00:00,1.0,76.2001632
DE2,offwind,2021-01-29T12:00:00,1.0,79.12799999999999
DE2,offwind,2021-01-29T15:00:00,1.0,81.3095136
DE2,offwind,2021-01-29T18:00:00,1.0,87.91328000000001
DE2,offwind,2021-01-29T21:00:00,1.0,103.22746559999999
DE2,offwind,2021-01-30T00:00:00,1.0,177.99936
DE2,offwind,2021-01-30T03:00:00,1.0,209.72427839999997
DE2,offwind,2021-01-30T06:00:00,1.0,233.791488
DE2,offwind,2021-01-30T09:00:00,1.0,242.99002559999997
DE2,offwind,2021-01-30T12:00:00,1.0,238.95065599999998
DE2,offwind,2021-01-30T15:00:00,1.0,231.55950719999998
DE2,offwind,2021-01-30T18:00:00,1.0,233.875712
DE2,offwind,2021-01-30T21:00:00,1.0,252.8385216
DE2,offwind,2021-01-31T00:00:00,1.0,312.80255999999997
DE2,offwind,2021-01-31T03:00:00,1.0,341.7837024
DE2,offwind,2021-01-31T06:00:00,1.0,354.5024
DE2,offwind,2021-01-31T09:00:00,1.0,344.0880576
DE2,offwind,2021-01-31T12:00:00,1.0,317.03616
DE2,offwind,2021-01-31T15:00:00,1.0,288.44833919999996
DE2,offwind,2021-01-31T18:00:00,1.0,272.81408
DE2,offwind,2021-01-31T21:00:00,1.0,275.51610239999997
DE2,offwind,2021-02-01T00:00:00,1.0,252.74368
DE2,offwind,2021-02-01T03:00:00,1.0,258.95591679999995
DE2,offwind,2021-02-01T06:00:00,1.0,251.12371199999998
DE2,offwind,2021-02-01T09:00:00,1.0,227.06582079999995
DE2,offwind,2021-02-01T12:00:00,1.0,194.258176
DE2,offwind,2021-02-01T15:00:00,1.0,163.6928832
DE2,offwind,2021-02-01T18:00:00,1.0,143.648512
DE2,offwind,2021-02-01T21:00:00,1.0,134.81422080000002
DE2,offwind,2021-02-02T00:00:00,1.0,90.048
DE2,offwind,2021-02-02T03:00:00,1.0,86.8600992
DE2,offwind,2021-02-02T06:00:00,1.0,79.2064
DE2,offwind,2021-02-02T09:00:00,1.0,67.5251808
DE2,offwind,2021-02-02T12:00:00,1.0,55.03679999999999
DE2,offwind,2021-02-02T15:00:00,1.0,45.20577599999999
DE2,offwind,2021-02-02T18:00:00,1.0,40.21472
DE2,offwind,2021-02-02T21:00:00,1.0,40.4264448
DE2,offwind,2021-02-03T00:00:00,1.0,39.83615999999999
DE2,offwind,2021-02-03T03:00:00,1.0,49.0527072
DE2,offwind,2021-02-03T06:00:00,1.0,57.42016000000001
DE2,offwind,2021-02-03T09:00:00,1.0,62.2696032
DE2,offwind,2021-02-03T12:00:00,1.0,63.30239999999999
DE2,offwind,2021-02-03T15:00:00,1.0,63.360393599999995
DE2,offwind,2021-02-03T18:00:00,1.0,67.6256
DE2,offwind,2021-02-03T21:00:00,1.0,80.4399456
DE2,offwind,2021-02-04T00:00:00,1.0,1034.88
DE2,offwind,2021-02-04T03:00:00,1.0,1126.944
DE2,offwind,2021-02-04T06:00:00,1.0,1217.664
DE2,offwind,2021-02-04T09:00:00,1.0,0.0
DE2,offwind,2021-02-04T12:00:00,1.0,0.0
DE2,offwind,2021-02-04T15:00:00,1.0,0.0
DE2,offwind,2021-02-04T18:00:00,1.0,1538.656
DE2,offwind,2021-02-04T21:00:00,1.0,1602.2720000000002
DE2,offwind,2021-02-05T00:00:00,1.0,1737.7920000000001
DE2,offwind,2021-02-05T03:00:00,1.0,1760.864
DE2,offwind,2021-02-05T06:00:00,1.0,1772.512
DE2,offwind,2021-02-05T09:00:00,1.0,1772.7359999999999
DE2,offwind,2021-02-05T12:00:00,1.0,0.0
DE2,offwind,2021-02-05T15:00:00,1.0,1738.688
DE2,offwind,2021-02-05T18:00:00,1.0,1705.088
DE2,offwind,2021-02-05T21:00:00,1.0,1660.7359999999999
DE2,offwind,2021-02-06T00:00:00,1.0,1469.44
DE2,offwind,2021-02-06T03:00:00,1.0,1391.4879999999998
DE2,offwind,2021-02-06T06:00:00,1.0,1307.936
DE2,offwind,2021-02-06T09:00:00,1.0,1220.128
DE2,offwind,2021-02-06T12:00:00,1.0,1129.408
DE2,offwind,2021-02-06T15:00:00,1.0,1037.344
DE2,offwind,2021-02-06T18:00:00,1.0,945.056
DE2,offwind,2021-02-06T21:00:00,1.0,854.336
DE2,offwind,2021-02-07T00:00:00,1.0,600.32
DE2,offwind,2021-02-07T03:00:00,1.0,529.312
DE2,offwind,2021-02-07T06:00:00,1.0,465.91999999999996
DE2,offwind,2021-02-07T09:00:00,1.0,411.488
DE2,offwind,2021-02-07T12:00:00,1.0,366.912
DE2,offwind,2021-02-07T15:00:00,1.0,332.64
DE2,offwind,2021-02-07T18:00:00,1.0,309.344
DE2,offwind,2021-02-07T21:00:00,1.0,297.472
DE2,onwind,2021-01-25T00:00:00,1.0,3822.0
DE2,onwind,2021-01-25T03:00:00,1.0,4162.34
DE2,onwind,2021-01-25T06:00:00,1.0,4497.219999999999
DE2,onwind,2021-01-25T09:00:00,1.0,4822.09
DE2,onwind,2021-01-25T12:00:00,1.0,0.0
DE2,onwind,2021-01-25T15:00:00,1.0,2277.335000000001
DE2,onwind,2021-01-25T18:00:00,1.0,5682.950000000001
DE2,onwind,2021-01-25T21:00:00,1.0,5917.73
DE2,onwind,2021-01-26T00:00:00,1.0,6418.2300000000005
DE2,onwind,2021-01-26T03:00:00,1.0,6502.86
DE2,onwind,2021-01-26T06:00:00,1.0,6546.54
DE2,onwind,2021-01-26T09:00:00,1.0,0.0
DE2,onwind,2021-01-26T12:00:00,1.0,0.0
DE2,onwind,2021-01-26T15:00:00,1.0,1827.5599999999995
DE2,onwind,2021-01-26T18:00:00,1.0,6297.2
DE2,onwind,2021-01-26T21:00:00,1.0,6133.400000000001
DE2,onwind,2021-01-27T00:00:00,1.0,5426.330000000001
DE2,onwind,2021-01-27T03:00:00,1.0,5138.7699999999995
DE2,onwind,2021-01-27T06:00:00,1.0,4830.280000000001
DE2,onwind,2021-01-27T09:00:00,1.0,2386.2080000000024
DE2,onwind,2021-01-27T12:00:00,1.0,0.0
DE2,onwind,2021-01-27T15:00:00,1.0,3831.1
DE2,onwind,2021-01-27T18:00:00,1.0,3490.7599999999998
DE2,onwind,2021-01-27T21:00:00,1.0,3154.9700000000003
DE2,onwind,2021-01-28T00:00:00,1.0,266.1204
DE2,onwind,2021-01-28T03:00:00,1.0,262.122588
DE2,onwind,2021-01-28T06:00:00,1.0,240.9134
DE2,onwind,2021-01-28T09:00:00,1.0,203.79177
DE2,onwind,2021-01-28T12:00:00,1.0,162.59879999999998
DE2,onwind,2021-01-28T15:00:00,1.0,130.09815
DE2,onwind,2021-01-28T18:00:00,1.0,114.205
DE2,onwind,2021-01-28T21:00:00,1.0,116.31738299999999
DE2,onwind,2021-01-29T00:00:00,1.0,183.86549999999997
DE2,onwind,2021-01-29T03:00:00,1.0,221.75653499999999
DE2,onwind,2021-01-29T06:00:00,1.0,257.57550000000003
DE2,onwind,2021-01-29T09:00:00,1.0,281.48893499999997
DE2,onwind,2021-01-29T12:00:00,1.0,292.24649999999997
DE2,onwind,2021-01-29T15:00:00,1.0,300.392001
DE2,onwind,2021-01-29T18:00:00,1.0,324.61519999999996
DE2,onwind,2021-01-29T21:00:00,1.0,381.271527
DE2,onwind,2021-01-30T00:00:00,1.0,657.3839999999999
DE2,onwind,2021-01-30T03:00:00,1.0,774.6114739999998
DE2,onwind,2021-01-30T06:00:00,1.0,863.46624
DE2,onwind,2021-01-30T09:00:00,1.0,897.390949
DE2,onwind,2021-01-30T12:00:00,1.0,882.45976
DE2,onwind,2021-01-30T15:00:00,1.0,855.1260900000001
DE2,onwind,2021-01-30T18:00:00,1.0,863.8084000000001
DE2,onwind,2021-01-30T21:00:00,1.0,933.817794
DE2,onwind,2021-01-31T00:00:00,1.0,1155.2814
DE2,onwind,2021-01-31T03:00:00,1.0,1262.205126
DE2,onwind,2021-01-31T06:00:00,1.0,1309.308
DE2,onwind,2021-01-31T09:00:00,1.0,1270.683414
DE2,onwind,2021-01-31T12:00:00,1.0,1170.8424
DE2,onwind,2021-01-31T15:00:00,1.0,1065.2372639999999
DE2,onwind,2021-01-31T18:00:00,1.0,1007.552
DE2,onwind,2021-01-31T21:00:00,1.0,1017.53106
DE2,onwind,2021-02-01T00:00:00,1.0,933.32876
DE2,onwind,2021-02-01T03:00:00,1.0,956.3250969999998
DE2,onwind,2021-02-01T06:00:00,1.0,927.41376
DE2,onwind,2021-02-01T09:00:00,1.0,838.6261519999998
DE2,onwind,2021-02-01T12:00:00,1.0,717.48768
DE2,onwind,2021-02-01T15:00:00,1.0,604.54758
DE2,onwind,2021-02-01T18:00:00,1.0,530.59552
DE2,onwind,2021-02-01T21:00:00,1.0,497.854266
DE2,onwind,2021-02-02T00:00:00,1.0,332.65049999999997
DE2,onwind,2021-02-02T03:00:00,1.0,320.76298799999995
DE2,onwind,2021-02-02T06:00:00,1.0,292.53770000000003
DE2,onwind,2021-02-02T09:00:00,1.0,249.38277
DE2,onwind,2021-02-02T12:00:00,1.0,203.2485
DE2,onwind,2021-02-02T15:00:00,1.0,166.95315000000002
DE2,onwind,2021-02-02T18:00:00,1.0,148.4665
DE2,onwind,2021-02-02T21:00:00,1.0,149.26848299999997
DE2,onwind,2021-02-03T00:00:00,1.0,147.09239999999997
DE2,onwind,2021-02-03T03:00:00,1.0,181.216035
DE2,onwind,2021-02-03T06:00:00,1.0,212.12100000000004
DE2,onwind,2021-02-03T09:00:00,1.0,230.028435
DE2,onwind,2021-02-03T12:00:00,1.0,233.7972
DE2,onwind,2021-02-03T15:00:00,1.0,234.080301
DE2,onwind,2021-02-03T18:00:00,1.0,249.70399999999998
DE2,onwind,2021-02-03T21:00:00,1.0,297.10562699999997
DE2,onwind,2021-02-04T00:00:00,1.0,3822.0
DE2,onwind,2021-02-04T03:00:00,1.0,4162.34
DE2,onwind,2021-02-04T06:00:00,1.0,4497.219999999999
DE2,onwind,2021-02-04T09:00:00,1.0,2856.903000000002
DE2,onwind,2021-02-04T12:00:00,1.0,0.0
DE2,onwind,2021-02-04T15:00:00,1.0,3506.4350000000013
DE2,onwind,2021-02-04T18:00:00,1.0,5682.950000000001
DE2,onwind,2021-02-04T21:00:00,1.0,5917.73
DE2,onwind,2021-02-05T00:00:00,1.0,6418.2300000000005
DE2,onwind,2021-02-05T03:00:00,1.0,6502.86
DE2,onwind,2021-02-05T06:00:00,1.0,6546.54
DE2,onwind,2021-02-05T09:00:00,1.0,1974.054
DE2,onwind,2021-02-05T12:00:00,1.0,0.0
DE2,onwind,2021-02-05T15:00:00,1.0,2529.224
DE2,onwind,2021-02-05T18:00:00,1.0,6297.2
DE2,onwind,2021-02-05T21:00:00,1.0,6133.400000000001
DE2,onwind,2021-02-06T00:00:00,1.0,5426.330000000001
DE2,onwind,2021-02-06T03:00:00,1.0,5138.7699999999995
DE2,onwind,2021-02-06T06:00:00,1.0,4830.280000000001
DE2,onwind,2021-02-06T09:00:00,1.0,4506.32
DE2,onwind,2021-02-06T12:00:00,1.0,776.9350000000013
DE2,onwind,2021-02-06T15:00:00,1.0,3831.1
DE2,onwind,2021-02-06T18:00:00,1.0,3490.7599999999998
DE2,onwind,2021-02-06T21:00:00,1.0,3154.9700000000003
DE2,onwind,2021-02-07T00:00:00,1.0,2217.67
DE2,onwind,2021-02-07T03:00:00,1.0,1954.6799999999998
DE2,onwind,2021-02-07T06:00:00,1.0,1720.81
DE2,onwind,2021-02-07T09:00:00,1.0,1519.7
DE2,onwind,2021-02-07T12:00:00,1.0,1354.99
DE2,onwind,2021-02-07T15:00:00,1.0,1228.5
DE2,onwind,2021-02-07T18:00:00,1.0,1142.05
DE2,onwind,2021-02-07T21:00:00,1.0,1098.3700000000001
DE2,solar,2021-01-25T00:00:00,1.0,0.0
DE2,solar,2021-01-25T03:00:00,1.0,0.0
DE2,solar,2021-01-25T06:00:00,1.0,0.0
DE2,solar,2021-01-25T09:00:00,1.0,5444.67
DE2,solar,2021-01-25T12:00:00,1.0,7700.0
DE2,solar,2021-01-25T15:00:00,1.0,5444.67
DE2,solar,2021-01-25T18:00:00,1.0,0.0
DE2,solar,2021-01-25T21:00:00,1.0,0.0
DE2,solar,2021-01-26T00:00:00,1.0,0.0
DE2,solar,2021-01-26T03:00:00,1.0,0.0
DE2,solar,2021-01-26T06:00:00,1.0,0.0
DE2,solar,2021-01-26T09:00:00,1.0,5444.67
DE2,solar,2021-01-26T12:00:00,1.0,7700.0
DE2,solar,2021-01-26T15:00:00,1.0,5444.67
DE2,solar,2021-01-26T18:00:00,1.0,0.0
DE2,solar,2021-01-26T21:00:00,1.0,0.0
DE2,solar,2021-01-27T00:00:00,1.0,0.0
DE2,solar,2021-01-27T03:00:00,1.0,0.0
DE2,solar,2021-01-27T06:00:00,1.0,0.0
DE2,solar,2021-01-27T09:00:00,1.0,5444.67
DE2,solar,2021-01-27T12:00:00,1.0,7700.0
DE2,solar,2021-01-27T15:00:00,1.0,5444.67
DE2,solar,2021-01-27T18:00:00,1.0,0.0
DE2,solar,2021-01-27T21:00:00,1.0,0.0
DE2,solar,2021-01-28T00:00:00,1.0,0.0
DE2,solar,2021-01-28T03:00:00,1.0,0.0
DE2,solar,2021-01-28T06:00:00,1.0,0.0
DE2,solar,2021-01-28T09:00:00,1.0,410.52811799999995
DE2,solar,2021-01-28T12:00:00,1.0,693.0
DE2,solar,2021-01-28T15:00:00,1.0,410.52811799999995
DE2,solar,2021-01-28T18:00:00,1.0,0.0
DE2,solar,2021-01-28T21:00:00,1.0,0.0
DE2,solar,2021-01-29T00:00:00,1.0,0.0
DE2,solar,2021-01-29T03:00:00,1.0,0.0
DE2,solar,2021-01-29T06:00:00,1.0,0.0
DE2,solar,2021-01-29T09:00:00,1.0,506.35430999999994
DE2,solar,2021-01-29T12:00:00,1.0,885.5
DE2,solar,2021-01-29T15:00:00,1.0,506.35430999999994
DE2,solar,2021-01-29T18:00:00,1.0,0.0
DE2,solar,2021-01-29T21:00:00,1.0,0.0
DE2,solar,2021-01-30T00:00:00,1.0,0.0
DE2,solar,2021-01-30T03:00:00,1.0,0.0
DE2,solar,2021-01-30T06:00:00,1.0,0.0
DE2,solar,2021-01-30T09:00:00,1.0,577.1350199999999
DE2,solar,2021-01-30T12:00:00,1.0,1026.41
DE2,solar,2021-01-30T15:00:00,1.0,577.1350199999999
DE2,solar,2021-01-30T18:00:00,1.0,0.0
DE2,solar,2021-01-30T21:00:00,1.0,0.0
DE2,solar,2021-01-31T00:00:00,1.0,0.0
DE2,solar,2021-01-31T03:00:00,1.0,0.0
DE2,solar,2021-01-31T06:00:00,1.0,0.0
DE2,solar,2021-01-31T09:00:00,1.0,602.724969
DE2,solar,2021-01-31T12:00:00,1.0,1078.0
DE2,solar,2021-01-31T15:00:00,1.0,602.724969
DE2,solar,2021-01-31T18:00:00,1.0,0.0
DE2,solar,2021-01-31T21:00:00,1.0,0.0
DE2,solar,2021-02-01T00:00:00,1.0,0.0
DE2,solar,2021-02-01T03:00:00,1.0,0.0
DE2,solar,2021-02-01T06:00:00,1.0,0.0
DE2,solar,2021-02-01T09:00:00,1.0,577.1350199999999
DE2,solar,2021-02-01T12:00:00,1.0,1026.41
DE2,solar,2021-02-01T15:00:00,1.0,577.1350199999999
DE2,solar,2021-02-01T18:00:00,1.0,0.0
DE2,solar,2021-02-01T21:00:00,1.0,0.0
DE2,solar,2021-02-02T00:00:00,1.0,0.0
DE2,solar,2021-02-02T03:00:00,1.0,0.0
DE2,solar,2021-02-02T06:00:00,1.0,0.0
DE2,solar,2021-02-02T09:00:00,1.0,506.35430999999994
DE2,solar,2021-02-02T12:00:00,1.0,885.5
DE2,solar,2021-02-02T15:00:00,1.0,506.35430999999994
DE2,solar,2021-02-02T18:00:00,1.0,0.0
DE2,solar,2021-02-02T21:00:00,1.0,0.0
DE2,solar,2021-02-03T00:00:00,1.0,0.0
DE2,solar,2021-02-03T03:00:00,1.0,0.0
DE2,solar,2021-02-03T06:00:00,1.0,0.0
DE2,solar,2021-02-03T09:00:00,1.0,410.52811799999995
DE2,solar,2021-02-03T12:00:00,1.0,693.0
DE2,solar,2021-02-03T15:00:00,1.0,410.52811799999995
DE2,solar,2021-02-03T18:00:00,1.0,0.0
DE2,solar,2021-02-03T21:00:00,1.0,0.0
DE2,solar,2021-02-04T00:00:00,1.0,0.0
DE2,solar,2021-02-04T03:00:00,1.0,0.0
DE2,solar,2021-02-04T06:00:00,1.0,0.0
DE2,solar,2021-02-04T09:00:00,1.0,5444.67
DE2,solar,2021-02-04T12:00:00,1.0,7700.0
DE2,solar,2021-02-04T15:00:00,1.0,5444.67
DE2,solar,2021-02-04T18:00:00,1.0,0.0
DE2,solar,2021-02-04T21:00:00,1.0,0.0
DE2,solar,2021-02-05T00:00:00,1.0,0.0
DE2,solar,2021-02-05T03:00:00,1.0,0.0
DE2,solar,2021-02-05T06:00:00,1.0,0.0
DE2,solar,2021-02-05T09:00:00,1.0,5444.67
DE2,solar,2021-02-05T12:00:00,1.0,7700.0
DE2,solar,2021-02-05T15:00:00,1.0,5444.67
DE2,solar,2021-02-05T18:00:00,1.0,0.0
DE2,solar,2021-02-05T21:00:00,1.0,0.0
DE2,solar,2021-02-06T00:00:00,1.0,0.0
DE2,solar,2021-02-06T03:00:00,1.0,0.0
DE2,solar,2021-02-06T06:00:00,1.0,0.0
DE2,solar,2021-02-06T09:00:00,1.0,5444.67
DE2,solar,2021-02-06T12:00:00,1.0,7700.0
DE2,solar,2021-02-06T15:00:00,1.0,5444.67
DE2,solar,2021-02-06T18:00:00,1.0,0.0
DE2,solar,2021-02-06T21:00:00,1.0,0.0
DE2,solar,2021-02-07T00:00:00,1.0,0.0
DE2,solar,2021-02-07T03:00:00,1.0,0.0
DE2,solar,2021-02-07T06:00:00,1.0,0.0
DE2,solar,2021-02-07T09:00:00,1.0,5444.67
DE2,solar,2021-02-07T12:00:00,1.0,7700.0
DE2,solar,2021-02-07T15:00:00,1.0,5444.67
DE2,solar,2021-02-07T18:00:00,1.0,0.0
DE2,solar,2021-02-07T21:00:00,1.0,0.0
DE3,ccgt,2021-01-25T00:00:00,1.0,1720.0
DE3,ccgt,2021-01-25T03:00:00,1.0,1720.0
DE3,ccgt,2021-01-25T06:00:00,1.0,1720.0
DE3,ccgt,2021-01-25T09:00:00,1.0,516.0
DE3,ccgt,2021-01-25T12:00:00,1.0,516.0
DE3,ccgt,2021-01-25T15:00:00,1.0,516.0
DE3,ccgt,2021-01-25T18:00:00,1.0,1720.0
DE3,ccgt,2021-01-25T21:00:00,1.0,1720.0
DE3,ccgt,2021-01-26T00:00:00,1.0,516.0
DE3,ccgt,2021-01-26T03:00:00,1.0,516.0
DE3,ccgt,2021-01-26T06:00:00,1.0,1720.0
DE3,ccgt,2021-01-26T09:00:00,1.0,516.0
DE3,ccgt,2021-01-26T12:00:00,1.0,516.0
DE3,ccgt,2021-01-26T15:00:00,1.0,516.0
DE3,ccgt,2021-01-26T18:00:00,1.0,1720.0
DE3,ccgt,2021-01-26T21:00:00,1.0,1078.322000000001
DE3,ccgt,2021-01-27T00:00:00,1.0,1720.0
DE3,ccgt,2021-01-27T03:00:00,1.0,1720.0
DE3,ccgt,2021-01-27T06:00:00,1.0,1720.0
DE3,ccgt,2021-01-27T09:00:00,1.0,516.0
DE3,ccgt,2021-01-27T12:00:00,1.0,516.0
DE3,ccgt,2021-01-27T15:00:00,1.0,516.0
DE3,ccgt,2021-01-27T18:00:00,1.0,1720.0
DE3,ccgt,2021-01-27T21:00:00,1.0,1720.0
DE3,ccgt,2021-01-28T00:00:00,1.0,1720.0
DE3,ccgt,2021-01-28T03:00:00,1.0,1720.0
DE3,ccgt,2021-01-28T06:00:00,1.0,1720.0
DE3,ccgt,2021-01-28T09:00:00,1.0,1720.0
DE3,ccgt,2021-01-28T12:00:00,1.0,1720.0
DE3,ccgt,2021-01-28T15:00:00,1.0,1720.0
DE3,ccgt,2021-01-28T18:00:00,1.0,1720.0
DE3,ccgt,2021-01-28T21:00:00,1.0,1720.0
DE3,ccgt,2021-01-29T00:00:00,1.0,1720.0
DE3,ccgt,2021-01-29T03:00:00,1.0,1720.0
DE3,ccgt,2021-01-29T06:00:00,1.0,1720.0
DE3,ccgt,2021-01-29T09:00:00,1.0,1720.0
DE3,ccgt,2021-01-29T12:00:00,1.0,1720.0
DE3,ccgt,2021-01-29T15:00:00,1.0,1720.0
DE3,ccgt,2021-01-29T18:00:00,1.0,1720.0
DE3,ccgt,2021-01-29T21:00:00,1.0,1720.0
DE3,ccgt,2021-01-30T00:00:00,1.0,1720.0
DE3,ccgt,2021-01-30T03:00:00,1.0,1720.0
DE3,ccgt,2021-01-30T06:00:00,1.0,1720.0
DE3,ccgt,2021-01-30T09:00:00,1.0,1720.0
DE3,ccgt,2021-01-30T12:00:00,1.0,1720.0
DE3,ccgt,2021-01-30T15:00:00,1.0,1720.0
DE3,ccgt,2021-01-30T18:00:00,1.0,1720.0
DE3,ccgt,2021-01-30T21:00:00,1.0,1720.0
DE3,ccgt,2021-01-31T00:00:00,1.0,1720.0
DE3,ccgt,2021-01-31T03:00:00,1.0,1720.0
DE3,ccgt,2021-01-31T06:00:00,1.0,1720.0
DE3,ccgt,2021-01-31T09:00:00,1.0,1720.0
DE3,ccgt,2021-01-31T12:00:00,1.0,1720.0
DE3,ccgt,2021-01-31T15:00:00,1.0,1720.0
DE3,ccgt,2021-01-31T18:00:00,1.0,1720.0
DE3,ccgt,2021-01-31T21:00:00,1.0,1720.0
DE3,ccgt,2021-02-01T00:00:00,1.0,1720.0
DE3,ccgt,2021-02-01T03:00:00,1.0,1720.0
DE3,ccgt,2021-02-01T06:00:00,1.0,1720.0
DE3,ccgt,2021-02-01T09:00:00,1.0,1720.0
DE3,ccgt,2021-02-01T12:00:00,1.0,1720.0
DE3,ccgt,2021-02-01T15:00:00,1.0,1720.0
DE3,ccgt,2021-02-01T18:00:00,1.0,1720.0
DE3,ccgt,2021-02-01T21:00:00,1.0,1720.0
DE3,ccgt,2021-02-02T00:00:00,1.0,1720.0
DE3,ccgt,2021-02-02T03:00:00,1.0,1720.0
DE3,ccgt,2021-02-02T06:00:00,1.0,1720.0
DE3,ccgt,2021-02-02T09:00:00,1.0,1720.0
DE3,ccgt,2021-02-02T12:00:00,1.0,1720.0
DE3,ccgt,2021-02-02T15:00:00,1.0,1720.0
DE3,ccgt,2021-02-02T18:00:00,1.0,1720.0
DE3,ccgt,2021-02-02T21:00:00,1.0,1720.0
DE3,ccgt,2021-02-03T00:00:00,1.0,1720.0
DE3,ccgt,2021-02-03T03:00:00,1.0,1720.0
DE3,ccgt,2021-02-03T06:00:00,1.0,1720.0
DE3,ccgt,2021-02-03T09:00:00,1.0,1720.0
DE3,ccgt,2021-02-03T12:00:00,1.0,1720.0
DE3,ccgt,2021-02-03T15:00:00,1.0,1720.0
DE3,ccgt,2021-02-03T18:00:00,1.0,1720.0
DE3,ccgt,2021-02-03T21:00:00,1.0,1720.0
DE3,ccgt,2021-02-04T00:00:00,1.0,1720.0
DE3,ccgt,2021-02-04T03:00:00,1.0,1720.0
DE3,ccgt,2021-02-04T06:00:00,1.0,1720.0
DE3,ccgt,2021-02-04T09:00:00,1.0,516.0
DE3,ccgt,2021-02-04T12:00:00,1.0,516.0
DE3,ccgt,2021-02-04T15:00:00,1.0,516.0
DE3,ccgt,2021-02-04T18:00:00,1.0,1720.0
DE3,ccgt,2021-02-04T21:00:00,1.0,1720.0
DE3,ccgt,2021-02-05T00:00:00,1.0,1720.0
DE3,ccgt,2021-02-05T03:00:00,1.0,1720.0
DE3,ccgt,2021-02-05T06:00:00,1.0,1720.0
DE3,ccgt,2021-02-05T09:00:00,1.0,516.0
DE3,ccgt,2021-02-05T12:00:00,1.0,516.0
DE3,ccgt,2021-02-05T15:00:00,1.0,516.0
DE3,ccgt,2021-02-05T18:00:00,1.0,1720.0
DE3,ccgt,2021-02-05T21:00:00,1.0,1720.0
DE3,ccgt,2021-02-06T00:00:00,1.0,1720.0
DE3,ccgt,2021-02-06T03:00:00,1.0,1720.0
DE3,ccgt,2021-02-06T06:00:00,1.0,1720.0
DE3,ccgt,2021-02-06T09:00:00,1.0,516.0
DE3,ccgt,2021-02-06T12:00:00,1.0,516.0
DE3,ccgt,2021-02-06T15:00:00,1.0,516.0
DE3,ccgt,2021-02-06T18:00:00,1.0,1720.0
DE3,ccgt,2021-02-06T21:00:00,1.0,1720.0
DE3,ccgt,2021-02-07T00:00:00,1.0,1720.0
DE3,ccgt,2021-02-07T03:00:00,1.0,1720.0
DE3,ccgt,2021-02-07T06:00:00,1.0,1720.0
DE3,ccgt,2021-02-07T09:00:00,1.0,1720.0
DE3,ccgt,2021-02-07T12:00:00,1.0,516.0
DE3,ccgt,2021-02-07T15:00:00,1.0,1720.0
DE3,ccgt,2021-02-07T18:00:00,1.0,1720.0
DE3,ccgt,2021-02-07T21:00:00,1.0,1720.0
DE3,ocgt,2021-01-25T00:00:00,1.0,770.0
DE3,ocgt,2021-01-25T03:00:00,1.0,0.0
DE3,ocgt,2021-01-25T06:00:00,1.0,0.0
DE3,ocgt,2021-01-25T09:00:00,1.0,0.0
DE3,ocgt,2021-01-25T12:00:00,1.0,0.0
DE3,ocgt,2021-01-25T15:00:00,1.0,0.0
DE3,ocgt,2021-01-25T18:00:00,1.0,0.0
DE3,ocgt,2021-01-25T21:00:00,1.0,0.0
DE3,ocgt,2021-01-26T00:00:00,1.0,0.0
DE3,ocgt,2021-01-26T03:00:00,1.0,0.0
DE3,ocgt,2021-01-26T06:00:00,1.0,0.0
DE3,ocgt,2021-01-26T09:00:00,1.0,0.0
DE3,ocgt,2021-01-26T12:00:00,1.0,0.0
DE3,ocgt,2021-01-26T15:00:00,1.0,0.0
DE3,ocgt,2021-01-26T18:00:00,1.0,0.0
DE3,ocgt,2021-01-26T21:00:00,1.0,0.0
DE3,ocgt,2021-01-27T00:00:00,1.0,0.0
DE3,ocgt,2021-01-27T03:00:00,1.0,0.0
DE3,ocgt,2021-01-27T06:00:00,1.0,0.0
DE3,ocgt,2021-01-27T09:00:00,1.0,0.0
DE3,ocgt,2021-01-27T12:00:00,1.0,0.0
DE3,ocgt,2021-01-27T15:00:00,1.0,0.0
DE3,ocgt,2021-01-27T18:00:00,1.0,0.0
DE3,ocgt,2021-01-27T21:00:00,1.0,0.0
DE3,ocgt,2021-01-28T00:00:00,1.0,770.0
DE3,ocgt,2021-01-28T03:00:00,1.0,545.2716627
DE3,ocgt,2021-01-28T06:00:00,1.0,770.0
DE3,ocgt,2021-01-28T09:00:00,1.0,770.0
DE3,ocgt,2021-01-28T12:00:00,1.0,770.0
DE3,ocgt,2021-01-28T15:00:00,1.0,770.0
DE3,ocgt,2021-01-28T18:00:00,1.0,770.0
DE3,ocgt,2021-01-28T21:00:00,1.0,770.0
DE3,ocgt,2021-01-29T00:00:00,1.0,770.0
DE3,ocgt,2021-01-29T03:00:00,1.0,770.0
DE3,ocgt,2021-01-29T06:00:00,1.0,770.0
DE3,ocgt,2021-01-29T09:00:00,1.0,770.0
DE3,ocgt,2021-01-29T12:00:00,1.0,770.0
DE3,ocgt,2021-01-29T15:00:00,1.0,770.0
DE3,ocgt,2021-01-29T18:00:00,1.0,770.0
DE3,ocgt,2021-01-29T21:00:00,1.0,0.0
DE3,ocgt,2021-01-30T00:00:00,1.0,0.0
DE3,ocgt,2021-01-30T03:00:00,1.0,0.0
DE3,ocgt,2021-01-30T06:00:00,1.0,770.0
DE3,ocgt,2021-01-30T09:00:00,1.0,0.0
DE3,ocgt,2021-01-30T12:00:00,1.0,0.0
DE3,ocgt,2021-01-30T15:00:00,1.0,770.0
DE3,ocgt,2021-01-30T18:00:00,1.0,770.0
DE3,ocgt,2021-01-30T21:00:00,1.0,770.0
DE3,ocgt,2021-01-31T00:00:00,1.0,0.0
DE3,ocgt,2021-01-31T03:00:00,1.0,770.0
DE3,ocgt,2021-01-31T06:00:00,1.0,770.0
DE3,ocgt,2021-01-31T09:00:00,1.0,770.0
DE3,ocgt,2021-01-31T12:00:00,1.0,770.0
DE3,ocgt,2021-01-31T15:00:00,1.0,770.0
DE3,ocgt,2021-01-31T18:00:00,1.0,770.0
DE3,ocgt,2021-01-31T21:00:00,1.0,770.0
DE3,ocgt,2021-02-01T00:00:00,1.0,770.0
DE3,ocgt,2021-02-01T03:00:00,1.0,770.0
DE3,ocgt,2021-02-01T06:00:00,1.0,770.0
DE3,ocgt,2021-02-01T09:00:00,1.0,0.0
DE3,ocgt,2021-02-01T12:00:00,1.0,0.0
DE3,ocgt,2021-02-01T15:00:00,1.0,770.0
DE3,ocgt,2021-02-01T18:00:00,1.0,770.0
DE3,ocgt,2021-02-01T21:00:00,1.0,770.0
DE3,ocgt,2021-02-02T00:00:00,1.0,770.0
DE3,ocgt,2021-02-02T03:00:00,1.0,770.0
DE3,ocgt,2021-02-02T06:00:00,1.0,770.0
DE3,ocgt,2021-02-02T09:00:00,1.0,770.0
DE3,ocgt,2021-02-02T12:00:00,1.0,0.0
DE3,ocgt,2021-02-02T15:00:00,1.0,770.0
DE3,ocgt,2021-02-02T18:00:00,1.0,0.0
DE3,ocgt,2021-02-02T21:00:00,1.0,68.13834950000027
DE3,ocgt,2021-02-03T00:00:00,1.0,770.0
DE3,ocgt,2021-02-03T03:00:00,1.0,622.6596805
DE3,ocgt,2021-02-03T06:00:00,1.0,770.0
DE3,ocgt,2021-02-03T09:00:00,1.0,770.0
DE3,ocgt,2021-02-03T12:00:00,1.0,770.0
DE3,ocgt,2021-02-03T15:00:00,1.0,770.0
DE3,ocgt,2021-02-03T18:00:00,1.0,770.0
DE3,ocgt,2021-02-03T21:00:00,1.0,0.0
DE3,ocgt,2021-02-04T00:00:00,1.0,0.0
DE3,ocgt,2021-02-04T03:00:00,1.0,770.0
DE3,ocgt,2021-02-04T06:00:00,1.0,0.0
DE3,ocgt,2021-02-04T09:00:00,1.0,0.0
DE3,ocgt,2021-02-04T12:00:00,1.0,0.0
DE3,ocgt,2021-02-04T15:00:00,1.0,0.0
DE3,ocgt,2021-02-04T18:00:00,1.0,770.0
DE3,ocgt,2021-02-04T21:00:00,1.0,0.0
DE3,ocgt,2021-02-05T00:00:00,1.0,0.0
DE3,ocgt,2021-02-05T03:00:00,1.0,0.0
DE3,ocgt,2021-02-05T06:00:00,1.0,770.0
DE3,ocgt,2021-02-05T09:00:00,1.0,0.0
DE3,ocgt,2021-02-05T12:00:00,1.0,0.0
DE3,ocgt,2021-02-05T15:00:00,1.0,0.0
DE3,ocgt,2021-02-05T18:00:00,1.0,0.0
DE3,ocgt,2021-02-05T21:00:00,1.0,0.0
DE3,ocgt,2021-02-06T00:00:00,1.0,770.0
DE3,ocgt,2021-02-06T03:00:00,1.0,770.0
DE3,ocgt,2021-02-06T06:00:00,1.0,0.0
DE3,ocgt,2021-02-06T09:00:00,1.0,0.0
DE3,ocgt,2021-02-06T12:00:00,1.0,0.0
DE3,ocgt,2021-02-06T15:00:00,1.0,0.0
DE3,ocgt,2021-02-06T18:00:00,1.0,770.0
DE3,ocgt,2021-02-06T21:00:00,1.0,770.0
DE3,ocgt,2021-02-07T00:00:00,1.0,770.0
DE3,ocgt,2021-02-07T03:00:00,1.0,770.0
DE3,ocgt,2021-02-07T06:00:00,1.0,770.0
DE3,ocgt,2021-02-07T09:00:00,1.0,0.0
DE3,ocgt,2021-02-07T12:00:00,1.0,0.0
DE3,ocgt,2021-02-07T15:00:00,1.0,0.0
DE3,ocgt,2021-02-07T18:00:00,1.0,770.0
DE3,ocgt,2021-02-07T21:00:00,1.0,770.0
DE3,offwind,2021-01-25T00:00:00,1.0,117.792
DE3,offwind,2021-01-25T03:00:00,1.0,128.304
DE3,offwind,2021-01-25T06:00:00,1.0,138.636
DE3,offwind,2021-01-25T09:00:00,1.0,0.0
DE3,offwind,2021-01-25T12:00:00,1.0,0.0
DE3,offwind,2021-01-25T15:00:00,1.0,167.04000000000002
DE3,offwind,2021-01-25T18:00:00,1.0,175.176
DE3,offwind,2021-01-25T21:00:00,1.0,182.412
DE3,offwind,2021-01-26T00:00:00,1.0,197.856
DE3,offwind,2021-01-26T03:00:00,1.0,200.44799999999998
DE3,offwind,2021-01-26T06:00:00,1.0,201.78
DE3,offwind,2021-01-26T09:00:00,1.0,0.0
DE3,offwind,2021-01-26T12:00:00,1.0,0.0
DE3,offwind,2021-01-26T15:00:00,1.0,0.0
DE3,offwind,2021-01-26T18:00:00,1.0,194.07600000000002
DE3,offwind,2021-01-26T21:00:00,1.0,189.072
DE3,offwind,2021-01-27T00:00:00,1.0,167.256
DE3,offwind,2021-01-27T03:00:00,1.0,158.4
DE3,offwind,2021-01-27T06:00:00,1.0,148.89600000000002
DE3,offwind,2021-01-27T09:00:00,1.0,138.888
DE3,offwind,2021-01-27T12:00:00,1.0,0.0
DE3,offwind,2021-01-27T15:00:00,1.0,118.08
DE3,offwind,2021-01-27T18:00:00,1.0,107.604
DE3,offwind,2021-01-27T21:00:00,1.0,97.27199999999999
DE3,offwind,2021-01-28T00:00:00,1.0,8.20368
DE3,offwind,2021-01-28T03:00:00,1.0,8.081402399999998
DE3,offwind,2021-01-28T06:00:00,1.0,7.423920000000001
DE3,offwind,2021-01-28T09:00:00,1.0,6.2807075999999995
DE3,offwind,2021-01-28T12:00:00,1.0,5.0112
DE3,offwind,2021-01-28T15:00:00,1.0,4.0106448
DE3,offwind,2021-01-28T18:00:00,1.0,3.5208000000000004
DE3,offwind,2021-01-28T21:00:00,1.0,3.5836559999999995
DE3,offwind,2021-01-29T00:00:00,1.0,5.6646
DE3,offwind,2021-01-29T03:00:00,1.0,6.835093199999999
DE3,offwind,2021-01-29T06:00:00,1.0,7.937640000000001
DE3,offwind,2021-01-29T09:00:00,1.0,8.672356800000001
DE3,offwind,2021-01-29T12:00:00,1.0,9.007200000000001
DE3,offwind,2021-01-29T15:00:00,1.0,9.2564208
DE3,offwind,2021-01-29T18:00:00,1.0,10.00584
DE3,offwind,2021-01-29T21:00:00,1.0,11.7515448
DE3,offwind,2021-01-30T00:00:00,1.0,20.260223999999997
DE3,offwind,2021-01-30T03:00:00,1.0,23.877374399999997
DE3,offwind,2021-01-30T06:00:00,1.0,26.618112
DE3,offwind,2021-01-30T09:00:00,1.0,27.662648399999995
DE3,offwind,2021-01-30T12:00:00,1.0,27.201456
DE3,offwind,2021-01-30T15:00:00,1.0,26.358912
DE3,offwind,2021-01-30T18:00:00,1.0,26.626751999999996
DE3,offwind,2021-01-30T21:00:00,1.0,28.7846136
DE3,offwind,2021-01-31T00:00:00,1.0,35.614079999999994
DE3,offwind,2021-01-31T03:00:00,1.0,38.906956799999996
DE3,offwind,2021-01-31T06:00:00,1.0,40.356
DE3,offwind,2021-01-31T09:00:00,1.0,39.1724856
DE3,offwind,2021-01-31T12:00:00,1.0,36.0936
DE3,offwind,2021-01-31T15:00:00,1.0,32.8362552
DE3,offwind,2021-01-31T18:00:00,1.0,31.05216
DE3,offwind,2021-01-31T21:00:00,1.0,31.367044800000002
DE3,offwind,2021-02-01T00:00:00,1.0,28.768032
DE3,offwind,2021-02-01T03:00:00,1.0,29.47824
DE3,offwind,2021-02-01T06:00:00,1.0,28.588032000000002
DE3,offwind,2021-02-01T09:00:00,1.0,25.847056799999997
DE3,offwind,2021-02-01T12:00:00,1.0,22.117824
DE3,offwind,2021-02-01T15:00:00,1.0,18.633024000000002
DE3,offwind,2021-02-01T18:00:00,1.0,16.355808
DE3,offwind,2021-02-01T21:00:00,1.0,15.3495216
DE3,offwind,2021-02-02T00:00:00,1.0,10.2546
DE3,offwind,2021-02-02T03:00:00,1.0,9.8893224
DE3,offwind,2021-02-02T06:00:00,1.0,9.01476
DE3,offwind,2021-02-02T09:00:00,1.0,7.685787599999999
DE3,offwind,2021-02-02T12:00:00,1.0,6.263999999999999
DE3,offwind,2021-02-02T15:00:00,1.0,5.1468048
DE3,offwind,2021-02-02T18:00:00,1.0,4.57704
DE3,offwind,2021-02-02T21:00:00,1.0,4.598856
DE3,offwind,2021-02-03T00:00:00,1.0,4.53168
DE3,offwind,2021-02-03T03:00:00,1.0,5.5855331999999995
DE3,offwind,2021-02-03T06:00:00,1.0,6.536880000000002
DE3,offwind,2021-02-03T09:00:00,1.0,7.086916800000001
DE3,offwind,2021-02-03T12:00:00,1.0,7.20576
DE3,offwind,2021-02-03T15:00:00,1.0,7.2130608
DE3,offwind,2021-02-03T18:00:00,1.0,7.6968
DE3,offwind,2021-02-03T21:00:00,1.0,9.157384799999999
DE3,offwind,2021-02-04T00:00:00,1.0,117.792
DE3,offwind,2021-02-04T03:00:00,1.0,128.304
DE3,offwind,2021-02-04T06:00:00,1.0,138.636
DE3,offwind,2021-02-04T09:00:00,1.0,148.644
DE3,offwind,2021-02-04T12:00:00,1.0,0.0
DE3,offwind,2021-02-04T15:00:00,1.0,0.0
DE3,offwind,2021-02-04T18:00:00,1.0,175.176
DE3,offwind,2021-02-04T21:00:00,1.0,182.412
DE3,offwind,2021-02-05T00:00:00,1.0,197.856
DE3,offwind,2021-02-05T03:00:00,1.0,200.44799999999998
DE3,offwind,2021-02-05T06:00:00,1.0,201.78
DE3,offwind,2021-02-05T09:00:00,1.0,201.816
DE3,offwind,2021-02-05T12:00:00,1.0,0.0
DE3,offwind,2021-02-05T15:00:00,1.0,197.928
DE3,offwind,2021-02-05T18:00:00,1.0,194.07600000000002
DE3,offwind,2021-02-05T21:00:00,1.0,189.072
DE3,offwind,2021-02-06T00:00:00,1.0,167.256
DE3,offwind,2021-02-06T03:00:00,1.0,158.4
DE3,offwind,2021-02-06T06:00:00,1.0,148.89600000000002
DE3,offwind,2021-02-06T09:00:00,1.0,138.888
DE3,offwind,2021-02-06T12:00:00,1.0,128.592
DE3,offwind,2021-02-06T15:00:00,1.0,118.08
DE3,offwind,2021-02-06T18:00:00,1.0,107.604
DE3,offwind,2021-02-06T21:00:00,1.0,97.27199999999999
DE3,offwind,2021-02-07T00:00:00,1.0,68.364
DE3,offwind,2021-02-07T03:00:00,1.0,60.263999999999996
DE3,offwind,2021-02-07T06:00:00,1.0,53.02799999999999
DE3,offwind,2021-02-07T09:00:00,1.0,46.836
DE3,offwind,2021-02-07T12:00:00,1.0,41.760000000000005
DE3,offwind,2021-02-07T15:00:00,1.0,37.872
DE3,offwind,2021-02-07T18:00:00,1.0,35.208
DE3,offwind,2021-02-07T21:00:00,1.0,33.84
DE3,onwind,2021-01-25T00:00:00,1.0,1740.375
DE3,onwind,2021-01-25T03:00:00,1.0,1895.4
DE3,onwind,2021-01-25T06:00:00,1.0,2048.085
DE3,onwind,2021-01-25T09:00:00,1.0,2195.505
DE3,onwind,2021-01-25T12:00:00,1.0,0.0
DE3,onwind,2021-01-25T15:00:00,1.0,2467.53
DE3,onwind,2021-01-25T18:00:00,1.0,2587.4550000000004
DE3,onwind,2021-01-25T21:00:00,1.0,2694.51
DE3,onwind,2021-01-26T00:00:00,1.0,2922.66
DE3,onwind,2021-01-26T03:00:00,1.0,2961.27
DE3,onwind,2021-01-26T06:00:00,1.0,2981.1600000000003
DE3,onwind,2021-01-26T09:00:00,1.0,884.163
DE3,onwind,2021-01-26T12:00:00,1.0,0.0
DE3,onwind,2021-01-26T15:00:00,1.0,0.0
DE3,onwind,2021-01-26T18:00:00,1.0,2867.085
DE3,onwind,2021-01-26T21:00:00,1.0,2792.79
DE3,onwind,2021-01-27T00:00:00,1.0,2471.04
DE3,onwind,2021-01-27T03:00:00,1.0,2340.0
DE3,onwind,2021-01-27T06:00:00,1.0,2199.6
DE3,onwind,2021-01-27T09:00:00,1.0,0.0
DE3,onwind,2021-01-27T12:00:00,1.0,0.0
DE3,onwind,2021-01-27T15:00:00,1.0,1744.47
DE3,onwind,2021-01-27T18:00:00,1.0,1589.445
DE3,onwind,2021-01-27T21:00:00,1.0,1436.76
DE3,onwind,2021-01-28T00:00:00,1.0,121.16520000000001
DE3,onwind,2021-01-28T03:00:00,1.0,119.32016850000001
DE3,onwind,2021-01-28T06:00:00,1.0,109.66410000000002
DE3,onwind,2021-01-28T09:00:00,1.0,92.80457550000001
DE3,onwind,2021-01-28T12:00:00,1.0,74.06099999999999
DE3,onwind,2021-01-28T15:00:00,1.0,59.22563399999999
DE3,onwind,2021-01-28T18:00:00,1.0,52.0065
DE3,onwind,2021-01-28T21:00:00,1.0,52.9685325
DE3,onwind,2021-01-29T00:00:00,1.0,83.7135
DE3,onwind,2021-01-29T03:00:00,1.0,100.990422
DE3,onwind,2021-01-29T06:00:00,1.0,117.25155000000001
DE3,onwind,2021-01-29T09:00:00,1.0,128.1579975
DE3,onwind,2021-01-29T12:00:00,1.0,133.029
DE3,onwind,2021-01-29T15:00:00,1.0,136.74257999999998
DE3,onwind,2021-01-29T18:00:00,1.0,147.8412
DE3,onwind,2021-01-29T21:00:00,1.0,173.631276
DE3,onwind,2021-01-30T00:00:00,1.0,299.3445
DE3,onwind,2021-01-30T03:00:00,1.0,352.73394
DE3,onwind,2021-01-30T06:00:00,1.0,393.23232
DE3,onwind,2021-01-30T09:00:00,1.0,408.58348049999995
DE3,onwind,2021-01-30T12:00:00,1.0,401.87627999999995
DE3,onwind,2021-01-30T15:00:00,1.0,389.376234
DE3,onwind,2021-01-30T18:00:00,1.0,393.29316
DE3,onwind,2021-01-30T21:00:00,1.0,425.193678
DE3,onwind,2021-01-31T00:00:00,1.0,526.0788
DE3,onwind,2021-01-31T03:00:00,1.0,574.782507
DE3,onwind,2021-01-31T06:00:00,1.0,596.2320000000001
DE3,onwind,2021-01-31T09:00:00,1.0,578.6431560000001
DE3,onwind,2021-01-31T12:00:00,1.0,533.1338999999999
DE3,onwind,2021-01-31T15:00:00,1.0,485.063397
DE3,onwind,2021-01-31T18:00:00,1.0,458.7336
DE3,onwind,2021-01-31T21:00:00,1.0,463.32386099999997
DE3,onwind,2021-02-01T00:00:00,1.0,425.01887999999997
DE3,onwind,2021-02-01T03:00:00,1.0,435.47399999999993
DE3,onwind,2021-02-01T06:00:00,1.0,422.32320000000004
DE3,onwind,2021-02-01T09:00:00,1.0,381.910698
DE3,onwind,2021-02-01T12:00:00,1.0,326.71313999999995
DE3,onwind,2021-02-01T15:00:00,1.0,275.27736600000003
DE3,onwind,2021-02-01T18:00:00,1.0,241.59564
DE3,onwind,2021-02-01T21:00:00,1.0,226.720728
DE3,onwind,2021-02-02T00:00:00,1.0,151.4565
DE3,onwind,2021-02-02T03:00:00,1.0,146.0137185
DE3,onwind,2021-02-02T06:00:00,1.0,133.16355
DE3,onwind,2021-02-02T09:00:00,1.0,113.5662255
DE3,onwind,2021-02-02T12:00:00,1.0,92.57624999999999
DE3,onwind,2021-02-02T15:00:00,1.0,76.003434
DE3,onwind,2021-02-02T18:00:00,1.0,67.60845
DE3,onwind,2021-02-02T21:00:00,1.0,67.9737825
DE3,onwind,2021-02-03T00:00:00,1.0,66.9708
DE3,onwind,2021-02-03T03:00:00,1.0,82.527822
DE3,onwind,2021-02-03T06:00:00,1.0,96.56010000000002
DE3,onwind,2021-02-03T09:00:00,1.0,104.72874750000001
DE3,onwind,2021-02-03T12:00:00,1.0,106.4232
DE3,onwind,2021-02-03T15:00:00,1.0,106.55657999999998
DE3,onwind,2021-02-03T18:00:00,1.0,113.72399999999999
DE3,onwind,2021-02-03T21:00:00,1.0,135.302076
DE3,onwind,2021-02-04T00:00:00,1.0,1740.375
DE3,onwind,2021-02-04T03:00:00,1.0,1895.4
DE3,onwind,2021-02-04T06:00:00,1.0,2048.085
DE3,onwind,2021-02-04T09:00:00,1.0,2195.505
DE3,onwind,2021-02-04T12:00:00,1.0,0.0
DE3,onwind,2021-02-04T15:00:00,1.0,2467.53
DE3,onwind,2021-02-04T18:00:00,1.0,2587.4550000000004
DE3,onwind,2021-02-04T21:00:00,1.0,2694.51
DE3,onwind,2021-02-05T00:00:00,1.0,2922.66
DE3,onwind,2021-02-05T03:00:00,1.0,2961.27
DE3,onwind,2021-02-05T06:00:00,1.0,2981.1600000000003
DE3,onwind,2021-02-05T09:00:00,1.0,2114.1570000000006
DE3,onwind,2021-02-05T12:00:00,1.0,0.0
DE3,onwind,2021-02-05T15:00:00,1.0,2923.83
DE3,onwind,2021-02-05T18:00:00,1.0,2867.085
DE3,onwind,2021-02-05T21:00:00,1.0,2792.79
DE3,onwind,2021-02-06T00:00:00,1.0,2471.04
DE3,onwind,2021-02-06T03:00:00,1.0,2340.0
DE3,onwind,2021-02-06T06:00:00,1.0,2199.6
DE3,onwind,2021-02-06T09:00:00,1.0,2052.18
DE3,onwind,2021-02-06T12:00:00,1.0,0.0
DE3,onwind,2021-02-06T15:00:00,1.0,1744.47
DE3,onwind,2021-02-06T18:00:00,1.0,1589.445
DE3,onwind,2021-02-06T21:00:00,1.0,1436.76
DE3,onwind,2021-02-07T00:00:00,1.0,1009.71
DE3,onwind,2021-02-07T03:00:00,1.0,889.7850000000001
DE3,onwind,2021-02-07T06:00:00,1.0,783.3149999999999
DE3,onwind,2021-02-07T09:00:00,1.0,692.0550000000001
DE3,onwind,2021-02-07T12:00:00,1.0,617.175
DE3,onwind,2021-02-07T15:00:00,1.0,559.26
DE3,onwind,2021-02-07T18:00:00,1.0,520.065
DE3,onwind,2021-02-07T21:00:00,1.0,500.175
DE3,solar,2021-01-25T00:00:00,1.0,0.0
DE3,solar,2021-01-25T03:00:00,1.0,0.0
DE3,solar,2021-01-25T06:00:00,1.0,0.0
DE3,solar,2021-01-25T09:00:00,1.0,3500.145
DE3,solar,2021-01-25T12:00:00,1.0,4950.0
DE3,solar,2021-01-25T15:00:00,1.0,3500.145
DE3,solar,2021-01-25T18:00:00,1.0,0.0
DE3,solar,2021-01-25T21:00:00,1.0,0.0
DE3,solar,2021-01-26T00:00:00,1.0,0.0
DE3,solar,2021-01-26T03:00:00,1.0,0.0
DE3,solar,2021-01-26T06:00:00,1.0,0.0
DE3,solar,2021-01-26T09:00:00,1.0,3500.145
DE3,solar,2021-01-26T12:00:00,1.0,4950.0
DE3,solar,2021-01-26T15:00:00,1.0,3500.145
DE3,solar,2021-01-26T18:00:00,1.0,0.0
DE3,solar,2021-01-26T21:00:00,1.0,0.0
DE3,solar,2021-01-27T00:00:00,1.0,0.0
DE3,solar,2021-01-27T03:00:00,1.0,0.0
DE3,solar,2021-01-27T06:00:00,1.0,0.0
DE3,solar,2021-01-27T09:00:00,1.0,3500.145
DE3,solar,2021-01-27T12:00:00,1.0,4950.0
DE3,solar,2021-01-27T15:00:00,1.0,3500.145
DE3,solar,2021-01-27T18:00:00,1.0,0.0
DE3,solar,2021-01-27T21:00:00,1.0,0.0
DE3,solar,2021-01-28T00:00:00,1.0,0.0
DE3,solar,2021-01-28T03:00:00,1.0,0.0
DE3,solar,2021-01-28T06:00:00,1.0,0.0
DE3,solar,2021-01-28T09:00:00,1.0,263.910933
DE3,solar,2021-01-28T12:00:00,1.0,445.5
DE3,solar,2021-01-28T15:00:00,1.0,263.910933
DE3,solar,2021-01-28T18:00:00,1.0,0.0
DE3,solar,2021-01-28T21:00:00,1.0,0.0
DE3,solar,2021-01-29T00:00:00,1.0,0.0
DE3,solar,2021-01-29T03:00:00,1.0,0.0
DE3,solar,2021-01-29T06:00:00,1.0,0.0
DE3,solar,2021-01-29T09:00:00,1.0,325.51348499999995
DE3,solar,2021-01-29T12:00:00,1.0,569.25
DE3,solar,2021-01-29T15:00:00,1.0,325.51348499999995
DE3,solar,2021-01-29T18:00:00,1.0,0.0
DE3,solar,2021-01-29T21:00:00,1.0,0.0
DE3,solar,2021-01-30T00:00:00,1.0,0.0
DE3,solar,2021-01-30T03:00:00,1.0,0.0
DE3,solar,2021-01-30T06:00:00,1.0,0.0
DE3,solar,2021-01-30T09:00:00,1.0,371.01536999999996
DE3,solar,2021-01-30T12:00:00,1.0,659.835
DE3,solar,2021-01-30T15:00:00,1.0,371.01536999999996
DE3,solar,2021-01-30T18:00:00,1.0,0.0
DE3,solar,2021-01-30T21:00:00,1.0,0.0
DE3,solar,2021-01-31T00:00:00,1.0,0.0
DE3,solar,2021-01-31T03:00:00,1.0,0.0
DE3,solar,2021-01-31T06:00:00,1.0,0.0
DE3,solar,2021-01-31T09:00:00,1.0,387.4660515
DE3,solar,2021-01-31T12:00:00,1.0,693.0000000000001
DE3,solar,2021-01-31T15:00:00,1.0,387.4660515
DE3,solar,2021-01-31T18:00:00,1.0,0.0
DE3,solar,2021-01-31T21:00:00,1.0,0.0
DE3,solar,2021-02-01T00:00:00,1.0,0.0
DE3,solar,2021-02-01T03:00:00,1.0,0.0
DE3,solar,2021-02-01T06:00:00,1.0,0.0
DE3,solar,2021-02-01T09:00:00,1.0,371.01536999999996
DE3,solar,2021-02-01T12:00:00,1.0,659.835
DE3,solar,2021-02-01T15:00:00,1.0,371.01536999999996
DE3,solar,2021-02-01T18:00:00,1.0,0.0
DE3,solar,2021-02-01T21:00:00,1.0,0.0
DE3,solar,2021-02-02T00:00:00,1.0,0.0
DE3,solar,2021-02-02T03:00:00,1.0,0.0
DE3,solar,2021-02-02T06:00:00,1.0,0.0
DE3,solar,2021-02-02T09:00:00,1.0,325.51348499999995
DE3,solar,2021-02-02T12:00:00,1.0,569.25
DE3,solar,2021-02-02T15:00:00,1.0,325.51348499999995
DE3,solar,2021-02-02T18:00:00,1.0,0.0
DE3,solar,2021-02-02T21:00:00,1.0,0.0
DE3,solar,2021-02-03T00:00:00,1.0,0.0
DE3,solar,2021-02-03T03:00:00,1.0,0.0
DE3,solar,2021-02-03T06:00:00,1.0,0.0
DE3,solar,2021-02-03T09:00:00,1.0,263.910933
DE3,solar,2021-02-03T12:00:00,1.0,445.5
DE3,solar,2021-02-03T15:00:00,1.0,263.910933
DE3,solar,2021-02-03T18:00:00,1.0,0.0
DE3,solar,2021-02-03T21:00:00,1.0,0.0
DE3,solar,2021-02-04T00:00:00,1.0,0.0
DE3,solar,2021-02-04T03:00:00,1.0,0.0
DE3,solar,2021-02-04T06:00:00,1.0,0.0
DE3,solar,2021-02-04T09:00:00,1.0,3500.145
DE3,solar,2021-02-04T12:00:00,1.0,4950.0
DE3,solar,2021-02-04T15:00:00,1.0,3500.145
DE3,solar,2021-02-04T18:00:00,1.0,0.0
DE3,solar,2021-02-04T21:00:00,1.0,0.0
DE3,solar,2021-02-05T00:00:00,1.0,0.0
DE3,solar,2021-02-05T03:00:00,1.0,0.0
DE3,solar,2021-02-05T06:00:00,1.0,0.0
DE3,solar,2021-02-05T09:00:00,1.0,3500.145
DE3,solar,2021-02-05T12:00:00,1.0,4950.0
DE3,solar,2021-02-05T15:00:00,1.0,3500.145
DE3,solar,2021-02-05T18:00:00,1.0,0.0
DE3,solar,2021-02-05T21:00:00,1.0,0.0
DE3,solar,2021-02-06T00:00:00,1.0,0.0
DE3,solar,2021-02-06T03:00:00,1.0,0.0
DE3,solar,2021-02-06T06:00:00,1.0,0.0
DE3,solar,2021-02-06T09:00:00,1.0,3500.145
DE3,solar,2021-02-06T12:00:00,1.0,4950.0
DE3,solar,2021-02-06T15:00:00,1.0,3500.145
DE3,solar,2021-02-06T18:00:00,1.0,0.0
DE3,solar,2021-02-06T21:00:00,1.0,0.0
DE3,solar,2021-02-07T00:00:00,1.0,0.0
DE3,solar,2021-02-07T03:00:00,1.0,0.0
DE3,solar,2021-02-07T06:00:00,1.0,0.0
DE3,solar,2021-02-07T09:00:00,1.0,3500.145
DE3,solar,2021-02-07T12:00:00,1.0,4950.0
DE3,solar,2021-02-07T15:00:00,1.0,3500.145
DE3,solar,2021-02-07T18:00:00,1.0,0.0
DE3,solar,2021-02-07T21:00:00,1.0,0.0
DE4,ccgt,2021-01-25T00:00:00,1.0,2040.0
DE4,ccgt,2021-01-25T03:00:00,1.0,2040.0
DE4,ccgt,2021-01-25T06:00:00,1.0,2040.0
DE4,ccgt,2021-01-25T09:00:00,1.0,612.0
DE4,ccgt,2021-01-25T12:00:00,1.0,612.0
DE4,ccgt,2021-01-25T15:00:00,1.0,612.0
DE4,ccgt,2021-01-25T18:00:00,1.0,2040.0
DE4,ccgt,2021-01-25T21:00:00,1.0,2040.0
DE4,ccgt,2021-01-26T00:00:00,1.0,612.0
DE4,ccgt,2021-01-26T03:00:00,1.0,1201.2480000000014
DE4,ccgt,2021-01-26T06:00:00,1.0,2040.0
DE4,ccgt,2021-01-26T09:00:00,1.0,612.0
DE4,ccgt,2021-01-26T12:00:00,1.0,612.0
DE4,ccgt,2021-01-26T15:00:00,1.0,612.0
DE4,ccgt,2021-01-26T18:00:00,1.0,2040.0
DE4,ccgt,2021-01-26T21:00:00,1.0,612.0
DE4,ccgt,2021-01-27T00:00:00,1.0,2040.0
DE4,ccgt,2021-01-27T03:00:00,1.0,2040.0
DE4,ccgt,2021-01-27T06:00:00,1.0,2040.0
DE4,ccgt,2021-01-27T09:00:00,1.0,612.0
DE4,ccgt,2021-01-27T12:00:00,1.0,612.0
DE4,ccgt,2021-01-27T15:00:00,1.0,612.0
DE4,ccgt,2021-01-27T18:00:00,1.0,2040.0
DE4,ccgt,2021-01-27T21:00:00,1.0,2040.0
DE4,ccgt,2021-01-28T00:00:00,1.0,2040.0
DE4,ccgt,2021-01-28T03:00:00,1.0,2040.0
DE4,ccgt,2021-01-28T06:00:00,1.0,2040.0
DE4,ccgt,2021-01-28T09:00:00,1.0,2040.0
DE4,ccgt,2021-01-28T12:00:00,1.0,2040.0
DE4,ccgt,2021-01-28T15:00:00,1.0,2040.0
DE4,ccgt,2021-01-28T18:00:00,1.0,2040.0
DE4,ccgt,2021-01-28T21:00:00,1.0,2040.0
DE4,ccgt,2021-01-29T00:00:00,1.0,2040.0
DE4,ccgt,2021-01-29T03:00:00,1.0,2040.0
DE4,ccgt,2021-01-29T06:00:00,1.0,2040.0
DE4,ccgt,2021-01-29T09:00:00,1.0,2040.0
DE4,ccgt,2021-01-29T12:00:00,1.0,2040.0
DE4,ccgt,2021-01-29T15:00:00,1.0,2040.0
DE4,ccgt,2021-01-29T18:00:00,1.0,2040.0
DE4,ccgt,2021-01-29T21:00:00,1.0,2040.0
DE4,ccgt,2021-01-30T00:00:00,1.0,2040.0
DE4,ccgt,2021-01-30T03:00:00,1.0,2040.0
DE4,ccgt,2021-01-30T06:00:00,1.0,2040.0
DE4,ccgt,2021-01-30T09:00:00,1.0,2040.0
DE4,ccgt,2021-01-30T12:00:00,1.0,2040.0
DE4,ccgt,2021-01-30T15:00:00,1.0,2040.0
DE4,ccgt,2021-01-30T18:00:00,1.0,2040.0
DE4,ccgt,2021-01-30T21:00:00,1.0,2040.0
DE4,ccgt,2021-01-31T00:00:00,1.0,2040.0
DE4,ccgt,2021-01-31T03:00:00,1.0,2040.0
DE4,ccgt,2021-01-31T06:00:00,1.0,2040.0
DE4,ccgt,2021-01-31T09:00:00,1.0,2040.0
DE4,ccgt,2021-01-31T12:00:00,1.0,2040.0
DE4,ccgt,2021-01-31T15:00:00,1.0,2040.0
DE4,ccgt,2021-01-31T18:00:00,1.0,2040.0
DE4,ccgt,2021-01-31T21:00:00,1.0,2040.0
DE4,ccgt,2021-02-01T00:00:00,1.0,2040.0
DE4,ccgt,2021-02-01T03:00:00,1.0,2040.0
DE4,ccgt,2021-02-01T06:00:00,1.0,2040.0
DE4,ccgt,2021-02-01T09:00:00,1.0,2040.0
DE4,ccgt,2021-02-01T12:00:00,1.0,2040.0
DE4,ccgt,2021-02-01T15:00:00,1.0,2040.0
DE4,ccgt,2021-02-01T18:00:00,1.0,2040.0
DE4,ccgt,2021-02-01T21:00:00,1.0,2040.0
DE4,ccgt,2021-02-02T00:00:00,1.0,2040.0
DE4,ccgt,2021-02-02T03:00:00,1.0,2040.0
DE4,ccgt,2021-02-02T06:00:00,1.0,2040.0
DE4,ccgt,2021-02-02T09:00:00,1.0,2040.0
DE4,ccgt,2021-02-02T12:00:00,1.0,2040.0
DE4,ccgt,2021-02-02T15:00:00,1.0,2040.0
DE4,ccgt,2021-02-02T18:00:00,1.0,2040.0
DE4,ccgt,2021-02-02T21:00:00,1.0,2040.0
DE4,ccgt,2021-02-03T00:00:00,1.0,2040.0
DE4,ccgt,2021-02-03T03:00:00,1.0,2040.0
DE4,ccgt,2021-02-03T06:00:00,1.0,2040.0
DE4,ccgt,2021-02-03T09:00:00,1.0,2040.0
DE4,ccgt,2021-02-03T12:00:00,1.0,2040.0
DE4,ccgt,2021-02-03T15:00:00,1.0,2040.0
DE4,ccgt,2021-02-03T18:00:00,1.0,2040.0
DE4,ccgt,2021-02-03T21:00:00,1.0,2040.0
DE4,ccgt,2021-02-04T00:00:00,1.0,2040.0
DE4,ccgt,2021-02-04T03:00:00,1.0,2040.0
DE4,ccgt,2021-02-04T06:00:00,1.0,2040.0
DE4,ccgt,2021-02-04T09:00:00,1.0,612.0
DE4,ccgt,2021-02-04T12:00:00,1.0,612.0
DE4,ccgt,2021-02-04T15:00:00,1.0,612.0
DE4,ccgt,2021-02-04T18:00:00,1.0,2040.0
DE4,ccgt,2021-02-04T21:00:00,1.0,2040.0
DE4,ccgt,2021-02-05T00:00:00,1.0,2040.0
DE4,ccgt,2021-02-05T03:00:00,1.0,2040.0
DE4,ccgt,2021-02-05T06:00:00,1.0,2040.0
DE4,ccgt,2021-02-05T09:00:00,1.0,612.0
DE4,ccgt,2021-02-05T12:00:00,1.0,612.0
DE4,ccgt,2021-02-05T15:00:00,1.0,612.0
DE4,ccgt,2021-02-05T18:00:00,1.0,2040.0
DE4,ccgt,2021-02-05T21:00:00,1.0,2040.0
DE4,ccgt,2021-02-06T00:00:00,1.0,2040.0
DE4,ccgt,2021-02-06T03:00:00,1.0,2040.0
DE4,ccgt,2021-02-06T06:00:00,1.0,2040.0
DE4,ccgt,2021-02-06T09:00:00,1.0,612.0
DE4,ccgt,2021-02-06T12:00:00,1.0,612.0
DE4,ccgt,2021-02-06T15:00:00,1.0,612.0
DE4,ccgt,2021-02-06T18:00:00,1.0,2040.0
DE4,ccgt,2021-02-06T21:00:00,1.0,2040.0
DE4,ccgt,2021-02-07T00:00:00,1.0,2040.0
DE4,ccgt,2021-02-07T03:00:00,1.0,2040.0
DE4,ccgt,2021-02-07T06:00:00,1.0,2040.0
DE4,ccgt,2021-02-07T09:00:00,1.0,2040.0
DE4,ccgt,2021-02-07T12:00:00,1.0,612.0
DE4,ccgt,2021-02-07T15:00:00,1.0,2040.0
DE4,ccgt,2021-02-07T18:00:00,1.0,2040.0
DE4,ccgt,2021-02-07T21:00:00,1.0,2040.0
DE4,ocgt,2021-01-25T00:00:00,1.0,890.0
DE4,ocgt,2021-01-25T03:00:00,1.0,0.0
DE4,ocgt,2021-01-25T06:00:00,1.0,0.0
DE4,ocgt,2021-01-25T09:00:00,1.0,0.0
DE4,ocgt,2021-01-25T12:00:00,1.0,0.0
DE4,ocgt,2021-01-25T15:00:00,1.0,0.0
DE4,ocgt,2021-01-25T18:00:00,1.0,0.0
DE4,ocgt,2021-01-25T21:00:00,1.0,0.0
DE4,ocgt,2021-01-26T00:00:00,1.0,0.0
DE4,ocgt,2021-01-26T03:00:00,1.0,0.0
DE4,ocgt,2021-01-26T06:00:00,1.0,0.0
DE4,ocgt,2021-01-26T09:00:00,1.0,0.0
DE4,ocgt,2021-01-26T12:00:00,1.0,0.0
DE4,ocgt,2021-01-26T15:00:00,1.0,0.0
DE4,ocgt,2021-01-26T18:00:00,1.0,0.0
DE4,ocgt,2021-01-26T21:00:00,1.0,0.0
DE4,ocgt,2021-01-27T00:00:00,1.0,0.0
DE4,ocgt,2021-01-27T03:00:00,1.0,0.0
DE4,ocgt,2021-01-27T06:00:00,1.0,0.0
DE4,ocgt,2021-01-27T09:00:00,1.0,0.0
DE4,ocgt,2021-01-27T12:00:00,1.0,0.0
DE4,ocgt,2021-01-27T15:00:00,1.0,0.0
DE4,ocgt,2021-01-27T18:00:00,1.0,0.0
DE4,ocgt,2021-01-27T21:00:00,1.0,0.0
DE4,ocgt,2021-01-28T00:00:00,1.0,890.0
DE4,ocgt,2021-01-28T03:00:00,1.0,0.0
DE4,ocgt,2021-01-28T06:00:00,1.0,890.0
DE4,ocgt,2021-01-28T09:00:00,1.0,890.0
DE4,ocgt,2021-01-28T12:00:00,1.0,890.0
DE4,ocgt,2021-01-28T15:00:00,1.0,890.0
DE4,ocgt,2021-01-28T18:00:00,1.0,890.0
DE4,ocgt,2021-01-28T21:00:00,1.0,890.0
DE4,ocgt,2021-01-29T00:00:00,1.0,0.0
DE4,ocgt,2021-01-29T03:00:00,1.0,0.0
DE4,ocgt,2021-01-29T06:00:00,1.0,386.05049439999755
DE4,ocgt,2021-01-29T09:00:00,1.0,890.0
DE4,ocgt,2021-01-29T12:00:00,1.0,890.0
DE4,ocgt,2021-01-29T15:00:00,1.0,890.0
DE4,ocgt,2021-01-29T18:00:00,1.0,890.0
DE4,ocgt,2021-01-29T21:00:00,1.0,0.0
DE4,ocgt,2021-01-30T00:00:00,1.0,0.0
DE4,ocgt,2021-01-30T03:00:00,1.0,890.0
DE4,ocgt,2021-01-30T06:00:00,1.0,0.0
DE4,ocgt,2021-01-30T09:00:00,1.0,890.0
DE4,ocgt,2021-01-30T12:00:00,1.0,25.76940440000176
DE4,ocgt,2021-01-30T15:00:00,1.0,890.0
DE4,ocgt,2021-01-30T18:00:00,1.0,890.0
DE4,ocgt,2021-01-30T21:00:00,1.0,890.0
DE4,ocgt,2021-01-31T00:00:00,1.0,890.0
DE4,ocgt,2021-01-31T03:00:00,1.0,890.0
DE4,ocgt,2021-01-31T06:00:00,1.0,890.0
DE4,ocgt,2021-01-31T09:00:00,1.0,0.0
DE4,ocgt,2021-01-31T12:00:00,1.0,890.0
DE4,ocgt,2021-01-31T15:00:00,1.0,890.0
DE4,ocgt,2021-01-31T18:00:00,1.0,890.0
DE4,ocgt,2021-01-31T21:00:00,1.0,890.0
DE4,ocgt,2021-02-01T00:00:00,1.0,890.0
DE4,ocgt,2021-02-01T03:00:00,1.0,890.0
DE4,ocgt,2021-02-01T06:00:00,1.0,890.0
DE4,ocgt,2021-02-01T09:00:00,1.0,0.0
DE4,ocgt,2021-02-01T12:00:00,1.0,890.0
DE4,ocgt,2021-02-01T15:00:00,1.0,0.0
DE4,ocgt,2021-02-01T18:00:00,1.0,890.0
DE4,ocgt,2021-02-01T21:00:00,1.0,890.0
DE4,ocgt,2021-02-02T00:00:00,1.0,890.0
DE4,ocgt,2021-02-02T03:00:00,1.0,890.0
DE4,ocgt,2021-02-02T06:00:00,1.0,890.0
DE4,ocgt,2021-02-02T09:00:00,1.0,890.0
DE4,ocgt,2021-02-02T12:00:00,1.0,0.0
DE4,ocgt,2021-02-02T15:00:00,1.0,890.0
DE4,ocgt,2021-02-02T18:00:00,1.0,890.0
DE4,ocgt,2021-02-02T21:00:00,1.0,890.0
DE4,ocgt,2021-02-03T00:00:00,1.0,890.0
DE4,ocgt,2021-02-03T03:00:00,1.0,0.0
DE4,ocgt,2021-02-03T06:00:00,1.0,890.0
DE4,ocgt,2021-02-03T09:00:00,1.0,890.0
DE4,ocgt,2021-02-03T12:00:00,1.0,890.0
DE4,ocgt,2021-02-03T15:00:00,1.0,0.0
DE4,ocgt,2021-02-03T18:00:00,1.0,890.0
DE4,ocgt,2021-02-03T21:00:00,1.0,0.0
DE4,ocgt,2021-02-04T00:00:00,1.0,890.0
DE4,ocgt,2021-02-04T03:00:00,1.0,890.0
DE4,ocgt,2021-02-04T06:00:00,1.0,890.0
DE4,ocgt,2021-02-04T09:00:00,1.0,0.0
DE4,ocgt,2021-02-04T12:00:00,1.0,0.0
DE4,ocgt,2021-02-04T15:00:00,1.0,0.0
DE4,ocgt,2021-02-04T18:00:00,1.0,0.0
DE4,ocgt,2021-02-04T21:00:00,1.0,0.0
DE4,ocgt,2021-02-05T00:00:00,1.0,0.0
DE4,ocgt,2021-02-05T03:00:00,1.0,0.0
DE4,ocgt,2021-02-05T06:00:00,1.0,890.0
DE4,ocgt,2021-02-05T09:00:00,1.0,0.0
DE4,ocgt,2021-02-05T12:00:00,1.0,0.0
DE4,ocgt,2021-02-05T15:00:00,1.0,0.0
DE4,ocgt,2021-02-05T18:00:00,1.0,890.0
DE4,ocgt,2021-02-05T21:00:00,1.0,0.0
DE4,ocgt,2021-02-06T00:00:00,1.0,890.0
DE4,ocgt,2021-02-06T03:00:00,1.0,0.0
DE4,ocgt,2021-02-06T06:00:00,1.0,0.0
DE4,ocgt,2021-02-06T09:00:00,1.0,0.0
DE4,ocgt,2021-02-06T12:00:00,1.0,0.0
DE4,ocgt,2021-02-06T15:00:00,1.0,0.0
DE4,ocgt,2021-02-06T18:00:00,1.0,0.0
DE4,ocgt,2021-02-06T21:00:00,1.0,890.0
DE4,ocgt,2021-02-07T00:00:00,1.0,890.0
DE4,ocgt,2021-02-07T03:00:00,1.0,890.0
DE4,ocgt,2021-02-07T06:00:00,1.0,890.0
DE4,ocgt,2021-02-07T09:00:00,1.0,890.0
DE4,ocgt,2021-02-07T12:00:00,1.0,0.0
DE4,ocgt,2021-02-07T15:00:00,1.0,0.0
DE4,ocgt,2021-02-07T18:00:00,1.0,890.0
DE4,ocgt,2021-02-07T21:00:00,1.0,890.0
DE4,offwind,2021-01-25T00:00:00,1.0,170.144
DE4,offwind,2021-01-25T03:00:00,1.0,185.328
DE4,offwind,2021-01-25T06:00:00,1.0,200.252
DE4,offwind,2021-01-25T09:00:00,1.0,214.708
DE4,offwind,2021-01-25T12:00:00,1.0,0.0
DE4,offwind,2021-01-25T15:00:00,1.0,0.0
DE4,offwind,2021-01-25T18:00:00,1.0,253.03199999999998
DE4,offwind,2021-01-25T21:00:00,1.0,263.48400000000004
DE4,offwind,2021-01-26T00:00:00,1.0,285.792
DE4,offwind,2021-01-26T03:00:00,1.0,289.536
DE4,offwind,2021-01-26T06:00:00,1.0,291.46
DE4,offwind,2021-01-26T09:00:00,1.0,291.512
DE4,offwind,2021-01-26T12:00:00,1.0,0.0
DE4,offwind,2021-01-26T15:00:00,1.0,285.89599999999996
DE4,offwind,2021-01-26T18:00:00,1.0,280.332
DE4,offwind,2021-01-26T21:00:00,1.0,273.104
DE4,offwind,2021-01-27T00:00:00,1.0,241.592
DE4,offwind,2021-01-27T03:00:00,1.0,228.8
DE4,offwind,2021-01-27T06:00:00,1.0,215.072
DE4,offwind,2021-01-27T09:00:00,1.0,200.61599999999999
DE4,offwind,2021-01-27T12:00:00,1.0,0.0
DE4,offwind,2021-01-27T15:00:00,1.0,170.56
DE4,offwind,2021-01-27T18:00:00,1.0,155.428
DE4,offwind,2021-01-27T21:00:00,1.0,140.504
DE4,offwind,2021-01-28T00:00:00,1.0,11.84976
DE4,offwind,2021-01-28T03:00:00,1.0,11.673136799999998
DE4,offwind,2021-01-28T06:00:00,1.0,10.72344
DE4,offwind,2021-01-28T09:00:00,1.0,9.0721332
DE4,offwind,2021-01-28T12:00:00,1.0,7.2384
DE4,offwind,2021-01-28T15:00:00,1.0,5.7931536
DE4,offwind,2021-01-28T18:00:00,1.0,5.0856
DE4,offwind,2021-01-28T21:00:00,1.0,5.176392
DE4,offwind,2021-01-29T00:00:00,1.0,8.1822
DE4,offwind,2021-01-29T03:00:00,1.0,9.872912399999999
DE4,offwind,2021-01-29T06:00:00,1.0,11.465480000000001
DE4,offwind,2021-01-29T09:00:00,1.0,12.5267376
DE4,offwind,2021-01-29T12:00:00,1.0,13.0104
DE4,offwind,2021-01-29T15:00:00,1.0,13.3703856
DE4,offwind,2021-01-29T18:00:00,1.0,14.45288
DE4,offwind,2021-01-29T21:00:00,1.0,16.9744536
DE4,offwind,2021-01-30T00:00:00,1.0,29.264767999999997
DE4,offwind,2021-01-30T03:00:00,1.0,34.48954079999999
DE4,offwind,2021-01-30T06:00:00,1.0,38.448384
DE4,offwind,2021-01-30T09:00:00,1.0,39.957158799999995
DE4,offwind,2021-01-30T12:00:00,1.0,39.290992
DE4,offwind,2021-01-30T15:00:00,1.0,38.073983999999996
DE4,offwind,2021-01-30T18:00:00,1.0,38.460863999999994
DE4,offwind,2021-01-30T21:00:00,1.0,41.5777752
DE4,offwind,2021-01-31T00:00:00,1.0,51.44255999999999
DE4,offwind,2021-01-31T03:00:00,1.0,56.198937599999994
DE4,offwind,2021-01-31T06:00:00,1.0,58.292
DE4,offwind,2021-01-31T09:00:00,1.0,56.5824792
DE4,offwind,2021-01-31T12:00:00,1.0,52.1352
DE4,offwind,2021-01-31T15:00:00,1.0,47.43014639999999
DE4,offwind,2021-01-31T18:00:00,1.0,44.85312
DE4,offwind,2021-01-31T21:00:00,1.0,45.3079536
DE4,offwind,2021-02-01T00:00:00,1.0,41.553824
DE4,offwind,2021-02-01T03:00:00,1.0,42.579679999999996
DE4,offwind,2021-02-01T06:00:00,1.0,41.293824
DE4,offwind,2021-02-01T09:00:00,1.0,37.33463759999999
DE4,offwind,2021-02-01T12:00:00,1.0,31.947968
DE4,offwind,2021-02-01T15:00:00,1.0,26.914368000000003
DE4,offwind,2021-02-01T18:00:00,1.0,23.625055999999997
DE4,offwind,2021-02-01T21:00:00,1.0,22.1715312
DE4,offwind,2021-02-02T00:00:00,1.0,14.8122
DE4,offwind,2021-02-02T03:00:00,1.0,14.2845768
DE4,offwind,2021-02-02T06:00:00,1.0,13.021320000000001
DE4,offwind,2021-02-02T09:00:00,1.0,11.1016932
DE4,offwind,2021-02-02T12:00:00,1.0,9.048
DE4,offwind,2021-02-02T15:00:00,1.0,7.434273599999999
DE4,offwind,2021-02-02T18:00:00,1.0,6.61128
DE4,offwind,2021-02-02T21:00:00,1.0,6.642791999999999
DE4,offwind,2021-02-03T00:00:00,1.0,6.54576
DE4,offwind,2021-02-03T03:00:00,1.0,8.0679924
DE4,offwind,2021-02-03T06:00:00,1.0,9.442160000000001
DE4,offwind,2021-02-03T09:00:00,1.0,10.236657600000001
DE4,offwind,2021-02-03T12:00:00,1.0,10.40832
DE4,offwind,2021-02-03T15:00:00,1.0,10.4188656
DE4,offwind,2021-02-03T18:00:00,1.0,11.1176
DE4,offwind,2021-02-03T21:00:00,1.0,13.227333599999998
DE4,offwind,2021-02-04T00:00:00,1.0,170.144
DE4,offwind,2021-02-04T03:00:00,1.0,185.328
DE4,offwind,2021-02-04T06:00:00,1.0,200.252
DE4,offwind,2021-02-04T09:00:00,1.0,214.708
DE4,offwind,2021-02-04T12:00:00,1.0,0.0
DE4,offwind,2021-02-04T15:00:00,1.0,241.28
DE4,offwind,2021-02-04T18:00:00,1.0,253.03199999999998
DE4,offwind,2021-02-04T21:00:00,1.0,263.48400000000004
DE4,offwind,2021-02-05T00:00:00,1.0,285.792
DE4,offwind,2021-02-05T03:00:00,1.0,289.536
DE4,offwind,2021-02-05T06:00:00,1.0,291.46
DE4,offwind,2021-02-05T09:00:00,1.0,291.512
DE4,offwind,2021-02-05T12:00:00,1.0,289.64000000000004
DE4,offwind,2021-02-05T15:00:00,1.0,0.0
DE4,offwind,2021-02-05T18:00:00,1.0,280.332
DE4,offwind,2021-02-05T21:00:00,1.0,273.104
DE4,offwind,2021-02-06T00:00:00,1.0,241.592
DE4,offwind,2021-02-06T03:00:00,1.0,228.8
DE4,offwind,2021-02-06T06:00:00,1.0,215.072
DE4,offwind,2021-02-06T09:00:00,1.0,200.61599999999999
DE4,offwind,2021-02-06T12:00:00,1.0,0.0
DE4,offwind,2021-02-06T15:00:00,1.0,170.56
DE4,offwind,2021-02-06T18:00:00,1.0,155.428
DE4,offwind,2021-02-06T21:00:00,1.0,140.504
DE4,offwind,2021-02-07T00:00:00,1.0,98.748
DE4,offwind,2021-02-07T03:00:00,1.0,87.048
DE4,offwind,2021-02-07T06:00:00,1.0,76.59599999999999
DE4,offwind,2021-02-07T09:00:00,1.0,67.652
DE4,offwind,2021-02-07T12:00:00,1.0,60.32
DE4,offwind,2021-02-07T15:00:00,1.0,54.704
DE4,offwind,2021-02-07T18:00:00,1.0,50.856
DE4,offwind,2021-02-07T21:00:00,1.0,48.88
DE4,onwind,2021-01-25T00:00:00,1.0,2513.875
DE4,onwind,2021-01-25T03:00:00,1.0,2737.8
DE4,onwind,2021-01-25T06:00:00,1.0,2958.3450000000003
DE4,onwind,2021-01-25T09:00:00,1.0,2063.4310000000005
DE4,onwind,2021-01-25T12:00:00,1.0,0.0
DE4,onwind,2021-01-25T15:00:00,1.0,3564.21
DE4,onwind,2021-01-25T18:00:00,1.0,3737.4350000000004
DE4,onwind,2021-01-25T21:00:00,1.0,3892.07
DE4,onwind,2021-01-26T00:00:00,1.0,4221.62
DE4,onwind,2021-01-26T03:00:00,1.0,4277.389999999999
DE4,onwind,2021-01-26T06:00:00,1.0,4306.120000000001
DE4,onwind,2021-01-26T09:00:00,1.0,3415.25
DE4,onwind,2021-01-26T12:00:00,1.0,0.0
DE4,onwind,2021-01-26T15:00:00,1.0,1518.2590000000018
DE4,onwind,2021-01-26T18:00:00,1.0,4141.345
DE4,onwind,2021-01-26T21:00:00,1.0,4034.0299999999997
DE4,onwind,2021-01-27T00:00:00,1.0,3569.28
DE4,onwind,2021-01-27T03:00:00,1.0,3380.0
DE4,onwind,2021-01-27T06:00:00,1.0,3177.2
DE4,onwind,2021-01-27T09:00:00,1.0,2964.26
DE4,onwind,2021-01-27T12:00:00,1.0,109.98999999999978
DE4,onwind,2021-01-27T15:00:00,1.0,2519.79
DE4,onwind,2021-01-27T18:00:00,1.0,2295.865
DE4,onwind,2021-01-27T21:00:00,1.0,2075.32
DE4,onwind,2021-01-28T00:00:00,1.0,175.0164
DE4,onwind,2021-01-28T03:00:00,1.0,172.3513545
DE4,onwind,2021-01-28T06:00:00,1.0,158.40370000000001
DE4,onwind,2021-01-28T09:00:00,1.0,134.05105350000002
DE4,onwind,2021-01-28T12:00:00,1.0,106.97699999999999
DE4,onwind,2021-01-28T15:00:00,1.0,85.548138
DE4,onwind,2021-01-28T18:00:00,1.0,75.1205
DE4,onwind,2021-01-28T21:00:00,1.0,76.5101025
DE4,onwind,2021-01-29T00:00:00,1.0,120.9195
DE4,onwind,2021-01-29T03:00:00,1.0,145.87505399999998
DE4,onwind,2021-01-29T06:00:00,1.0,169.36335000000003
DE4,onwind,2021-01-29T09:00:00,1.0,185.1171075
DE4,onwind,2021-01-29T12:00:00,1.0,192.153
DE4,onwind,2021-01-29T15:00:00,1.0,197.51706
DE4,onwind,2021-01-29T18:00:00,1.0,213.5484
DE4,onwind,2021-01-29T21:00:00,1.0,250.800732
DE4,onwind,2021-01-30T00:00:00,1.0,432.38649999999996
DE4,onwind,2021-01-30T03:00:00,1.0,509.50458
DE4,onwind,2021-01-30T06:00:00,1.0,568.00224
DE4,onwind,2021-01-30T09:00:00,1.0,590.1761385
DE4,onwind,2021-01-30T12:00:00,1.0,580.4879599999999
DE4,onwind,2021-01-30T15:00:00,1.0,562.432338
DE4,onwind,2021-01-30T18:00:00,1.0,568.09012
DE4,onwind,2021-01-30T21:00:00,1.0,614.168646
DE4,onwind,2021-01-31T00:00:00,1.0,759.8915999999999
DE4,onwind,2021-01-31T03:00:00,1.0,830.241399
DE4,onwind,2021-01-31T06:00:00,1.0,861.224
DE4,onwind,2021-01-31T09:00:00,1.0,835.817892
DE4,onwind,2021-01-31T12:00:00,1.0,770.0822999999999
DE4,onwind,2021-01-31T15:00:00,1.0,700.6471290000001
DE4,onwind,2021-01-31T18:00:00,1.0,662.6152
DE4,onwind,2021-01-31T21:00:00,1.0,669.2455769999999
DE4,onwind,2021-02-01T00:00:00,1.0,613.9161599999999
DE4,onwind,2021-02-01T03:00:00,1.0,629.0179999999999
DE4,onwind,2021-02-01T06:00:00,1.0,610.0224000000001
DE4,onwind,2021-02-01T09:00:00,1.0,551.648786
DE4,onwind,2021-02-01T12:00:00,1.0,471.9189799999999
DE4,onwind,2021-02-01T15:00:00,1.0,397.622862
DE4,onwind,2021-02-01T18:00:00,1.0,348.97148
DE4,onwind,2021-02-01T21:00:00,1.0,327.485496
DE4,onwind,2021-02-02T00:00:00,1.0,218.7705
DE4,onwind,2021-02-02T03:00:00,1.0,210.9087045
DE4,onwind,2021-02-02T06:00:00,1.0,192.34734999999998
DE4,onwind,2021-02-02T09:00:00,1.0,164.04010350000001
DE4,onwind,2021-02-02T12:00:00,1.0,133.72125
DE4,onwind,2021-02-02T15:00:00,1.0,109.782738
DE4,onwind,2021-02-02T18:00:00,1.0,97.65665000000001
DE4,onwind,2021-02-02T21:00:00,1.0,98.1843525
DE4,onwind,2021-02-03T00:00:00,1.0,96.7356
DE4,onwind,2021-02-03T03:00:00,1.0,119.20685399999999
DE4,onwind,2021-02-03T06:00:00,1.0,139.47570000000002
DE4,onwind,2021-02-03T09:00:00,1.0,151.2748575
DE4,onwind,2021-02-03T12:00:00,1.0,153.7224
DE4,onwind,2021-02-03T15:00:00,1.0,153.91505999999998
DE4,onwind,2021-02-03T18:00:00,1.0,164.268
DE4,onwind,2021-02-03T21:00:00,1.0,195.436332
DE4,onwind,2021-02-04T00:00:00,1.0,2513.875
DE4,onwind,2021-02-04T03:00:00,1.0,2737.8
DE4,onwind,2021-02-04T06:00:00,1.0,2958.3450000000003
DE4,onwind,2021-02-04T09:00:00,1.0,3171.2850000000003
DE4,onwind,2021-02-04T12:00:00,1.0,461.1399999999994
DE4,onwind,2021-02-04T15:00:00,1.0,3564.21
DE4,onwind,2021-02-04T18:00:00,1.0,3737.4350000000004
DE4,onwind,2021-02-04T21:00:00,1.0,3892.07
DE4,onwind,2021-02-05T00:00:00,1.0,4221.62
DE4,onwind,2021-02-05T03:00:00,1.0,4277.389999999999
DE4,onwind,2021-02-05T06:00:00,1.0,4306.120000000001
DE4,onwind,2021-02-05T09:00:00,1.0,4306.120000000001
DE4,onwind,2021-02-05T12:00:00,1.0,0.0
DE4,onwind,2021-02-05T15:00:00,1.0,2547.9350000000013
DE4,onwind,2021-02-05T18:00:00,1.0,4141.345
DE4,onwind,2021-02-05T21:00:00,1.0,4034.0299999999997
DE4,onwind,2021-02-06T00:00:00,1.0,3569.28
DE4,onwind,2021-02-06T03:00:00,1.0,3380.0
DE4,onwind,2021-02-06T06:00:00,1.0,3177.2
DE4,onwind,2021-02-06T09:00:00,1.0,2964.26
DE4,onwind,2021-02-06T12:00:00,1.0,900.4899999999998
DE4,onwind,2021-02-06T15:00:00,1.0,2519.79
DE4,onwind,2021-02-06T18:00:00,1.0,2295.865
DE4,onwind,2021-02-06T21:00:00,1.0,2075.32
DE4,onwind,2021-02-07T00:00:00,1.0,1458.47
DE4,onwind,2021-02-07T03:00:00,1.0,1285.2450000000001
DE4,onwind,2021-02-07T06:00:00,1.0,1131.455
DE4,onwind,2021-02-07T09:00:00,1.0,999.635
DE4,onwind,2021-02-07T12:00:00,1.0,891.475
DE4,onwind,2021-02-07T15:00:00,1.0,807.82
DE4,onwind,2021-02-07T18:00:00,1.0,751.205
DE4,onwind,2021-02-07T21:00:00,1.0,722.475
DE4,solar,2021-01-25T00:00:00,1.0,0.0
DE4,solar,2021-01-25T03:00:00,1.0,0.0
DE4,solar,2021-01-25T06:00:00,1.0,0.0
DE4,solar,2021-01-25T09:00:00,1.0,5055.764999999999
DE4,solar,2021-01-25T12:00:00,1.0,7150.0
DE4,solar,2021-01-25T15:00:00,1.0,5055.764999999999
DE4,solar,2021-01-25T18:00:00,1.0,0.0
DE4,solar,2021-01-25T21:00:00,1.0,0.0
DE4,solar,2021-01-26T00:00:00,1.0,0.0
DE4,solar,2021-01-26T03:00:00,1.0,0.0
DE4,solar,2021-01-26T06:00:00,1.0,0.0
DE4,solar,2021-01-26T09:00:00,1.0,5055.764999999999
DE4,solar,2021-01-26T12:00:00,1.0,7150.0
DE4,solar,2021-01-26T15:00:00,1.0,5055.764999999999
DE4,solar,2021-01-26T18:00:00,1.0,0.0
DE4,solar,2021-01-26T21:00:00,1.0,0.0
DE4,solar,2021-01-27T00:00:00,1.0,0.0
DE4,solar,2021-01-27T03:00:00,1.0,0.0
DE4,solar,2021-01-27T06:00:00,1.0,0.0
DE4,solar,2021-01-27T09:00:00,1.0,5055.764999999999
DE4,solar,2021-01-27T12:00:00,1.0,7150.0
DE4,solar,2021-01-27T15:00:00,1.0,5055.764999999999
DE4,solar,2021-01-27T18:00:00,1.0,0.0
DE4,solar,2021-01-27T21:00:00,1.0,0.0
DE4,solar,2021-01-28T00:00:00,1.0,0.0
DE4,solar,2021-01-28T03:00:00,1.0,0.0
DE4,solar,2021-01-28T06:00:00,1.0,0.0
DE4,solar,2021-01-28T09:00:00,1.0,381.204681
DE4,solar,2021-01-28T12:00:00,1.0,643.5
DE4,solar,2021-01-28T15:00:00,1.0,381.204681
DE4,solar,2021-01-28T18:00:00,1.0,0.0
DE4,solar,2021-01-28T21:00:00,1.0,0.0
DE4,solar,2021-01-29T00:00:00,1.0,0.0
DE4,solar,2021-01-29T03:00:00,1.0,0.0
DE4,solar,2021-01-29T06:00:00,1.0,0.0
DE4,solar,2021-01-29T09:00:00,1.0,470.18614499999995
DE4,solar,2021-01-29T12:00:00,1.0,822.25
DE4,solar,2021-01-29T15:00:00,1.0,470.18614499999995
DE4,solar,2021-01-29T18:00:00,1.0,0.0
DE4,solar,2021-01-29T21:00:00,1.0,0.0
DE4,solar,2021-01-30T00:00:00,1.0,0.0
DE4,solar,2021-01-30T03:00:00,1.0,0.0
DE4,solar,2021-01-30T06:00:00,1.0,0.0
DE4,solar,2021-01-30T09:00:00,1.0,535.91109
DE4,solar,2021-01-30T12:00:00,1.0,953.095
DE4,solar,2021-01-30T15:00:00,1.0,535.91109
DE4,solar,2021-01-30T18:00:00,1.0,0.0
DE4,solar,2021-01-30T21:00:00,1.0,0.0
DE4,solar,2021-01-31T00:00:00,1.0,0.0
DE4,solar,2021-01-31T03:00:00,1.0,0.0
DE4,solar,2021-01-31T06:00:00,1.0,0.0
DE4,solar,2021-01-31T09:00:00,1.0,559.6731855
DE4,solar,2021-01-31T12:00:00,1.0,1001.0000000000001
DE4,solar,2021-01-31T15:00:00,1.0,559.6731855
DE4,solar,2021-01-31T18:00:00,1.0,0.0
DE4,solar,2021-01-31T21:00:00,1.0,0.0
DE4,solar,2021-02-01T00:00:00,1.0,0.0
DE4,solar,2021-02-01T03:00:00,1.0,0.0
DE4,solar,2021-02-01T06:00:00,1.0,0.0
DE4,solar,2021-02-01T09:00:00,1.0,535.91109
DE4,solar,2021-02-01T12:00:00,1.0,953.095
DE4,solar,2021-02-01T15:00:00,1.0,535.91109
DE4,solar,2021-02-01T18:00:00,1.0,0.0
DE4,solar,2021-02-01T21:00:00,1.0,0.0
DE4,solar,2021-02-02T00:00:00,1.0,0.0
DE4,solar,2021-02-02T03:00:00,1.0,0.0
DE4,solar,2021-02-02T06:00:00,1.0,0.0
DE4,solar,2021-02-02T09:00:00,1.0,470.18614499999995
DE4,solar,2021-02-02T12:00:00,1.0,822.25
DE4,solar,2021-02-02T15:00:00,1.0,470.18614499999995
DE4,solar,2021-02-02T18:00:00,1.0,0.0
DE4,solar,2021-02-02T21:00:00,1.0,0.0
DE4,solar,2021-02-03T00:00:00,1.0,0.0
DE4,solar,2021-02-03T03:00:00,1.0,0.0
DE4,solar,2021-02-03T06:00:00,1.0,0.0
DE4,solar,2021-02-03T09:00:00,1.0,381.204681
DE4,solar,2021-02-03T12:00:00,1.0,643.5
DE4,solar,2021-02-03T15:00:00,1.0,381.204681
DE4,solar,2021-02-03T18:00:00,1.0,0.0
DE4,solar,2021-02-03T21:00:00,1.0,0.0
DE4,solar,2021-02-04T00:00:00,1.0,0.0
DE4,solar,2021-02-04T03:00:00,1.0,0.0
DE4,solar,2021-02-04T06:00:00,1.0,0.0
DE4,solar,2021-02-04T09:00:00,1.0,5055.764999999999
DE4,solar,2021-02-04T12:00:00,1.0,7150.0
DE4,solar,2021-02-04T15:00:00,1.0,5055.764999999999
DE4,solar,2021-02-04T18:00:00,1.0,0.0
DE4,solar,2021-02-04T21:00:00,1.0,0.0
DE4,solar,2021-02-05T00:00:00,1.0,0.0
DE4,solar,2021-02-05T03:00:00,1.0,0.0
DE4,solar,2021-02-05T06:00:00,1.0,0.0
DE4,solar,2021-02-05T09:00:00,1.0,5055.764999999999
DE4,solar,2021-02-05T12:00:00,1.0,7150.0
DE4,solar,2021-02-05T15:00:00,1.0,5055.764999999999
DE4,solar,2021-02-05T18:00:00,1.0,0.0
DE4,solar,2021-02-05T21:00:00,1.0,0.0
DE4,solar,2021-02-06T00:00:00,1.0,0.0
DE4,solar,2021-02-06T03:00:00,1.0,0.0
DE4,solar,2021-02-06T06:00:00,1.0,0.0
DE4,solar,2021-02-06T09:00:00,1.0,5055.764999999999
DE4,solar,2021-02-06T12:00:00,1.0,7150.0
DE4,solar,2021-02-06T15:00:00,1.0,5055.764999999999
DE4,solar,2021-02-06T18:00:00,1.0,0.0
DE4,solar,2021-02-06T21:00:00,1.0,0.0
DE4,solar,2021-02-07T00:00:00,1.0,0.0
DE4,solar,2021-02-07T03:00:00,1.0,0.0
DE4,solar,2021-02-07T06:00:00,1.0,0.0
DE4,solar,2021-02-07T09:00:00,1.0,5055.764999999999
DE4,solar,2021-02-07T12:00:00,1.0,7150.0
DE4,solar,2021-02-07T15:00:00,1.0,5055.764999999999
DE4,solar,2021-02-07T18:00:00,1.0,0.0
DE4,solar,2021-02-07T21:00:00,1.0,0.0
DE5,ccgt,2021-01-25T00:00:00,1.0,1960.0
DE5,ccgt,2021-01-25T03:00:00,1.0,1960.0
DE5,ccgt,2021-01-25T06:00:00,1.0,1960.0
DE5,ccgt,2021-01-25T09:00:00,1.0,588.0
DE5,ccgt,2021-01-25T12:00:00,1.0,588.0
DE5,ccgt,2021-01-25T15:00:00,1.0,588.0
DE5,ccgt,2021-01-25T18:00:00,1.0,1960.0
DE5,ccgt,2021-01-25T21:00:00,1.0,1960.0
DE5,ccgt,2021-01-26T00:00:00,1.0,1960.0
DE5,ccgt,2021-01-26T03:00:00,1.0,1960.0
DE5,ccgt,2021-01-26T06:00:00,1.0,1960.0
DE5,ccgt,2021-01-26T09:00:00,1.0,588.0
DE5,ccgt,2021-01-26T12:00:00,1.0,588.0
DE5,ccgt,2021-01-26T15:00:00,1.0,588.0
DE5,ccgt,2021-01-26T18:00:00,1.0,1960.0
DE5,ccgt,2021-01-26T21:00:00,1.0,588.0
DE5,ccgt,2021-01-27T00:00:00,1.0,1960.0
DE5,ccgt,2021-01-27T03:00:00,1.0,1960.0
DE5,ccgt,2021-01-27T06:00:00,1.0,1960.0
DE5,ccgt,2021-01-27T09:00:00,1.0,588.0
DE5,ccgt,2021-01-27T12:00:00,1.0,588.0
DE5,ccgt,2021-01-27T15:00:00,1.0,588.0
DE5,ccgt,2021-01-27T18:00:00,1.0,1960.0
DE5,ccgt,2021-01-27T21:00:00,1.0,1960.0
DE5,ccgt,2021-01-28T00:00:00,1.0,1960.0
DE5,ccgt,2021-01-28T03:00:00,1.0,1960.0
DE5,ccgt,2021-01-28T06:00:00,1.0,1960.0
DE5,ccgt,2021-01-28T09:00:00,1.0,1960.0
DE5,ccgt,2021-01-28T12:00:00,1.0,1960.0
DE5,ccgt,2021-01-28T15:00:00,1.0,1960.0
DE5,ccgt,2021-01-28T18:00:00,1.0,1960.0
DE5,ccgt,2021-01-28T21:00:00,1.0,1960.0
DE5,ccgt,2021-01-29T00:00:00,1.0,1960.0
DE5,ccgt,2021-01-29T03:00:00,1.0,1960.0
DE5,ccgt,2021-01-29T06:00:00,1.0,1960.0
DE5,ccgt,2021-01-29T09:00:00,1.0,1960.0
DE5,ccgt,2021-01-29T12:00:00,1.0,1960.0
DE5,ccgt,2021-01-29T15:00:00,1.0,1960.0
DE5,ccgt,2021-01-29T18:00:00,1.0,1960.0
DE5,ccgt,2021-01-29T21:00:00,1.0,1960.0
DE5,ccgt,2021-01-30T00:00:00,1.0,1960.0
DE5,ccgt,2021-01-30T03:00:00,1.0,1960.0
DE5,ccgt,2021-01-30T06:00:00,1.0,1960.0
DE5,ccgt,2021-01-30T09:00:00,1.0,1960.0
DE5,ccgt,2021-01-30T12:00:00,1.0,1960.0
DE5,ccgt,2021-01-30T15:00:00,1.0,1960.0
DE5,ccgt,2021-01-30T18:00:00,1.0,1960.0
DE5,ccgt,2021-01-30T21:00:00,1.0,1960.0
DE5,ccgt,2021-01-31T00:00:00,1.0,1960.0
DE5,ccgt,2021-01-31T03:00:00,1.0,1960.0
DE5,ccgt,2021-01-31T06:00:00,1.0,1960.0
DE5,ccgt,2021-01-31T09:00:00,1.0,1960.0
DE5,ccgt,2021-01-31T12:00:00,1.0,1960.0
DE5,ccgt,2021-01-31T15:00:00,1.0,1960.0
DE5,ccgt,2021-01-31T18:00:00,1.0,1960.0
DE5,ccgt,2021-01-31T21:00:00,1.0,1960.0
DE5,ccgt,2021-02-01T00:00:00,1.0,1960.0
DE5,ccgt,2021-02-01T03:00:00,1.0,1960.0
DE5,ccgt,2021-02-01T06:00:00,1.0,1960.0
DE5,ccgt,2021-02-01T09:00:00,1.0,1960.0
DE5,ccgt,2021-02-01T12:00:00,1.0,1960.0
DE5,ccgt,2021-02-01T15:00:00,1.0,1960.0
DE5,ccgt,2021-02-01T18:00:00,1.0,1960.0
DE5,ccgt,2021-02-01T21:00:00,1.0,1960.0
DE5,ccgt,2021-02-02T00:00:00,1.0,1960.0
DE5,ccgt,2021-02-02T03:00:00,1.0,1960.0
DE5,ccgt,2021-02-02T06:00:00,1.0,1960.0
DE5,ccgt,2021-02-02T09:00:00,1.0,1960.0
DE5,ccgt,2021-02-02T12:00:00,1.0,1960.0
DE5,ccgt,2021-02-02T15:00:00,1.0,1960.0
DE5,ccgt,2021-02-02T18:00:00,1.0,1960.0
DE5,ccgt,2021-02-02T21:00:00,1.0,1960.0
DE5,ccgt,2021-02-03T00:00:00,1.0,1960.0
DE5,ccgt,2021-02-03T03:00:00,1.0,1960.0
DE5,ccgt,2021-02-03T06:00:00,1.0,1960.0
DE5,ccgt,2021-02-03T09:00:00,1.0,1960.0
DE5,ccgt,2021-02-03T12:00:00,1.0,1960.0
DE5,ccgt,2021-02-03T15:00:00,1.0,1960.0
DE5,ccgt,2021-02-03T18:00:00,1.0,1960.0
DE5,ccgt,2021-02-03T21:00:00,1.0,1960.0
DE5,ccgt,2021-02-04T00:00:00,1.0,1960.0
DE5,ccgt,2021-02-04T03:00:00,1.0,1960.0
DE5,ccgt,2021-02-04T06:00:00,1.0,1960.0
DE5,ccgt,2021-02-04T09:00:00,1.0,588.0
DE5,ccgt,2021-02-04T12:00:00,1.0,588.0
DE5,ccgt,2021-02-04T15:00:00,1.0,588.0
DE5,ccgt,2021-02-04T18:00:00,1.0,1960.0
DE5,ccgt,2021-02-04T21:00:00,1.0,1097.0149999999999
DE5,ccgt,2021-02-05T00:00:00,1.0,1960.0
DE5,ccgt,2021-02-05T03:00:00,1.0,1960.0
DE5,ccgt,2021-02-05T06:00:00,1.0,1960.0
DE5,ccgt,2021-02-05T09:00:00,1.0,588.0
DE5,ccgt,2021-02-05T12:00:00,1.0,588.0
DE5,ccgt,2021-02-05T15:00:00,1.0,588.0
DE5,ccgt,2021-02-05T18:00:00,1.0,1960.0
DE5,ccgt,2021-02-05T21:00:00,1.0,1960.0
DE5,ccgt,2021-02-06T00:00:00,1.0,1960.0
DE5,ccgt,2021-02-06T03:00:00,1.0,1960.0
DE5,ccgt,2021-02-06T06:00:00,1.0,1960.0
DE5,ccgt,2021-02-06T09:00:00,1.0,588.0
DE5,ccgt,2021-02-06T12:00:00,1.0,588.0
DE5,ccgt,2021-02-06T15:00:00,1.0,588.0
DE5,ccgt,2021-02-06T18:00:00,1.0,1960.0
DE5,ccgt,2021-02-06T21:00:00,1.0,1960.0
DE5,ccgt,2021-02-07T00:00:00,1.0,1960.0
DE5,ccgt,2021-02-07T03:00:00,1.0,1960.0
DE5,ccgt,2021-02-07T06:00:00,1.0,1960.0
DE5,ccgt,2021-02-07T09:00:00,1.0,1960.0
DE5,ccgt,2021-02-07T12:00:00,1.0,588.0
DE5,ccgt,2021-02-07T15:00:00,1.0,1960.0
DE5,ccgt,2021-02-07T18:00:00,1.0,1960.0
DE5,ccgt,2021-02-07T21:00:00,1.0,1960.0
DE5,ocgt,2021-01-25T00:00:00,1.0,611.2768343999965
DE5,ocgt,2021-01-25T03:00:00,1.0,0.0
DE5,ocgt,2021-01-25T06:00:00,1.0,0.0
DE5,ocgt,2021-01-25T09:00:00,1.0,0.0
DE5,ocgt,2021-01-25T12:00:00,1.0,0.0
DE5,ocgt,2021-01-25T15:00:00,1.0,0.0
DE5,ocgt,2021-01-25T18:00:00,1.0,0.0
DE5,ocgt,2021-01-25T21:00:00,1.0,0.0
DE5,ocgt,2021-01-26T00:00:00,1.0,0.0
DE5,ocgt,2021-01-26T03:00:00,1.0,0.0
DE5,ocgt,2021-01-26T06:00:00,1.0,0.0
DE5,ocgt,2021-01-26T09:00:00,1.0,0.0
DE5,ocgt,2021-01-26T12:00:00,1.0,0.0
DE5,ocgt,2021-01-26T15:00:00,1.0,0.0
DE5,ocgt,2021-01-26T18:00:00,1.0,0.0
DE5,ocgt,2021-01-26T21:00:00,1.0,0.0
DE5,ocgt,2021-01-27T00:00:00,1.0,0.0
DE5,ocgt,2021-01-27T03:00:00,1.0,860.0
DE5,ocgt,2021-01-27T06:00:00,1.0,0.0
DE5,ocgt,2021-01-27T09:00:00,1.0,0.0
DE5,ocgt,2021-01-27T12:00:00,1.0,0.0
DE5,ocgt,2021-01-27T15:00:00,1.0,0.0
DE5,ocgt,2021-01-27T18:00:00,1.0,0.0
DE5,ocgt,2021-01-27T21:00:00,1.0,0.0
DE5,ocgt,2021-01-28T00:00:00,1.0,860.0
DE5,ocgt,2021-01-28T03:00:00,1.0,0.0
DE5,ocgt,2021-01-28T06:00:00,1.0,860.0
DE5,ocgt,2021-01-28T09:00:00,1.0,860.0
DE5,ocgt,2021-01-28T12:00:00,1.0,860.0
DE5,ocgt,2021-01-28T15:00:00,1.0,860.0
DE5,ocgt,2021-01-28T18:00:00,1.0,860.0
DE5,ocgt,2021-01-28T21:00:00,1.0,860.0
DE5,ocgt,2021-01-29T00:00:00,1.0,860.0
DE5,ocgt,2021-01-29T03:00:00,1.0,860.0
DE5,ocgt,2021-01-29T06:00:00,1.0,860.0
DE5,ocgt,2021-01-29T09:00:00,1.0,860.0
DE5,ocgt,2021-01-29T12:00:00,1.0,139.88728439999903
DE5,ocgt,2021-01-29T15:00:00,1.0,101.84867210000019
DE5,ocgt,2021-01-29T18:00:00,1.0,860.0
DE5,ocgt,2021-01-29T21:00:00,1.0,860.0
DE5,ocgt,2021-01-30T00:00:00,1.0,0.0
DE5,ocgt,2021-01-30T03:00:00,1.0,0.0
DE5,ocgt,2021-01-30T06:00:00,1.0,860.0
DE5,ocgt,2021-01-30T09:00:00,1.0,860.0
DE5,ocgt,2021-01-30T12:00:00,1.0,860.0
DE5,ocgt,2021-01-30T15:00:00,1.0,860.0
DE5,ocgt,2021-01-30T18:00:00,1.0,860.0
DE5,ocgt,2021-01-30T21:00:00,1.0,860.0
DE5,ocgt,2021-01-31T00:00:00,1.0,0.0
DE5,ocgt,2021-01-31T03:00:00,1.0,860.0
DE5,ocgt,2021-01-31T06:00:00,1.0,860.0
DE5,ocgt,2021-01-31T09:00:00,1.0,860.0
DE5,ocgt,2021-01-31T12:00:00,1.0,0.0
DE5,ocgt,2021-01-31T15:00:00,1.0,860.0
DE5,ocgt,2021-01-31T18:00:00,1.0,860.0
DE5,ocgt,2021-01-31T21:00:00,1.0,860.0
DE5,ocgt,2021-02-01T00:00:00,1.0,860.0
DE5,ocgt,2021-02-01T03:00:00,1.0,0.0
DE5,ocgt,2021-02-01T06:00:00,1.0,860.0
DE5,ocgt,2021-02-01T09:00:00,1.0,860.0
DE5,ocgt,2021-02-01T12:00:00,1.0,860.0
DE5,ocgt,2021-02-01T15:00:00,1.0,860.0
DE5,ocgt,2021-02-01T18:00:00,1.0,860.0
DE5,ocgt,2021-02-01T21:00:00,1.0,860.0
DE5,ocgt,2021-02-02T00:00:00,1.0,860.0
DE5,ocgt,2021-02-02T03:00:00,1.0,860.0
DE5,ocgt,2021-02-02T06:00:00,1.0,860.0
DE5,ocgt,2021-02-02T09:00:00,1.0,0.0
DE5,ocgt,2021-02-02T12:00:00,1.0,860.0
DE5,ocgt,2021-02-02T15:00:00,1.0,0.0
DE5,ocgt,2021-02-02T18:00:00,1.0,860.0
DE5,ocgt,2021-02-02T21:00:00,1.0,0.0
DE5,ocgt,2021-02-03T00:00:00,1.0,0.0
DE5,ocgt,2021-02-03T03:00:00,1.0,860.0
DE5,ocgt,2021-02-03T06:00:00,1.0,860.0
DE5,ocgt,2021-02-03T09:00:00,1.0,0.0
DE5,ocgt,2021-02-03T12:00:00,1.0,0.0
DE5,ocgt,2021-02-03T15:00:00,1.0,860.0
DE5,ocgt,2021-02-03T18:00:00,1.0,860.0
DE5,ocgt,2021-02-03T21:00:00,1.0,860.0
DE5,ocgt,2021-02-04T00:00:00,1.0,0.0
DE5,ocgt,2021-02-04T03:00:00,1.0,860.0
DE5,ocgt,2021-02-04T06:00:00,1.0,0.0
DE5,ocgt,2021-02-04T09:00:00,1.0,0.0
DE5,ocgt,2021-02-04T12:00:00,1.0,0.0
DE5,ocgt,2021-02-04T15:00:00,1.0,0.0
DE5,ocgt,2021-02-04T18:00:00,1.0,860.0
DE5,ocgt,2021-02-04T21:00:00,1.0,0.0
DE5,ocgt,2021-02-05T00:00:00,1.0,0.0
DE5,ocgt,2021-02-05T03:00:00,1.0,0.0
DE5,ocgt,2021-02-05T06:00:00,1.0,646.8059999999973
DE5,ocgt,2021-02-05T09:00:00,1.0,0.0
DE5,ocgt,2021-02-05T12:00:00,1.0,0.0
DE5,ocgt,2021-02-05T15:00:00,1.0,0.0
DE5,ocgt,2021-02-05T18:00:00,1.0,0.0
DE5,ocgt,2021-02-05T21:00:00,1.0,0.0
DE5,ocgt,2021-02-06T00:00:00,1.0,131.2170000000008
DE5,ocgt,2021-02-06T03:00:00,1.0,860.0
DE5,ocgt,2021-02-06T06:00:00,1.0,860.0
DE5,ocgt,2021-02-06T09:00:00,1.0,0.0
DE5,ocgt,2021-02-06T12:00:00,1.0,0.0
DE5,ocgt,2021-02-06T15:00:00,1.0,0.0
DE5,ocgt,2021-02-06T18:00:00,1.0,860.0
DE5,ocgt,2021-02-06T21:00:00,1.0,486.3929999999983
DE5,ocgt,2021-02-07T00:00:00,1.0,860.0
DE5,ocgt,2021-02-07T03:00:00,1.0,860.0
DE5,ocgt,2021-02-07T06:00:00,1.0,860.0
DE5,ocgt,2021-02-07T09:00:00,1.0,0.0
DE5,ocgt,2021-02-07T12:00:00,1.0,0.0
DE5,ocgt,2021-02-07T15:00:00,1.0,0.0
DE5,ocgt,2021-02-07T18:00:00,1.0,860.0
DE5,ocgt,2021-02-07T21:00:00,1.0,860.0
DE5,offwind,2021-01-25T00:00:00,1.0,157.05599999999998
DE5,offwind,2021-01-25T03:00:00,1.0,171.072
DE5,offwind,2021-01-25T06:00:00,1.0,184.848
DE5,offwind,2021-01-25T09:00:00,1.0,198.192
DE5,offwind,2021-01-25T12:00:00,1.0,210.864
DE5,offwind,2021-01-25T15:00:00,1.0,222.72
DE5,offwind,2021-01-25T18:00:00,1.0,233.56799999999998
DE5,offwind,2021-01-25T21:00:00,1.0,243.216
DE5,offwind,2021-01-26T00:00:00,1.0,263.808
DE5,offwind,2021-01-26T03:00:00,1.0,267.264
DE5,offwind,2021-01-26T06:00:00,1.0,269.04
DE5,offwind,2021-01-26T09:00:00,1.0,269.08799999999997
DE5,offwind,2021-01-26T12:00:00,1.0,0.0
DE5,offwind,2021-01-26T15:00:00,1.0,263.904
DE5,offwind,2021-01-26T18:00:00,1.0,258.76800000000003
DE5,offwind,2021-01-26T21:00:00,1.0,252.096
DE5,offwind,2021-01-27T00:00:00,1.0,223.008
DE5,offwind,2021-01-27T03:00:00,1.0,211.2
DE5,offwind,2021-01-27T06:00:00,1.0,198.52800000000002
DE5,offwind,2021-01-27T09:00:00,1.0,185.184
DE5,offwind,2021-01-27T12:00:00,1.0,145.54300000000148
DE5,offwind,2021-01-27T15:00:00,1.0,157.44
DE5,offwind,2021-01-27T18:00:00,1.0,143.472
DE5,offwind,2021-01-27T21:00:00,1.0,129.696
DE5,offwind,2021-01-28T00:00:00,1.0,10.93824
DE5,offwind,2021-01-28T03:00:00,1.0,10.775203199999998
DE5,offwind,2021-01-28T06:00:00,1.0,9.89856
DE5,offwind,2021-01-28T09:00:00,1.0,8.374276799999999
DE5,offwind,2021-01-28T12:00:00,1.0,6.6816
DE5,offwind,2021-01-28T15:00:00,1.0,5.3475264
DE5,offwind,2021-01-28T18:00:00,1.0,4.6944
DE5,offwind,2021-01-28T21:00:00,1.0,4.778207999999999
DE5,offwind,2021-01-29T00:00:00,1.0,7.5527999999999995
DE5,offwind,2021-01-29T03:00:00,1.0,9.1134576
DE5,offwind,2021-01-29T06:00:00,1.0,10.583520000000002
DE5,offwind,2021-01-29T09:00:00,1.0,11.5631424
DE5,offwind,2021-01-29T12:00:00,1.0,12.0096
DE5,offwind,2021-01-29T15:00:00,1.0,12.341894400000001
DE5,offwind,2021-01-29T18:00:00,1.0,13.34112
DE5,offwind,2021-01-29T21:00:00,1.0,15.6687264
DE5,offwind,2021-01-30T00:00:00,1.0,27.013631999999998
DE5,offwind,2021-01-30T03:00:00,1.0,31.836499199999995
DE5,offwind,2021-01-30T06:00:00,1.0,35.490815999999995
DE5,offwind,2021-01-30T09:00:00,1.0,36.88353119999999
DE5,offwind,2021-01-30T12:00:00,1.0,36.268608
DE5,offwind,2021-01-30T15:00:00,1.0,35.145216
DE5,offwind,2021-01-30T18:00:00,1.0,35.502336
DE5,offwind,2021-01-30T21:00:00,1.0,38.3794848
DE5,offwind,2021-01-31T00:00:00,1.0,47.48544
DE5,offwind,2021-01-31T03:00:00,1.0,51.87594239999999
DE5,offwind,2021-01-31T06:00:00,1.0,53.808
DE5,offwind,2021-01-31T09:00:00,1.0,52.2299808
DE5,offwind,2021-01-31T12:00:00,1.0,48.1248
DE5,offwind,2021-01-31T15:00:00,1.0,43.78167359999999
DE5,offwind,2021-01-31T18:00:00,1.0,41.402879999999996
DE5,offwind,2021-01-31T21:00:00,1.0,41.8227264
DE5,offwind,2021-02-01T00:00:00,1.0,38.357376
DE5,offwind,2021-02-01T03:00:00,1.0,39.30432
DE5,offwind,2021-02-01T06:00:00,1.0,38.117376
DE5,offwind,2021-02-01T09:00:00,1.0,34.462742399999996
DE5,offwind,2021-02-01T12:00:00,1.0,29.490432
DE5,offwind,2021-02-01T15:00:00,1.0,24.844032000000002
DE5,offwind,2021-02-01T18:00:00,1.0,21.807744
DE5,offwind,2021-02-01T21:00:00,1.0,20.4660288
DE5,offwind,2021-02-02T00:00:00,1.0,13.6728
DE5,offwind,2021-02-02T03:00:00,1.0,13.1857632
DE5,offwind,2021-02-02T06:00:00,1.0,12.019680000000001
DE5,offwind,2021-02-02T09:00:00,1.0,10.2477168
DE5,offwind,2021-02-02T12:00:00,1.0,8.352
DE5,offwind,2021-02-02T15:00:00,1.0,6.862406399999999
DE5,offwind,2021-02-02T18:00:00,1.0,6.10272
DE5,offwind,2021-02-02T21:00:00,1.0,6.1318079999999995
DE5,offwind,2021-02-03T00:00:00,1.0,6.04224
DE5,offwind,2021-02-03T03:00:00,1.0,7.447377599999999
DE5,offwind,2021-02-03T06:00:00,1.0,8.715840000000002
DE5,offwind,2021-02-03T09:00:00,1.0,9.449222400000002
DE5,offwind,2021-02-03T12:00:00,1.0,9.60768
DE5,offwind,2021-02-03T15:00:00,1.0,9.6174144
DE5,offwind,2021-02-03T18:00:00,1.0,10.2624
DE5,offwind,2021-02-03T21:00:00,1.0,12.209846399999998
DE5,offwind,2021-02-04T00:00:00,1.0,157.05599999999998
DE5,offwind,2021-02-04T03:00:00,1.0,171.072
DE5,offwind,2021-02-04T06:00:00,1.0,184.848
DE5,offwind,2021-02-04T09:00:00,1.0,198.192
DE5,offwind,2021-02-04T12:00:00,1.0,210.864
DE5,offwind,2021-02-04T15:00:00,1.0,222.72
DE5,offwind,2021-02-04T18:00:00,1.0,233.56799999999998
DE5,offwind,2021-02-04T21:00:00,1.0,243.216
DE5,offwind,2021-02-05T00:00:00,1.0,263.808
DE5,offwind,2021-02-05T03:00:00,1.0,267.264
DE5,offwind,2021-02-05T06:00:00,1.0,269.04
DE5,offwind,2021-02-05T09:00:00,1.0,269.08799999999997
DE5,offwind,2021-02-05T12:00:00,1.0,0.0
DE5,offwind,2021-02-05T15:00:00,1.0,263.904
DE5,offwind,2021-02-05T18:00:00,1.0,258.76800000000003
DE5,offwind,2021-02-05T21:00:00,1.0,252.096
DE5,offwind,2021-02-06T00:00:00,1.0,223.008
DE5,offwind,2021-02-06T03:00:00,1.0,211.2
DE5,offwind,2021-02-06T06:00:00,1.0,198.52800000000002
DE5,offwind,2021-02-06T09:00:00,1.0,185.184
DE5,offwind,2021-02-06T12:00:00,1.0,171.45600000000002
DE5,offwind,2021-02-06T15:00:00,1.0,157.44
DE5,offwind,2021-02-06T18:00:00,1.0,143.472
DE5,offwind,2021-02-06T21:00:00,1.0,129.696
DE5,offwind,2021-02-07T00:00:00,1.0,91.152
DE5,offwind,2021-02-07T03:00:00,1.0,80.352
DE5,offwind,2021-02-07T06:00:00,1.0,70.704
DE5,offwind,2021-02-07T09:00:00,1.0,62.44799999999999
DE5,offwind,2021-02-07T12:00:00,1.0,55.68
DE5,offwind,2021-02-07T15:00:00,1.0,50.496
DE5,offwind,2021-02-07T18:00:00,1.0,46.944
DE5,offwind,2021-02-07T21:00:00,1.0,45.12
DE5,onwind,2021-01-25T00:00:00,1.0,2320.5
DE5,onwind,2021-01-25T03:00:00,1.0,2527.2000000000003
DE5,onwind,2021-01-25T06:00:00,1.0,2730.78
DE5,onwind,2021-01-25T09:00:00,1.0,2927.34
DE5,onwind,2021-01-25T12:00:00,1.0,1760.0259999999998
DE5,onwind,2021-01-25T15:00:00,1.0,3290.04
DE5,onwind,2021-01-25T18:00:00,1.0,3449.94
DE5,onwind,2021-01-25T21:00:00,1.0,3592.6800000000003
DE5,onwind,2021-01-26T00:00:00,1.0,3896.88
DE5,onwind,2021-01-26T03:00:00,1.0,3948.3599999999997
DE5,onwind,2021-01-26T06:00:00,1.0,3974.8800000000006
DE5,onwind,2021-01-26T09:00:00,1.0,3974.8800000000006
DE5,onwind,2021-01-26T12:00:00,1.0,1055.5349999999999
DE5,onwind,2021-01-26T15:00:00,1.0,3898.44
DE5,onwind,2021-01-26T18:00:00,1.0,3822.7799999999997
DE5,onwind,2021-01-26T21:00:00,1.0,3723.72
DE5,onwind,2021-01-27T00:00:00,1.0,3294.72
DE5,onwind,2021-01-27T03:00:00,1.0,3120.0
DE5,onwind,2021-01-27T06:00:00,1.0,2932.8
DE5,onwind,2021-01-27T09:00:00,1.0,2736.24
DE5,onwind,2021-01-27T12:00:00,1.0,0.0
DE5,onwind,2021-01-27T15:00:00,1.0,2325.96
DE5,onwind,2021-01-27T18:00:00,1.0,2119.2599999999998
DE5,onwind,2021-01-27T21:00:00,1.0,1915.68
DE5,onwind,2021-01-28T00:00:00,1.0,161.55360000000002
DE5,onwind,2021-01-28T03:00:00,1.0,159.09355800000003
DE5,onwind,2021-01-28T06:00:00,1.0,146.21880000000002
DE5,onwind,2021-01-28T09:00:00,1.0,123.739434
DE5,onwind,2021-01-28T12:00:00,1.0,98.74799999999999
DE5,onwind,2021-01-28T15:00:00,1.0,78.967512
DE5,onwind,2021-01-28T18:00:00,1.0,69.342
DE5,onwind,2021-01-28T21:00:00,1.0,70.62471000000001
DE5,onwind,2021-01-29T00:00:00,1.0,111.618
DE5,onwind,2021-01-29T03:00:00,1.0,134.653896
DE5,onwind,2021-01-29T06:00:00,1.0,156.33540000000002
DE5,onwind,2021-01-29T09:00:00,1.0,170.87733
DE5,onwind,2021-01-29T12:00:00,1.0,177.37199999999999
DE5,onwind,2021-01-29T15:00:00,1.0,182.32343999999998
DE5,onwind,2021-01-29T18:00:00,1.0,197.1216
DE5,onwind,2021-01-29T21:00:00,1.0,231.50836800000002
DE5,onwind,2021-01-30T00:00:00,1.0,399.1259999999999
DE5,onwind,2021-01-30T03:00:00,1.0,470.31192
DE5,onwind,2021-01-30T06:00:00,1.0,524.3097600000001
DE5,onwind,2021-01-30T09:00:00,1.0,544.777974
DE5,onwind,2021-01-30T12:00:00,1.0,535.8350399999999
DE5,onwind,2021-01-30T15:00:00,1.0,519.168312
DE5,onwind,2021-01-30T18:00:00,1.0,524.39088
DE5,onwind,2021-01-30T21:00:00,1.0,566.924904
DE5,onwind,2021-01-31T00:00:00,1.0,701.4384
DE5,onwind,2021-01-31T03:00:00,1.0,766.376676
DE5,onwind,2021-01-31T06:00:00,1.0,794.9760000000001
DE5,onwind,2021-01-31T09:00:00,1.0,771.524208
DE5,onwind,2021-01-31T12:00:00,1.0,710.8452
DE5,onwind,2021-01-31T15:00:00,1.0,646.751196
DE5,onwind,2021-01-31T18:00:00,1.0,611.6448
DE5,onwind,2021-01-31T21:00:00,1.0,617.765148
DE5,onwind,2021-02-01T00:00:00,1.0,566.69184
DE5,onwind,2021-02-01T03:00:00,1.0,580.632
DE5,onwind,2021-02-01T06:00:00,1.0,563.0976
DE5,onwind,2021-02-01T09:00:00,1.0,509.214264
DE5,onwind,2021-02-01T12:00:00,1.0,435.61751999999996
DE5,onwind,2021-02-01T15:00:00,1.0,367.036488
DE5,onwind,2021-02-01T18:00:00,1.0,322.12752
DE5,onwind,2021-02-01T21:00:00,1.0,302.294304
DE5,onwind,2021-02-02T00:00:00,1.0,201.942
DE5,onwind,2021-02-02T03:00:00,1.0,194.684958
DE5,onwind,2021-02-02T06:00:00,1.0,177.5514
DE5,onwind,2021-02-02T09:00:00,1.0,151.421634
DE5,onwind,2021-02-02T12:00:00,1.0,123.43499999999999
DE5,onwind,2021-02-02T15:00:00,1.0,101.337912
DE5,onwind,2021-02-02T18:00:00,1.0,90.14460000000001
DE5,onwind,2021-02-02T21:00:00,1.0,90.63171
DE5,onwind,2021-02-03T00:00:00,1.0,89.2944
DE5,onwind,2021-02-03T03:00:00,1.0,110.03709599999999
DE5,onwind,2021-02-03T06:00:00,1.0,128.74680000000004
DE5,onwind,2021-02-03T09:00:00,1.0,139.63833
DE5,onwind,2021-02-03T12:00:00,1.0,141.8976
DE5,onwind,2021-02-03T15:00:00,1.0,142.07543999999996
DE5,onwind,2021-02-03T18:00:00,1.0,151.632
DE5,onwind,2021-02-03T21:00:00,1.0,180.402768
DE5,onwind,2021-02-04T00:00:00,1.0,2320.5
DE5,onwind,2021-02-04T03:00:00,1.0,2527.2000000000003
DE5,onwind,2021-02-04T06:00:00,1.0,2730.78
DE5,onwind,2021-02-04T09:00:00,1.0,2927.34
DE5,onwind,2021-02-04T12:00:00,1.0,0.0
DE5,onwind,2021-02-04T15:00:00,1.0,3290.04
DE5,onwind,2021-02-04T18:00:00,1.0,3449.94
DE5,onwind,2021-02-04T21:00:00,1.0,3592.6800000000003
DE5,onwind,2021-02-05T00:00:00,1.0,3896.88
DE5,onwind,2021-02-05T03:00:00,1.0,3948.3599999999997
DE5,onwind,2021-02-05T06:00:00,1.0,3974.8800000000006
DE5,onwind,2021-02-05T09:00:00,1.0,3974.8800000000006
DE5,onwind,2021-02-05T12:00:00,1.0,522.7050000000008
DE5,onwind,2021-02-05T15:00:00,1.0,3898.44
DE5,onwind,2021-02-05T18:00:00,1.0,3822.7799999999997
DE5,onwind,2021-02-05T21:00:00,1.0,3723.72
DE5,onwind,2021-02-06T00:00:00,1.0,3294.72
DE5,onwind,2021-02-06T03:00:00,1.0,3120.0
DE5,onwind,2021-02-06T06:00:00,1.0,2932.8
DE5,onwind,2021-02-06T09:00:00,1.0,2736.24
DE5,onwind,2021-02-06T12:00:00,1.0,2532.66
DE5,onwind,2021-02-06T15:00:00,1.0,2325.96
DE5,onwind,2021-02-06T18:00:00,1.0,2119.2599999999998
DE5,onwind,2021-02-06T21:00:00,1.0,1915.68
DE5,onwind,2021-02-07T00:00:00,1.0,1346.28
DE5,onwind,2021-02-07T03:00:00,1.0,1186.38
DE5,onwind,2021-02-07T06:00:00,1.0,1044.4199999999998
DE5,onwind,2021-02-07T09:00:00,1.0,922.74
DE5,onwind,2021-02-07T12:00:00,1.0,822.9
DE5,onwind,2021-02-07T15:00:00,1.0,745.6800000000001
DE5,onwind,2021-02-07T18:00:00,1.0,693.4200000000001
DE5,onwind,2021-02-07T21:00:00,1.0,666.9000000000001
DE5,solar,2021-01-25T00:00:00,1.0,0.0
DE5,solar,2021-01-25T03:00:00,1.0,0.0
DE5,solar,2021-01-25T06:00:00,1.0,0.0
DE5,solar,2021-01-25T09:00:00,1.0,4666.86
DE5,solar,2021-01-25T12:00:00,1.0,6600.0
DE5,solar,2021-01-25T15:00:00,1.0,4666.86
DE5,solar,2021-01-25T18:00:00,1.0,0.0
DE5,solar,2021-01-25T21:00:00,1.0,0.0
DE5,solar,2021-01-26T00:00:00,1.0,0.0
DE5,solar,2021-01-26T03:00:00,1.0,0.0
DE5,solar,2021-01-26T06:00:00,1.0,0.0
DE5,solar,2021-01-26T09:00:00,1.0,4666.86
DE5,solar,2021-01-26T12:00:00,1.0,6600.0
DE5,solar,2021-01-26T15:00:00,1.0,4666.86
DE5,solar,2021-01-26T18:00:00,1.0,0.0
DE5,solar,2021-01-26T21:00:00,1.0,0.0
DE5,solar,2021-01-27T00:00:00,1.0,0.0
DE5,solar,2021-01-27T03:00:00,1.0,0.0
DE5,solar,2021-01-27T06:00:00,1.0,0.0
DE5,solar,2021-01-27T09:00:00,1.0,4666.86
DE5,solar,2021-01-27T12:00:00,1.0,6600.0
DE5,solar,2021-01-27T15:00:00,1.0,4666.86
DE5,solar,2021-01-27T18:00:00,1.0,0.0
DE5,solar,2021-01-27T21:00:00,1.0,0.0
DE5,solar,2021-01-28T00:00:00,1.0,0.0
DE5,solar,2021-01-28T03:00:00,1.0,0.0
DE5,solar,2021-01-28T06:00:00,1.0,0.0
DE5,solar,2021-01-28T09:00:00,1.0,351.881244
DE5,solar,2021-01-28T12:00:00,1.0,594.0
DE5,solar,2021-01-28T15:00:00,1.0,351.881244
DE5,solar,2021-01-28T18:00:00,1.0,0.0
DE5,solar,2021-01-28T21:00:00,1.0,0.0
DE5,solar,2021-01-29T00:00:00,1.0,0.0
DE5,solar,2021-01-29T03:00:00,1.0,0.0
DE5,solar,2021-01-29T06:00:00,1.0,0.0
DE5,solar,2021-01-29T09:00:00,1.0,434.01797999999997
DE5,solar,2021-01-29T12:00:00,1.0,759.0
DE5,solar,2021-01-29T15:00:00,1.0,434.01797999999997
DE5,solar,2021-01-29T18:00:00,1.0,0.0
DE5,solar,2021-01-29T21:00:00,1.0,0.0
DE5,solar,2021-01-30T00:00:00,1.0,0.0
DE5,solar,2021-01-30T03:00:00,1.0,0.0
DE5,solar,2021-01-30T06:00:00,1.0,0.0
DE5,solar,2021-01-30T09:00:00,1.0,494.68715999999995
DE5,solar,2021-01-30T12:00:00,1.0,879.78
DE5,solar,2021-01-30T15:00:00,1.0,494.68715999999995
DE5,solar,2021-01-30T18:00:00,1.0,0.0
DE5,solar,2021-01-30T21:00:00,1.0,0.0
DE5,solar,2021-01-31T00:00:00,1.0,0.0
DE5,solar,2021-01-31T03:00:00,1.0,0.0
DE5,solar,2021-01-31T06:00:00,1.0,0.0
DE5,solar,2021-01-31T09:00:00,1.0,516.621402
DE5,solar,2021-01-31T12:00:00,1.0,924.0000000000001
DE5,solar,2021-01-31T15:00:00,1.0,516.621402
DE5,solar,2021-01-31T18:00:00,1.0,0.0
DE5,solar,2021-01-31T21:00:00,1.0,0.0
DE5,solar,2021-02-01T00:00:00,1.0,0.0
DE5,solar,2021-02-01T03:00:00,1.0,0.0
DE5,solar,2021-02-01T06:00:00,1.0,0.0
DE5,solar,2021-02-01T09:00:00,1.0,494.68715999999995
DE5,solar,2021-02-01T12:00:00,1.0,879.78
DE5,solar,2021-02-01T15:00:00,1.0,494.68715999999995
DE5,solar,2021-02-01T18:00:00,1.0,0.0
DE5,solar,2021-02-01T21:00:00,1.0,0.0
DE5,solar,2021-02-02T00:00:00,1.0,0.0
DE5,solar,2021-02-02T03:00:00,1.0,0.0
DE5,solar,2021-02-02T06:00:00,1.0,0.0
DE5,solar,2021-02-02T09:00:00,1.0,434.01797999999997
DE5,solar,2021-02-02T12:00:00,1.0,759.0
DE5,solar,2021-02-02T15:00:00,1.0,434.01797999999997
DE5,solar,2021-02-02T18:00:00,1.0,0.0
DE5,solar,2021-02-02T21:00:00,1.0,0.0
DE5,solar,2021-02-03T00:00:00,1.0,0.0
DE5,solar,2021-02-03T03:00:00,1.0,0.0
DE5,solar,2021-02-03T06:00:00,1.0,0.0
DE5,solar,2021-02-03T09:00:00,1.0,351.881244
DE5,solar,2021-02-03T12:00:00,1.0,594.0
DE5,solar,2021-02-03T15:00:00,1.0,351.881244
DE5,solar,2021-02-03T18:00:00,1.0,0.0
DE5,solar,2021-02-03T21:00:00,1.0,0.0
DE5,solar,2021-02-04T00:00:00,1.0,0.0
DE5,solar,2021-02-04T03:00:00,1.0,0.0
DE5,solar,2021-02-04T06:00:00,1.0,0.0
DE5,solar,2021-02-04T09:00:00,1.0,4666.86
DE5,solar,2021-02-04T12:00:00,1.0,6600.0
DE5,solar,2021-02-04T15:00:00,1.0,4666.86
DE5,solar,2021-02-04T18:00:00,1.0,0.0
DE5,solar,2021-02-04T21:00:00,1.0,0.0
DE5,solar,2021-02-05T00:00:00,1.0,0.0
DE5,solar,2021-02-05T03:00:00,1.0,0.0
DE5,solar,2021-02-05T06:00:00,1.0,0.0
DE5,solar,2021-02-05T09:00:00,1.0,4666.86
DE5,solar,2021-02-05T12:00:00,1.0,6600.0
DE5,solar,2021-02-05T15:00:00,1.0,4666.86
DE5,solar,2021-02-05T18:00:00,1.0,0.0
DE5,solar,2021-02-05T21:00:00,1.0,0.0
DE5,solar,2021-02-06T00:00:00,1.0,0.0
DE5,solar,2021-02-06T03:00:00,1.0,0.0
DE5,solar,2021-02-06T06:00:00,1.0,0.0
DE5,solar,2021-02-06T09:00:00,1.0,4666.86
DE5,solar,2021-02-06T12:00:00,1.0,6600.0
DE5,solar,2021-02-06T15:00:00,1.0,4666.86
DE5,solar,2021-02-06T18:00:00,1.0,0.0
DE5,solar,2021-02-06T21:00:00,1.0,0.0
DE5,solar,2021-02-07T00:00:00,1.0,0.0
DE5,solar,2021-02-07T03:00:00,1.0,0.0
DE5,solar,2021-02-07T06:00:00,1.0,0.0
DE5,solar,2021-02-07T09:00:00,1.0,4666.86
DE5,solar,2021-02-07T12:00:00,1.0,6600.0
DE5,solar,2021-02-07T15:00:00,1.0,4666.86
DE5,solar,2021-02-07T18:00:00,1.0,0.0
DE5,solar,2021-02-07T21:00:00,1.0,0.0
DE6,ccgt,2021-01-25T00:00:00,1.0,1640.0
DE6,ccgt,2021-01-25T03:00:00,1.0,1640.0
DE6,ccgt,2021-01-25T06:00:00,1.0,1640.0
DE6,ccgt,2021-01-25T09:00:00,1.0,492.0
DE6,ccgt,2021-01-25T12:00:00,1.0,492.0
DE6,ccgt,2021-01-25T15:00:00,1.0,492.0
DE6,ccgt,2021-01-25T18:00:00,1.0,1640.0
DE6,ccgt,2021-01-25T21:00:00,1.0,1640.0
DE6,ccgt,2021-01-26T00:00:00,1.0,1640.0
DE6,ccgt,2021-01-26T03:00:00,1.0,492.0
DE6,ccgt,2021-01-26T06:00:00,1.0,492.0
DE6,ccgt,2021-01-26T09:00:00,1.0,492.0
DE6,ccgt,2021-01-26T12:00:00,1.0,492.0
DE6,ccgt,2021-01-26T15:00:00,1.0,492.0
DE6,ccgt,2021-01-26T18:00:00,1.0,1640.0
DE6,ccgt,2021-01-26T21:00:00,1.0,1640.0
DE6,ccgt,2021-01-27T00:00:00,1.0,1640.0
DE6,ccgt,2021-01-27T03:00:00,1.0,1640.0
DE6,ccgt,2021-01-27T06:00:00,1.0,1640.0
DE6,ccgt,2021-01-27T09:00:00,1.0,492.0
DE6,ccgt,2021-01-27T12:00:00,1.0,492.0
DE6,ccgt,2021-01-27T15:00:00,1.0,492.0
DE6,ccgt,2021-01-27T18:00:00,1.0,1640.0
DE6,ccgt,2021-01-27T21:00:00,1.0,1640.0
DE6,ccgt,2021-01-28T00:00:00,1.0,1640.0
DE6,ccgt,2021-01-28T03:00:00,1.0,1640.0
DE6,ccgt,2021-01-28T06:00:00,1.0,1640.0
DE6,ccgt,2021-01-28T09:00:00,1.0,1640.0
DE6,ccgt,2021-01-28T12:00:00,1.0,1640.0
DE6,ccgt,2021-01-28T15:00:00,1.0,1640.0
DE6,ccgt,2021-01-28T18:00:00,1.0,1640.0
DE6,ccgt,2021-01-28T21:00:00,1.0,1640.0
DE6,ccgt,2021-01-29T00:00:00,1.0,1640.0
DE6,ccgt,2021-01-29T03:00:00,1.0,1640.0
DE6,ccgt,2021-01-29T06:00:00,1.0,1640.0
DE6,ccgt,2021-01-29T09:00:00,1.0,1640.0
DE6,ccgt,2021-01-29T12:00:00,1.0,1640.0
DE6,ccgt,2021-01-29T15:00:00,1.0,1640.0
DE6,ccgt,2021-01-29T18:00:00,1.0,1640.0
DE6,ccgt,2021-01-29T21:00:00,1.0,1640.0
DE6,ccgt,2021-01-30T00:00:00,1.0,1640.0
DE6,ccgt,2021-01-30T03:00:00,1.0,1640.0
DE6,ccgt,2021-01-30T06:00:00,1.0,1640.0
DE6,ccgt,2021-01-30T09:00:00,1.0,1640.0
DE6,ccgt,2021-01-30T12:00:00,1.0,1640.0
DE6,ccgt,2021-01-30T15:00:00,1.0,1640.0
DE6,ccgt,2021-01-30T18:00:00,1.0,1640.0
DE6,ccgt,2021-01-30T21:00:00,1.0,1640.0
DE6,ccgt,2021-01-31T00:00:00,1.0,1640.0
DE6,ccgt,2021-01-31T03:00:00,1.0,1640.0
DE6,ccgt,2021-01-31T06:00:00,1.0,1640.0
DE6,ccgt,2021-01-31T09:00:00,1.0,1640.0
DE6,ccgt,2021-01-31T12:00:00,1.0,1640.0
DE6,ccgt,2021-01-31T15:00:00,1.0,1640.0
DE6,ccgt,2021-01-31T18:00:00,1.0,1640.0
DE6,ccgt,2021-01-31T21:00:00,1.0,1640.0
DE6,ccgt,2021-02-01T00:00:00,1.0,1640.0
DE6,ccgt,2021-02-01T03:00:00,1.0,1640.0
DE6,ccgt,2021-02-01T06:00:00,1.0,1640.0
DE6,ccgt,2021-02-01T09:00:00,1.0,1640.0
DE6,ccgt,2021-02-01T12:00:00,1.0,1640.0
DE6,ccgt,2021-02-01T15:00:00,1.0,1640.0
DE6,ccgt,2021-02-01T18:00:00,1.0,1640.0
DE6,ccgt,2021-02-01T21:00:00,1.0,1640.0
DE6,ccgt,2021-02-02T00:00:00,1.0,1640.0
DE6,ccgt,2021-02-02T03:00:00,1.0,1640.0
DE6,ccgt,2021-02-02T06:00:00,1.0,1640.0
DE6,ccgt,2021-02-02T09:00:00,1.0,1640.0
DE6,ccgt,2021-02-02T12:00:00,1.0,1640.0
DE6,ccgt,2021-02-02T15:00:00,1.0,1640.0
DE6,ccgt,2021-02-02T18:00:00,1.0,1640.0
DE6,ccgt,2021-02-02T21:00:00,1.0,1640.0
DE6,ccgt,2021-02-03T00:00:00,1.0,1640.0
DE6,ccgt,2021-02-03T03:00:00,1.0,1640.0
DE6,ccgt,2021-02-03T06:00:00,1.0,1640.0
DE6,ccgt,2021-02-03T09:00:00,1.0,1640.0
DE6,ccgt,2021-02-03T12:00:00,1.0,1640.0
DE6,ccgt,2021-02-03T15:00:00,1.0,1640.0
DE6,ccgt,2021-02-03T18:00:00,1.0,1640.0
DE6,ccgt,2021-02-03T21:00:00,1.0,1640.0
DE6,ccgt,2021-02-04T00:00:00,1.0,1640.0
DE6,ccgt,2021-02-04T03:00:00,1.0,1640.0
DE6,ccgt,2021-02-04T06:00:00,1.0,1640.0
DE6,ccgt,2021-02-04T09:00:00,1.0,492.0
DE6,ccgt,2021-02-04T12:00:00,1.0,492.0
DE6,ccgt,2021-02-04T15:00:00,1.0,492.0
DE6,ccgt,2021-02-04T18:00:00,1.0,1640.0
DE6,ccgt,2021-02-04T21:00:00,1.0,1640.0
DE6,ccgt,2021-02-05T00:00:00,1.0,1640.0
DE6,ccgt,2021-02-05T03:00:00,1.0,1640.0
DE6,ccgt,2021-02-05T06:00:00,1.0,1640.0
DE6,ccgt,2021-02-05T09:00:00,1.0,492.0
DE6,ccgt,2021-02-05T12:00:00,1.0,492.0
DE6,ccgt,2021-02-05T15:00:00,1.0,492.0
DE6,ccgt,2021-02-05T18:00:00,1.0,1640.0
DE6,ccgt,2021-02-05T21:00:00,1.0,1640.0
DE6,ccgt,2021-02-06T00:00:00,1.0,1640.0
DE6,ccgt,2021-02-06T03:00:00,1.0,1640.0
DE6,ccgt,2021-02-06T06:00:00,1.0,1640.0
DE6,ccgt,2021-02-06T09:00:00,1.0,492.0
DE6,ccgt,2021-02-06T12:00:00,1.0,492.0
DE6,ccgt,2021-02-06T15:00:00,1.0,492.0
DE6,ccgt,2021-02-06T18:00:00,1.0,1640.0
DE6,ccgt,2021-02-06T21:00:00,1.0,1640.0
DE6,ccgt,2021-02-07T00:00:00,1.0,1640.0
DE6,ccgt,2021-02-07T03:00:00,1.0,1640.0
DE6,ccgt,2021-02-07T06:00:00,1.0,1640.0
DE6,ccgt,2021-02-07T09:00:00,1.0,1640.0
DE6,ccgt,2021-02-07T12:00:00,1.0,1464.1860000000001
DE6,ccgt,2021-02-07T15:00:00,1.0,1640.0
DE6,ccgt,2021-02-07T18:00:00,1.0,1640.0
DE6,ccgt,2021-02-07T21:00:00,1.0,1640.0
DE6,ocgt,2021-01-25T00:00:00,1.0,740.0
DE6,ocgt,2021-01-25T03:00:00,1.0,0.0
DE6,ocgt,2021-01-25T06:00:00,1.0,0.0
DE6,ocgt,2021-01-25T09:00:00,1.0,0.0
DE6,ocgt,2021-01-25T12:00:00,1.0,0.0
DE6,ocgt,2021-01-25T15:00:00,1.0,0.0
DE6,ocgt,2021-01-25T18:00:00,1.0,0.0
DE6,ocgt,2021-01-25T21:00:00,1.0,0.0
DE6,ocgt,2021-01-26T00:00:00,1.0,0.0
DE6,ocgt,2021-01-26T03:00:00,1.0,0.0
DE6,ocgt,2021-01-26T06:00:00,1.0,0.0
DE6,ocgt,2021-01-26T09:00:00,1.0,0.0
DE6,ocgt,2021-01-26T12:00:00,1.0,0.0
DE6,ocgt,2021-01-26T15:00:00,1.0,0.0
DE6,ocgt,2021-01-26T18:00:00,1.0,0.0
DE6,ocgt,2021-01-26T21:00:00,1.0,0.0
DE6,ocgt,2021-01-27T00:00:00,1.0,0.0
DE6,ocgt,2021-01-27T03:00:00,1.0,740.0
DE6,ocgt,2021-01-27T06:00:00,1.0,740.0
DE6,ocgt,2021-01-27T09:00:00,1.0,0.0
DE6,ocgt,2021-01-27T12:00:00,1.0,0.0
DE6,ocgt,2021-01-27T15:00:00,1.0,0.0
DE6,ocgt,2021-01-27T18:00:00,1.0,0.0
DE6,ocgt,2021-01-27T21:00:00,1.0,0.0
DE6,ocgt,2021-01-28T00:00:00,1.0,740.0
DE6,ocgt,2021-01-28T03:00:00,1.0,740.0
DE6,ocgt,2021-01-28T06:00:00,1.0,740.0
DE6,ocgt,2021-01-28T09:00:00,1.0,0.0
DE6,ocgt,2021-01-28T12:00:00,1.0,740.0
DE6,ocgt,2021-01-28T15:00:00,1.0,740.0
DE6,ocgt,2021-01-28T18:00:00,1.0,740.0
DE6,ocgt,2021-01-28T21:00:00,1.0,740.0
DE6,ocgt,2021-01-29T00:00:00,1.0,0.0
DE6,ocgt,2021-01-29T03:00:00,1.0,740.0
DE6,ocgt,2021-01-29T06:00:00,1.0,0.0
DE6,ocgt,2021-01-29T09:00:00,1.0,740.0
DE6,ocgt,2021-01-29T12:00:00,1.0,740.0
DE6,ocgt,2021-01-29T15:00:00,1.0,740.0
DE6,ocgt,2021-01-29T18:00:00,1.0,740.0
DE6,ocgt,2021-01-29T21:00:00,1.0,0.0
DE6,ocgt,2021-01-30T00:00:00,1.0,740.0
DE6,ocgt,2021-01-30T03:00:00,1.0,0.0
DE6,ocgt,2021-01-30T06:00:00,1.0,740.0
DE6,ocgt,2021-01-30T09:00:00,1.0,740.0
DE6,ocgt,2021-01-30T12:00:00,1.0,740.0
DE6,ocgt,2021-01-30T15:00:00,1.0,740.0
DE6,ocgt,2021-01-30T18:00:00,1.0,740.0
DE6,ocgt,2021-01-30T21:00:00,1.0,740.0
DE6,ocgt,2021-01-31T00:00:00,1.0,740.0
DE6,ocgt,2021-01-31T03:00:00,1.0,0.0
DE6,ocgt,2021-01-31T06:00:00,1.0,740.0
DE6,ocgt,2021-01-31T09:00:00,1.0,740.0
DE6,ocgt,2021-01-31T12:00:00,1.0,0.0
DE6,ocgt,2021-01-31T15:00:00,1.0,740.0
DE6,ocgt,2021-01-31T18:00:00,1.0,0.0
DE6,ocgt,2021-01-31T21:00:00,1.0,0.0
DE6,ocgt,2021-02-01T00:00:00,1.0,740.0
DE6,ocgt,2021-02-01T03:00:00,1.0,740.0
DE6,ocgt,2021-02-01T06:00:00,1.0,0.0
DE6,ocgt,2021-02-01T09:00:00,1.0,740.0
DE6,ocgt,2021-02-01T12:00:00,1.0,0.0
DE6,ocgt,2021-02-01T15:00:00,1.0,740.0
DE6,ocgt,2021-02-01T18:00:00,1.0,0.0
DE6,ocgt,2021-02-01T21:00:00,1.0,740.0
DE6,ocgt,2021-02-02T00:00:00,1.0,740.0
DE6,ocgt,2021-02-02T03:00:00,1.0,740.0
DE6,ocgt,2021-02-02T06:00:00,1.0,740.0
DE6,ocgt,2021-02-02T09:00:00,1.0,740.0
DE6,ocgt,2021-02-02T12:00:00,1.0,0.0
DE6,ocgt,2021-02-02T15:00:00,1.0,0.0
DE6,ocgt,2021-02-02T18:00:00,1.0,740.0
DE6,ocgt,2021-02-02T21:00:00,1.0,740.0
DE6,ocgt,2021-02-03T00:00:00,1.0,740.0
DE6,ocgt,2021-02-03T03:00:00,1.0,0.0
DE6,ocgt,2021-02-03T06:00:00,1.0,740.0
DE6,ocgt,2021-02-03T09:00:00,1.0,740.0
DE6,ocgt,2021-02-03T12:00:00,1.0,740.0
DE6,ocgt,2021-02-03T15:00:00,1.0,740.0
DE6,ocgt,2021-02-03T18:00:00,1.0,740.0
DE6,ocgt,2021-02-03T21:00:00,1.0,0.0
DE6,ocgt,2021-02-04T00:00:00,1.0,0.0
DE6,ocgt,2021-02-04T03:00:00,1.0,740.0
DE6,ocgt,2021-02-04T06:00:00,1.0,0.0
DE6,ocgt,2021-02-04T09:00:00,1.0,0.0
DE6,ocgt,2021-02-04T12:00:00,1.0,0.0
DE6,ocgt,2021-02-04T15:00:00,1.0,0.0
DE6,ocgt,2021-02-04T18:00:00,1.0,0.0
DE6,ocgt,2021-02-04T21:00:00,1.0,0.0
DE6,ocgt,2021-02-05T00:00:00,1.0,0.0
DE6,ocgt,2021-02-05T03:00:00,1.0,0.0
DE6,ocgt,2021-02-05T06:00:00,1.0,0.0
DE6,ocgt,2021-02-05T09:00:00,1.0,0.0
DE6,ocgt,2021-02-05T12:00:00,1.0,0.0
DE6,ocgt,2021-02-05T15:00:00,1.0,0.0
DE6,ocgt,2021-02-05T18:00:00,1.0,740.0
DE6,ocgt,2021-02-05T21:00:00,1.0,0.0
DE6,ocgt,2021-02-06T00:00:00,1.0,0.0
DE6,ocgt,2021-02-06T03:00:00,1.0,740.0
DE6,ocgt,2021-02-06T06:00:00,1.0,740.0
DE6,ocgt,2021-02-06T09:00:00,1.0,0.0
DE6,ocgt,2021-02-06T12:00:00,1.0,0.0
DE6,ocgt,2021-02-06T15:00:00,1.0,0.0
DE6,ocgt,2021-02-06T18:00:00,1.0,740.0
DE6,ocgt,2021-02-06T21:00:00,1.0,740.0
DE6,ocgt,2021-02-07T00:00:00,1.0,0.0
DE6,ocgt,2021-02-07T03:00:00,1.0,740.0
DE6,ocgt,2021-02-07T06:00:00,1.0,740.0
DE6,ocgt,2021-02-07T09:00:00,1.0,0.0
DE6,ocgt,2021-02-07T12:00:00,1.0,0.0
DE6,ocgt,2021-02-07T15:00:00,1.0,0.0
DE6,ocgt,2021-02-07T18:00:00,1.0,740.0
DE6,ocgt,2021-02-07T21:00:00,1.0,740.0
DE6,offwind,2021-01-25T00:00:00,1.0,104.704
DE6,offwind,2021-01-25T03:00:00,1.0,114.048
DE6,offwind,2021-01-25T06:00:00,1.0,123.232
DE6,offwind,2021-01-25T09:00:00,1.0,132.128
DE6,offwind,2021-01-25T12:00:00,1.0,0.0
DE6,offwind,2021-01-25T15:00:00,1.0,148.48000000000002
DE6,offwind,2021-01-25T18:00:00,1.0,155.712
DE6,offwind,2021-01-25T21:00:00,1.0,162.144
DE6,offwind,2021-01-26T00:00:00,1.0,175.87199999999999
DE6,offwind,2021-01-26T03:00:00,1.0,178.176
DE6,offwind,2021-01-26T06:00:00,1.0,179.36
DE6,offwind,2021-01-26T09:00:00,1.0,179.392
DE6,offwind,2021-01-26T12:00:00,1.0,0.0
DE6,offwind,2021-01-26T15:00:00,1.0,175.93599999999998
DE6,offwind,2021-01-26T18:00:00,1.0,172.512
DE6,offwind,2021-01-26T21:00:00,1.0,168.064
DE6,offwind,2021-01-27T00:00:00,1.0,148.672
DE6,offwind,2021-01-27T03:00:00,1.0,140.8
DE6,offwind,2021-01-27T06:00:00,1.0,132.352
DE6,offwind,2021-01-27T09:00:00,1.0,123.45599999999999
DE6,offwind,2021-01-27T12:00:00,1.0,114.304
DE6,offwind,2021-01-27T15:00:00,1.0,104.96000000000001
DE6,offwind,2021-01-27T18:00:00,1.0,95.648
DE6,offwind,2021-01-27T21:00:00,1.0,86.464
DE6,offwind,2021-01-28T00:00:00,1.0,7.29216
DE6,offwind,2021-01-28T03:00:00,1.0,7.183468799999999
DE6,offwind,2021-01-28T06:00:00,1.0,6.5990400000000005
DE6,offwind,2021-01-28T09:00:00,1.0,5.5828511999999995
DE6,offwind,2021-01-28T12:00:00,1.0,4.4544
DE6,offwind,2021-01-28T15:00:00,1.0,3.5650176
DE6,offwind,2021-01-28T18:00:00,1.0,3.1296
DE6,offwind,2021-01-28T21:00:00,1.0,3.185472
DE6,offwind,2021-01-29T00:00:00,1.0,5.0352
DE6,offwind,2021-01-29T03:00:00,1.0,6.0756384
DE6,offwind,2021-01-29T06:00:00,1.0,7.055680000000001
DE6,offwind,2021-01-29T09:00:00,1.0,7.708761600000001
DE6,offwind,2021-01-29T12:00:00,1.0,8.0064
DE6,offwind,2021-01-29T15:00:00,1.0,8.2279296
DE6,offwind,2021-01-29T18:00:00,1.0,8.894079999999999
DE6,offwind,2021-01-29T21:00:00,1.0,10.4458176
DE6,offwind,2021-01-30T00:00:00,1.0,18.009088
DE6,offwind,2021-01-30T03:00:00,1.0,21.224332799999996
DE6,offwind,2021-01-30T06:00:00,1.0,23.660543999999998
DE6,offwind,2021-01-30T09:00:00,1.0,24.589020799999997
DE6,offwind,2021-01-30T12:00:00,1.0,24.179072
DE6,offwind,2021-01-30T15:00:00,1.0,23.430144
DE6,offwind,2021-01-30T18:00:00,1.0,23.668224
DE6,offwind,2021-01-30T21:00:00,1.0,25.586323200000002
DE6,offwind,2021-01-31T00:00:00,1.0,31.656959999999998
DE6,offwind,2021-01-31T03:00:00,1.0,34.583961599999995
DE6,offwind,2021-01-31T06:00:00,1.0,35.872
DE6,offwind,2021-01-31T09:00:00,1.0,34.8199872
DE6,offwind,2021-01-31T12:00:00,1.0,32.0832
DE6,offwind,2021-01-31T15:00:00,1.0,29.187782399999996
DE6,offwind,2021-01-31T18:00:00,1.0,27.60192
DE6,offwind,2021-01-31T21:00:00,1.0,27.8818176
DE6,offwind,2021-02-01T00:00:00,1.0,25.571584
DE6,offwind,2021-02-01T03:00:00,1.0,26.20288
DE6,offwind,2021-02-01T06:00:00,1.0,25.411584
DE6,offwind,2021-02-01T09:00:00,1.0,22.9751616
DE6,offwind,2021-02-01T12:00:00,1.0,19.660287999999998
DE6,offwind,2021-02-01T15:00:00,1.0,16.562688
DE6,offwind,2021-02-01T18:00:00,1.0,14.538495999999999
DE6,offwind,2021-02-01T21:00:00,1.0,13.644019199999999
DE6,offwind,2021-02-02T00:00:00,1.0,9.1152
DE6,offwind,2021-02-02T03:00:00,1.0,8.7905088
DE6,offwind,2021-02-02T06:00:00,1.0,8.01312
DE6,offwind,2021-02-02T09:00:00,1.0,6.8318112
DE6,offwind,2021-02-02T12:00:00,1.0,5.568
DE6,offwind,2021-02-02T15:00:00,1.0,4.5749376
DE6,offwind,2021-02-02T18:00:00,1.0,4.06848
DE6,offwind,2021-02-02T21:00:00,1.0,4.087872
DE6,offwind,2021-02-03T00:00:00,1.0,4.02816
DE6,offwind,2021-02-03T03:00:00,1.0,4.964918399999999
DE6,offwind,2021-02-03T06:00:00,1.0,5.8105600000000015
DE6,offwind,2021-02-03T09:00:00,1.0,6.299481600000001
DE6,offwind,2021-02-03T12:00:00,1.0,6.40512
DE6,offwind,2021-02-03T15:00:00,1.0,6.4116096
DE6,offwind,2021-02-03T18:00:00,1.0,6.8416
DE6,offwind,2021-02-03T21:00:00,1.0,8.1398976
DE6,offwind,2021-02-04T00:00:00,1.0,104.704
DE6,offwind,2021-02-04T03:00:00,1.0,114.048
DE6,offwind,2021-02-04T06:00:00,1.0,123.232
DE6,offwind,2021-02-04T09:00:00,1.0,132.128
DE6,offwind,2021-02-04T12:00:00,1.0,140.57600000000002
DE6,offwind,2021-02-04T15:00:00,1.0,148.48000000000002
DE6,offwind,2021-02-04T18:00:00,1.0,155.712
DE6,offwind,2021-02-04T21:00:00,1.0,162.144
DE6,offwind,2021-02-05T00:00:00,1.0,175.87199999999999
DE6,offwind,2021-02-05T03:00:00,1.0,178.176
DE6,offwind,2021-02-05T06:00:00,1.0,179.36
DE6,offwind,2021-02-05T09:00:00,1.0,179.392
DE6,offwind,2021-02-05T12:00:00,1.0,178.24
DE6,offwind,2021-02-05T15:00:00,1.0,175.93599999999998
DE6,offwind,2021-02-05T18:00:00,1.0,172.512
DE6,offwind,2021-02-05T21:00:00,1.0,168.064
DE6,offwind,2021-02-06T00:00:00,1.0,148.672
DE6,offwind,2021-02-06T03:00:00,1.0,140.8
DE6,offwind,2021-02-06T06:00:00,1.0,132.352
DE6,offwind,2021-02-06T09:00:00,1.0,123.45599999999999
DE6,offwind,2021-02-06T12:00:00,1.0,114.304
DE6,offwind,2021-02-06T15:00:00,1.0,104.96000000000001
DE6,offwind,2021-02-06T18:00:00,1.0,95.648
DE6,offwind,2021-02-06T21:00:00,1.0,86.464
DE6,offwind,2021-02-07T00:00:00,1.0,60.768
DE6,offwind,2021-02-07T03:00:00,1.0,53.568
DE6,offwind,2021-02-07T06:00:00,1.0,47.135999999999996
DE6,offwind,2021-02-07T09:00:00,1.0,41.632
DE6,offwind,2021-02-07T12:00:00,1.0,37.120000000000005
DE6,offwind,2021-02-07T15:00:00,1.0,33.664
DE6,offwind,2021-02-07T18:00:00,1.0,31.296
DE6,offwind,2021-02-07T21:00:00,1.0,30.08
DE6,onwind,2021-01-25T00:00:00,1.0,1547.0
DE6,onwind,2021-01-25T03:00:00,1.0,1684.8
DE6,onwind,2021-01-25T06:00:00,1.0,1820.5200000000002
DE6,onwind,2021-01-25T09:00:00,1.0,1951.5600000000002
DE6,onwind,2021-01-25T12:00:00,1.0,2076.88
DE6,onwind,2021-01-25T15:00:00,1.0,2193.36
DE6,onwind,2021-01-25T18:00:00,1.0,2299.96
DE6,onwind,2021-01-25T21:00:00,1.0,2395.12
DE6,onwind,2021-01-26T00:00:00,1.0,2597.92
DE6,onwind,2021-01-26T03:00:00,1.0,2632.24
DE6,onwind,2021-01-26T06:00:00,1.0,2649.92
DE6,onwind,2021-01-26T09:00:00,1.0,2649.92
DE6,onwind,2021-01-26T12:00:00,1.0,0.0
DE6,onwind,2021-01-26T15:00:00,1.0,2598.96
DE6,onwind,2021-01-26T18:00:00,1.0,2548.52
DE6,onwind,2021-01-26T21:00:00,1.0,2482.48
DE6,onwind,2021-01-27T00:00:00,1.0,2196.48
DE6,onwind,2021-01-27T03:00:00,1.0,2080.0
DE6,onwind,2021-01-27T06:00:00,1.0,1955.2
DE6,onwind,2021-01-27T09:00:00,1.0,1824.16
DE6,onwind,2021-01-27T12:00:00,1.0,1688.44
DE6,onwind,2021-01-27T15:00:00,1.0,1550.64
DE6,onwind,2021-01-27T18:00:00,1.0,1412.84
DE6,onwind,2021-01-27T21:00:00,1.0,1277.1200000000001
DE6,onwind,2021-01-28T00:00:00,1.0,107.70240000000001
DE6,onwind,2021-01-28T03:00:00,1.0,106.06237200000001
DE6,onwind,2021-01-28T06:00:00,1.0,97.4792
DE6,onwind,2021-01-28T09:00:00,1.0,82.492956
DE6,onwind,2021-01-28T12:00:00,1.0,65.832
DE6,onwind,2021-01-28T15:00:00,1.0,52.645008
DE6,onwind,2021-01-28T18:00:00,1.0,46.228
DE6,onwind,2021-01-28T21:00:00,1.0,47.08314
DE6,onwind,2021-01-29T00:00:00,1.0,74.41199999999999
DE6,onwind,2021-01-29T03:00:00,1.0,89.76926399999999
DE6,onwind,2021-01-29T06:00:00,1.0,104.2236
DE6,onwind,2021-01-29T09:00:00,1.0,113.91821999999999
DE6,onwind,2021-01-29T12:00:00,1.0,118.248
DE6,onwind,2021-01-29T15:00:00,1.0,121.54896
DE6,onwind,2021-01-29T18:00:00,1.0,131.4144
DE6,onwind,2021-01-29T21:00:00,1.0,154.33891200000002
DE6,onwind,2021-01-30T00:00:00,1.0,266.08399999999995
DE6,onwind,2021-01-30T03:00:00,1.0,313.54128
DE6,onwind,2021-01-30T06:00:00,1.0,349.53984
DE6,onwind,2021-01-30T09:00:00,1.0,363.185316
DE6,onwind,2021-01-30T12:00:00,1.0,357.22335999999996
DE6,onwind,2021-01-30T15:00:00,1.0,346.112208
DE6,onwind,2021-01-30T18:00:00,1.0,349.59392
DE6,onwind,2021-01-30T21:00:00,1.0,377.949936
DE6,onwind,2021-01-31T00:00:00,1.0,467.62559999999996
DE6,onwind,2021-01-31T03:00:00,1.0,510.917784
DE6,onwind,2021-01-31T06:00:00,1.0,529.984
DE6,onwind,2021-01-31T09:00:00,1.0,514.349472
DE6,onwind,2021-01-31T12:00:00,1.0,473.8968
DE6,onwind,2021-01-31T15:00:00,1.0,431.167464
DE6,onwind,2021-01-31T18:00:00,1.0,407.7632
DE6,onwind,2021-01-31T21:00:00,1.0,411.84343199999995
DE6,onwind,2021-02-01T00:00:00,1.0,377.79455999999993
DE6,onwind,2021-02-01T03:00:00,1.0,387.08799999999997
DE6,onwind,2021-02-01T06:00:00,1.0,375.39840000000004
DE6,onwind,2021-02-01T09:00:00,1.0,339.476176
DE6,onwind,2021-02-01T12:00:00,1.0,290.41167999999993
DE6,onwind,2021-02-01T15:00:00,1.0,244.690992
DE6,onwind,2021-02-01T18:00:00,1.0,214.75168
DE6,onwind,2021-02-01T21:00:00,1.0,201.529536
DE6,onwind,2021-02-02T00:00:00,1.0,134.628
DE6,onwind,2021-02-02T03:00:00,1.0,129.789972
DE6,onwind,2021-02-02T06:00:00,1.0,118.3676
DE6,onwind,2021-02-02T09:00:00,1.0,100.94775600000001
DE6,onwind,2021-02-02T12:00:00,1.0,82.28999999999999
DE6,onwind,2021-02-02T15:00:00,1.0,67.55860799999999
DE6,onwind,2021-02-02T18:00:00,1.0,60.09640000000001
DE6,onwind,2021-02-02T21:00:00,1.0,60.42114
DE6,onwind,2021-02-03T00:00:00,1.0,59.5296
DE6,onwind,2021-02-03T03:00:00,1.0,73.358064
DE6,onwind,2021-02-03T06:00:00,1.0,85.83120000000002
DE6,onwind,2021-02-03T09:00:00,1.0,93.09222000000001
DE6,onwind,2021-02-03T12:00:00,1.0,94.5984
DE6,onwind,2021-02-03T15:00:00,1.0,94.71695999999999
DE6,onwind,2021-02-03T18:00:00,1.0,101.088
DE6,onwind,2021-02-03T21:00:00,1.0,120.268512
DE6,onwind,2021-02-04T00:00:00,1.0,1547.0
DE6,onwind,2021-02-04T03:00:00,1.0,1684.8
DE6,onwind,2021-02-04T06:00:00,1.0,1820.5200000000002
DE6,onwind,2021-02-04T09:00:00,1.0,1951.5600000000002
DE6,onwind,2021-02-04T12:00:00,1.0,2076.88
DE6,onwind,2021-02-04T15:00:00,1.0,2193.36
DE6,onwind,2021-02-04T18:00:00,1.0,2299.96
DE6,onwind,2021-02-04T21:00:00,1.0,2395.12
DE6,onwind,2021-02-05T00:00:00,1.0,2597.92
DE6,onwind,2021-02-05T03:00:00,1.0,2632.24
DE6,onwind,2021-02-05T06:00:00,1.0,2649.92
DE6,onwind,2021-02-05T09:00:00,1.0,2649.92
DE6,onwind,2021-02-05T12:00:00,1.0,2632.7599999999998
DE6,onwind,2021-02-05T15:00:00,1.0,2598.96
DE6,onwind,2021-02-05T18:00:00,1.0,2548.52
DE6,onwind,2021-02-05T21:00:00,1.0,2482.48
DE6,onwind,2021-02-06T00:00:00,1.0,2196.48
DE6,onwind,2021-02-06T03:00:00,1.0,2080.0
DE6,onwind,2021-02-06T06:00:00,1.0,1955.2
DE6,onwind,2021-02-06T09:00:00,1.0,1824.16
DE6,onwind,2021-02-06T12:00:00,1.0,1688.44
DE6,onwind,2021-02-06T15:00:00,1.0,1550.64
DE6,onwind,2021-02-06T18:00:00,1.0,1412.84
DE6,onwind,2021-02-06T21:00:00,1.0,1277.1200000000001
DE6,onwind,2021-02-07T00:00:00,1.0,897.52
DE6,onwind,2021-02-07T03:00:00,1.0,790.9200000000001
DE6,onwind,2021-02-07T06:00:00,1.0,696.28
DE6,onwind,2021-02-07T09:00:00,1.0,615.16
DE6,onwind,2021-02-07T12:00:00,1.0,548.6
DE6,onwind,2021-02-07T15:00:00,1.0,497.12
DE6,onwind,2021-02-07T18:00:00,1.0,462.28000000000003
DE6,onwind,2021-02-07T21:00:00,1.0,444.6
DE6,solar,2021-01-25T00:00:00,1.0,0.0
DE6,solar,2021-01-25T03:00:00,1.0,0.0
DE6,solar,2021-01-25T06:00:00,1.0,0.0
DE6,solar,2021-01-25T09:00:00,1.0,3111.24
DE6,solar,2021-01-25T12:00:00,1.0,4400.0
DE6,solar,2021-01-25T15:00:00,1.0,3111.24
DE6,solar,2021-01-25T18:00:00,1.0,0.0
DE6,solar,2021-01-25T21:00:00,1.0,0.0
DE6,solar,2021-01-26T00:00:00,1.0,0.0
DE6,solar,2021-01-26T03:00:00,1.0,0.0
DE6,solar,2021-01-26T06:00:00,1.0,0.0
DE6,solar,2021-01-26T09:00:00,1.0,3111.24
DE6,solar,2021-01-26T12:00:00,1.0,4400.0
DE6,solar,2021-01-26T15:00:00,1.0,3111.24
DE6,solar,2021-01-26T18:00:00,1.0,0.0
DE6,solar,2021-01-26T21:00:00,1.0,0.0
DE6,solar,2021-01-27T00:00:00,1.0,0.0
DE6,solar,2021-01-27T03:00:00,1.0,0.0
DE6,solar,2021-01-27T06:00:00,1.0,0.0
DE6,solar,2021-01-27T09:00:00,1.0,3111.24
DE6,solar,2021-01-27T12:00:00,1.0,4400.0
DE6,solar,2021-01-27T15:00:00,1.0,3111.24
DE6,solar,2021-01-27T18:00:00,1.0,0.0
DE6,solar,2021-01-27T21:00:00,1.0,0.0
DE6,solar,2021-01-28T00:00:00,1.0,0.0
DE6,solar,2021-01-28T03:00:00,1.0,0.0
DE6,solar,2021-01-28T06:00:00,1.0,0.0
DE6,solar,2021-01-28T09:00:00,1.0,234.587496
DE6,solar,2021-01-28T12:00:00,1.0,396.0
DE6,solar,2021-01-28T15:00:00,1.0,234.587496
DE6,solar,2021-01-28T18:00:00,1.0,0.0
DE6,solar,2021-01-28T21:00:00,1.0,0.0
DE6,solar,2021-01-29T00:00:00,1.0,0.0
DE6,solar,2021-01-29T03:00:00,1.0,0.0
DE6,solar,2021-01-29T06:00:00,1.0,0.0
DE6,solar,2021-01-29T09:00:00,1.0,289.34531999999996
DE6,solar,2021-01-29T12:00:00,1.0,506.0
DE6,solar,2021-01-29T15:00:00,1.0,289.34531999999996
DE6,solar,2021-01-29T18:00:00,1.0,0.0
DE6,solar,2021-01-29T21:00:00,1.0,0.0
DE6,solar,2021-01-30T00:00:00,1.0,0.0
DE6,solar,2021-01-30T03:00:00,1.0,0.0
DE6,solar,2021-01-30T06:00:00,1.0,0.0
DE6,solar,2021-01-30T09:00:00,1.0,329.79143999999997
DE6,solar,2021-01-30T12:00:00,1.0,586.52
DE6,solar,2021-01-30T15:00:00,1.0,329.79143999999997
DE6,solar,2021-01-30T18:00:00,1.0,0.0
DE6,solar,2021-01-30T21:00:00,1.0,0.0
DE6,solar,2021-01-31T00:00:00,1.0,0.0
DE6,solar,2021-01-31T03:00:00,1.0,0.0
DE6,solar,2021-01-31T06:00:00,1.0,0.0
DE6,solar,2021-01-31T09:00:00,1.0,344.414268
DE6,solar,2021-01-31T12:00:00,1.0,616.0000000000001
DE6,solar,2021-01-31T15:00:00,1.0,344.414268
DE6,solar,2021-01-31T18:00:00,1.0,0.0
DE6,solar,2021-01-31T21:00:00,1.0,0.0
DE6,solar,2021-02-01T00:00:00,1.0,0.0
DE6,solar,2021-02-01T03:00:00,1.0,0.0
DE6,solar,2021-02-01T06:00:00,1.0,0.0
DE6,solar,2021-02-01T09:00:00,1.0,329.79143999999997
DE6,solar,2021-02-01T12:00:00,1.0,586.52
DE6,solar,2021-02-01T15:00:00,1.0,329.79143999999997
DE6,solar,2021-02-01T18:00:00,1.0,0.0
DE6,solar,2021-02-01T21:00:00,1.0,0.0
DE6,solar,2021-02-02T00:00:00,1.0,0.0
DE6,solar,2021-02-02T03:00:00,1.0,0.0
DE6,solar,2021-02-02T06:00:00,1.0,0.0
DE6,solar,2021-02-02T09:00:00,1.0,289.34531999999996
DE6,solar,2021-02-02T12:00:00,1.0,506.0
DE6,solar,2021-02-02T15:00:00,1.0,289.34531999999996
DE6,solar,2021-02-02T18:00:00,1.0,0.0
DE6,solar,2021-02-02T21:00:00,1.0,0.0
DE6,solar,2021-02-03T00:00:00,1.0,0.0
DE6,solar,2021-02-03T03:00:00,1.0,0.0
DE6,solar,2021-02-03T06:00:00,1.0,0.0
DE6,solar,2021-02-03T09:00:00,1.0,234.587496
DE6,solar,2021-02-03T12:00:00,1.0,396.0
DE6,solar,2021-02-03T15:00:00,1.0,234.587496
DE6,solar,2021-02-03T18:00:00,1.0,0.0
DE6,solar,2021-02-03T21:00:00,1.0,0.0
DE6,solar,2021-02-04T00:00:00,1.0,0.0
DE6,solar,2021-02-04T03:00:00,1.0,0.0
DE6,solar,2021-02-04T06:00:00,1.0,0.0
DE6,solar,2021-02-04T09:00:00,1.0,3111.24
DE6,solar,2021-02-04T12:00:00,1.0,4400.0
DE6,solar,2021-02-04T15:00:00,1.0,3111.24
DE6,solar,2021-02-04T18:00:00,1.0,0.0
DE6,solar,2021-02-04T21:00:00,1.0,0.0
DE6,solar,2021-02-05T00:00:00,1.0,0.0
DE6,solar,2021-02-05T03:00:00,1.0,0.0
DE6,solar,2021-02-05T06:00:00,1.0,0.0
DE6,solar,2021-02-05T09:00:00,1.0,3111.24
DE6,solar,2021-02-05T12:00:00,1.0,4400.0
DE6,solar,2021-02-05T15:00:00,1.0,3111.24
DE6,solar,2021-02-05T18:00:00,1.0,0.0
DE6,solar,2021-02-05T21:00:00,1.0,0.0
DE6,solar,2021-02-06T00:00:00,1.0,0.0
DE6,solar,2021-02-06T03:00:00,1.0,0.0
DE6,solar,2021-02-06T06:00:00,1.0,0.0
DE6,solar,2021-02-06T09:00:00,1.0,3111.24
DE6,solar,2021-02-06T12:00:00,1.0,4400.0
DE6,solar,2021-02-06T15:00:00,1.0,3111.24
DE6,solar,2021-02-06T18:00:00,1.0,0.0
DE6,solar,2021-02-06T21:00:00,1.0,0.0
DE6,solar,2021-02-07T00:00:00,1.0,0.0
DE6,solar,2021-02-07T03:00:00,1.0,0.0
DE6,solar,2021-02-07T06:00:00,1.0,0.0
DE6,solar,2021-02-07T09:00:00,1.0,3111.24
DE6,solar,2021-02-07T12:00:00,1.0,4400.0
DE6,solar,2021-02-07T15:00:00,1.0,3111.24
DE6,solar,2021-02-07T18:00:00,1.0,0.0
DE6,solar,2021-02-07T21:00:00,1.0,0.0
DE7,ccgt,2021-01-25T00:00:00,1.0,1800.0
DE7,ccgt,2021-01-25T03:00:00,1.0,1800.0
DE7,ccgt,2021-01-25T06:00:00,1.0,1800.0
DE7,ccgt,2021-01-25T09:00:00,1.0,540.0
DE7,ccgt,2021-01-25T12:00:00,1.0,540.0
DE7,ccgt,2021-01-25T15:00:00,1.0,540.0
DE7,ccgt,2021-01-25T18:00:00,1.0,1800.0
DE7,ccgt,2021-01-25T21:00:00,1.0,1800.0
DE7,ccgt,2021-01-26T00:00:00,1.0,877.3630000000009
DE7,ccgt,2021-01-26T03:00:00,1.0,1800.0
DE7,ccgt,2021-01-26T06:00:00,1.0,1800.0
DE7,ccgt,2021-01-26T09:00:00,1.0,540.0
DE7,ccgt,2021-01-26T12:00:00,1.0,540.0
DE7,ccgt,2021-01-26T15:00:00,1.0,540.0
DE7,ccgt,2021-01-26T18:00:00,1.0,1800.0
DE7,ccgt,2021-01-26T21:00:00,1.0,1800.0
DE7,ccgt,2021-01-27T00:00:00,1.0,1800.0
DE7,ccgt,2021-01-27T03:00:00,1.0,1800.0
DE7,ccgt,2021-01-27T06:00:00,1.0,1800.0
DE7,ccgt,2021-01-27T09:00:00,1.0,540.0
DE7,ccgt,2021-01-27T12:00:00,1.0,540.0
DE7,ccgt,2021-01-27T15:00:00,1.0,540.0
DE7,ccgt,2021-01-27T18:00:00,1.0,1800.0
DE7,ccgt,2021-01-27T21:00:00,1.0,1800.0
DE7,ccgt,2021-01-28T00:00:00,1.0,1800.0
DE7,ccgt,2021-01-28T03:00:00,1.0,1800.0
DE7,ccgt,2021-01-28T06:00:00,1.0,1800.0
DE7,ccgt,2021-01-28T09:00:00,1.0,1800.0
DE7,ccgt,2021-01-28T12:00:00,1.0,1800.0
DE7,ccgt,2021-01-28T15:00:00,1.0,1800.0
DE7,ccgt,2021-01-28T18:00:00,1.0,1800.0
DE7,ccgt,2021-01-28T21:00:00,1.0,1800.0
DE7,ccgt,2021-01-29T00:00:00,1.0,1800.0
DE7,ccgt,2021-01-29T03:00:00,1.0,1800.0
DE7,ccgt,2021-01-29T06:00:00,1.0,1800.0
DE7,ccgt,2021-01-29T09:00:00,1.0,1800.0
DE7,ccgt,2021-01-29T12:00:00,1.0,1800.0
DE7,ccgt,2021-01-29T15:00:00,1.0,1800.0
DE7,ccgt,2021-01-29T18:00:00,1.0,1800.0
DE7,ccgt,2021-01-29T21:00:00,1.0,1800.0
DE7,ccgt,2021-01-30T00:00:00,1.0,1800.0
DE7,ccgt,2021-01-30T03:00:00,1.0,1800.0
DE7,ccgt,2021-01-30T06:00:00,1.0,1800.0
DE7,ccgt,2021-01-30T09:00:00,1.0,1800.0
DE7,ccgt,2021-01-30T12:00:00,1.0,1800.0
DE7,ccgt,2021-01-30T15:00:00,1.0,1800.0
DE7,ccgt,2021-01-30T18:00:00,1.0,1800.0
DE7,ccgt,2021-01-30T21:00:00,1.0,1800.0
DE7,ccgt,2021-01-31T00:00:00,1.0,1800.0
DE7,ccgt,2021-01-31T03:00:00,1.0,1800.0
DE7,ccgt,2021-01-31T06:00:00,1.0,1800.0
DE7,ccgt,2021-01-31T09:00:00,1.0,1800.0
DE7,ccgt,2021-01-31T12:00:00,1.0,1800.0
DE7,ccgt,2021-01-31T15:00:00,1.0,1800.0
DE7,ccgt,2021-01-31T18:00:00,1.0,1800.0
DE7,ccgt,2021-01-31T21:00:00,1.0,1800.0
DE7,ccgt,2021-02-01T00:00:00,1.0,1800.0
DE7,ccgt,2021-02-01T03:00:00,1.0,1800.0
DE7,ccgt,2021-02-01T06:00:00,1.0,1800.0
DE7,ccgt,2021-02-01T09:00:00,1.0,1800.0
DE7,ccgt,2021-02-01T12:00:00,1.0,1800.0
DE7,ccgt,2021-02-01T15:00:00,1.0,1800.0
DE7,ccgt,2021-02-01T18:00:00,1.0,1800.0
DE7,ccgt,2021-02-01T21:00:00,1.0,1800.0
DE7,ccgt,2021-02-02T00:00:00,1.0,1800.0
DE7,ccgt,2021-02-02T03:00:00,1.0,1800.0
DE7,ccgt,2021-02-02T06:00:00,1.0,1800.0
DE7,ccgt,2021-02-02T09:00:00,1.0,1800.0
DE7,ccgt,2021-02-02T12:00:00,1.0,1800.0
DE7,ccgt,2021-02-02T15:00:00,1.0,1800.0
DE7,ccgt,2021-02-02T18:00:00,1.0,1800.0
DE7,ccgt,2021-02-02T21:00:00,1.0,1800.0
DE7,ccgt,2021-02-03T00:00:00,1.0,1800.0
DE7,ccgt,2021-02-03T03:00:00,1.0,1800.0
DE7,ccgt,2021-02-03T06:00:00,1.0,1800.0
DE7,ccgt,2021-02-03T09:00:00,1.0,1800.0
DE7,ccgt,2021-02-03T12:00:00,1.0,1800.0
DE7,ccgt,2021-02-03T15:00:00,1.0,1800.0
DE7,ccgt,2021-02-03T18:00:00,1.0,1800.0
DE7,ccgt,2021-02-03T21:00:00,1.0,1800.0
DE7,ccgt,2021-02-04T00:00:00,1.0,1800.0
DE7,ccgt,2021-02-04T03:00:00,1.0,1800.0
DE7,ccgt,2021-02-04T06:00:00,1.0,1800.0
DE7,ccgt,2021-02-04T09:00:00,1.0,540.0
DE7,ccgt,2021-02-04T12:00:00,1.0,540.0
DE7,ccgt,2021-02-04T15:00:00,1.0,540.0
DE7,ccgt,2021-02-04T18:00:00,1.0,1800.0
DE7,ccgt,2021-02-04T21:00:00,1.0,1800.0
DE7,ccgt,2021-02-05T00:00:00,1.0,540.0
DE7,ccgt,2021-02-05T03:00:00,1.0,1800.0
DE7,ccgt,2021-02-05T06:00:00,1.0,1800.0
DE7,ccgt,2021-02-05T09:00:00,1.0,540.0
DE7,ccgt,2021-02-05T12:00:00,1.0,540.0
DE7,ccgt,2021-02-05T15:00:00,1.0,540.0
DE7,ccgt,2021-02-05T18:00:00,1.0,1800.0
DE7,ccgt,2021-02-05T21:00:00,1.0,1696.791999999998
DE7,ccgt,2021-02-06T00:00:00,1.0,1800.0
DE7,ccgt,2021-02-06T03:00:00,1.0,1800.0
DE7,ccgt,2021-02-06T06:00:00,1.0,1800.0
DE7,ccgt,2021-02-06T09:00:00,1.0,540.0
DE7,ccgt,2021-02-06T12:00:00,1.0,540.0
DE7,ccgt,2021-02-06T15:00:00,1.0,540.0
DE7,ccgt,2021-02-06T18:00:00,1.0,1800.0
DE7,ccgt,2021-02-06T21:00:00,1.0,1800.0
DE7,ccgt,2021-02-07T00:00:00,1.0,1800.0
DE7,ccgt,2021-02-07T03:00:00,1.0,1800.0
DE7,ccgt,2021-02-07T06:00:00,1.0,1800.0
DE7,ccgt,2021-02-07T09:00:00,1.0,1800.0
DE7,ccgt,2021-02-07T12:00:00,1.0,1800.0
DE7,ccgt,2021-02-07T15:00:00,1.0,1800.0
DE7,ccgt,2021-02-07T18:00:00,1.0,1800.0
DE7,ccgt,2021-02-07T21:00:00,1.0,1800.0
DE7,ocgt,2021-01-25T00:00:00,1.0,800.0
DE7,ocgt,2021-01-25T03:00:00,1.0,800.0
DE7,ocgt,2021-01-25T06:00:00,1.0,0.0
DE7,ocgt,2021-01-25T09:00:00,1.0,0.0
DE7,ocgt,2021-01-25T12:00:00,1.0,0.0
DE7,ocgt,2021-01-25T15:00:00,1.0,0.0
DE7,ocgt,2021-01-25T18:00:00,1.0,0.0
DE7,ocgt,2021-01-25T21:00:00,1.0,0.0
DE7,ocgt,2021-01-26T00:00:00,1.0,0.0
DE7,ocgt,2021-01-26T03:00:00,1.0,0.0
DE7,ocgt,2021-01-26T06:00:00,1.0,0.0
DE7,ocgt,2021-01-26T09:00:00,1.0,0.0
DE7,ocgt,2021-01-26T12:00:00,1.0,0.0
DE7,ocgt,2021-01-26T15:00:00,1.0,0.0
DE7,ocgt,2021-01-26T18:00:00,1.0,0.0
DE7,ocgt,2021-01-26T21:00:00,1.0,0.0
DE7,ocgt,2021-01-27T00:00:00,1.0,0.0
DE7,ocgt,2021-01-27T03:00:00,1.0,0.0
DE7,ocgt,2021-01-27T06:00:00,1.0,0.0
DE7,ocgt,2021-01-27T09:00:00,1.0,0.0
DE7,ocgt,2021-01-27T12:00:00,1.0,0.0
DE7,ocgt,2021-01-27T15:00:00,1.0,0.0
DE7,ocgt,2021-01-27T18:00:00,1.0,800.0
DE7,ocgt,2021-01-27T21:00:00,1.0,0.0
DE7,ocgt,2021-01-28T00:00:00,1.0,800.0
DE7,ocgt,2021-01-28T03:00:00,1.0,0.0
DE7,ocgt,2021-01-28T06:00:00,1.0,800.0
DE7,ocgt,2021-01-28T09:00:00,1.0,800.0
DE7,ocgt,2021-01-28T12:00:00,1.0,800.0
DE7,ocgt,2021-01-28T15:00:00,1.0,800.0
DE7,ocgt,2021-01-28T18:00:00,1.0,800.0
DE7,ocgt,2021-01-28T21:00:00,1.0,800.0
DE7,ocgt,2021-01-29T00:00:00,1.0,800.0
DE7,ocgt,2021-01-29T03:00:00,1.0,0.0
DE7,ocgt,2021-01-29T06:00:00,1.0,800.0
DE7,ocgt,2021-01-29T09:00:00,1.0,800.0
DE7,ocgt,2021-01-29T12:00:00,1.0,800.0
DE7,ocgt,2021-01-29T15:00:00,1.0,800.0
DE7,ocgt,2021-01-29T18:00:00,1.0,800.0
DE7,ocgt,2021-01-29T21:00:00,1.0,800.0
DE7,ocgt,2021-01-30T00:00:00,1.0,0.0
DE7,ocgt,2021-01-30T03:00:00,1.0,800.0
DE7,ocgt,2021-01-30T06:00:00,1.0,800.0
DE7,ocgt,2021-01-30T09:00:00,1.0,800.0
DE7,ocgt,2021-01-30T12:00:00,1.0,0.0
DE7,ocgt,2021-01-30T15:00:00,1.0,0.0
DE7,ocgt,2021-01-30T18:00:00,1.0,800.0
DE7,ocgt,2021-01-30T21:00:00,1.0,800.0
DE7,ocgt,2021-01-31T00:00:00,1.0,800.0
DE7,ocgt,2021-01-31T03:00:00,1.0,800.0
DE7,ocgt,2021-01-31T06:00:00,1.0,800.0
DE7,ocgt,2021-01-31T09:00:00,1.0,800.0
DE7,ocgt,2021-01-31T12:00:00,1.0,0.0
DE7,ocgt,2021-01-31T15:00:00,1.0,800.0
DE7,ocgt,2021-01-31T18:00:00,1.0,0.0
DE7,ocgt,2021-01-31T21:00:00,1.0,800.0
DE7,ocgt,2021-02-01T00:00:00,1.0,800.0
DE7,ocgt,2021-02-01T03:00:00,1.0,800.0
DE7,ocgt,2021-02-01T06:00:00,1.0,800.0
DE7,ocgt,2021-02-01T09:00:00,1.0,800.0
DE7,ocgt,2021-02-01T12:00:00,1.0,800.0
DE7,ocgt,2021-02-01T15:00:00,1.0,800.0
DE7,ocgt,2021-02-01T18:00:00,1.0,800.0
DE7,ocgt,2021-02-01T21:00:00,1.0,800.0
DE7,ocgt,2021-02-02T00:00:00,1.0,800.0
DE7,ocgt,2021-02-02T03:00:00,1.0,800.0
DE7,ocgt,2021-02-02T06:00:00,1.0,800.0
DE7,ocgt,2021-02-02T09:00:00,1.0,800.0
DE7,ocgt,2021-02-02T12:00:00,1.0,800.0
DE7,ocgt,2021-02-02T15:00:00,1.0,800.0
DE7,ocgt,2021-02-02T18:00:00,1.0,800.0
DE7,ocgt,2021-02-02T21:00:00,1.0,800.0
DE7,ocgt,2021-02-03T00:00:00,1.0,800.0
DE7,ocgt,2021-02-03T03:00:00,1.0,0.0
DE7,ocgt,2021-02-03T06:00:00,1.0,800.0
DE7,ocgt,2021-02-03T09:00:00,1.0,800.0
DE7,ocgt,2021-02-03T12:00:00,1.0,0.0
DE7,ocgt,2021-02-03T15:00:00,1.0,800.0
DE7,ocgt,2021-02-03T18:00:00,1.0,800.0
DE7,ocgt,2021-02-03T21:00:00,1.0,0.0
DE7,ocgt,2021-02-04T00:00:00,1.0,0.0
DE7,ocgt,2021-02-04T03:00:00,1.0,0.0
DE7,ocgt,2021-02-04T06:00:00,1.0,0.0
DE7,ocgt,2021-02-04T09:00:00,1.0,0.0
DE7,ocgt,2021-02-04T12:00:00,1.0,0.0
DE7,ocgt,2021-02-04T15:00:00,1.0,0.0
DE7,ocgt,2021-02-04T18:00:00,1.0,0.0
DE7,ocgt,2021-02-04T21:00:00,1.0,0.0
DE7,ocgt,2021-02-05T00:00:00,1.0,0.0
DE7,ocgt,2021-02-05T03:00:00,1.0,0.0
DE7,ocgt,2021-02-05T06:00:00,1.0,800.0
DE7,ocgt,2021-02-05T09:00:00,1.0,0.0
DE7,ocgt,2021-02-05T12:00:00,1.0,0.0
DE7,ocgt,2021-02-05T15:00:00,1.0,0.0
DE7,ocgt,2021-02-05T18:00:00,1.0,0.0
DE7,ocgt,2021-02-05T21:00:00,1.0,0.0
DE7,ocgt,2021-02-06T00:00:00,1.0,800.0
DE7,ocgt,2021-02-06T03:00:00,1.0,0.0
DE7,ocgt,2021-02-06T06:00:00,1.0,800.0
DE7,ocgt,2021-02-06T09:00:00,1.0,0.0
DE7,ocgt,2021-02-06T12:00:00,1.0,0.0
DE7,ocgt,2021-02-06T15:00:00,1.0,0.0
DE7,ocgt,2021-02-06T18:00:00,1.0,404.21483439999855
DE7,ocgt,2021-02-06T21:00:00,1.0,0.0
DE7,ocgt,2021-02-07T00:00:00,1.0,800.0
DE7,ocgt,2021-02-07T03:00:00,1.0,800.0
DE7,ocgt,2021-02-07T06:00:00,1.0,800.0
DE7,ocgt,2021-02-07T09:00:00,1.0,0.0
DE7,ocgt,2021-02-07T12:00:00,1.0,0.0
DE7,ocgt,2021-02-07T15:00:00,1.0,0.0
DE7,ocgt,2021-02-07T18:00:00,1.0,800.0
DE7,ocgt,2021-02-07T21:00:00,1.0,800.0
DE7,offwind,2021-01-25T00:00:00,1.0,130.88
DE7,offwind,2021-01-25T03:00:00,1.0,142.56
DE7,offwind,2021-01-25T06:00:00,1.0,154.04
DE7,offwind,2021-01-25T09:00:00,1.0,165.16
DE7,offwind,2021-01-25T12:00:00,1.0,0.0
DE7,offwind,2021-01-25T15:00:00,1.0,185.60000000000002
DE7,offwind,2021-01-25T18:00:00,1.0,194.64
DE7,offwind,2021-01-25T21:00:00,1.0,202.68
DE7,offwind,2021-01-26T00:00:00,1.0,219.84
DE7,offwind,2021-01-26T03:00:00,1.0,222.71999999999997
DE7,offwind,2021-01-26T06:00:00,1.0,224.2
DE7,offwind,2021-01-26T09:00:00,1.0,224.24
DE7,offwind,2021-01-26T12:00:00,1.0,0.0
DE7,offwind,2021-01-26T15:00:00,1.0,219.92
DE7,offwind,2021-01-26T18:00:00,1.0,215.64000000000001
DE7,offwind,2021-01-26T21:00:00,1.0,210.08
DE7,offwind,2021-01-27T00:00:00,1.0,185.84
DE7,offwind,2021-01-27T03:00:00,1.0,176.0
DE7,offwind,2021-01-27T06:00:00,1.0,165.44
DE7,offwind,2021-01-27T09:00:00,1.0,154.32
DE7,offwind,2021-01-27T12:00:00,1.0,0.0
DE7,offwind,2021-01-27T15:00:00,1.0,131.20000000000002
DE7,offwind,2021-01-27T18:00:00,1.0,119.56
DE7,offwind,2021-01-27T21:00:00,1.0,108.08
DE7,offwind,2021-01-28T00:00:00,1.0,9.1152
DE7,offwind,2021-01-28T03:00:00,1.0,8.979335999999998
DE7,offwind,2021-01-28T06:00:00,1.0,8.248800000000001
DE7,offwind,2021-01-28T09:00:00,1.0,6.9785639999999995
DE7,offwind,2021-01-28T12:00:00,1.0,5.568
DE7,offwind,2021-01-28T15:00:00,1.0,4.456272
DE7,offwind,2021-01-28T18:00:00,1.0,3.9120000000000004
DE7,offwind,2021-01-28T21:00:00,1.0,3.9818399999999996
DE7,offwind,2021-01-29T00:00:00,1.0,6.294
DE7,offwind,2021-01-29T03:00:00,1.0,7.594548
DE7,offwind,2021-01-29T06:00:00,1.0,8.819600000000001
DE7,offwind,2021-01-29T09:00:00,1.0,9.635952
DE7,offwind,2021-01-29T12:00:00,1.0,10.008000000000001
DE7,offwind,2021-01-29T15:00:00,1.0,10.284912
DE7,offwind,2021-01-29T18:00:00,1.0,11.1176
DE7,offwind,2021-01-29T21:00:00,1.0,13.057272000000001
DE7,offwind,2021-01-30T00:00:00,1.0,22.511359999999996
DE7,offwind,2021-01-30T03:00:00,1.0,26.530415999999995
DE7,offwind,2021-01-30T06:00:00,1.0,29.57568
DE7,offwind,2021-01-30T09:00:00,1.0,30.736275999999997
DE7,offwind,2021-01-30T12:00:00,1.0,30.223840000000003
DE7,offwind,2021-01-30T15:00:00,1.0,29.287679999999998
DE7,offwind,2021-01-30T18:00:00,1.0,29.585279999999997
DE7,offwind,2021-01-30T21:00:00,1.0,31.982904
DE7,offwind,2021-01-31T00:00:00,1.0,39.5712
DE7,offwind,2021-01-31T03:00:00,1.0,43.229952
DE7,offwind,2021-01-31T06:00:00,1.0,44.84
DE7,offwind,2021-01-31T09:00:00,1.0,43.524984
DE7,offwind,2021-01-31T12:00:00,1.0,40.104
DE7,offwind,2021-01-31T15:00:00,1.0,36.484728
DE7,offwind,2021-01-31T18:00:00,1.0,34.5024
DE7,offwind,2021-01-31T21:00:00,1.0,34.852272
DE7,offwind,2021-02-01T00:00:00,1.0,31.964480000000002
DE7,offwind,2021-02-01T03:00:00,1.0,32.7536
DE7,offwind,2021-02-01T06:00:00,1.0,31.76448
DE7,offwind,2021-02-01T09:00:00,1.0,28.718951999999998
DE7,offwind,2021-02-01T12:00:00,1.0,24.57536
DE7,offwind,2021-02-01T15:00:00,1.0,20.70336
DE7,offwind,2021-02-01T18:00:00,1.0,18.173119999999997
DE7,offwind,2021-02-01T21:00:00,1.0,17.055024
DE7,offwind,2021-02-02T00:00:00,1.0,11.394
DE7,offwind,2021-02-02T03:00:00,1.0,10.988135999999999
DE7,offwind,2021-02-02T06:00:00,1.0,10.0164
DE7,offwind,2021-02-02T09:00:00,1.0,8.539764
DE7,offwind,2021-02-02T12:00:00,1.0,6.959999999999999
DE7,offwind,2021-02-02T15:00:00,1.0,5.718672
DE7,offwind,2021-02-02T18:00:00,1.0,5.0855999999999995
DE7,offwind,2021-02-02T21:00:00,1.0,5.109839999999999
DE7,offwind,2021-02-03T00:00:00,1.0,5.0352
DE7,offwind,2021-02-03T03:00:00,1.0,6.206148
DE7,offwind,2021-02-03T06:00:00,1.0,7.263200000000001
DE7,offwind,2021-02-03T09:00:00,1.0,7.874352000000001
DE7,offwind,2021-02-03T12:00:00,1.0,8.0064
DE7,offwind,2021-02-03T15:00:00,1.0,8.014512
DE7,offwind,2021-02-03T18:00:00,1.0,8.552
DE7,offwind,2021-02-03T21:00:00,1.0,10.174871999999999
DE7,offwind,2021-02-04T00:00:00,1.0,130.88
DE7,offwind,2021-02-04T03:00:00,1.0,142.56
DE7,offwind,2021-02-04T06:00:00,1.0,154.04
DE7,offwind,2021-02-04T09:00:00,1.0,165.16
DE7,offwind,2021-02-04T12:00:00,1.0,175.72
DE7,offwind,2021-02-04T15:00:00,1.0,185.60000000000002
DE7,offwind,2021-02-04T18:00:00,1.0,194.64
DE7,offwind,2021-02-04T21:00:00,1.0,202.68
DE7,offwind,2021-02-05T00:00:00,1.0,219.84
DE7,offwind,2021-02-05T03:00:00,1.0,222.71999999999997
DE7,offwind,2021-02-05T06:00:00,1.0,224.2
DE7,offwind,2021-02-05T09:00:00,1.0,224.24
DE7,offwind,2021-02-05T12:00:00,1.0,222.8
DE7,offwind,2021-02-05T15:00:00,1.0,219.92
DE7,offwind,2021-02-05T18:00:00,1.0,215.64000000000001
DE7,offwind,2021-02-05T21:00:00,1.0,210.08
DE7,offwind,2021-02-06T00:00:00,1.0,185.84
DE7,offwind,2021-02-06T03:00:00,1.0,176.0
DE7,offwind,2021-02-06T06:00:00,1.0,165.44
DE7,offwind,2021-02-06T09:00:00,1.0,154.32
DE7,offwind,2021-02-06T12:00:00,1.0,142.88
DE7,offwind,2021-02-06T15:00:00,1.0,131.20000000000002
DE7,offwind,2021-02-06T18:00:00,1.0,119.56
DE7,offwind,2021-02-06T21:00:00,1.0,108.08
DE7,offwind,2021-02-07T00:00:00,1.0,75.96000000000001
DE7,offwind,2021-02-07T03:00:00,1.0,66.96
DE7,offwind,2021-02-07T06:00:00,1.0,58.919999999999995
DE7,offwind,2021-02-07T09:00:00,1.0,52.04
DE7,offwind,2021-02-07T12:00:00,1.0,46.400000000000006
DE7,offwind,2021-02-07T15:00:00,1.0,42.08
DE7,offwind,2021-02-07T18:00:00,1.0,39.12
DE7,offwind,2021-02-07T21:00:00,1.0,37.6
DE7,onwind,2021-01-25T00:00:00,1.0,1933.75
DE7,onwind,2021-01-25T03:00:00,1.0,2106.0
DE7,onwind,2021-01-25T06:00:00,1.0,2275.65
DE7,onwind,2021-01-25T09:00:00,1.0,2439.4500000000003
DE7,onwind,2021-01-25T12:00:00,1.0,0.0
DE7,onwind,2021-01-25T15:00:00,1.0,2741.7000000000003
DE7,onwind,2021-01-25T18:00:00,1.0,2874.9500000000003
DE7,onwind,2021-01-25T21:00:00,1.0,2993.9
DE7,onwind,2021-01-26T00:00:00,1.0,3247.4
DE7,onwind,2021-01-26T03:00:00,1.0,3290.2999999999997
DE7,onwind,2021-01-26T06:00:00,1.0,3312.4000000000005
DE7,onwind,2021-01-26T09:00:00,1.0,3312.4000000000005
DE7,onwind,2021-01-26T12:00:00,1.0,0.0
DE7,onwind,2021-01-26T15:00:00,1.0,3248.7000000000003
DE7,onwind,2021-01-26T18:00:00,1.0,3185.65
DE7,onwind,2021-01-26T21:00:00,1.0,3103.1
DE7,onwind,2021-01-27T00:00:00,1.0,2745.6
DE7,onwind,2021-01-27T03:00:00,1.0,2600.0
DE7,onwind,2021-01-27T06:00:00,1.0,2444.0
DE7,onwind,2021-01-27T09:00:00,1.0,2280.2
DE7,onwind,2021-01-27T12:00:00,1.0,1556.717999999999
DE7,onwind,2021-01-27T15:00:00,1.0,1938.3000000000002
DE7,onwind,2021-01-27T18:00:00,1.0,1766.05
DE7,onwind,2021-01-27T21:00:00,1.0,1596.4
DE7,onwind,2021-01-28T00:00:00,1.0,134.62800000000001
DE7,onwind,2021-01-28T03:00:00,1.0,132.577965
DE7,onwind,2021-01-28T06:00:00,1.0,121.84900000000002
DE7,onwind,2021-01-28T09:00:00,1.0,103.116195
DE7,onwind,2021-01-28T12:00:00,1.0,82.28999999999999
DE7,onwind,2021-01-28T15:00:00,1.0,65.80626
DE7,onwind,2021-01-28T18:00:00,1.0,57.785000000000004
DE7,onwind,2021-01-28T21:00:00,1.0,58.853925000000004
DE7,onwind,2021-01-29T00:00:00,1.0,93.015
DE7,onwind,2021-01-29T03:00:00,1.0,112.21158
DE7,onwind,2021-01-29T06:00:00,1.0,130.2795
DE7,onwind,2021-01-29T09:00:00,1.0,142.397775
DE7,onwind,2021-01-29T12:00:00,1.0,147.81
DE7,onwind,2021-01-29T15:00:00,1.0,151.93619999999999
DE7,onwind,2021-01-29T18:00:00,1.0,164.268
DE7,onwind,2021-01-29T21:00:00,1.0,192.92364
DE7,onwind,2021-01-30T00:00:00,1.0,332.60499999999996
DE7,onwind,2021-01-30T03:00:00,1.0,391.9266
DE7,onwind,2021-01-30T06:00:00,1.0,436.92480000000006
DE7,onwind,2021-01-30T09:00:00,1.0,453.98164499999996
DE7,onwind,2021-01-30T12:00:00,1.0,446.52919999999995
DE7,onwind,2021-01-30T15:00:00,1.0,432.64026
DE7,onwind,2021-01-30T18:00:00,1.0,436.9924
DE7,onwind,2021-01-30T21:00:00,1.0,472.43742
DE7,onwind,2021-01-31T00:00:00,1.0,584.5319999999999
DE7,onwind,2021-01-31T03:00:00,1.0,638.6472299999999
DE7,onwind,2021-01-31T06:00:00,1.0,662.48
DE7,onwind,2021-01-31T09:00:00,1.0,642.9368400000001
DE7,onwind,2021-01-31T12:00:00,1.0,592.371
DE7,onwind,2021-01-31T15:00:00,1.0,538.95933
DE7,onwind,2021-01-31T18:00:00,1.0,509.704
DE7,onwind,2021-01-31T21:00:00,1.0,514.8042899999999
DE7,onwind,2021-02-01T00:00:00,1.0,472.24319999999994
DE7,onwind,2021-02-01T03:00:00,1.0,483.85999999999996
DE7,onwind,2021-02-01T06:00:00,1.0,469.24800000000005
DE7,onwind,2021-02-01T09:00:00,1.0,424.34522000000004
DE7,onwind,2021-02-01T12:00:00,1.0,363.0146
DE7,onwind,2021-02-01T15:00:00,1.0,305.86374
DE7,onwind,2021-02-01T18:00:00,1.0,268.4396
DE7,onwind,2021-02-01T21:00:00,1.0,251.91192
DE7,onwind,2021-02-02T00:00:00,1.0,168.285
DE7,onwind,2021-02-02T03:00:00,1.0,162.23746500000001
DE7,onwind,2021-02-02T06:00:00,1.0,147.9595
DE7,onwind,2021-02-02T09:00:00,1.0,126.184695
DE7,onwind,2021-02-02T12:00:00,1.0,102.8625
DE7,onwind,2021-02-02T15:00:00,1.0,84.44826
DE7,onwind,2021-02-02T18:00:00,1.0,75.1205
DE7,onwind,2021-02-02T21:00:00,1.0,75.526425
DE7,onwind,2021-02-03T00:00:00,1.0,74.41199999999999
DE7,onwind,2021-02-03T03:00:00,1.0,91.69758
DE7,onwind,2021-02-03T06:00:00,1.0,107.28900000000002
DE7,onwind,2021-02-03T09:00:00,1.0,116.36527500000001
DE7,onwind,2021-02-03T12:00:00,1.0,118.248
DE7,onwind,2021-02-03T15:00:00,1.0,118.39619999999998
DE7,onwind,2021-02-03T18:00:00,1.0,126.36
DE7,onwind,2021-02-03T21:00:00,1.0,150.33563999999998
DE7,onwind,2021-02-04T00:00:00,1.0,1933.75
DE7,onwind,2021-02-04T03:00:00,1.0,2106.0
DE7,onwind,2021-02-04T06:00:00,1.0,2275.65
DE7,onwind,2021-02-04T09:00:00,1.0,2439.4500000000003
DE7,onwind,2021-02-04T12:00:00,1.0,2473.369999999999
DE7,onwind,2021-02-04T15:00:00,1.0,2741.7000000000003
DE7,onwind,2021-02-04T18:00:00,1.0,2874.9500000000003
DE7,onwind,2021-02-04T21:00:00,1.0,2993.9
DE7,onwind,2021-02-05T00:00:00,1.0,3247.4
DE7,onwind,2021-02-05T03:00:00,1.0,3290.2999999999997
DE7,onwind,2021-02-05T06:00:00,1.0,3312.4000000000005
DE7,onwind,2021-02-05T09:00:00,1.0,3312.4000000000005
DE7,onwind,2021-02-05T12:00:00,1.0,3290.95
DE7,onwind,2021-02-05T15:00:00,1.0,3248.7000000000003
DE7,onwind,2021-02-05T18:00:00,1.0,3185.65
DE7,onwind,2021-02-05T21:00:00,1.0,3103.1
DE7,onwind,2021-02-06T00:00:00,1.0,2745.6
DE7,onwind,2021-02-06T03:00:00,1.0,2600.0
DE7,onwind,2021-02-06T06:00:00,1.0,2444.0
DE7,onwind,2021-02-06T09:00:00,1.0,2280.2
DE7,onwind,2021-02-06T12:00:00,1.0,2110.5499999999997
DE7,onwind,2021-02-06T15:00:00,1.0,1938.3000000000002
DE7,onwind,2021-02-06T18:00:00,1.0,1766.05
DE7,onwind,2021-02-06T21:00:00,1.0,1596.4
DE7,onwind,2021-02-07T00:00:00,1.0,1121.9
DE7,onwind,2021-02-07T03:00:00,1.0,988.6500000000001
DE7,onwind,2021-02-07T06:00:00,1.0,870.3499999999999
DE7,onwind,2021-02-07T09:00:00,1.0,768.95
DE7,onwind,2021-02-07T12:00:00,1.0,685.75
DE7,onwind,2021-02-07T15:00:00,1.0,621.4
DE7,onwind,2021-02-07T18:00:00,1.0,577.85
DE7,onwind,2021-02-07T21:00:00,1.0,555.75
DE7,solar,2021-01-25T00:00:00,1.0,0.0
DE7,solar,2021-01-25T03:00:00,1.0,0.0
DE7,solar,2021-01-25T06:00:00,1.0,0.0
DE7,solar,2021-01-25T09:00:00,1.0,3694.8999999999996
DE7,solar,2021-01-25T12:00:00,1.0,5225.0
DE7,solar,2021-01-25T15:00:00,1.0,3694.8999999999996
DE7,solar,2021-01-25T18:00:00,1.0,0.0
DE7,solar,2021-01-25T21:00:00,1.0,0.0
DE7,solar,2021-01-26T00:00:00,1.0,0.0
DE7,solar,2021-01-26T03:00:00,1.0,0.0
DE7,solar,2021-01-26T06:00:00,1.0,0.0
DE7,solar,2021-01-26T09:00:00,1.0,3694.8999999999996
DE7,solar,2021-01-26T12:00:00,1.0,5225.0
DE7,solar,2021-01-26T15:00:00,1.0,3694.8999999999996
DE7,solar,2021-01-26T18:00:00,1.0,0.0
DE7,solar,2021-01-26T21:00:00,1.0,0.0
DE7,solar,2021-01-27T00:00:00,1.0,0.0
DE7,solar,2021-01-27T03:00:00,1.0,0.0
DE7,solar,2021-01-27T06:00:00,1.0,0.0
DE7,solar,2021-01-27T09:00:00,1.0,3694.8999999999996
DE7,solar,2021-01-27T12:00:00,1.0,5225.0
DE7,solar,2021-01-27T15:00:00,1.0,3694.8999999999996
DE7,solar,2021-01-27T18:00:00,1.0,0.0
DE7,solar,2021-01-27T21:00:00,1.0,0.0
DE7,solar,2021-01-28T00:00:00,1.0,0.0
DE7,solar,2021-01-28T03:00:00,1.0,0.0
DE7,solar,2021-01-28T06:00:00,1.0,0.0
DE7,solar,2021-01-28T09:00:00,1.0,278.59545999999995
DE7,solar,2021-01-28T12:00:00,1.0,470.24999999999994
DE7,solar,2021-01-28T15:00:00,1.0,278.59545999999995
DE7,solar,2021-01-28T18:00:00,1.0,0.0
DE7,solar,2021-01-28T21:00:00,1.0,0.0
DE7,solar,2021-01-29T00:00:00,1.0,0.0
DE7,solar,2021-01-29T03:00:00,1.0,0.0
DE7,solar,2021-01-29T06:00:00,1.0,0.0
DE7,solar,2021-01-29T09:00:00,1.0,343.6257
DE7,solar,2021-01-29T12:00:00,1.0,600.875
DE7,solar,2021-01-29T15:00:00,1.0,343.6257
DE7,solar,2021-01-29T18:00:00,1.0,0.0
DE7,solar,2021-01-29T21:00:00,1.0,0.0
DE7,solar,2021-01-30T00:00:00,1.0,0.0
DE7,solar,2021-01-30T03:00:00,1.0,0.0
DE7,solar,2021-01-30T06:00:00,1.0,0.0
DE7,solar,2021-01-30T09:00:00,1.0,391.65939999999995
DE7,solar,2021-01-30T12:00:00,1.0,696.4925
DE7,solar,2021-01-30T15:00:00,1.0,391.65939999999995
DE7,solar,2021-01-30T18:00:00,1.0,0.0
DE7,solar,2021-01-30T21:00:00,1.0,0.0
DE7,solar,2021-01-31T00:00:00,1.0,0.0
DE7,solar,2021-01-31T03:00:00,1.0,0.0
DE7,solar,2021-01-31T06:00:00,1.0,0.0
DE7,solar,2021-01-31T09:00:00,1.0,409.02543000000003
DE7,solar,2021-01-31T12:00:00,1.0,731.5
DE7,solar,2021-01-31T15:00:00,1.0,409.02543000000003
DE7,solar,2021-01-31T18:00:00,1.0,0.0
DE7,solar,2021-01-31T21:00:00,1.0,0.0
DE7,solar,2021-02-01T00:00:00,1.0,0.0
DE7,solar,2021-02-01T03:00:00,1.0,0.0
DE7,solar,2021-02-01T06:00:00,1.0,0.0
DE7,solar,2021-02-01T09:00:00,1.0,391.65939999999995
DE7,solar,2021-02-01T12:00:00,1.0,696.4925
DE7,solar,2021-02-01T15:00:00,1.0,391.65939999999995
DE7,solar,2021-02-01T18:00:00,1.0,0.0
DE7,solar,2021-02-01T21:00:00,1.0,0.0
DE7,solar,2021-02-02T00:00:00,1.0,0.0
DE7,solar,2021-02-02T03:00:00,1.0,0.0
DE7,solar,2021-02-02T06:00:00,1.0,0.0
DE7,solar,2021-02-02T09:00:00,1.0,343.6257
DE7,solar,2021-02-02T12:00:00,1.0,600.875
DE7,solar,2021-02-02T15:00:00,1.0,343.6257
DE7,solar,2021-02-02T18:00:00,1.0,0.0
DE7,solar,2021-02-02T21:00:00,1.0,0.0
DE7,solar,2021-02-03T00:00:00,1.0,0.0
DE7,solar,2021-02-03T03:00:00,1.0,0.0
DE7,solar,2021-02-03T06:00:00,1.0,0.0
DE7,solar,2021-02-03T09:00:00,1.0,278.59545999999995
DE7,solar,2021-02-03T12:00:00,1.0,470.24999999999994
DE7,solar,2021-02-03T15:00:00,1.0,278.59545999999995
DE7,solar,2021-02-03T18:00:00,1.0,0.0
DE7,solar,2021-02-03T21:00:00,1.0,0.0
DE7,solar,2021-02-04T00:00:00,1.0,0.0
DE7,solar,2021-02-04T03:00:00,1.0,0.0
DE7,solar,2021-02-04T06:00:00,1.0,0.0
DE7,solar,2021-02-04T09:00:00,1.0,3694.8999999999996
DE7,solar,2021-02-04T12:00:00,1.0,5225.0
DE7,solar,2021-02-04T15:00:00,1.0,3694.8999999999996
DE7,solar,2021-02-04T18:00:00,1.0,0.0
DE7,solar,2021-02-04T21:00:00,1.0,0.0
DE7,solar,2021-02-05T00:00:00,1.0,0.0
DE7,solar,2021-02-05T03:00:00,1.0,0.0
DE7,solar,2021-02-05T06:00:00,1.0,0.0
DE7,solar,2021-02-05T09:00:00,1.0,3694.8999999999996
DE7,solar,2021-02-05T12:00:00,1.0,5225.0
DE7,solar,2021-02-05T15:00:00,1.0,3694.8999999999996
DE7,solar,2021-02-05T18:00:00,1.0,0.0
DE7,solar,2021-02-05T21:00:00,1.0,0.0
DE7,solar,2021-02-06T00:00:00,1.0,0.0
DE7,solar,2021-02-06T03:00:00,1.0,0.0
DE7,solar,2021-02-06T06:00:00,1.0,0.0
DE7,solar,2021-02-06T09:00:00,1.0,3694.8999999999996
DE7,solar,2021-02-06T12:00:00,1.0,5225.0
DE7,solar,2021-02-06T15:00:00,1.0,3694.8999999999996
DE7,solar,2021-02-06T18:00:00,1.0,0.0
DE7,solar,2021-02-06T21:00:00,1.0,0.0
DE7,solar,2021-02-07T00:00:00,1.0,0.0
DE7,solar,2021-02-07T03:00:00,1.0,0.0
DE7,solar,2021-02-07T06:00:00,1.0,0.0
DE7,solar,2021-02-07T09:00:00,1.0,3694.8999999999996
DE7,solar,2021-02-07T12:00:00,1.0,5225.0
DE7,solar,2021-02-07T15:00:00,1.0,3694.8999999999996
DE7,solar,2021-02-07T18:00:00,1.0,0.0
DE7,solar,2021-02-07T21:00:00,1.0,0.0
DE8,ccgt,2021-01-25T00:00:00,1.0,1720.0
DE8,ccgt,2021-01-25T03:00:00,1.0,1720.0
DE8,ccgt,2021-01-25T06:00:00,1.0,1720.0
DE8,ccgt,2021-01-25T09:00:00,1.0,516.0
DE8,ccgt,2021-01-25T12:00:00,1.0,516.0
DE8,ccgt,2021-01-25T15:00:00,1.0,516.0
DE8,ccgt,2021-01-25T18:00:00,1.0,1720.0
DE8,ccgt,2021-01-25T21:00:00,1.0,1720.0
DE8,ccgt,2021-01-26T00:00:00,1.0,1720.0
DE8,ccgt,2021-01-26T03:00:00,1.0,1720.0
DE8,ccgt,2021-01-26T06:00:00,1.0,1720.0
DE8,ccgt,2021-01-26T09:00:00,1.0,516.0
DE8,ccgt,2021-01-26T12:00:00,1.0,516.0
DE8,ccgt,2021-01-26T15:00:00,1.0,516.0
DE8,ccgt,2021-01-26T18:00:00,1.0,1720.0
DE8,ccgt,2021-01-26T21:00:00,1.0,1720.0
DE8,ccgt,2021-01-27T00:00:00,1.0,1720.0
DE8,ccgt,2021-01-27T03:00:00,1.0,1720.0
DE8,ccgt,2021-01-27T06:00:00,1.0,1720.0
DE8,ccgt,2021-01-27T09:00:00,1.0,516.0
DE8,ccgt,2021-01-27T12:00:00,1.0,516.0
DE8,ccgt,2021-01-27T15:00:00,1.0,516.0
DE8,ccgt,2021-01-27T18:00:00,1.0,1720.0
DE8,ccgt,2021-01-27T21:00:00,1.0,1720.0
DE8,ccgt,2021-01-28T00:00:00,1.0,1720.0
DE8,ccgt,2021-01-28T03:00:00,1.0,1720.0
DE8,ccgt,2021-01-28T06:00:00,1.0,1720.0
DE8,ccgt,2021-01-28T09:00:00,1.0,1720.0
DE8,ccgt,2021-01-28T12:00:00,1.0,1720.0
DE8,ccgt,2021-01-28T15:00:00,1.0,1720.0
DE8,ccgt,2021-01-28T18:00:00,1.0,1720.0
DE8,ccgt,2021-01-28T21:00:00,1.0,1720.0
DE8,ccgt,2021-01-29T00:00:00,1.0,1720.0
DE8,ccgt,2021-01-29T03:00:00,1.0,1720.0
DE8,ccgt,2021-01-29T06:00:00,1.0,1720.0
DE8,ccgt,2021-01-29T09:00:00,1.0,1720.0
DE8,ccgt,2021-01-29T12:00:00,1.0,1720.0
DE8,ccgt,2021-01-29T15:00:00,1.0,1720.0
DE8,ccgt,2021-01-29T18:00:00,1.0,1720.0
DE8,ccgt,2021-01-29T21:00:00,1.0,1720.0
DE8,ccgt,2021-01-30T00:00:00,1.0,1720.0
DE8,ccgt,2021-01-30T03:00:00,1.0,1720.0
DE8,ccgt,2021-01-30T06:00:00,1.0,1720.0
DE8,ccgt,2021-01-30T09:00:00,1.0,1720.0
DE8,ccgt,2021-01-30T12:00:00,1.0,1720.0
DE8,ccgt,2021-01-30T15:00:00,1.0,1720.0
DE8,ccgt,2021-01-30T18:00:00,1.0,1720.0
DE8,ccgt,2021-01-30T21:00:00,1.0,1720.0
DE8,ccgt,2021-01-31T00:00:00,1.0,1720.0
DE8,ccgt,2021-01-31T03:00:00,1.0,1720.0
DE8,ccgt,2021-01-31T06:00:00,1.0,1720.0
DE8,ccgt,2021-01-31T09:00:00,1.0,1720.0
DE8,ccgt,2021-01-31T12:00:00,1.0,1720.0
DE8,ccgt,2021-01-31T15:00:00,1.0,1720.0
DE8,ccgt,2021-01-31T18:00:00,1.0,1720.0
DE8,ccgt,2021-01-31T21:00:00,1.0,1720.0
DE8,ccgt,2021-02-01T00:00:00,1.0,1720.0
DE8,ccgt,2021-02-01T03:00:00,1.0,1720.0
DE8,ccgt,2021-02-01T06:00:00,1.0,1720.0
DE8,ccgt,2021-02-01T09:00:00,1.0,1720.0
DE8,ccgt,2021-02-01T12:00:00,1.0,1720.0
DE8,ccgt,2021-02-01T15:00:00,1.0,1720.0
DE8,ccgt,2021-02-01T18:00:00,1.0,1720.0
DE8,ccgt,2021-02-01T21:00:00,1.0,1720.0
DE8,ccgt,2021-02-02T00:00:00,1.0,1720.0
DE8,ccgt,2021-02-02T03:00:00,1.0,1720.0
DE8,ccgt,2021-02-02T06:00:00,1.0,1720.0
DE8,ccgt,2021-02-02T09:00:00,1.0,1720.0
DE8,ccgt,2021-02-02T12:00:00,1.0,1720.0
DE8,ccgt,2021-02-02T15:00:00,1.0,1720.0
DE8,ccgt,2021-02-02T18:00:00,1.0,1720.0
DE8,ccgt,2021-02-02T21:00:00,1.0,1720.0
DE8,ccgt,2021-02-03T00:00:00,1.0,1720.0
DE8,ccgt,2021-02-03T03:00:00,1.0,1720.0
DE8,ccgt,2021-02-03T06:00:00,1.0,1720.0
DE8,ccgt,2021-02-03T09:00:00,1.0,1720.0
DE8,ccgt,2021-02-03T12:00:00,1.0,1720.0
DE8,ccgt,2021-02-03T15:00:00,1.0,1720.0
DE8,ccgt,2021-02-03T18:00:00,1.0,1720.0
DE8,ccgt,2021-02-03T21:00:00,1.0,1720.0
DE8,ccgt,2021-02-04T00:00:00,1.0,1720.0
DE8,ccgt,2021-02-04T03:00:00,1.0,1720.0
DE8,ccgt,2021-02-04T06:00:00,1.0,1720.0
DE8,ccgt,2021-02-04T09:00:00,1.0,516.0
DE8,ccgt,2021-02-04T12:00:00,1.0,516.0
DE8,ccgt,2021-02-04T15:00:00,1.0,516.0
DE8,ccgt,2021-02-04T18:00:00,1.0,1720.0
DE8,ccgt,2021-02-04T21:00:00,1.0,1720.0
DE8,ccgt,2021-02-05T00:00:00,1.0,1720.0
DE8,ccgt,2021-02-05T03:00:00,1.0,1720.0
DE8,ccgt,2021-02-05T06:00:00,1.0,1720.0
DE8,ccgt,2021-02-05T09:00:00,1.0,516.0
DE8,ccgt,2021-02-05T12:00:00,1.0,516.0
DE8,ccgt,2021-02-05T15:00:00,1.0,516.0
DE8,ccgt,2021-02-05T18:00:00,1.0,1720.0
DE8,ccgt,2021-02-05T21:00:00,1.0,1720.0
DE8,ccgt,2021-02-06T00:00:00,1.0,1720.0
DE8,ccgt,2021-02-06T03:00:00,1.0,1720.0
DE8,ccgt,2021-02-06T06:00:00,1.0,1720.0
DE8,ccgt,2021-02-06T09:00:00,1.0,516.0
DE8,ccgt,2021-02-06T12:00:00,1.0,516.0
DE8,ccgt,2021-02-06T15:00:00,1.0,516.0
DE8,ccgt,2021-02-06T18:00:00,1.0,1720.0
DE8,ccgt,2021-02-06T21:00:00,1.0,1720.0
DE8,ccgt,2021-02-07T00:00:00,1.0,1720.0
DE8,ccgt,2021-02-07T03:00:00,1.0,1720.0
DE8,ccgt,2021-02-07T06:00:00,1.0,1720.0
DE8,ccgt,2021-02-07T09:00:00,1.0,1720.0
DE8,ccgt,2021-02-07T12:00:00,1.0,516.0
DE8,ccgt,2021-02-07T15:00:00,1.0,1720.0
DE8,ccgt,2021-02-07T18:00:00,1.0,1720.0
DE8,ccgt,2021-02-07T21:00:00,1.0,1720.0
DE8,ocgt,2021-01-25T00:00:00,1.0,770.0
DE8,ocgt,2021-01-25T03:00:00,1.0,770.0
DE8,ocgt,2021-01-25T06:00:00,1.0,0.0
DE8,ocgt,2021-01-25T09:00:00,1.0,0.0
DE8,ocgt,2021-01-25T12:00:00,1.0,0.0
DE8,ocgt,2021-01-25T15:00:00,1.0,0.0
DE8,ocgt,2021-01-25T18:00:00,1.0,0.0
DE8,ocgt,2021-01-25T21:00:00,1.0,0.0
DE8,ocgt,2021-01-26T00:00:00,1.0,0.0
DE8,ocgt,2021-01-26T03:00:00,1.0,0.0
DE8,ocgt,2021-01-26T06:00:00,1.0,0.0
DE8,ocgt,2021-01-26T09:00:00,1.0,0.0
DE8,ocgt,2021-01-26T12:00:00,1.0,0.0
DE8,ocgt,2021-01-26T15:00:00,1.0,0.0
DE8,ocgt,2021-01-26T18:00:00,1.0,0.0
DE8,ocgt,2021-01-26T21:00:00,1.0,0.0
DE8,ocgt,2021-01-27T00:00:00,1.0,0.0
DE8,ocgt,2021-01-27T03:00:00,1.0,0.0
DE8,ocgt,2021-01-27T06:00:00,1.0,0.0
DE8,ocgt,2021-01-27T09:00:00,1.0,0.0
DE8,ocgt,2021-01-27T12:00:00,1.0,0.0
DE8,ocgt,2021-01-27T15:00:00,1.0,0.0
DE8,ocgt,2021-01-27T18:00:00,1.0,0.0
DE8,ocgt,2021-01-27T21:00:00,1.0,0.0
DE8,ocgt,2021-01-28T00:00:00,1.0,770.0
DE8,ocgt,2021-01-28T03:00:00,1.0,770.0
DE8,ocgt,2021-01-28T06:00:00,1.0,770.0
DE8,ocgt,2021-01-28T09:00:00,1.0,770.0
DE8,ocgt,2021-01-28T12:00:00,1.0,770.0
DE8,ocgt,2021-01-28T15:00:00,1.0,770.0
DE8,ocgt,2021-01-28T18:00:00,1.0,770.0
DE8,ocgt,2021-01-28T21:00:00,1.0,770.0
DE8,ocgt,2021-01-29T00:00:00,1.0,0.0
DE8,ocgt,2021-01-29T03:00:00,1.0,0.0
DE8,ocgt,2021-01-29T06:00:00,1.0,770.0
DE8,ocgt,2021-01-29T09:00:00,1.0,770.0
DE8,ocgt,2021-01-29T12:00:00,1.0,770.0
DE8,ocgt,2021-01-29T15:00:00,1.0,770.0
DE8,ocgt,2021-01-29T18:00:00,1.0,770.0
DE8,ocgt,2021-01-29T21:00:00,1.0,770.0
DE8,ocgt,2021-01-30T00:00:00,1.0,770.0
DE8,ocgt,2021-01-30T03:00:00,1.0,770.0
DE8,ocgt,2021-01-30T06:00:00,1.0,770.0
DE8,ocgt,2021-01-30T09:00:00,1.0,0.0
DE8,ocgt,2021-01-30T12:00:00,1.0,0.0
DE8,ocgt,2021-01-30T15:00:00,1.0,770.0
DE8,ocgt,2021-01-30T18:00:00,1.0,770.0
DE8,ocgt,2021-01-30T21:00:00,1.0,770.0
DE8,ocgt,2021-01-31T00:00:00,1.0,0.0
DE8,ocgt,2021-01-31T03:00:00,1.0,770.0
DE8,ocgt,2021-01-31T06:00:00,1.0,770.0
DE8,ocgt,2021-01-31T09:00:00,1.0,770.0
DE8,ocgt,2021-01-31T12:00:00,1.0,0.0
DE8,ocgt,2021-01-31T15:00:00,1.0,770.0
DE8,ocgt,2021-01-31T18:00:00,1.0,770.0
DE8,ocgt,2021-01-31T21:00:00,1.0,770.0
DE8,ocgt,2021-02-01T00:00:00,1.0,770.0
DE8,ocgt,2021-02-01T03:00:00,1.0,770.0
DE8,ocgt,2021-02-01T06:00:00,1.0,770.0
DE8,ocgt,2021-02-01T09:00:00,1.0,770.0
DE8,ocgt,2021-02-01T12:00:00,1.0,0.0
DE8,ocgt,2021-02-01T15:00:00,1.0,770.0
DE8,ocgt,2021-02-01T18:00:00,1.0,0.0
DE8,ocgt,2021-02-01T21:00:00,1.0,770.0
DE8,ocgt,2021-02-02T00:00:00,1.0,770.0
DE8,ocgt,2021-02-02T03:00:00,1.0,770.0
DE8,ocgt,2021-02-02T06:00:00,1.0,770.0
DE8,ocgt,2021-02-02T09:00:00,1.0,0.0
DE8,ocgt,2021-02-02T12:00:00,1.0,0.0
DE8,ocgt,2021-02-02T15:00:00,1.0,770.0
DE8,ocgt,2021-02-02T18:00:00,1.0,770.0
DE8,ocgt,2021-02-02T21:00:00,1.0,770.0
DE8,ocgt,2021-02-03T00:00:00,1.0,770.0
DE8,ocgt,2021-02-03T03:00:00,1.0,0.0
DE8,ocgt,2021-02-03T06:00:00,1.0,770.0
DE8,ocgt,2021-02-03T09:00:00,1.0,770.0
DE8,ocgt,2021-02-03T12:00:00,1.0,770.0
DE8,ocgt,2021-02-03T15:00:00,1.0,0.0
DE8,ocgt,2021-02-03T18:00:00,1.0,770.0
DE8,ocgt,2021-02-03T21:00:00,1.0,0.0
DE8,ocgt,2021-02-04T00:00:00,1.0,0.0
DE8,ocgt,2021-02-04T03:00:00,1.0,770.0
DE8,ocgt,2021-02-04T06:00:00,1.0,0.0
DE8,ocgt,2021-02-04T09:00:00,1.0,0.0
DE8,ocgt,2021-02-04T12:00:00,1.0,0.0
DE8,ocgt,2021-02-04T15:00:00,1.0,0.0
DE8,ocgt,2021-02-04T18:00:00,1.0,770.0
DE8,ocgt,2021-02-04T21:00:00,1.0,0.0
DE8,ocgt,2021-02-05T00:00:00,1.0,0.0
DE8,ocgt,2021-02-05T03:00:00,1.0,0.0
DE8,ocgt,2021-02-05T06:00:00,1.0,0.0
DE8,ocgt,2021-02-05T09:00:00,1.0,0.0
DE8,ocgt,2021-02-05T12:00:00,1.0,0.0
DE8,ocgt,2021-02-05T15:00:00,1.0,0.0
DE8,ocgt,2021-02-05T18:00:00,1.0,770.0
DE8,ocgt,2021-02-05T21:00:00,1.0,0.0
DE8,ocgt,2021-02-06T00:00:00,1.0,770.0
DE8,ocgt,2021-02-06T03:00:00,1.0,0.0
DE8,ocgt,2021-02-06T06:00:00,1.0,770.0
DE8,ocgt,2021-02-06T09:00:00,1.0,0.0
DE8,ocgt,2021-02-06T12:00:00,1.0,0.0
DE8,ocgt,2021-02-06T15:00:00,1.0,0.0
DE8,ocgt,2021-02-06T18:00:00,1.0,770.0
DE8,ocgt,2021-02-06T21:00:00,1.0,770.0
DE8,ocgt,2021-02-07T00:00:00,1.0,770.0
DE8,ocgt,2021-02-07T03:00:00,1.0,770.0
DE8,ocgt,2021-02-07T06:00:00,1.0,770.0
DE8,ocgt,2021-02-07T09:00:00,1.0,770.0
DE8,ocgt,2021-02-07T12:00:00,1.0,0.0
DE8,ocgt,2021-02-07T15:00:00,1.0,0.0
DE8,ocgt,2021-02-07T18:00:00,1.0,770.0
DE8,ocgt,2021-02-07T21:00:00,1.0,770.0
DE8,offwind,2021-01-25T00:00:00,1.0,117.792
DE8,offwind,2021-01-25T03:00:00,1.0,128.304
DE8,offwind,2021-01-25T06:00:00,1.0,138.636
DE8,offwind,2021-01-25T09:00:00,1.0,148.644
DE8,offwind,2021-01-25T12:00:00,1.0,158.148
DE8,offwind,2021-01-25T15:00:00,1.0,167.04000000000002
DE8,offwind,2021-01-25T18:00:00,1.0,175.176
DE8,offwind,2021-01-25T21:00:00,1.0,182.412
DE8,offwind,2021-01-26T00:00:00,1.0,197.856
DE8,offwind,2021-01-26T03:00:00,1.0,200.44799999999998
DE8,offwind,2021-01-26T06:00:00,1.0,201.78
DE8,offwind,2021-01-26T09:00:00,1.0,201.816
DE8,offwind,2021-01-26T12:00:00,1.0,200.52
DE8,offwind,2021-01-26T15:00:00,1.0,197.928
DE8,offwind,2021-01-26T18:00:00,1.0,194.07600000000002
DE8,offwind,2021-01-26T21:00:00,1.0,189.072
DE8,offwind,2021-01-27T00:00:00,1.0,167.256
DE8,offwind,2021-01-27T03:00:00,1.0,158.4
DE8,offwind,2021-01-27T06:00:00,1.0,148.89600000000002
DE8,offwind,2021-01-27T09:00:00,1.0,138.888
DE8,offwind,2021-01-27T12:00:00,1.0,128.592
DE8,offwind,2021-01-27T15:00:00,1.0,118.08
DE8,offwind,2021-01-27T18:00:00,1.0,107.604
DE8,offwind,2021-01-27T21:00:00,1.0,97.27199999999999
DE8,offwind,2021-01-28T00:00:00,1.0,8.20368
DE8,offwind,2021-01-28T03:00:00,1.0,8.081402399999998
DE8,offwind,2021-01-28T06:00:00,1.0,7.423920000000001
DE8,offwind,2021-01-28T09:00:00,1.0,6.2807075999999995
DE8,offwind,2021-01-28T12:00:00,1.0,5.0112
DE8,offwind,2021-01-28T15:00:00,1.0,4.0106448
DE8,offwind,2021-01-28T18:00:00,1.0,3.5208000000000004
DE8,offwind,2021-01-28T21:00:00,1.0,3.5836559999999995
DE8,offwind,2021-01-29T00:00:00,1.0,5.6646
DE8,offwind,2021-01-29T03:00:00,1.0,6.835093199999999
DE8,offwind,2021-01-29T06:00:00,1.0,7.937640000000001
DE8,offwind,2021-01-29T09:00:00,1.0,8.672356800000001
DE8,offwind,2021-01-29T12:00:00,1.0,9.007200000000001
DE8,offwind,2021-01-29T15:00:00,1.0,9.2564208
DE8,offwind,2021-01-29T18:00:00,1.0,10.00584
DE8,offwind,2021-01-29T21:00:00,1.0,11.7515448
DE8,offwind,2021-01-30T00:00:00,1.0,20.260223999999997
DE8,offwind,2021-01-30T03:00:00,1.0,23.877374399999997
DE8,offwind,2021-01-30T06:00:00,1.0,26.618112
DE8,offwind,2021-01-30T09:00:00,1.0,27.662648399999995
DE8,offwind,2021-01-30T12:00:00,1.0,27.201456
DE8,offwind,2021-01-30T15:00:00,1.0,26.358912
DE8,offwind,2021-01-30T18:00:00,1.0,26.626751999999996
DE8,offwind,2021-01-30T21:00:00,1.0,28.7846136
DE8,offwind,2021-01-31T00:00:00,1.0,35.614079999999994
DE8,offwind,2021-01-31T03:00:00,1.0,38.906956799999996
DE8,offwind,2021-01-31T06:00:00,1.0,40.356
DE8,offwind,2021-01-31T09:00:00,1.0,39.1724856
DE8,offwind,2021-01-31T12:00:00,1.0,36.0936
DE8,offwind,2021-01-31T15:00:00,1.0,32.8362552
DE8,offwind,2021-01-31T18:00:00,1.0,31.05216
DE8,offwind,2021-01-31T21:00:00,1.0,31.367044800000002
DE8,offwind,2021-02-01T00:00:00,1.0,28.768032
DE8,offwind,2021-02-01T03:00:00,1.0,29.47824
DE8,offwind,2021-02-01T06:00:00,1.0,28.588032000000002
DE8,offwind,2021-02-01T09:00:00,1.0,25.847056799999997
DE8,offwind,2021-02-01T12:00:00,1.0,22.117824
DE8,offwind,2021-02-01T15:00:00,1.0,18.633024000000002
DE8,offwind,2021-02-01T18:00:00,1.0,16.355808
DE8,offwind,2021-02-01T21:00:00,1.0,15.3495216
DE8,offwind,2021-02-02T00:00:00,1.0,10.2546
DE8,offwind,2021-02-02T03:00:00,1.0,9.8893224
DE8,offwind,2021-02-02T06:00:00,1.0,9.01476
DE8,offwind,2021-02-02T09:00:00,1.0,7.685787599999999
DE8,offwind,2021-02-02T12:00:00,1.0,6.263999999999999
DE8,offwind,2021-02-02T15:00:00,1.0,5.1468048
DE8,offwind,2021-02-02T18:00:00,1.0,4.57704
DE8,offwind,2021-02-02T21:00:00,1.0,4.598856
DE8,offwind,2021-02-03T00:00:00,1.0,4.53168
DE8,offwind,2021-02-03T03:00:00,1.0,5.5855331999999995
DE8,offwind,2021-02-03T06:00:00,1.0,6.536880000000002
DE8,offwind,2021-02-03T09:00:00,1.0,7.086916800000001
DE8,offwind,2021-02-03T12:00:00,1.0,7.20576
DE8,offwind,2021-02-03T15:00:00,1.0,7.2130608
DE8,offwind,2021-02-03T18:00:00,1.0,7.6968
DE8,offwind,2021-02-03T21:00:00,1.0,9.157384799999999
DE8,offwind,2021-02-04T00:00:00,1.0,117.792
DE8,offwind,2021-02-04T03:00:00,1.0,128.304
DE8,offwind,2021-02-04T06:00:00,1.0,138.636
DE8,offwind,2021-02-04T09:00:00,1.0,148.644
DE8,offwind,2021-02-04T12:00:00,1.0,158.148
DE8,offwind,2021-02-04T15:00:00,1.0,167.04000000000002
DE8,offwind,2021-02-04T18:00:00,1.0,175.176
DE8,offwind,2021-02-04T21:00:00,1.0,182.412
DE8,offwind,2021-02-05T00:00:00,1.0,197.856
DE8,offwind,2021-02-05T03:00:00,1.0,200.44799999999998
DE8,offwind,2021-02-05T06:00:00,1.0,201.78
DE8,offwind,2021-02-05T09:00:00,1.0,201.816
DE8,offwind,2021-02-05T12:00:00,1.0,200.52
DE8,offwind,2021-02-05T15:00:00,1.0,197.928
DE8,offwind,2021-02-05T18:00:00,1.0,194.07600000000002
DE8,offwind,2021-02-05T21:00:00,1.0,189.072
DE8,offwind,2021-02-06T00:00:00,1.0,167.256
DE8,offwind,2021-02-06T03:00:00,1.0,158.4
DE8,offwind,2021-02-06T06:00:00,1.0,148.89600000000002
DE8,offwind,2021-02-06T09:00:00,1.0,138.888
DE8,offwind,2021-02-06T12:00:00,1.0,128.592
DE8,offwind,2021-02-06T15:00:00,1.0,118.08
DE8,offwind,2021-02-06T18:00:00,1.0,107.604
DE8,offwind,2021-02-06T21:00:00,1.0,97.27199999999999
DE8,offwind,2021-02-07T00:00:00,1.0,68.364
DE8,offwind,2021-02-07T03:00:00,1.0,60.263999999999996
DE8,offwind,2021-02-07T06:00:00,1.0,53.02799999999999
DE8,offwind,2021-02-07T09:00:00,1.0,46.836
DE8,offwind,2021-02-07T12:00:00,1.0,41.760000000000005
DE8,offwind,2021-02-07T15:00:00,1.0,37.872
DE8,offwind,2021-02-07T18:00:00,1.0,35.208
DE8,offwind,2021-02-07T21:00:00,1.0,33.84
DE8,onwind,2021-01-25T00:00:00,1.0,1740.375
DE8,onwind,2021-01-25T03:00:00,1.0,1895.4
DE8,onwind,2021-01-25T06:00:00,1.0,2048.085
DE8,onwind,2021-01-25T09:00:00,1.0,2195.505
DE8,onwind,2021-01-25T12:00:00,1.0,2336.49
DE8,onwind,2021-01-25T15:00:00,1.0,2467.53
DE8,onwind,2021-01-25T18:00:00,1.0,2587.4550000000004
DE8,onwind,2021-01-25T21:00:00,1.0,2694.51
DE8,onwind,2021-01-26T00:00:00,1.0,2922.66
DE8,onwind,2021-01-26T03:00:00,1.0,2961.27
DE8,onwind,2021-01-26T06:00:00,1.0,2981.1600000000003
DE8,onwind,2021-01-26T09:00:00,1.0,2981.1600000000003
DE8,onwind,2021-01-26T12:00:00,1.0,2961.855
DE8,onwind,2021-01-26T15:00:00,1.0,2923.83
DE8,onwind,2021-01-26T18:00:00,1.0,2867.085
DE8,onwind,2021-01-26T21:00:00,1.0,2792.79
DE8,onwind,2021-01-27T00:00:00,1.0,2471.04
DE8,onwind,2021-01-27T03:00:00,1.0,2340.0
DE8,onwind,2021-01-27T06:00:00,1.0,2199.6
DE8,onwind,2021-01-27T09:00:00,1.0,2052.18
DE8,onwind,2021-01-27T12:00:00,1.0,1899.495
DE8,onwind,2021-01-27T15:00:00,1.0,1744.47
DE8,onwind,2021-01-27T18:00:00,1.0,1589.445
DE8,onwind,2021-01-27T21:00:00,1.0,1436.76
DE8,onwind,2021-01-28T00:00:00,1.0,121.16520000000001
DE8,onwind,2021-01-28T03:00:00,1.0,119.32016850000001
DE8,onwind,2021-01-28T06:00:00,1.0,109.66410000000002
DE8,onwind,2021-01-28T09:00:00,1.0,92.80457550000001
DE8,onwind,2021-01-28T12:00:00,1.0,74.06099999999999
DE8,onwind,2021-01-28T15:00:00,1.0,59.22563399999999
DE8,onwind,2021-01-28T18:00:00,1.0,52.0065
DE8,onwind,2021-01-28T21:00:00,1.0,52.9685325
DE8,onwind,2021-01-29T00:00:00,1.0,83.7135
DE8,onwind,2021-01-29T03:00:00,1.0,100.990422
DE8,onwind,2021-01-29T06:00:00,1.0,117.25155000000001
DE8,onwind,2021-01-29T09:00:00,1.0,128.1579975
DE8,onwind,2021-01-29T12:00:00,1.0,133.029
DE8,onwind,2021-01-29T15:00:00,1.0,136.74257999999998
DE8,onwind,2021-01-29T18:00:00,1.0,147.8412
DE8,onwind,2021-01-29T21:00:00,1.0,173.631276
DE8,onwind,2021-01-30T00:00:00,1.0,299.3445
DE8,onwind,2021-01-30T03:00:00,1.0,352.73394
DE8,onwind,2021-01-30T06:00:00,1.0,393.23232
DE8,onwind,2021-01-30T09:00:00,1.0,408.58348049999995
DE8,onwind,2021-01-30T12:00:00,1.0,401.87627999999995
DE8,onwind,2021-01-30T15:00:00,1.0,389.376234
DE8,onwind,2021-01-30T18:00:00,1.0,393.29316
DE8,onwind,2021-01-30T21:00:00,1.0,425.193678
DE8,onwind,2021-01-31T00:00:00,1.0,526.0788
DE8,onwind,2021-01-31T03:00:00,1.0,574.782507
DE8,onwind,2021-01-31T06:00:00,1.0,596.2320000000001
DE8,onwind,2021-01-31T09:00:00,1.0,578.6431560000001
DE8,onwind,2021-01-31T12:00:00,1.0,533.1338999999999
DE8,onwind,2021-01-31T15:00:00,1.0,485.063397
DE8,onwind,2021-01-31T18:00:00,1.0,458.7336
DE8,onwind,2021-01-31T21:00:00,1.0,463.32386099999997
DE8,onwind,2021-02-01T00:00:00,1.0,425.01887999999997
DE8,onwind,2021-02-01T03:00:00,1.0,435.47399999999993
DE8,onwind,2021-02-01T06:00:00,1.0,422.32320000000004
DE8,onwind,2021-02-01T09:00:00,1.0,381.910698
DE8,onwind,2021-02-01T12:00:00,1.0,326.71313999999995
DE8,onwind,2021-02-01T15:00:00,1.0,275.27736600000003
DE8,onwind,2021-02-01T18:00:00,1.0,241.59564
DE8,onwind,2021-02-01T21:00:00,1.0,226.720728
DE8,onwind,2021-02-02T00:00:00,1.0,151.4565
DE8,onwind,2021-02-02T03:00:00,1.0,146.0137185
DE8,onwind,2021-02-02T06:00:00,1.0,133.16355
DE8,onwind,2021-02-02T09:00:00,1.0,113.5662255
DE8,onwind,2021-02-02T12:00:00,1.0,92.57624999999999
DE8,onwind,2021-02-02T15:00:00,1.0,76.003434
DE8,onwind,2021-02-02T18:00:00,1.0,67.60845
DE8,onwind,2021-02-02T21:00:00,1.0,67.9737825
DE8,onwind,2021-02-03T00:00:00,1.0,66.9708
DE8,onwind,2021-02-03T03:00:00,1.0,82.527822
DE8,onwind,2021-02-03T06:00:00,1.0,96.56010000000002
DE8,onwind,2021-02-03T09:00:00,1.0,104.72874750000001
DE8,onwind,2021-02-03T12:00:00,1.0,106.4232
DE8,onwind,2021-02-03T15:00:00,1.0,106.55657999999998
DE8,onwind,2021-02-03T18:00:00,1.0,113.72399999999999
DE8,onwind,2021-02-03T21:00:00,1.0,135.302076
DE8,onwind,2021-02-04T00:00:00,1.0,1740.375
DE8,onwind,2021-02-04T03:00:00,1.0,1895.4
DE8,onwind,2021-02-04T06:00:00,1.0,2048.085
DE8,onwind,2021-02-04T09:00:00,1.0,2195.505
DE8,onwind,2021-02-04T12:00:00,1.0,2336.49
DE8,onwind,2021-02-04T15:00:00,1.0,2467.53
DE8,onwind,2021-02-04T18:00:00,1.0,2587.4550000000004
DE8,onwind,2021-02-04T21:00:00,1.0,2694.51
DE8,onwind,2021-02-05T00:00:00,1.0,2922.66
DE8,onwind,2021-02-05T03:00:00,1.0,2961.27
DE8,onwind,2021-02-05T06:00:00,1.0,2981.1600000000003
DE8,onwind,2021-02-05T09:00:00,1.0,2981.1600000000003
DE8,onwind,2021-02-05T12:00:00,1.0,2961.855
DE8,onwind,2021-02-05T15:00:00,1.0,2923.83
DE8,onwind,2021-02-05T18:00:00,1.0,2867.085
DE8,onwind,2021-02-05T21:00:00,1.0,2792.79
DE8,onwind,2021-02-06T00:00:00,1.0,2471.04
DE8,onwind,2021-02-06T03:00:00,1.0,2340.0
DE8,onwind,2021-02-06T06:00:00,1.0,2199.6
DE8,onwind,2021-02-06T09:00:00,1.0,2052.18
DE8,onwind,2021-02-06T12:00:00,1.0,1899.495
DE8,onwind,2021-02-06T15:00:00,1.0,1744.47
DE8,onwind,2021-02-06T18:00:00,1.0,1589.445
DE8,onwind,2021-02-06T21:00:00,1.0,1436.76
DE8,onwind,2021-02-07T00:00:00,1.0,1009.71
DE8,onwind,2021-02-07T03:00:00,1.0,889.7850000000001
DE8,onwind,2021-02-07T06:00:00,1.0,783.3149999999999
DE8,onwind,2021-02-07T09:00:00,1.0,692.0550000000001
DE8,onwind,2021-02-07T12:00:00,1.0,617.175
DE8,onwind,2021-02-07T15:00:00,1.0,559.26
DE8,onwind,2021-02-07T18:00:00,1.0,520.065
DE8,onwind,2021-02-07T21:00:00,1.0,500.175
DE8,solar,2021-01-25T00:00:00,1.0,0.0
DE8,solar,2021-01-25T03:00:00,1.0,0.0
DE8,solar,2021-01-25T06:00:00,1.0,0.0
DE8,solar,2021-01-25T09:00:00,1.0,3325.41
DE8,solar,2021-01-25T12:00:00,1.0,4702.5
DE8,solar,2021-01-25T15:00:00,1.0,3325.41
DE8,solar,2021-01-25T18:00:00,1.0,0.0
DE8,solar,2021-01-25T21:00:00,1.0,0.0
DE8,solar,2021-01-26T00:00:00,1.0,0.0
DE8,solar,2021-01-26T03:00:00,1.0,0.0
DE8,solar,2021-01-26T06:00:00,1.0,0.0
DE8,solar,2021-01-26T09:00:00,1.0,3325.41
DE8,solar,2021-01-26T12:00:00,1.0,4702.5
DE8,solar,2021-01-26T15:00:00,1.0,3325.41
DE8,solar,2021-01-26T18:00:00,1.0,0.0
DE8,solar,2021-01-26T21:00:00,1.0,0.0
DE8,solar,2021-01-27T00:00:00,1.0,0.0
DE8,solar,2021-01-27T03:00:00,1.0,0.0
DE8,solar,2021-01-27T06:00:00,1.0,0.0
DE8,solar,2021-01-27T09:00:00,1.0,3325.41
DE8,solar,2021-01-27T12:00:00,1.0,4702.5
DE8,solar,2021-01-27T15:00:00,1.0,3325.41
DE8,solar,2021-01-27T18:00:00,1.0,0.0
DE8,solar,2021-01-27T21:00:00,1.0,0.0
DE8,solar,2021-01-28T00:00:00,1.0,0.0
DE8,solar,2021-01-28T03:00:00,1.0,0.0
DE8,solar,2021-01-28T06:00:00,1.0,0.0
DE8,solar,2021-01-28T09:00:00,1.0,250.73591399999995
DE8,solar,2021-01-28T12:00:00,1.0,423.22499999999997
DE8,solar,2021-01-28T15:00:00,1.0,250.73591399999995
DE8,solar,2021-01-28T18:00:00,1.0,0.0
DE8,solar,2021-01-28T21:00:00,1.0,0.0
DE8,solar,2021-01-29T00:00:00,1.0,0.0
DE8,solar,2021-01-29T03:00:00,1.0,0.0
DE8,solar,2021-01-29T06:00:00,1.0,0.0
DE8,solar,2021-01-29T09:00:00,1.0,309.26313
DE8,solar,2021-01-29T12:00:00,1.0,540.7875
DE8,solar,2021-01-29T15:00:00,1.0,309.26313
DE8,solar,2021-01-29T18:00:00,1.0,0.0
DE8,solar,2021-01-29T21:00:00,1.0,0.0
DE8,solar,2021-01-30T00:00:00,1.0,0.0
DE8,solar,2021-01-30T03:00:00,1.0,0.0
DE8,solar,2021-01-30T06:00:00,1.0,0.0
DE8,solar,2021-01-30T09:00:00,1.0,352.49345999999997
DE8,solar,2021-01-30T12:00:00,1.0,626.84325
DE8,solar,2021-01-30T15:00:00,1.0,352.49345999999997
DE8,solar,2021-01-30T18:00:00,1.0,0.0
DE8,solar,2021-01-30T21:00:00,1.0,0.0
DE8,solar,2021-01-31T00:00:00,1.0,0.0
DE8,solar,2021-01-31T03:00:00,1.0,0.0
DE8,solar,2021-01-31T06:00:00,1.0,0.0
DE8,solar,2021-01-31T09:00:00,1.0,368.12288700000005
DE8,solar,2021-01-31T12:00:00,1.0,658.35
DE8,solar,2021-01-31T15:00:00,1.0,368.12288700000005
DE8,solar,2021-01-31T18:00:00,1.0,0.0
DE8,solar,2021-01-31T21:00:00,1.0,0.0
DE8,solar,2021-02-01T00:00:00,1.0,0.0
DE8,solar,2021-02-01T03:00:00,1.0,0.0
DE8,solar,2021-02-01T06:00:00,1.0,0.0
DE8,solar,2021-02-01T09:00:00,1.0,352.49345999999997
DE8,solar,2021-02-01T12:00:00,1.0,626.84325
DE8,solar,2021-02-01T15:00:00,1.0,352.49345999999997
DE8,solar,2021-02-01T18:00:00,1.0,0.0
DE8,solar,2021-02-01T21:00:00,1.0,0.0
DE8,solar,2021-02-02T00:00:00,1.0,0.0
DE8,solar,2021-02-02T03:00:00,1.0,0.0
DE8,solar,2021-02-02T06:00:00,1.0,0.0
DE8,solar,2021-02-02T09:00:00,1.0,309.26313
DE8,solar,2021-02-02T12:00:00,1.0,540.7875
DE8,solar,2021-02-02T15:00:00,1.0,309.26313
DE8,solar,2021-02-02T18:00:00,1.0,0.0
DE8,solar,2021-02-02T21:00:00,1.0,0.0
DE8,solar,2021-02-03T00:00:00,1.0,0.0
DE8,solar,2021-02-03T03:00:00,1.0,0.0
DE8,solar,2021-02-03T06:00:00,1.0,0.0
DE8,solar,2021-02-03T09:00:00,1.0,250.73591399999995
DE8,solar,2021-02-03T12:00:00,1.0,423.22499999999997
DE8,solar,2021-02-03T15:00:00,1.0,250.73591399999995
DE8,solar,2021-02-03T18:00:00,1.0,0.0
DE8,solar,2021-02-03T21:00:00,1.0,0.0
DE8,solar,2021-02-04T00:00:00,1.0,0.0
DE8,solar,2021-02-04T03:00:00,1.0,0.0
DE8,solar,2021-02-04T06:00:00,1.0,0.0
DE8,solar,2021-02-04T09:00:00,1.0,3325.41
DE8,solar,2021-02-04T12:00:00,1.0,4702.5
DE8,solar,2021-02-04T15:00:00,1.0,3325.41
DE8,solar,2021-02-04T18:00:00,1.0,0.0
DE8,solar,2021-02-04T21:00:00,1.0,0.0
DE8,solar,2021-02-05T00:00:00,1.0,0.0
DE8,solar,2021-02-05T03:00:00,1.0,0.0
DE8,solar,2021-02-05T06:00:00,1.0,0.0
DE8,solar,2021-02-05T09:00:00,1.0,3325.41
DE8,solar,2021-02-05T12:00:00,1.0,4702.5
DE8,solar,2021-02-05T15:00:00,1.0,3325.41
DE8,solar,2021-02-05T18:00:00,1.0,0.0
DE8,solar,2021-02-05T21:00:00,1.0,0.0
DE8,solar,2021-02-06T00:00:00,1.0,0.0
DE8,solar,2021-02-06T03:00:00,1.0,0.0
DE8,solar,2021-02-06T06:00:00,1.0,0.0
DE8,solar,2021-02-06T09:00:00,1.0,3325.41
DE8,solar,2021-02-06T12:00:00,1.0,4702.5
DE8,solar,2021-02-06T15:00:00,1.0,3325.41
DE8,solar,2021-02-06T18:00:00,1.0,0.0
DE8,solar,2021-02-06T21:00:00,1.0,0.0
DE8,solar,2021-02-07T00:00:00,1.0,0.0
DE8,solar,2021-02-07T03:00:00,1.0,0.0
DE8,solar,2021-02-07T06:00:00,1.0,0.0
DE8,solar,2021-02-07T09:00:00,1.0,3325.41
DE8,solar,2021-02-07T12:00:00,1.0,4702.5
DE8,solar,2021-02-07T15:00:00,1.0,3325.41
DE8,solar,2021-02-07T18:00:00,1.0,0.0
DE8,solar,2021-02-07T21:00:00,1.0,0.0
DE9,ccgt,2021-01-25T00:00:00,1.0,1480.0
DE9,ccgt,2021-01-25T03:00:00,1.0,1480.0
DE9,ccgt,2021-01-25T06:00:00,1.0,1480.0
DE9,ccgt,2021-01-25T09:00:00,1.0,444.0
DE9,ccgt,2021-01-25T12:00:00,1.0,444.0
DE9,ccgt,2021-01-25T15:00:00,1.0,444.0
DE9,ccgt,2021-01-25T18:00:00,1.0,1480.0
DE9,ccgt,2021-01-25T21:00:00,1.0,667.8249999999982
DE9,ccgt,2021-01-26T00:00:00,1.0,444.0
DE9,ccgt,2021-01-26T03:00:00,1.0,444.0
DE9,ccgt,2021-01-26T06:00:00,1.0,1480.0
DE9,ccgt,2021-01-26T09:00:00,1.0,444.0
DE9,ccgt,2021-01-26T12:00:00,1.0,444.0
DE9,ccgt,2021-01-26T15:00:00,1.0,444.0
DE9,ccgt,2021-01-26T18:00:00,1.0,1480.0
DE9,ccgt,2021-01-26T21:00:00,1.0,1480.0
DE9,ccgt,2021-01-27T00:00:00,1.0,1480.0
DE9,ccgt,2021-01-27T03:00:00,1.0,1480.0
DE9,ccgt,2021-01-27T06:00:00,1.0,1480.0
DE9,ccgt,2021-01-27T09:00:00,1.0,444.0
DE9,ccgt,2021-01-27T12:00:00,1.0,444.0
DE9,ccgt,2021-01-27T15:00:00,1.0,444.0
DE9,ccgt,2021-01-27T18:00:00,1.0,1480.0
DE9,ccgt,2021-01-27T21:00:00,1.0,1480.0
DE9,ccgt,2021-01-28T00:00:00,1.0,1480.0
DE9,ccgt,2021-01-28T03:00:00,1.0,1480.0
DE9,ccgt,2021-01-28T06:00:00,1.0,1480.0
DE9,ccgt,2021-01-28T09:00:00,1.0,1480.0
DE9,ccgt,2021-01-28T12:00:00,1.0,1480.0
DE9,ccgt,2021-01-28T15:00:00,1.0,1480.0
DE9,ccgt,2021-01-28T18:00:00,1.0,1480.0
DE9,ccgt,2021-01-28T21:00:00,1.0,1480.0
DE9,ccgt,2021-01-29T00:00:00,1.0,1480.0
DE9,ccgt,2021-01-29T03:00:00,1.0,1480.0
DE9,ccgt,2021-01-29T06:00:00,1.0,1480.0
DE9,ccgt,2021-01-29T09:00:00,1.0,1480.0
DE9,ccgt,2021-01-29T12:00:00,1.0,1480.0
DE9,ccgt,2021-01-29T15:00:00,1.0,1480.0
DE9,ccgt,2021-01-29T18:00:00,1.0,1480.0
DE9,ccgt,2021-01-29T21:00:00,1.0,1480.0
DE9,ccgt,2021-01-30T00:00:00,1.0,1480.0
DE9,ccgt,2021-01-30T03:00:00,1.0,1480.0
DE9,ccgt,2021-01-30T06:00:00,1.0,1480.0
DE9,ccgt,2021-01-30T09:00:00,1.0,1480.0
DE9,ccgt,2021-01-30T12:00:00,1.0,1480.0
DE9,ccgt,2021-01-30T15:00:00,1.0,1480.0
DE9,ccgt,2021-01-30T18:00:00,1.0,1480.0
DE9,ccgt,2021-01-30T21:00:00,1.0,1480.0
DE9,ccgt,2021-01-31T00:00:00,1.0,1480.0
DE9,ccgt,2021-01-31T03:00:00,1.0,1480.0
DE9,ccgt,2021-01-31T06:00:00,1.0,1480.0
DE9,ccgt,2021-01-31T09:00:00,1.0,1480.0
DE9,ccgt,2021-01-31T12:00:00,1.0,1480.0
DE9,ccgt,2021-01-31T15:00:00,1.0,1480.0
DE9,ccgt,2021-01-31T18:00:00,1.0,1480.0
DE9,ccgt,2021-01-31T21:00:00,1.0,1480.0
DE9,ccgt,2021-02-01T00:00:00,1.0,1480.0
DE9,ccgt,2021-02-01T03:00:00,1.0,1480.0
DE9,ccgt,2021-02-01T06:00:00,1.0,1480.0
DE9,ccgt,2021-02-01T09:00:00,1.0,1480.0
DE9,ccgt,2021-02-01T12:00:00,1.0,1480.0
DE9,ccgt,2021-02-01T15:00:00,1.0,1480.0
DE9,ccgt,2021-02-01T18:00:00,1.0,1480.0
DE9,ccgt,2021-02-01T21:00:00,1.0,1480.0
DE9,ccgt,2021-02-02T00:00:00,1.0,1480.0
DE9,ccgt,2021-02-02T03:00:00,1.0,1480.0
DE9,ccgt,2021-02-02T06:00:00,1.0,1480.0
DE9,ccgt,2021-02-02T09:00:00,1.0,1480.0
DE9,ccgt,2021-02-02T12:00:00,1.0,1480.0
DE9,ccgt,2021-02-02T15:00:00,1.0,1480.0
DE9,ccgt,2021-02-02T18:00:00,1.0,1480.0
DE9,ccgt,2021-02-02T21:00:00,1.0,1480.0
DE9,ccgt,2021-02-03T00:00:00,1.0,1480.0
DE9,ccgt,2021-02-03T03:00:00,1.0,1480.0
DE9,ccgt,2021-02-03T06:00:00,1.0,1480.0
DE9,ccgt,2021-02-03T09:00:00,1.0,1480.0
DE9,ccgt,2021-02-03T12:00:00,1.0,1480.0
DE9,ccgt,2021-02-03T15:00:00,1.0,1480.0
DE9,ccgt,2021-02-03T18:00:00,1.0,1480.0
DE9,ccgt,2021-02-03T21:00:00,1.0,1480.0
DE9,ccgt,2021-02-04T00:00:00,1.0,1480.0
DE9,ccgt,2021-02-04T03:00:00,1.0,1480.0
DE9,ccgt,2021-02-04T06:00:00,1.0,1480.0
DE9,ccgt,2021-02-04T09:00:00,1.0,444.0
DE9,ccgt,2021-02-04T12:00:00,1.0,444.0
DE9,ccgt,2021-02-04T15:00:00,1.0,444.0
DE9,ccgt,2021-02-04T18:00:00,1.0,1480.0
DE9,ccgt,2021-02-04T21:00:00,1.0,1480.0
DE9,ccgt,2021-02-05T00:00:00,1.0,1480.0
DE9,ccgt,2021-02-05T03:00:00,1.0,444.0
DE9,ccgt,2021-02-05T06:00:00,1.0,1480.0
DE9,ccgt,2021-02-05T09:00:00,1.0,444.0
DE9,ccgt,2021-02-05T12:00:00,1.0,444.0
DE9,ccgt,2021-02-05T15:00:00,1.0,444.0
DE9,ccgt,2021-02-05T18:00:00,1.0,1480.0
DE9,ccgt,2021-02-05T21:00:00,1.0,1480.0
DE9,ccgt,2021-02-06T00:00:00,1.0,1480.0
DE9,ccgt,2021-02-06T03:00:00,1.0,1480.0
DE9,ccgt,2021-02-06T06:00:00,1.0,1480.0
DE9,ccgt,2021-02-06T09:00:00,1.0,444.0
DE9,ccgt,2021-02-06T12:00:00,1.0,444.0
DE9,ccgt,2021-02-06T15:00:00,1.0,444.0
DE9,ccgt,2021-02-06T18:00:00,1.0,1480.0
DE9,ccgt,2021-02-06T21:00:00,1.0,1480.0
DE9,ccgt,2021-02-07T00:00:00,1.0,1480.0
DE9,ccgt,2021-02-07T03:00:00,1.0,1480.0
DE9,ccgt,2021-02-07T06:00:00,1.0,1480.0
DE9,ccgt,2021-02-07T09:00:00,1.0,1480.0
DE9,ccgt,2021-02-07T12:00:00,1.0,444.0
DE9,ccgt,2021-02-07T15:00:00,1.0,1480.0
DE9,ccgt,2021-02-07T18:00:00,1.0,1480.0
DE9,ccgt,2021-02-07T21:00:00,1.0,1480.0
DE9,ocgt,2021-01-25T00:00:00,1.0,0.0
DE9,ocgt,2021-01-25T03:00:00,1.0,8752.9
DE9,ocgt,2021-01-25T06:00:00,1.0,13381.279
DE9,ocgt,2021-01-25T09:00:00,1.0,0.0
DE9,ocgt,2021-01-25T12:00:00,1.0,0.0
DE9,ocgt,2021-01-25T15:00:00,1.0,0.0
DE9,ocgt,2021-01-25T18:00:00,1.0,0.0
DE9,ocgt,2021-01-25T21:00:00,1.0,0.0
DE9,ocgt,2021-01-26T00:00:00,1.0,0.0
DE9,ocgt,2021-01-26T03:00:00,1.0,0.0
DE9,ocgt,2021-01-26T06:00:00,1.0,0.0
DE9,ocgt,2021-01-26T09:00:00,1.0,0.0
DE9,ocgt,2021-01-26T12:00:00,1.0,0.0
DE9,ocgt,2021-01-26T15:00:00,1.0,0.0
DE9,ocgt,2021-01-26T18:00:00,1.0,0.0
DE9,ocgt,2021-01-26T21:00:00,1.0,0.0
DE9,ocgt,2021-01-27T00:00:00,1.0,0.0
DE9,ocgt,2021-01-27T03:00:00,1.0,1298.8190000000009
DE9,ocgt,2021-01-27T06:00:00,1.0,4600.037834399999
DE9,ocgt,2021-01-27T09:00:00,1.0,0.0
DE9,ocgt,2021-01-27T12:00:00,1.0,0.0
DE9,ocgt,2021-01-27T15:00:00,1.0,0.0
DE9,ocgt,2021-01-27T18:00:00,1.0,14532.914
DE9,ocgt,2021-01-27T21:00:00,1.0,0.0
DE9,ocgt,2021-01-28T00:00:00,1.0,5677.498594399998
DE9,ocgt,2021-01-28T03:00:00,1.0,15463.3756194
DE9,ocgt,2021-01-28T06:00:00,1.0,15794.63132
DE9,ocgt,2021-01-28T09:00:00,1.0,15944.7058686
DE9,ocgt,2021-01-28T12:00:00,1.0,15950.335200000001
DE9,ocgt,2021-01-28T15:00:00,1.0,15922.3752048
DE9,ocgt,2021-01-28T18:00:00,1.0,12401.753034399999
DE9,ocgt,2021-01-28T21:00:00,1.0,8015.555802599996
DE9,ocgt,2021-01-29T00:00:00,1.0,15463.3246
DE9,ocgt,2021-01-29T03:00:00,1.0,15611.3663232
DE9,ocgt,2021-01-29T06:00:00,1.0,15937.14054
DE9,ocgt,2021-01-29T09:00:00,1.0,16039.9543438
DE9,ocgt,2021-01-29T12:00:00,1.0,15992.7142
DE9,ocgt,2021-01-29T15:00:00,1.0,15984.0819128
DE9,ocgt,2021-01-29T18:00:00,1.0,15845.00864
DE9,ocgt,2021-01-29T21:00:00,1.0,15509.911452800001
DE9,ocgt,2021-01-30T00:00:00,1.0,15341.550184
DE9,ocgt,2021-01-30T03:00:00,1.0,15466.215790400001
DE9,ocgt,2021-01-30T06:00:00,1.0,15778.169711999999
DE9,ocgt,2021-01-30T09:00:00,1.0,15851.5036074
DE9,ocgt,2021-01-30T12:00:00,1.0,15784.102675999999
DE9,ocgt,2021-01-30T15:00:00,1.0,13174.3348102
DE9,ocgt,2021-01-30T18:00:00,1.0,15704.663392
DE9,ocgt,2021-01-30T21:00:00,1.0,15362.6878056
DE9,ocgt,2021-01-31T00:00:00,1.0,15091.65808
DE9,ocgt,2021-01-31T03:00:00,1.0,15216.283690799999
DE9,ocgt,2021-01-31T06:00:00,1.0,8170.325434399998
DE9,ocgt,2021-01-31T09:00:00,1.0,15599.2778421
DE9,ocgt,2021-01-31T12:00:00,1.0,15556.905
DE9,ocgt,2021-01-31T15:00:00,1.0,15625.3183072
DE9,ocgt,2021-01-31T18:00:00,1.0,15557.206159999998
DE9,ocgt,2021-01-31T21:00:00,1.0,15243.326062799999
DE9,ocgt,2021-02-01T00:00:00,1.0,1098.4766383999965
DE9,ocgt,2021-02-01T03:00:00,1.0,9562.318932700002
DE9,ocgt,2021-02-01T06:00:00,1.0,15495.232512
DE9,ocgt,2021-02-01T09:00:00,1.0,15586.025856800003
DE9,ocgt,2021-02-01T12:00:00,1.0,10793.9194764
DE9,ocgt,2021-02-01T15:00:00,1.0,10529.8679772
DE9,ocgt,2021-02-01T18:00:00,1.0,15264.119303999998
DE9,ocgt,2021-02-01T21:00:00,1.0,4882.227791799999
DE9,ocgt,2021-02-02T00:00:00,1.0,15127.8026
DE9,ocgt,2021-02-02T03:00:00,1.0,5251.343546500001
DE9,ocgt,2021-02-02T06:00:00,1.0,15600.514459999999
DE9,ocgt,2021-02-02T09:00:00,1.0,15696.7099046
DE9,ocgt,2021-02-02T12:00:00,1.0,15655.3015
DE9,ocgt,2021-02-02T15:00:00,1.0,12440.567104000002
DE9,ocgt,2021-02-02T18:00:00,1.0,10332.909594399998
DE9,ocgt,2021-02-02T21:00:00,1.0,11775.8755587
DE9,ocgt,2021-02-03T00:00:00,1.0,5346.432834399997
DE9,ocgt,2021-02-03T03:00:00,1.0,15360.6877632
DE9,ocgt,2021-02-03T06:00:00,1.0,10809.592234399997
DE9,ocgt,2021-02-03T09:00:00,1.0,13258.763831799997
DE9,ocgt,2021-02-03T12:00:00,1.0,15763.92736
DE9,ocgt,2021-02-03T15:00:00,1.0,13264.308242899999
DE9,ocgt,2021-02-03T18:00:00,1.0,9515.215834399998
DE9,ocgt,2021-02-03T21:00:00,1.0,15269.1936928
DE9,ocgt,2021-02-04T00:00:00,1.0,10419.839
DE9,ocgt,2021-02-04T03:00:00,1.0,6939.619999999997
DE9,ocgt,2021-02-04T06:00:00,1.0,14041.049
DE9,ocgt,2021-02-04T09:00:00,1.0,0.0
DE9,ocgt,2021-02-04T12:00:00,1.0,0.0
DE9,ocgt,2021-02-04T15:00:00,1.0,0.0
DE9,ocgt,2021-02-04T18:00:00,1.0,0.0
DE9,ocgt,2021-02-04T21:00:00,1.0,0.0
DE9,ocgt,2021-02-05T00:00:00,1.0,0.0
DE9,ocgt,2021-02-05T03:00:00,1.0,0.0
DE9,ocgt,2021-02-05T06:00:00,1.0,0.0
DE9,ocgt,2021-02-05T09:00:00,1.0,0.0
DE9,ocgt,2021-02-05T12:00:00,1.0,0.0
DE9,ocgt,2021-02-05T15:00:00,1.0,0.0
DE9,ocgt,2021-02-05T18:00:00,1.0,1644.960999999998
DE9,ocgt,2021-02-05T21:00:00,1.0,0.0
DE9,ocgt,2021-02-06T00:00:00,1.0,0.0
DE9,ocgt,2021-02-06T03:00:00,1.0,173.17683439999874
DE9,ocgt,2021-02-06T06:00:00,1.0,11915.0
DE9,ocgt,2021-02-06T09:00:00,1.0,0.0
DE9,ocgt,2021-02-06T12:00:00,1.0,0.0
DE9,ocgt,2021-02-06T15:00:00,1.0,0.0
DE9,ocgt,2021-02-06T18:00:00,1.0,14844.694
DE9,ocgt,2021-02-06T21:00:00,1.0,0.0
DE9,ocgt,2021-02-07T00:00:00,1.0,0.0
DE9,ocgt,2021-02-07T03:00:00,1.0,14998.464
DE9,ocgt,2021-02-07T06:00:00,1.0,15408.438
DE9,ocgt,2021-02-07T09:00:00,1.0,0.0
DE9,ocgt,2021-02-07T12:00:00,1.0,0.0
DE9,ocgt,2021-02-07T15:00:00,1.0,3629.359000000002
DE9,ocgt,2021-02-07T18:00:00,1.0,15505.217999999999
DE9,ocgt,2021-02-07T21:00:00,1.0,3708.885834399997
DE9,offwind,2021-01-25T00:00:00,1.0,78.52799999999999
DE9,offwind,2021-01-25T03:00:00,1.0,85.536
DE9,offwind,2021-01-25T06:00:00,1.0,92.424
DE9,offwind,2021-01-25T09:00:00,1.0,99.096
DE9,offwind,2021-01-25T12:00:00,1.0,105.432
DE9,offwind,2021-01-25T15:00:00,1.0,111.36
DE9,offwind,2021-01-25T18:00:00,1.0,116.78399999999999
DE9,offwind,2021-01-25T21:00:00,1.0,121.608
DE9,offwind,2021-01-26T00:00:00,1.0,131.904
DE9,offwind,2021-01-26T03:00:00,1.0,133.632
DE9,offwind,2021-01-26T06:00:00,1.0,134.52
DE9,offwind,2021-01-26T09:00:00,1.0,134.54399999999998
DE9,offwind,2021-01-26T12:00:00,1.0,133.68
DE9,offwind,2021-01-26T15:00:00,1.0,131.952
DE9,offwind,2021-01-26T18:00:00,1.0,129.38400000000001
DE9,offwind,2021-01-26T21:00:00,1.0,126.048
DE9,offwind,2021-01-27T00:00:00,1.0,111.504
DE9,offwind,2021-01-27T03:00:00,1.0,105.6
DE9,offwind,2021-01-27T06:00:00,1.0,99.26400000000001
DE9,offwind,2021-01-27T09:00:00,1.0,92.592
DE9,offwind,2021-01-27T12:00:00,1.0,85.72800000000001
DE9,offwind,2021-01-27T15:00:00,1.0,78.72
DE9,offwind,2021-01-27T18:00:00,1.0,71.736
DE9,offwind,2021-01-27T21:00:00,1.0,64.848
DE9,offwind,2021-01-28T00:00:00,1.0,5.46912
DE9,offwind,2021-01-28T03:00:00,1.0,5.387601599999999
DE9,offwind,2021-01-28T06:00:00,1.0,4.94928
DE9,offwind,2021-01-28T09:00:00,1.0,4.187138399999999
DE9,offwind,2021-01-28T12:00:00,1.0,3.3408
DE9,offwind,2021-01-28T15:00:00,1.0,2.6737632
DE9,offwind,2021-01-28T18:00:00,1.0,2.3472
DE9,offwind,2021-01-28T21:00:00,1.0,2.3891039999999997
DE9,offwind,2021-01-29T00:00:00,1.0,3.7763999999999998
DE9,offwind,2021-01-29T03:00:00,1.0,4.5567288
DE9,offwind,2021-01-29T06:00:00,1.0,5.291760000000001
DE9,offwind,2021-01-29T09:00:00,1.0,5.7815712
DE9,offwind,2021-01-29T12:00:00,1.0,6.0048
DE9,offwind,2021-01-29T15:00:00,1.0,6.1709472000000005
DE9,offwind,2021-01-29T18:00:00,1.0,6.67056
DE9,offwind,2021-01-29T21:00:00,1.0,7.8343632
DE9,offwind,2021-01-30T00:00:00,1.0,13.506815999999999
DE9,offwind,2021-01-30T03:00:00,1.0,15.918249599999998
DE9,offwind,2021-01-30T06:00:00,1.0,17.745407999999998
DE9,offwind,2021-01-30T09:00:00,1.0,18.441765599999997
DE9,offwind,2021-01-30T12:00:00,1.0,18.134304
DE9,offwind,2021-01-30T15:00:00,1.0,17.572608
DE9,offwind,2021-01-30T18:00:00,1.0,17.751168
DE9,offwind,2021-01-30T21:00:00,1.0,19.1897424
DE9,offwind,2021-01-31T00:00:00,1.0,23.74272
DE9,offwind,2021-01-31T03:00:00,1.0,25.937971199999996
DE9,offwind,2021-01-31T06:00:00,1.0,26.904
DE9,offwind,2021-01-31T09:00:00,1.0,26.1149904
DE9,offwind,2021-01-31T12:00:00,1.0,24.0624
DE9,offwind,2021-01-31T15:00:00,1.0,21.890836799999995
DE9,offwind,2021-01-31T18:00:00,1.0,20.701439999999998
DE9,offwind,2021-01-31T21:00:00,1.0,20.9113632
DE9,offwind,2021-02-01T00:00:00,1.0,19.178688
DE9,offwind,2021-02-01T03:00:00,1.0,19.65216
DE9,offwind,2021-02-01T06:00:00,1.0,19.058688
DE9,offwind,2021-02-01T09:00:00,1.0,17.231371199999998
DE9,offwind,2021-02-01T12:00:00,1.0,14.745216
DE9,offwind,2021-02-01T15:00:00,1.0,12.422016000000001
DE9,offwind,2021-02-01T18:00:00,1.0,10.903872
DE9,offwind,2021-02-01T21:00:00,1.0,10.2330144
DE9,offwind,2021-02-02T00:00:00,1.0,6.8364
DE9,offwind,2021-02-02T03:00:00,1.0,6.5928816
DE9,offwind,2021-02-02T06:00:00,1.0,6.0098400000000005
DE9,offwind,2021-02-02T09:00:00,1.0,5.1238584
DE9,offwind,2021-02-02T12:00:00,1.0,4.176
DE9,offwind,2021-02-02T15:00:00,1.0,3.4312031999999997
DE9,offwind,2021-02-02T18:00:00,1.0,3.05136
DE9,offwind,2021-02-02T21:00:00,1.0,3.0659039999999997
DE9,offwind,2021-02-03T00:00:00,1.0,3.02112
DE9,offwind,2021-02-03T03:00:00,1.0,3.7236887999999997
DE9,offwind,2021-02-03T06:00:00,1.0,4.357920000000001
DE9,offwind,2021-02-03T09:00:00,1.0,4.724611200000001
DE9,offwind,2021-02-03T12:00:00,1.0,4.80384
DE9,offwind,2021-02-03T15:00:00,1.0,4.8087072
DE9,offwind,2021-02-03T18:00:00,1.0,5.1312
DE9,offwind,2021-02-03T21:00:00,1.0,6.104923199999999
DE9,offwind,2021-02-04T00:00:00,1.0,78.52799999999999
DE9,offwind,2021-02-04T03:00:00,1.0,85.536
DE9,offwind,2021-02-04T06:00:00,1.0,92.424
DE9,offwind,2021-02-04T09:00:00,1.0,99.096
DE9,offwind,2021-02-04T12:00:00,1.0,105.432
DE9,offwind,2021-02-04T15:00:00,1.0,111.36
DE9,offwind,2021-02-04T18:00:00,1.0,116.78399999999999
DE9,offwind,2021-02-04T21:00:00,1.0,121.608
DE9,offwind,2021-02-05T00:00:00,1.0,131.904
DE9,offwind,2021-02-05T03:00:00,1.0,133.632
DE9,offwind,2021-02-05T06:00:00,1.0,134.52
DE9,offwind,2021-02-05T09:00:00,1.0,134.54399999999998
DE9,offwind,2021-02-05T12:00:00,1.0,133.68
DE9,offwind,2021-02-05T15:00:00,1.0,131.952
DE9,offwind,2021-02-05T18:00:00,1.0,129.38400000000001
DE9,offwind,2021-02-05T21:00:00,1.0,126.048
DE9,offwind,2021-02-06T00:00:00,1.0,111.504
DE9,offwind,2021-02-06T03:00:00,1.0,105.6
DE9,offwind,2021-02-06T06:00:00,1.0,99.26400000000001
DE9,offwind,2021-02-06T09:00:00,1.0,92.592
DE9,offwind,2021-02-06T12:00:00,1.0,85.72800000000001
DE9,offwind,2021-02-06T15:00:00,1.0,78.72
DE9,offwind,2021-02-06T18:00:00,1.0,71.736
DE9,offwind,2021-02-06T21:00:00,1.0,64.848
DE9,offwind,2021-02-07T00:00:00,1.0,45.576
DE9,offwind,2021-02-07T03:00:00,1.0,40.176
DE9,offwind,2021-02-07T06:00:00,1.0,35.352
DE9,offwind,2021-02-07T09:00:00,1.0,31.223999999999997
DE9,offwind,2021-02-07T12:00:00,1.0,27.84
DE9,offwind,2021-02-07T15:00:00,1.0,25.248
DE9,offwind,2021-02-07T18:00:00,1.0,23.472
DE9,offwind,2021-02-07T21:00:00,1.0,22.56
DE9,onwind,2021-01-25T00:00:00,1.0,1160.25
DE9,onwind,2021-01-25T03:00:00,1.0,1263.6000000000001
DE9,onwind,2021-01-25T06:00:00,1.0,1365.39
DE9,onwind,2021-01-25T09:00:00,1.0,1463.67
DE9,onwind,2021-01-25T12:00:00,1.0,1557.6599999999999
DE9,onwind,2021-01-25T15:00:00,1.0,1645.02
DE9,onwind,2021-01-25T18:00:00,1.0,1724.97
DE9,onwind,2021-01-25T21:00:00,1.0,1796.3400000000001
DE9,onwind,2021-01-26T00:00:00,1.0,1948.44
DE9,onwind,2021-01-26T03:00:00,1.0,1974.1799999999998
DE9,onwind,2021-01-26T06:00:00,1.0,1987.4400000000003
DE9,onwind,2021-01-26T09:00:00,1.0,1987.4400000000003
DE9,onwind,2021-01-26T12:00:00,1.0,1974.57
DE9,onwind,2021-01-26T15:00:00,1.0,1949.22
DE9,onwind,2021-01-26T18:00:00,1.0,1911.3899999999999
DE9,onwind,2021-01-26T21:00:00,1.0,1861.86
DE9,onwind,2021-01-27T00:00:00,1.0,1647.36
DE9,onwind,2021-01-27T03:00:00,1.0,1560.0
DE9,onwind,2021-01-27T06:00:00,1.0,1466.4
DE9,onwind,2021-01-27T09:00:00,1.0,1368.12
DE9,onwind,2021-01-27T12:00:00,1.0,1266.33
DE9,onwind,2021-01-27T15:00:00,1.0,1162.98
DE9,onwind,2021-01-27T18:00:00,1.0,1059.6299999999999
DE9,onwind,2021-01-27T21:00:00,1.0,957.84
DE9,onwind,2021-01-28T00:00:00,1.0,80.77680000000001
DE9,onwind,2021-01-28T03:00:00,1.0,79.54677900000002
DE9,onwind,2021-01-28T06:00:00,1.0,73.10940000000001
DE9,onwind,2021-01-28T09:00:00,1.0,61.869717
DE9,onwind,2021-01-28T12:00:00,1.0,49.373999999999995
DE9,onwind,2021-01-28T15:00:00,1.0,39.483756
DE9,onwind,2021-01-28T18:00:00,1.0,34.671
DE9,onwind,2021-01-28T21:00:00,1.0,35.312355000000004
DE9,onwind,2021-01-29T00:00:00,1.0,55.809
DE9,onwind,2021-01-29T03:00:00,1.0,67.326948
DE9,onwind,2021-01-29T06:00:00,1.0,78.16770000000001
DE9,onwind,2021-01-29T09:00:00,1.0,85.438665
DE9,onwind,2021-01-29T12:00:00,1.0,88.68599999999999
DE9,onwind,2021-01-29T15:00:00,1.0,91.16171999999999
DE9,onwind,2021-01-29T18:00:00,1.0,98.5608
DE9,onwind,2021-01-29T21:00:00,1.0,115.75418400000001
DE9,onwind,2021-01-30T00:00:00,1.0,199.56299999999996
DE9,onwind,2021-01-30T03:00:00,1.0,235.15596
DE9,onwind,2021-01-30T06:00:00,1.0,262.15488000000005
DE9,onwind,2021-01-30T09:00:00,1.0,272.388987
DE9,onwind,2021-01-30T12:00:00,1.0,267.91751999999997
DE9,onwind,2021-01-30T15:00:00,1.0,259.584156
DE9,onwind,2021-01-30T18:00:00,1.0,262.19544
DE9,onwind,2021-01-30T21:00:00,1.0,283.462452
DE9,onwind,2021-01-31T00:00:00,1.0,350.7192
DE9,onwind,2021-01-31T03:00:00,1.0,383.188338
DE9,onwind,2021-01-31T06:00:00,1.0,397.48800000000006
DE9,onwind,2021-01-31T09:00:00,1.0,385.762104
DE9,onwind,2021-01-31T12:00:00,1.0,355.4226
DE9,onwind,2021-01-31T15:00:00,1.0,323.375598
DE9,onwind,2021-01-31T18:00:00,1.0,305.8224
DE9,onwind,2021-01-31T21:00:00,1.0,308.882574
DE9,onwind,2021-02-01T00:00:00,1.0,283.34592
DE9,onwind,2021-02-01T03:00:00,1.0,290.316
DE9,onwind,2021-02-01T06:00:00,1.0,281.5488
DE9,onwind,2021-02-01T09:00:00,1.0,254.607132
DE9,onwind,2021-02-01T12:00:00,1.0,217.80875999999998
DE9,onwind,2021-02-01T15:00:00,1.0,183.518244
DE9,onwind,2021-02-01T18:00:00,1.0,161.06376
DE9,onwind,2021-02-01T21:00:00,1.0,151.147152
DE9,onwind,2021-02-02T00:00:00,1.0,100.971
DE9,onwind,2021-02-02T03:00:00,1.0,97.342479
DE9,onwind,2021-02-02T06:00:00,1.0,88.7757
DE9,onwind,2021-02-02T09:00:00,1.0,75.710817
DE9,onwind,2021-02-02T12:00:00,1.0,61.717499999999994
DE9,onwind,2021-02-02T15:00:00,1.0,50.668956
DE9,onwind,2021-02-02T18:00:00,1.0,45.072300000000006
DE9,onwind,2021-02-02T21:00:00,1.0,45.315855
DE9,onwind,2021-02-03T00:00:00,1.0,44.6472
DE9,onwind,2021-02-03T03:00:00,1.0,55.018547999999996
DE9,onwind,2021-02-03T06:00:00,1.0,64.37340000000002
DE9,onwind,2021-02-03T09:00:00,1.0,69.819165
DE9,onwind,2021-02-03T12:00:00,1.0,70.9488
DE9,onwind,2021-02-03T15:00:00,1.0,71.03771999999998
DE9,onwind,2021-02-03T18:00:00,1.0,75.816
DE9,onwind,2021-02-03T21:00:00,1.0,90.201384
DE9,onwind,2021-02-04T00:00:00,1.0,1160.25
DE9,onwind,2021-02-04T03:00:00,1.0,1263.6000000000001
DE9,onwind,2021-02-04T06:00:00,1.0,1365.39
DE9,onwind,2021-02-04T09:00:00,1.0,1463.67
DE9,onwind,2021-02-04T12:00:00,1.0,1557.6599999999999
DE9,onwind,2021-02-04T15:00:00,1.0,1645.02
DE9,onwind,2021-02-04T18:00:00,1.0,1724.97
DE9,onwind,2021-02-04T21:00:00,1.0,1796.3400000000001
DE9,onwind,2021-02-05T00:00:00,1.0,1948.44
DE9,onwind,2021-02-05T03:00:00,1.0,1974.1799999999998
DE9,onwind,2021-02-05T06:00:00,1.0,1987.4400000000003
DE9,onwind,2021-02-05T09:00:00,1.0,1987.4400000000003
DE9,onwind,2021-02-05T12:00:00,1.0,1974.57
DE9,onwind,2021-02-05T15:00:00,1.0,1949.22
DE9,onwind,2021-02-05T18:00:00,1.0,1911.3899999999999
DE9,onwind,2021-02-05T21:00:00,1.0,1861.86
DE9,onwind,2021-02-06T00:00:00,1.0,1647.36
DE9,onwind,2021-02-06T03:00:00,1.0,1560.0
DE9,onwind,2021-02-06T06:00:00,1.0,1466.4
DE9,onwind,2021-02-06T09:00:00,1.0,1368.12
DE9,onwind,2021-02-06T12:00:00,1.0,1266.33
DE9,onwind,2021-02-06T15:00:00,1.0,1162.98
DE9,onwind,2021-02-06T18:00:00,1.0,1059.6299999999999
DE9,onwind,2021-02-06T21:00:00,1.0,957.84
DE9,onwind,2021-02-07T00:00:00,1.0,673.14
DE9,onwind,2021-02-07T03:00:00,1.0,593.19
DE9,onwind,2021-02-07T06:00:00,1.0,522.2099999999999
DE9,onwind,2021-02-07T09:00:00,1.0,461.37
DE9,onwind,2021-02-07T12:00:00,1.0,411.45
DE9,onwind,2021-02-07T15:00:00,1.0,372.84000000000003
DE9,onwind,2021-02-07T18:00:00,1.0,346.71000000000004
DE9,onwind,2021-02-07T21:00:00,1.0,333.45000000000005
DE9,solar,2021-01-25T00:00:00,1.0,0.0
DE9,solar,2021-01-25T03:00:00,1.0,0.0
DE9,solar,2021-01-25T06:00:00,1.0,0.0
DE9,solar,2021-01-25T09:00:00,1.0,2216.94
DE9,solar,2021-01-25T12:00:00,1.0,3135.0
DE9,solar,2021-01-25T15:00:00,1.0,2216.94
DE9,solar,2021-01-25T18:00:00,1.0,0.0
DE9,solar,2021-01-25T21:00:00,1.0,0.0
DE9,solar,2021-01-26T00:00:00,1.0,0.0
DE9,solar,2021-01-26T03:00:00,1.0,0.0
DE9,solar,2021-01-26T06:00:00,1.0,0.0
DE9,solar,2021-01-26T09:00:00,1.0,2216.94
DE9,solar,2021-01-26T12:00:00,1.0,3135.0
DE9,solar,2021-01-26T15:00:00,1.0,2216.94
DE9,solar,2021-01-26T18:00:00,1.0,0.0
DE9,solar,2021-01-26T21:00:00,1.0,0.0
DE9,solar,2021-01-27T00:00:00,1.0,0.0
DE9,solar,2021-01-27T03:00:00,1.0,0.0
DE9,solar,2021-01-27T06:00:00,1.0,0.0
DE9,solar,2021-01-27T09:00:00,1.0,2216.94
DE9,solar,2021-01-27T12:00:00,1.0,3135.0
DE9,solar,2021-01-27T15:00:00,1.0,2216.94
DE9,solar,2021-01-27T18:00:00,1.0,0.0
DE9,solar,2021-01-27T21:00:00,1.0,0.0
DE9,solar,2021-01-28T00:00:00,1.0,0.0
DE9,solar,2021-01-28T03:00:00,1.0,0.0
DE9,solar,2021-01-28T06:00:00,1.0,0.0
DE9,solar,2021-01-28T09:00:00,1.0,167.15727599999997
DE9,solar,2021-01-28T12:00:00,1.0,282.15
DE9,solar,2021-01-28T15:00:00,1.0,167.15727599999997
DE9,solar,2021-01-28T18:00:00,1.0,0.0
DE9,solar,2021-01-28T21:00:00,1.0,0.0
DE9,solar,2021-01-29T00:00:00,1.0,0.0
DE9,solar,2021-01-29T03:00:00,1.0,0.0
DE9,solar,2021-01-29T06:00:00,1.0,0.0
DE9,solar,2021-01-29T09:00:00,1.0,206.17541999999997
DE9,solar,2021-01-29T12:00:00,1.0,360.525
DE9,solar,2021-01-29T15:00:00,1.0,206.17541999999997
DE9,solar,2021-01-29T18:00:00,1.0,0.0
DE9,solar,2021-01-29T21:00:00,1.0,0.0
DE9,solar,2021-01-30T00:00:00,1.0,0.0
DE9,solar,2021-01-30T03:00:00,1.0,0.0
DE9,solar,2021-01-30T06:00:00,1.0,0.0
DE9,solar,2021-01-30T09:00:00,1.0,234.99563999999998
DE9,solar,2021-01-30T12:00:00,1.0,417.89549999999997
DE9,solar,2021-01-30T15:00:00,1.0,234.99563999999998
DE9,solar,2021-01-30T18:00:00,1.0,0.0
DE9,solar,2021-01-30T21:00:00,1.0,0.0
DE9,solar,2021-01-31T00:00:00,1.0,0.0
DE9,solar,2021-01-31T03:00:00,1.0,0.0
DE9,solar,2021-01-31T06:00:00,1.0,0.0
DE9,solar,2021-01-31T09:00:00,1.0,245.41525800000002
DE9,solar,2021-01-31T12:00:00,1.0,438.90000000000003
DE9,solar,2021-01-31T15:00:00,1.0,245.41525800000002
DE9,solar,2021-01-31T18:00:00,1.0,0.0
DE9,solar,2021-01-31T21:00:00,1.0,0.0
DE9,solar,2021-02-01T00:00:00,1.0,0.0
DE9,solar,2021-02-01T03:00:00,1.0,0.0
DE9,solar,2021-02-01T06:00:00,1.0,0.0
DE9,solar,2021-02-01T09:00:00,1.0,234.99563999999998
DE9,solar,2021-02-01T12:00:00,1.0,417.89549999999997
DE9,solar,2021-02-01T15:00:00,1.0,234.99563999999998
DE9,solar,2021-02-01T18:00:00,1.0,0.0
DE9,solar,2021-02-01T21:00:00,1.0,0.0
DE9,solar,2021-02-02T00:00:00,1.0,0.0
DE9,solar,2021-02-02T03:00:00,1.0,0.0
DE9,solar,2021-02-02T06:00:00,1.0,0.0
DE9,solar,2021-02-02T09:00:00,1.0,206.17541999999997
DE9,solar,2021-02-02T12:00:00,1.0,360.525
DE9,solar,2021-02-02T15:00:00,1.0,206.17541999999997
DE9,solar,2021-02-02T18:00:00,1.0,0.0
DE9,solar,2021-02-02T21:00:00,1.0,0.0
DE9,solar,2021-02-03T00:00:00,1.0,0.0
DE9,solar,2021-02-03T03:00:00,1.0,0.0
DE9,solar,2021-02-03T06:00:00,1.0,0.0
DE9,solar,2021-02-03T09:00:00,1.0,167.15727599999997
DE9,solar,2021-02-03T12:00:00,1.0,282.15
DE9,solar,2021-02-03T15:00:00,1.0,167.15727599999997
DE9,solar,2021-02-03T18:00:00,1.0,0.0
DE9,solar,2021-02-03T21:00:00,1.0,0.0
DE9,solar,2021-02-04T00:00:00,1.0,0.0
DE9,solar,2021-02-04T03:00:00,1.0,0.0
DE9,solar,2021-02-04T06:00:00,1.0,0.0
DE9,solar,2021-02-04T09:00:00,1.0,2216.94
DE9,solar,2021-02-04T12:00:00,1.0,3135.0
DE9,solar,2021-02-04T15:00:00,1.0,2216.94
DE9,solar,2021-02-04T18:00:00,1.0,0.0
DE9,solar,2021-02-04T21:00:00,1.0,0.0
DE9,solar,2021-02-05T00:00:00,1.0,0.0
DE9,solar,2021-02-05T03:00:00,1.0,0.0
DE9,solar,2021-02-05T06:00:00,1.0,0.0
DE9,solar,2021-02-05T09:00:00,1.0,2216.94
DE9,solar,2021-02-05T12:00:00,1.0,3135.0
DE9,solar,2021-02-05T15:00:00,1.0,2216.94
DE9,solar,2021-02-05T18:00:00,1.0,0.0
DE9,solar,2021-02-05T21:00:00,1.0,0.0
DE9,solar,2021-02-06T00:00:00,1.0,0.0
DE9,solar,2021-02-06T03:00:00,1.0,0.0
DE9,solar,2021-02-06T06:00:00,1.0,0.0
DE9,solar,2021-02-06T09:00:00,1.0,2216.94
DE9,solar,2021-02-06T12:00:00,1.0,3135.0
DE9,solar,2021-02-06T15:00:00,1.0,2216.94
DE9,solar,2021-02-06T18:00:00,1.0,0.0
DE9,solar,2021-02-06T21:00:00,1.0,0.0
DE9,solar,2021-02-07T00:00:00,1.0,0.0
DE9,solar,2021-02-07T03:00:00,1.0,0.0
DE9,solar,2021-02-07T06:00:00,1.0,0.0
DE9,solar,2021-02-07T09:00:00,1.0,2216.94
DE9,solar,2021-02-07T12:00:00,1.0,3135.0
DE9,solar,2021-02-07T15:00:00,1.0,2216.94
DE9,solar,2021-02-07T18:00:00,1.0,0.0
DE9,solar,2021-02-07T21:00:00,1.0,0.0
